ISO-10303-21;
HEADER;
/* Generated by software containing ST-Developer
 * from STEP Tools, Inc. (www.steptools.com) 
 */

FILE_DESCRIPTION(
/* description */ (''),
/* implementation_level */ '2;1');

FILE_NAME(
/* name */ '4wayStick.step',
/* time_stamp */ '2026-10-02T21:32:55+09:00',
/* author */ (''),
/* organization */ (''),
/* preprocessor_version */ 'ST-DEVELOPER v20.2',
/* originating_system */ 'Autodesk Translation Framework v15.15.0.0',
/* authorisation */ '');

FILE_SCHEMA (('AUTOMOTIVE_DESIGN { 1 0 10303 214 3 1 1 }'));
ENDSEC;

DATA;
#10=MECHANICAL_DESIGN_GEOMETRIC_PRESENTATION_REPRESENTATION('',(#222,#223,
#224,#225),#11999);
#11=ITEM_DEFINED_TRANSFORMATION($,$,#6343,#7100);
#12=ITEM_DEFINED_TRANSFORMATION($,$,#6436,#7101);
#13=ITEM_DEFINED_TRANSFORMATION($,$,#6497,#7102);
#14=ITEM_DEFINED_TRANSFORMATION($,$,#6524,#7103);
#15=(
REPRESENTATION_RELATIONSHIP($,$,#12019,#12018)
REPRESENTATION_RELATIONSHIP_WITH_TRANSFORMATION(#11)
SHAPE_REPRESENTATION_RELATIONSHIP()
);
#16=(
REPRESENTATION_RELATIONSHIP($,$,#12020,#12018)
REPRESENTATION_RELATIONSHIP_WITH_TRANSFORMATION(#12)
SHAPE_REPRESENTATION_RELATIONSHIP()
);
#17=(
REPRESENTATION_RELATIONSHIP($,$,#12021,#12018)
REPRESENTATION_RELATIONSHIP_WITH_TRANSFORMATION(#13)
SHAPE_REPRESENTATION_RELATIONSHIP()
);
#18=(
REPRESENTATION_RELATIONSHIP($,$,#12022,#12018)
REPRESENTATION_RELATIONSHIP_WITH_TRANSFORMATION(#14)
SHAPE_REPRESENTATION_RELATIONSHIP()
);
#19=CONTEXT_DEPENDENT_SHAPE_REPRESENTATION(#15,#12014);
#20=CONTEXT_DEPENDENT_SHAPE_REPRESENTATION(#16,#12015);
#21=CONTEXT_DEPENDENT_SHAPE_REPRESENTATION(#17,#12016);
#22=CONTEXT_DEPENDENT_SHAPE_REPRESENTATION(#18,#12017);
#23=NEXT_ASSEMBLY_USAGE_OCCURRENCE('BottomPart:1','BottomPart:1',
'BottomPart:1',#12024,#12025,'BottomPart:1');
#24=NEXT_ASSEMBLY_USAGE_OCCURRENCE('TopPart:1','TopPart:1','TopPart:1',
#12024,#12026,'TopPart:1');
#25=NEXT_ASSEMBLY_USAGE_OCCURRENCE('Stick_Cap:1','Stick_Cap:1',
'Stick_Cap:1',#12024,#12027,'Stick_Cap:1');
#26=NEXT_ASSEMBLY_USAGE_OCCURRENCE('Stick_Crown:1','Stick_Crown:1',
'Stick_Crown:1',#12024,#12028,'Stick_Crown:1');
#27=B_SPLINE_SURFACE_WITH_KNOTS('',3,3,((#9722,#9723,#9724,#9725),(#9726,
#9727,#9728,#9729),(#9730,#9731,#9732,#9733),(#9734,#9735,#9736,#9737),
(#9738,#9739,#9740,#9741)),.UNSPECIFIED.,.F.,.F.,.F.,(4,1,4),(4,4),(0.,
0.571428571428571,1.),(0.719952298524522,0.930082916524686),
 .UNSPECIFIED.);
#28=B_SPLINE_SURFACE_WITH_KNOTS('',3,3,((#9803,#9804,#9805,#9806),(#9807,
#9808,#9809,#9810),(#9811,#9812,#9813,#9814),(#9815,#9816,#9817,#9818),
(#9819,#9820,#9821,#9822)),.UNSPECIFIED.,.F.,.F.,.F.,(4,1,4),(4,4),(0.,
0.571428571428571,1.),(-0.930082916524896,-0.719952298524369),
 .UNSPECIFIED.);
#29=B_SPLINE_SURFACE_WITH_KNOTS('',3,3,((#9994,#9995,#9996,#9997),(#9998,
#9999,#10000,#10001),(#10002,#10003,#10004,#10005),(#10006,#10007,#10008,
#10009),(#10010,#10011,#10012,#10013)),.UNSPECIFIED.,.F.,.F.,.F.,(4,1,4),
(4,4),(0.,0.571428571428571,1.),(-0.930082916524897,-0.71995229852437),
 .UNSPECIFIED.);
#30=B_SPLINE_SURFACE_WITH_KNOTS('',3,3,((#10059,#10060,#10061,#10062),(#10063,
#10064,#10065,#10066),(#10067,#10068,#10069,#10070),(#10071,#10072,#10073,
#10074),(#10075,#10076,#10077,#10078)),.UNSPECIFIED.,.F.,.F.,.F.,(4,1,4),
(4,4),(0.,0.571428571428571,1.),(0.719952298524521,0.930082916524694),
 .UNSPECIFIED.);
#31=B_SPLINE_SURFACE_WITH_KNOTS('',3,3,((#10249,#10250,#10251,#10252),(#10253,
#10254,#10255,#10256),(#10257,#10258,#10259,#10260),(#10261,#10262,#10263,
#10264),(#10265,#10266,#10267,#10268)),.UNSPECIFIED.,.F.,.F.,.F.,(4,1,4),
(4,4),(0.,0.571428571428571,1.),(0.719952298524523,0.930082916524686),
 .UNSPECIFIED.);
#32=B_SPLINE_SURFACE_WITH_KNOTS('',3,3,((#10333,#10334,#10335,#10336),(#10337,
#10338,#10339,#10340),(#10341,#10342,#10343,#10344),(#10345,#10346,#10347,
#10348),(#10349,#10350,#10351,#10352)),.UNSPECIFIED.,.F.,.F.,.F.,(4,1,4),
(4,4),(0.,0.571428571428571,1.),(-0.930082916524893,-0.719952298524366),
 .UNSPECIFIED.);
#33=B_SPLINE_SURFACE_WITH_KNOTS('',3,3,((#10462,#10463,#10464,#10465),(#10466,
#10467,#10468,#10469),(#10470,#10471,#10472,#10473),(#10474,#10475,#10476,
#10477),(#10478,#10479,#10480,#10481)),.UNSPECIFIED.,.F.,.F.,.F.,(4,1,4),
(4,4),(0.,0.571428571428571,1.),(-0.930082916524898,-0.71995229852437),
 .UNSPECIFIED.);
#34=B_SPLINE_SURFACE_WITH_KNOTS('',3,3,((#10527,#10528,#10529,#10530),(#10531,
#10532,#10533,#10534),(#10535,#10536,#10537,#10538),(#10539,#10540,#10541,
#10542),(#10543,#10544,#10545,#10546)),.UNSPECIFIED.,.F.,.F.,.F.,(4,1,4),
(4,4),(0.,0.571428571428571,1.),(0.719952298524523,0.930082916524779),
 .UNSPECIFIED.);
#35=B_SPLINE_SURFACE_WITH_KNOTS('',3,3,((#10688,#10689,#10690,#10691),(#10692,
#10693,#10694,#10695),(#10696,#10697,#10698,#10699),(#10700,#10701,#10702,
#10703),(#10704,#10705,#10706,#10707)),.UNSPECIFIED.,.F.,.F.,.F.,(4,1,4),
(4,4),(0.,0.571428571428571,1.),(0.719952298524523,0.930082916524684),
 .UNSPECIFIED.);
#36=B_SPLINE_SURFACE_WITH_KNOTS('',3,3,((#10772,#10773,#10774,#10775),(#10776,
#10777,#10778,#10779),(#10780,#10781,#10782,#10783),(#10784,#10785,#10786,
#10787),(#10788,#10789,#10790,#10791)),.UNSPECIFIED.,.F.,.F.,.F.,(4,1,4),
(4,4),(0.,0.571428571428571,1.),(-0.930082916524897,-0.719952298524369),
 .UNSPECIFIED.);
#37=B_SPLINE_SURFACE_WITH_KNOTS('',3,3,((#10894,#10895,#10896,#10897),(#10898,
#10899,#10900,#10901),(#10902,#10903,#10904,#10905),(#10906,#10907,#10908,
#10909),(#10910,#10911,#10912,#10913)),.UNSPECIFIED.,.F.,.F.,.F.,(4,1,4),
(4,4),(0.,0.571428571428571,1.),(0.719952298524523,0.930082916524776),
 .UNSPECIFIED.);
#38=B_SPLINE_SURFACE_WITH_KNOTS('',3,3,((#10968,#10969,#10970,#10971),(#10972,
#10973,#10974,#10975),(#10976,#10977,#10978,#10979),(#10980,#10981,#10982,
#10983),(#10984,#10985,#10986,#10987)),.UNSPECIFIED.,.F.,.F.,.F.,(4,1,4),
(4,4),(0.,0.571428571428571,1.),(-0.930082916524896,-0.71995229852437),
 .UNSPECIFIED.);
#39=B_SPLINE_SURFACE_WITH_KNOTS('',3,3,((#11086,#11087,#11088,#11089),(#11090,
#11091,#11092,#11093),(#11094,#11095,#11096,#11097),(#11098,#11099,#11100,
#11101),(#11102,#11103,#11104,#11105)),.UNSPECIFIED.,.F.,.F.,.F.,(4,1,4),
(4,4),(0.,0.571428571428571,1.),(-0.930082916524894,-0.719952298524369),
 .UNSPECIFIED.);
#40=B_SPLINE_SURFACE_WITH_KNOTS('',3,3,((#11138,#11139,#11140,#11141),(#11142,
#11143,#11144,#11145),(#11146,#11147,#11148,#11149),(#11150,#11151,#11152,
#11153),(#11154,#11155,#11156,#11157)),.UNSPECIFIED.,.F.,.F.,.F.,(4,1,4),
(4,4),(0.,0.571428571428571,1.),(0.719952298524523,0.930082916524686),
 .UNSPECIFIED.);
#41=B_SPLINE_SURFACE_WITH_KNOTS('',3,3,((#11315,#11316,#11317,#11318),(#11319,
#11320,#11321,#11322),(#11323,#11324,#11325,#11326),(#11327,#11328,#11329,
#11330),(#11331,#11332,#11333,#11334)),.UNSPECIFIED.,.F.,.F.,.F.,(4,1,4),
(4,4),(0.,0.571428571428571,1.),(-0.930082916524897,-0.71995229852437),
 .UNSPECIFIED.);
#42=B_SPLINE_SURFACE_WITH_KNOTS('',3,3,((#11367,#11368,#11369,#11370),(#11371,
#11372,#11373,#11374),(#11375,#11376,#11377,#11378),(#11379,#11380,#11381,
#11382),(#11383,#11384,#11385,#11386)),.UNSPECIFIED.,.F.,.F.,.F.,(4,1,4),
(4,4),(0.,0.571428571428571,1.),(0.719952298524523,0.930082916524779),
 .UNSPECIFIED.);
#43=B_SPLINE_CURVE_WITH_KNOTS('',3,(#9707,#9708,#9709,#9710,#9711,#9712,
#9713,#9714,#9715,#9716,#9717,#9718),.UNSPECIFIED.,.F.,.F.,(4,2,2,2,2,4),
(0.0676600911205158,0.0773821423495379,0.087731362884328,0.0980805834191179,
0.108429803953908,0.114362489482737),.UNSPECIFIED.);
#44=B_SPLINE_CURVE_WITH_KNOTS('',3,(#9744,#9745,#9746,#9747,#9748,#9749,
#9750,#9751,#9752,#9753,#9754,#9755,#9756,#9757,#9758,#9759,#9760,#9761,
#9762,#9763,#9764,#9765,#9766,#9767,#9768),.UNSPECIFIED.,.F.,.F.,(4,3,3,
3,3,3,3,3,4),(0.0336278486714162,0.0340349014734181,0.0419019981559489,
0.0435759298206312,0.0508720241885637,0.0584660623019509,0.064627140615013,
0.0729721702111038,0.0792143960835977),.UNSPECIFIED.);
#45=B_SPLINE_CURVE_WITH_KNOTS('',3,(#9769,#9770,#9771,#9772),
 .UNSPECIFIED.,.F.,.F.,(4,4),(-0.886307006170547,-0.719952298524522),
 .UNSPECIFIED.);
#46=B_SPLINE_CURVE_WITH_KNOTS('',3,(#9774,#9775,#9776,#9777),
 .UNSPECIFIED.,.F.,.F.,(4,4),(0.719952298524522,0.896397204047866),
 .UNSPECIFIED.);
#47=B_SPLINE_CURVE_WITH_KNOTS('',3,(#9779,#9780,#9781,#9782,#9783,#9784,
#9785,#9786),.UNSPECIFIED.,.F.,.F.,(4,2,2,4),(-0.0545501370223988,-0.0295710975362063,
-0.0115187026300583,0.),.UNSPECIFIED.);
#48=B_SPLINE_CURVE_WITH_KNOTS('',3,(#9788,#9789,#9790,#9791,#9792,#9793,
#9794),.UNSPECIFIED.,.F.,.F.,(4,3,4),(0.107804377352891,0.111795689518439,
0.119271961040565),.UNSPECIFIED.);
#49=B_SPLINE_CURVE_WITH_KNOTS('',3,(#9795,#9796,#9797,#9798,#9799,#9800,
#9801,#9802),.UNSPECIFIED.,.F.,.F.,(4,2,2,4),(0.041150709044366,0.0418134941887477,
0.0715635359129824,0.0717188560341522),.UNSPECIFIED.);
#50=B_SPLINE_CURVE_WITH_KNOTS('',3,(#9825,#9826,#9827,#9828,#9829,#9830,
#9831,#9832,#9833,#9834),.UNSPECIFIED.,.F.,.F.,(4,3,3,4),(0.0309180680073289,
0.0419444244690916,0.04639912448907,0.0482500924623603),.UNSPECIFIED.);
#51=B_SPLINE_CURVE_WITH_KNOTS('',3,(#9836,#9837,#9838,#9839,#9840,#9841,
#9842,#9843),.UNSPECIFIED.,.F.,.F.,(4,2,2,4),(-0.140396806671653,-0.124101860016798,
-0.0985667269917285,-0.0632233653669002),.UNSPECIFIED.);
#52=B_SPLINE_CURVE_WITH_KNOTS('',3,(#9844,#9845,#9846,#9847),
 .UNSPECIFIED.,.F.,.F.,(4,4),(-0.896397204048064,-0.719952298524369),
 .UNSPECIFIED.);
#53=B_SPLINE_CURVE_WITH_KNOTS('',3,(#9849,#9850,#9851,#9852),
 .UNSPECIFIED.,.F.,.F.,(4,4),(0.719952298524369,0.886307006170736),
 .UNSPECIFIED.);
#54=B_SPLINE_CURVE_WITH_KNOTS('',3,(#9854,#9855,#9856,#9857,#9858,#9859),
 .UNSPECIFIED.,.F.,.F.,(4,2,4),(0.,0.0225206290268112,0.0326726484417665),
 .UNSPECIFIED.);
#55=B_SPLINE_CURVE_WITH_KNOTS('',3,(#9860,#9861,#9862,#9863,#9864,#9865,
#9866,#9867,#9868,#9869),.UNSPECIFIED.,.F.,.F.,(4,3,3,4),(0.0865987213018229,
0.091195540745422,0.0983438613311088,0.0990284043379663),.UNSPECIFIED.);
#56=B_SPLINE_CURVE_WITH_KNOTS('',3,(#9945,#9946,#9947,#9948,#9949,#9950,
#9951,#9952,#9953,#9954),.UNSPECIFIED.,.F.,.F.,(4,3,3,4),(0.0411991762810658,
0.0455484738047916,0.0528031573139744,0.0551347533593776),.UNSPECIFIED.);
#57=B_SPLINE_CURVE_WITH_KNOTS('',3,(#9963,#9964,#9965,#9966,#9967,#9968),
 .UNSPECIFIED.,.F.,.F.,(4,2,4),(0.0550644961882838,0.0715635359130658,0.0717188560342361),
 .UNSPECIFIED.);
#58=B_SPLINE_CURVE_WITH_KNOTS('',3,(#10016,#10017,#10018,#10019),
 .UNSPECIFIED.,.F.,.F.,(4,4),(0.0309180680072977,0.0389419350830276),
 .UNSPECIFIED.);
#59=B_SPLINE_CURVE_WITH_KNOTS('',3,(#10020,#10021,#10022,#10023,#10024,
#10025,#10026),.UNSPECIFIED.,.F.,.F.,(4,3,4),(0.0389539876707047,0.046415913836236,
0.0482680880835868),.UNSPECIFIED.);
#60=B_SPLINE_CURVE_WITH_KNOTS('',3,(#10027,#10028,#10029,#10030),
 .UNSPECIFIED.,.F.,.F.,(4,4),(-0.896398165554606,-0.71995229852437),
 .UNSPECIFIED.);
#61=B_SPLINE_CURVE_WITH_KNOTS('',3,(#10032,#10033,#10034,#10035),
 .UNSPECIFIED.,.F.,.F.,(4,4),(0.71995229852437,0.886307927465635),
 .UNSPECIFIED.);
#62=B_SPLINE_CURVE_WITH_KNOTS('',3,(#10037,#10038,#10039,#10040,#10041,
#10042),.UNSPECIFIED.,.F.,.F.,(4,2,4),(0.,0.0225206290268104,0.032672648441766),
 .UNSPECIFIED.);
#63=B_SPLINE_CURVE_WITH_KNOTS('',3,(#10043,#10044,#10045,#10046,#10047,
#10048,#10049,#10050,#10051,#10052),.UNSPECIFIED.,.F.,.F.,(4,3,3,4),(0.086598721302274,
0.0911955407459102,0.0983438732834372,0.0990284043385284),.UNSPECIFIED.);
#64=B_SPLINE_CURVE_WITH_KNOTS('',3,(#10081,#10082,#10083,#10084,#10085,
#10086,#10087,#10088,#10089,#10090,#10091,#10092,#10093,#10094,#10095,#10096,
#10097,#10098,#10099,#10100,#10101,#10102,#10103,#10104,#10105),
 .UNSPECIFIED.,.F.,.F.,(4,3,3,3,3,3,3,3,4),(0.0336278486714209,0.0340349014734248,
0.0419022160472386,0.043575929820641,0.0508720241885757,0.058465401879162,
0.0646271406150276,0.072971585778082,0.0792143960836203),.UNSPECIFIED.);
#65=B_SPLINE_CURVE_WITH_KNOTS('',3,(#10106,#10107,#10108,#10109),
 .UNSPECIFIED.,.F.,.F.,(4,4),(-0.886307006170545,-0.719952298524521),
 .UNSPECIFIED.);
#66=B_SPLINE_CURVE_WITH_KNOTS('',3,(#10111,#10112,#10113,#10114),
 .UNSPECIFIED.,.F.,.F.,(4,4),(0.719952298524521,0.896397204047864),
 .UNSPECIFIED.);
#67=B_SPLINE_CURVE_WITH_KNOTS('',3,(#10116,#10117,#10118,#10119,#10120,
#10121,#10122,#10123),.UNSPECIFIED.,.F.,.F.,(4,2,2,4),(-0.0545492298142714,
-0.0295671488925704,-0.0115179104995073,0.),.UNSPECIFIED.);
#68=B_SPLINE_CURVE_WITH_KNOTS('',3,(#10125,#10126,#10127,#10128,#10129,
#10130,#10131),.UNSPECIFIED.,.F.,.F.,(4,3,4),(0.122794714695681,0.126959739555039,
0.134751097567928),.UNSPECIFIED.);
#69=B_SPLINE_CURVE_WITH_KNOTS('',3,(#10132,#10133,#10134,#10135,#10136,
#10137,#10138,#10139),.UNSPECIFIED.,.F.,.F.,(4,2,2,4),(0.041150709044449,
0.0418134941888267,0.0715635359131239,0.0717188560343012),.UNSPECIFIED.);
#70=B_SPLINE_CURVE_WITH_KNOTS('',3,(#10148,#10149,#10150,#10151,#10152,
#10153,#10154,#10155,#10156,#10157,#10158,#10159),.UNSPECIFIED.,.F.,.F.,
(4,2,2,2,2,4),(0.220789336587845,0.227159489047852,0.237260737361876,0.247361985675901,
0.257463233989925,0.267388133827939),.UNSPECIFIED.);
#71=B_SPLINE_CURVE_WITH_KNOTS('',3,(#10176,#10177,#10178,#10179,#10180,
#10181,#10182),.UNSPECIFIED.,.F.,.F.,(4,3,4),(0.0389517292728368,0.0464127645409076,
0.048264714343208),.UNSPECIFIED.);
#72=B_SPLINE_CURVE_WITH_KNOTS('',3,(#10184,#10185,#10186,#10187),
 .UNSPECIFIED.,.F.,.F.,(4,4),(0.0309180680070688,0.0389419350827055),
 .UNSPECIFIED.);
#73=B_SPLINE_CURVE_WITH_KNOTS('',3,(#10230,#10231,#10232,#10233,#10234,
#10235,#10236,#10237,#10238,#10239,#10240,#10241),.UNSPECIFIED.,.F.,.F.,
(4,2,2,2,2,4),(0.220789336587846,0.227159489047852,0.237260737361876,0.247361985675901,
0.257463233989925,0.267388133827938),.UNSPECIFIED.);
#74=B_SPLINE_CURVE_WITH_KNOTS('',3,(#10271,#10272,#10273,#10274,#10275,
#10276,#10277,#10278,#10279,#10280,#10281,#10282,#10283,#10284,#10285,#10286,
#10287,#10288,#10289,#10290,#10291,#10292,#10293,#10294,#10295),
 .UNSPECIFIED.,.F.,.F.,(4,3,3,3,3,3,3,3,4),(0.0336278486714171,0.0340349014734192,
0.0419020055472897,0.0435759298206367,0.0508720241885728,0.0584660398946474,
0.0646271406150279,0.0729721503823496,0.0792143960836208),.UNSPECIFIED.);
#75=B_SPLINE_CURVE_WITH_KNOTS('',3,(#10296,#10297,#10298,#10299),
 .UNSPECIFIED.,.F.,.F.,(4,4),(-0.886307006170547,-0.719952298524523),
 .UNSPECIFIED.);
#76=B_SPLINE_CURVE_WITH_KNOTS('',3,(#10301,#10302,#10303,#10304),
 .UNSPECIFIED.,.F.,.F.,(4,4),(0.719952298524523,0.896397204047866),
 .UNSPECIFIED.);
#77=B_SPLINE_CURVE_WITH_KNOTS('',3,(#10306,#10307,#10308,#10309,#10310,
#10311,#10312,#10313),.UNSPECIFIED.,.F.,.F.,(4,2,2,4),(-0.0545501370223724,
-0.029571097536199,-0.0115187026300577,0.),.UNSPECIFIED.);
#78=B_SPLINE_CURVE_WITH_KNOTS('',3,(#10315,#10316,#10317,#10318,#10319,
#10320,#10321),.UNSPECIFIED.,.F.,.F.,(4,3,4),(0.10780437735287,0.111795689518414,
0.119271961040536),.UNSPECIFIED.);
#79=B_SPLINE_CURVE_WITH_KNOTS('',3,(#10322,#10323,#10324,#10325,#10326,
#10327,#10328,#10329),.UNSPECIFIED.,.F.,.F.,(4,2,2,4),(0.041150709044372,
0.0418134941887548,0.0715635359129936,0.0717188560341618),.UNSPECIFIED.);
#80=B_SPLINE_CURVE_WITH_KNOTS('',3,(#10355,#10356,#10357,#10358,#10359,
#10360,#10361,#10362,#10363,#10364),.UNSPECIFIED.,.F.,.F.,(4,3,3,4),(0.030918068006503,
0.0419443871460655,0.0463991244875964,0.0482500924608218),.UNSPECIFIED.);
#81=B_SPLINE_CURVE_WITH_KNOTS('',3,(#10366,#10367,#10368,#10369,#10370,
#10371,#10372,#10373),.UNSPECIFIED.,.F.,.F.,(4,2,2,4),(-0.140396806672271,
-0.124101860017471,-0.0985667269924925,-0.063223365367818),
 .UNSPECIFIED.);
#82=B_SPLINE_CURVE_WITH_KNOTS('',3,(#10374,#10375,#10376,#10377),
 .UNSPECIFIED.,.F.,.F.,(4,4),(-0.89639720404806,-0.719952298524366),
 .UNSPECIFIED.);
#83=B_SPLINE_CURVE_WITH_KNOTS('',3,(#10379,#10380,#10381,#10382),
 .UNSPECIFIED.,.F.,.F.,(4,4),(0.719952298524366,0.886307006170733),
 .UNSPECIFIED.);
#84=B_SPLINE_CURVE_WITH_KNOTS('',3,(#10384,#10385,#10386,#10387,#10388,
#10389),.UNSPECIFIED.,.F.,.F.,(4,2,4),(0.,0.0225206290267992,0.0326726484417483),
 .UNSPECIFIED.);
#85=B_SPLINE_CURVE_WITH_KNOTS('',3,(#10390,#10391,#10392,#10393,#10394,
#10395,#10396,#10397,#10398,#10399),.UNSPECIFIED.,.F.,.F.,(4,3,3,4),(0.0865987213015616,
0.0911955407451379,0.0983438616398705,0.0990284043376875),.UNSPECIFIED.);
#86=B_SPLINE_CURVE_WITH_KNOTS('',3,(#10413,#10414,#10415,#10416,#10417,
#10418,#10419,#10420,#10421,#10422),.UNSPECIFIED.,.F.,.F.,(4,3,3,4),(0.0411991762809611,
0.0455484738046766,0.0528031416145556,0.0551347533592349),.UNSPECIFIED.);
#87=B_SPLINE_CURVE_WITH_KNOTS('',3,(#10431,#10432,#10433,#10434,#10435,
#10436),.UNSPECIFIED.,.F.,.F.,(4,2,4),(0.0550644961881978,0.071563535912956,
0.0717188560341227),.UNSPECIFIED.);
#88=B_SPLINE_CURVE_WITH_KNOTS('',3,(#10484,#10485,#10486,#10487),
 .UNSPECIFIED.,.F.,.F.,(4,4),(0.0309180680073239,0.0389419350830662),
 .UNSPECIFIED.);
#89=B_SPLINE_CURVE_WITH_KNOTS('',3,(#10488,#10489,#10490,#10491,#10492,
#10493,#10494),.UNSPECIFIED.,.F.,.F.,(4,3,4),(0.0389539876708693,0.0464159138364572,
0.0482680880838218),.UNSPECIFIED.);
#90=B_SPLINE_CURVE_WITH_KNOTS('',3,(#10495,#10496,#10497,#10498),
 .UNSPECIFIED.,.F.,.F.,(4,4),(-0.896398165554607,-0.71995229852437),
 .UNSPECIFIED.);
#91=B_SPLINE_CURVE_WITH_KNOTS('',3,(#10500,#10501,#10502,#10503),
 .UNSPECIFIED.,.F.,.F.,(4,4),(0.71995229852437,0.886307927465636),
 .UNSPECIFIED.);
#92=B_SPLINE_CURVE_WITH_KNOTS('',3,(#10505,#10506,#10507,#10508,#10509,
#10510),.UNSPECIFIED.,.F.,.F.,(4,2,4),(0.,0.022520629026813,0.0326726484417689),
 .UNSPECIFIED.);
#93=B_SPLINE_CURVE_WITH_KNOTS('',3,(#10511,#10512,#10513,#10514,#10515,
#10516,#10517,#10518,#10519,#10520),.UNSPECIFIED.,.F.,.F.,(4,3,3,4),(0.0865987213016615,
0.0911955407452277,0.0983438627405709,0.099028404337723),.UNSPECIFIED.);
#94=B_SPLINE_CURVE_WITH_KNOTS('',3,(#10548,#10549,#10550,#10551,#10552,
#10553,#10554,#10555,#10556,#10557,#10558,#10559,#10560,#10561,#10562,#10563,
#10564,#10565,#10566,#10567,#10568,#10569,#10570,#10571,#10572),
 .UNSPECIFIED.,.F.,.F.,(4,3,3,3,3,3,3,3,4),(0.0336278486714131,0.0340349014734154,
0.0419019651119887,0.0435759298206319,0.0508720241885664,0.0584661624805289,
0.064627140615019,0.0729722588618892,0.0792143960836117),.UNSPECIFIED.);
#95=B_SPLINE_CURVE_WITH_KNOTS('',3,(#10573,#10574,#10575,#10576),
 .UNSPECIFIED.,.F.,.F.,(4,4),(-0.886307927465446,-0.719952298524523),
 .UNSPECIFIED.);
#96=B_SPLINE_CURVE_WITH_KNOTS('',3,(#10577,#10578,#10579,#10580),
 .UNSPECIFIED.,.F.,.F.,(4,4),(0.719952298524523,0.896398165554407),
 .UNSPECIFIED.);
#97=B_SPLINE_CURVE_WITH_KNOTS('',3,(#10581,#10582,#10583,#10584,#10585,
#10586,#10587),.UNSPECIFIED.,.F.,.F.,(4,3,4),(0.122473176638277,0.126616737346982,
0.134369285393057),.UNSPECIFIED.);
#98=B_SPLINE_CURVE_WITH_KNOTS('',3,(#10600,#10601,#10602,#10603,#10604,
#10605,#10606,#10607,#10608,#10609,#10610,#10611),.UNSPECIFIED.,.F.,.F.,
(4,2,2,2,2,4),(0.067660091120516,0.077382142349538,0.0877313628843282,0.098080583419118,
0.108429803953908,0.114362489482738),.UNSPECIFIED.);
#99=B_SPLINE_CURVE_WITH_KNOTS('',3,(#10669,#10670,#10671,#10672,#10673,
#10674,#10675,#10676,#10677,#10678,#10679,#10680),.UNSPECIFIED.,.F.,.F.,
(4,2,2,2,2,4),(0.220789336587845,0.227159489047852,0.237260737361876,0.247361985675901,
0.257463233989925,0.267388133827938),.UNSPECIFIED.);
#100=B_SPLINE_CURVE_WITH_KNOTS('',3,(#10710,#10711,#10712,#10713,#10714,
#10715,#10716,#10717,#10718,#10719,#10720,#10721,#10722,#10723,#10724,#10725,
#10726,#10727,#10728,#10729,#10730,#10731,#10732,#10733,#10734),
 .UNSPECIFIED.,.F.,.F.,(4,3,3,3,3,3,3,3,4),(0.0336278486714198,0.0340349014734217,
0.0419022586856373,0.0435759298206408,0.0508720241885777,0.0584652726743376,
0.0646271406150328,0.072971471438355,0.0792143960836225),.UNSPECIFIED.);
#101=B_SPLINE_CURVE_WITH_KNOTS('',3,(#10735,#10736,#10737,#10738),
 .UNSPECIFIED.,.F.,.F.,(4,4),(-0.886307006170547,-0.719952298524523),
 .UNSPECIFIED.);
#102=B_SPLINE_CURVE_WITH_KNOTS('',3,(#10740,#10741,#10742,#10743),
 .UNSPECIFIED.,.F.,.F.,(4,4),(0.719952298524523,0.896397204047867),
 .UNSPECIFIED.);
#103=B_SPLINE_CURVE_WITH_KNOTS('',3,(#10745,#10746,#10747,#10748,#10749,
#10750,#10751,#10752),.UNSPECIFIED.,.F.,.F.,(4,2,2,4),(-0.0545501370223744,
-0.0295710975361898,-0.0115187026300554,0.),.UNSPECIFIED.);
#104=B_SPLINE_CURVE_WITH_KNOTS('',3,(#10754,#10755,#10756,#10757,#10758,
#10759,#10760),.UNSPECIFIED.,.F.,.F.,(4,3,4),(0.107804377352894,0.111795689518438,
0.119271961040566),.UNSPECIFIED.);
#105=B_SPLINE_CURVE_WITH_KNOTS('',3,(#10761,#10762,#10763,#10764,#10765,
#10766,#10767,#10768),.UNSPECIFIED.,.F.,.F.,(4,2,2,4),(0.0411507090443747,
0.0418134941887584,0.0715635359130017,0.0717188560341692),.UNSPECIFIED.);
#106=B_SPLINE_CURVE_WITH_KNOTS('',3,(#10794,#10795,#10796,#10797,#10798,
#10799,#10800,#10801,#10802,#10803),.UNSPECIFIED.,.F.,.F.,(4,3,3,4),(0.030918068007541,
0.0419430859639718,0.0463991244894601,0.0482500924627699),.UNSPECIFIED.);
#107=B_SPLINE_CURVE_WITH_KNOTS('',3,(#10805,#10806,#10807,#10808,#10809,
#10810,#10811,#10812),.UNSPECIFIED.,.F.,.F.,(4,2,2,4),(-0.140396806671564,
-0.124101860016733,-0.0985667269916983,-0.0632233653668909),
 .UNSPECIFIED.);
#108=B_SPLINE_CURVE_WITH_KNOTS('',3,(#10813,#10814,#10815,#10816),
 .UNSPECIFIED.,.F.,.F.,(4,4),(-0.896397204048064,-0.719952298524369),
 .UNSPECIFIED.);
#109=B_SPLINE_CURVE_WITH_KNOTS('',3,(#10818,#10819,#10820,#10821),
 .UNSPECIFIED.,.F.,.F.,(4,4),(0.719952298524369,0.886307006170737),
 .UNSPECIFIED.);
#110=B_SPLINE_CURVE_WITH_KNOTS('',3,(#10823,#10824,#10825,#10826,#10827,
#10828),.UNSPECIFIED.,.F.,.F.,(4,2,4),(0.,0.0225206290268108,0.0326726484417653),
 .UNSPECIFIED.);
#111=B_SPLINE_CURVE_WITH_KNOTS('',3,(#10829,#10830,#10831,#10832,#10833,
#10834,#10835,#10836,#10837,#10838),.UNSPECIFIED.,.F.,.F.,(4,3,3,4),(0.0865987213033348,
0.0911955407470855,0.0983438722342243,0.0990284043398835),.UNSPECIFIED.);
#112=B_SPLINE_CURVE_WITH_KNOTS('',3,(#10852,#10853,#10854,#10855,#10856,
#10857,#10858,#10859,#10860,#10861),.UNSPECIFIED.,.F.,.F.,(4,3,3,4),(0.0411991762809405,
0.0455484738046524,0.0528025942624096,0.0551347533592069),.UNSPECIFIED.);
#113=B_SPLINE_CURVE_WITH_KNOTS('',3,(#10870,#10871,#10872,#10873,#10874,
#10875),.UNSPECIFIED.,.F.,.F.,(4,2,4),(0.055064496188207,0.0715635359129666,
0.0717188560341351),.UNSPECIFIED.);
#114=B_SPLINE_CURVE_WITH_KNOTS('',3,(#10915,#10916,#10917,#10918,#10919,
#10920,#10921,#10922,#10923,#10924,#10925,#10926,#10927,#10928,#10929,#10930,
#10931,#10932,#10933,#10934,#10935,#10936,#10937,#10938,#10939),
 .UNSPECIFIED.,.F.,.F.,(4,3,3,3,3,3,3,3,4),(0.0336278486714208,0.0340349014734218,
0.0419019723439897,0.043575929820637,0.0508720241885721,0.0584661405549777,
0.0646271406150271,0.0729722394594793,0.0792143960836162),.UNSPECIFIED.);
#115=B_SPLINE_CURVE_WITH_KNOTS('',3,(#10940,#10941,#10942,#10943),
 .UNSPECIFIED.,.F.,.F.,(4,4),(-0.886307927465446,-0.719952298524523),
 .UNSPECIFIED.);
#116=B_SPLINE_CURVE_WITH_KNOTS('',3,(#10944,#10945,#10946,#10947),
 .UNSPECIFIED.,.F.,.F.,(4,4),(0.719952298524523,0.896398165554407),
 .UNSPECIFIED.);
#117=B_SPLINE_CURVE_WITH_KNOTS('',3,(#10948,#10949,#10950,#10951,#10952,
#10953,#10954),.UNSPECIFIED.,.F.,.F.,(4,3,4),(0.12247317663822,0.126616737346902,
0.134369285392958),.UNSPECIFIED.);
#118=B_SPLINE_CURVE_WITH_KNOTS('',3,(#10990,#10991,#10992,#10993),
 .UNSPECIFIED.,.F.,.F.,(4,4),(0.0309180680069842,0.0389419350826585),
 .UNSPECIFIED.);
#119=B_SPLINE_CURVE_WITH_KNOTS('',3,(#10994,#10995,#10996,#10997,#10998,
#10999,#11000),.UNSPECIFIED.,.F.,.F.,(4,3,4),(0.038953987670092,0.0464159138354653,
0.048268088082784),.UNSPECIFIED.);
#120=B_SPLINE_CURVE_WITH_KNOTS('',3,(#11001,#11002,#11003,#11004),
 .UNSPECIFIED.,.F.,.F.,(4,4),(-0.896398165554606,-0.71995229852437),
 .UNSPECIFIED.);
#121=B_SPLINE_CURVE_WITH_KNOTS('',3,(#11006,#11007,#11008,#11009),
 .UNSPECIFIED.,.F.,.F.,(4,4),(0.71995229852437,0.886307927465634),
 .UNSPECIFIED.);
#122=B_SPLINE_CURVE_WITH_KNOTS('',3,(#11011,#11012,#11013,#11014,#11015,
#11016),.UNSPECIFIED.,.F.,.F.,(4,2,4),(0.,0.0225206290268085,0.0326726484417627),
 .UNSPECIFIED.);
#123=B_SPLINE_CURVE_WITH_KNOTS('',3,(#11017,#11018,#11019,#11020,#11021,
#11022,#11023,#11024,#11025,#11026),.UNSPECIFIED.,.F.,.F.,(4,3,3,4),(0.0865987213019904,
0.0911955407456073,0.0983438630555178,0.0990284043382107),.UNSPECIFIED.);
#124=B_SPLINE_CURVE_WITH_KNOTS('',3,(#11035,#11036,#11037,#11038,#11039,
#11040,#11041,#11042,#11043,#11044,#11045,#11046),.UNSPECIFIED.,.F.,.F.,
(4,2,2,2,2,4),(0.220789336587846,0.227159489047852,0.237260737361877,0.247361985675901,
0.257463233989925,0.267388133827938),.UNSPECIFIED.);
#125=B_SPLINE_CURVE_WITH_KNOTS('',3,(#11106,#11107,#11108,#11109),
 .UNSPECIFIED.,.F.,.F.,(4,4),(-0.896398165554606,-0.719952298524369),
 .UNSPECIFIED.);
#126=B_SPLINE_CURVE_WITH_KNOTS('',3,(#11111,#11112,#11113,#11114),
 .UNSPECIFIED.,.F.,.F.,(4,4),(0.719952298524369,0.886307927465634),
 .UNSPECIFIED.);
#127=B_SPLINE_CURVE_WITH_KNOTS('',3,(#11116,#11117,#11118,#11119,#11120,
#11121),.UNSPECIFIED.,.F.,.F.,(4,2,4),(0.,0.0225206290268074,0.0326726484417596),
 .UNSPECIFIED.);
#128=B_SPLINE_CURVE_WITH_KNOTS('',3,(#11122,#11123,#11124,#11125,#11126,
#11127,#11128,#11129,#11130,#11131),.UNSPECIFIED.,.F.,.F.,(4,3,3,4),(0.0865987213013704,
0.0911955407448978,0.0983438718811342,0.0990284043373443),.UNSPECIFIED.);
#129=B_SPLINE_CURVE_WITH_KNOTS('',3,(#11160,#11161,#11162,#11163,#11164,
#11165,#11166,#11167,#11168,#11169,#11170,#11171,#11172,#11173,#11174,#11175,
#11176,#11177,#11178,#11179,#11180,#11181,#11182,#11183,#11184),
 .UNSPECIFIED.,.F.,.F.,(4,3,3,3,3,3,3,3,4),(0.0336278486714176,0.0340349014734193,
0.0419022548478351,0.0435759298206361,0.0508720241885707,0.0584652843033469,
0.0646271406150234,0.0729714817293817,0.0792143960836138),.UNSPECIFIED.);
#130=B_SPLINE_CURVE_WITH_KNOTS('',3,(#11185,#11186,#11187,#11188),
 .UNSPECIFIED.,.F.,.F.,(4,4),(-0.886307006170547,-0.719952298524523),
 .UNSPECIFIED.);
#131=B_SPLINE_CURVE_WITH_KNOTS('',3,(#11190,#11191,#11192,#11193),
 .UNSPECIFIED.,.F.,.F.,(4,4),(0.719952298524523,0.896397204047866),
 .UNSPECIFIED.);
#132=B_SPLINE_CURVE_WITH_KNOTS('',3,(#11195,#11196,#11197,#11198,#11199,
#11200,#11201,#11202),.UNSPECIFIED.,.F.,.F.,(4,2,2,4),(-0.0545501370223906,
-0.0295710975361876,-0.011518702630056,0.),.UNSPECIFIED.);
#133=B_SPLINE_CURVE_WITH_KNOTS('',3,(#11204,#11205,#11206,#11207,#11208,
#11209,#11210),.UNSPECIFIED.,.F.,.F.,(4,3,4),(0.107804377352901,0.111795689518449,
0.119271961040581),.UNSPECIFIED.);
#134=B_SPLINE_CURVE_WITH_KNOTS('',3,(#11211,#11212,#11213,#11214,#11215,
#11216,#11217,#11218),.UNSPECIFIED.,.F.,.F.,(4,2,2,4),(0.0411507090443159,
0.041813494188698,0.0715635359128929,0.0717188560340616),.UNSPECIFIED.);
#135=B_SPLINE_CURVE_WITH_KNOTS('',3,(#11231,#11232,#11233,#11234,#11235,
#11236,#11237,#11238,#11239,#11240,#11241,#11242),.UNSPECIFIED.,.F.,.F.,
(4,2,2,2,2,4),(0.0676600911205161,0.0773821423495379,0.087731362884328,
0.0980805834191179,0.108429803953908,0.114362489482737),.UNSPECIFIED.);
#136=B_SPLINE_CURVE_WITH_KNOTS('',3,(#11271,#11272,#11273,#11274,#11275,
#11276,#11277),.UNSPECIFIED.,.F.,.F.,(4,3,4),(0.0389539876707461,0.0464159138362823,
0.0482680880836337),.UNSPECIFIED.);
#137=B_SPLINE_CURVE_WITH_KNOTS('',3,(#11279,#11280,#11281,#11282),
 .UNSPECIFIED.,.F.,.F.,(4,4),(0.0309180680073849,0.0389419350831708),
 .UNSPECIFIED.);
#138=B_SPLINE_CURVE_WITH_KNOTS('',3,(#11335,#11336,#11337,#11338),
 .UNSPECIFIED.,.F.,.F.,(4,4),(-0.896398165554607,-0.71995229852437),
 .UNSPECIFIED.);
#139=B_SPLINE_CURVE_WITH_KNOTS('',3,(#11340,#11341,#11342,#11343),
 .UNSPECIFIED.,.F.,.F.,(4,4),(0.71995229852437,0.886307927465635),
 .UNSPECIFIED.);
#140=B_SPLINE_CURVE_WITH_KNOTS('',3,(#11345,#11346,#11347,#11348,#11349,
#11350),.UNSPECIFIED.,.F.,.F.,(4,2,4),(0.,0.0225206290268117,0.0326726484417673),
 .UNSPECIFIED.);
#141=B_SPLINE_CURVE_WITH_KNOTS('',3,(#11351,#11352,#11353,#11354,#11355,
#11356,#11357,#11358,#11359,#11360),.UNSPECIFIED.,.F.,.F.,(4,3,3,4),(0.0865987213020815,
0.0911955407456895,0.0983438738386849,0.0990284043382643),.UNSPECIFIED.);
#142=B_SPLINE_CURVE_WITH_KNOTS('',3,(#11388,#11389,#11390,#11391,#11392,
#11393,#11394,#11395,#11396,#11397,#11398,#11399,#11400,#11401,#11402,#11403,
#11404,#11405,#11406,#11407,#11408,#11409,#11410,#11411,#11412),
 .UNSPECIFIED.,.F.,.F.,(4,3,3,3,3,3,3,3,4),(0.033627848671424,0.0340349014734258,
0.0419022245331204,0.0435759298206406,0.0508720241885763,0.0584653761642,
0.0646271406150332,0.0729715630216083,0.0792143960836247),.UNSPECIFIED.);
#143=B_SPLINE_CURVE_WITH_KNOTS('',3,(#11413,#11414,#11415,#11416),
 .UNSPECIFIED.,.F.,.F.,(4,4),(-0.886307927465446,-0.719952298524523),
 .UNSPECIFIED.);
#144=B_SPLINE_CURVE_WITH_KNOTS('',3,(#11417,#11418,#11419,#11420),
 .UNSPECIFIED.,.F.,.F.,(4,4),(0.719952298524523,0.896398165554407),
 .UNSPECIFIED.);
#145=B_SPLINE_CURVE_WITH_KNOTS('',3,(#11421,#11422,#11423,#11424,#11425,
#11426,#11427),.UNSPECIFIED.,.F.,.F.,(4,3,4),(0.122473176638213,0.126616737346909,
0.134369285392965),.UNSPECIFIED.);
#146=B_SPLINE_CURVE_WITH_KNOTS('',3,(#11436,#11437,#11438,#11439,#11440,
#11441,#11442,#11443,#11444,#11445,#11446,#11447),.UNSPECIFIED.,.F.,.F.,
(4,2,2,2,2,4),(0.220817225869872,0.226749911398699,0.237099131933489,0.24744835246828,
0.257797573003069,0.267519624232086),.UNSPECIFIED.);
#147=SPHERICAL_SURFACE('',#6525,0.500000000000001);
#148=SPHERICAL_SURFACE('',#6529,0.5);
#149=SPHERICAL_SURFACE('',#6536,0.5);
#150=SPHERICAL_SURFACE('',#6571,0.5);
#151=SPHERICAL_SURFACE('',#6575,0.5);
#152=SPHERICAL_SURFACE('',#6579,0.500000000000001);
#153=SPHERICAL_SURFACE('',#6603,0.5);
#154=SPHERICAL_SURFACE('',#6607,0.500000000000001);
#155=SPHERICAL_SURFACE('',#6611,0.5);
#156=SPHERICAL_SURFACE('',#6632,0.5);
#157=SPHERICAL_SURFACE('',#6636,0.5);
#158=SPHERICAL_SURFACE('',#6640,0.500000000000001);
#159=SPHERICAL_SURFACE('',#6668,0.5);
#160=SPHERICAL_SURFACE('',#6672,0.5);
#161=SPHERICAL_SURFACE('',#6676,0.5);
#162=SPHERICAL_SURFACE('',#6697,0.499999999999999);
#163=SPHERICAL_SURFACE('',#6701,0.5);
#164=SPHERICAL_SURFACE('',#6706,0.5);
#165=SPHERICAL_SURFACE('',#6726,0.5);
#166=SPHERICAL_SURFACE('',#6730,0.5);
#167=SPHERICAL_SURFACE('',#6734,0.500000000000001);
#168=SPHERICAL_SURFACE('',#6765,0.5);
#169=SPHERICAL_SURFACE('',#6769,0.5);
#170=SPHERICAL_SURFACE('',#6773,0.500000000000002);
#171=TOROIDAL_SURFACE('',#6437,4.75,1.);
#172=TOROIDAL_SURFACE('',#6533,4.05187328277809,0.5);
#173=TOROIDAL_SURFACE('',#6583,4.05187328277809,0.5);
#174=TOROIDAL_SURFACE('',#6621,4.05187328277809,0.5);
#175=TOROIDAL_SURFACE('',#6644,4.05187328277809,0.5);
#176=TOROIDAL_SURFACE('',#6686,4.05187328277809,0.5);
#177=TOROIDAL_SURFACE('',#6711,4.05187328277809,0.5);
#178=TOROIDAL_SURFACE('',#6738,4.05187328277809,0.5);
#179=TOROIDAL_SURFACE('',#6777,4.05187328277809,0.5);
#180=DERIVED_UNIT_ELEMENT(#186,1.);
#181=DERIVED_UNIT_ELEMENT(#12001,-3.);
#182=DERIVED_UNIT_ELEMENT(#186,1.);
#183=DERIVED_UNIT_ELEMENT(#12001,-3.);
#184=DERIVED_UNIT_ELEMENT(#186,1.);
#185=DERIVED_UNIT_ELEMENT(#12001,-3.);
#186=(
MASS_UNIT()
NAMED_UNIT(*)
SI_UNIT(.KILO.,.GRAM.)
);
#187=DERIVED_UNIT((#180,#181));
#188=DERIVED_UNIT((#182,#183));
#189=DERIVED_UNIT((#184,#185));
#190=MEASURE_REPRESENTATION_ITEM('density measure',
POSITIVE_RATIO_MEASURE(7850.),#187);
#191=MEASURE_REPRESENTATION_ITEM('density measure',
POSITIVE_RATIO_MEASURE(7850.),#188);
#192=MEASURE_REPRESENTATION_ITEM('density measure',
POSITIVE_RATIO_MEASURE(7850.),#189);
#193=PROPERTY_DEFINITION_REPRESENTATION(#208,#199);
#194=PROPERTY_DEFINITION_REPRESENTATION(#209,#200);
#195=PROPERTY_DEFINITION_REPRESENTATION(#210,#201);
#196=PROPERTY_DEFINITION_REPRESENTATION(#211,#202);
#197=PROPERTY_DEFINITION_REPRESENTATION(#212,#203);
#198=PROPERTY_DEFINITION_REPRESENTATION(#213,#204);
#199=REPRESENTATION('material name',(#205),#11996);
#200=REPRESENTATION('density',(#190),#11996);
#201=REPRESENTATION('material name',(#206),#11997);
#202=REPRESENTATION('density',(#191),#11997);
#203=REPRESENTATION('material name',(#207),#11998);
#204=REPRESENTATION('density',(#192),#11998);
#205=DESCRIPTIVE_REPRESENTATION_ITEM('\X2\92FC\X0\','\X2\92FC\X0\');
#206=DESCRIPTIVE_REPRESENTATION_ITEM('\X2\92FC\X0\','\X2\92FC\X0\');
#207=DESCRIPTIVE_REPRESENTATION_ITEM('\X2\92FC\X0\','\X2\92FC\X0\');
#208=PROPERTY_DEFINITION('material property','material name',#12026);
#209=PROPERTY_DEFINITION('material property','density of part',#12026);
#210=PROPERTY_DEFINITION('material property','material name',#12027);
#211=PROPERTY_DEFINITION('material property','density of part',#12027);
#212=PROPERTY_DEFINITION('material property','material name',#12028);
#213=PROPERTY_DEFINITION('material property','density of part',#12028);
#214=SHAPE_REPRESENTATION_RELATIONSHIP('SRR','None',#12019,#218);
#215=SHAPE_REPRESENTATION_RELATIONSHIP('SRR','None',#12020,#219);
#216=SHAPE_REPRESENTATION_RELATIONSHIP('SRR','None',#12021,#220);
#217=SHAPE_REPRESENTATION_RELATIONSHIP('SRR','None',#12022,#221);
#218=ADVANCED_BREP_SHAPE_REPRESENTATION('',(#226),#11995);
#219=ADVANCED_BREP_SHAPE_REPRESENTATION('',(#227),#11996);
#220=ADVANCED_BREP_SHAPE_REPRESENTATION('',(#228),#11997);
#221=ADVANCED_BREP_SHAPE_REPRESENTATION('',(#229),#11998);
#222=STYLED_ITEM('',(#12048),#226);
#223=STYLED_ITEM('',(#12047),#227);
#224=STYLED_ITEM('',(#12047),#228);
#225=STYLED_ITEM('',(#12047),#229);
#226=MANIFOLD_SOLID_BREP('BottomPart',#6338);
#227=MANIFOLD_SOLID_BREP('\X2\30DC30C730A3\X0\10',#6339);
#228=MANIFOLD_SOLID_BREP('Stick_Cap',#6340);
#229=MANIFOLD_SOLID_BREP('Stick_Crown',#6341);
#230=ELLIPSE('',#6378,0.565685424949238,0.4);
#231=ELLIPSE('',#6379,0.565685424949238,0.4);
#232=ELLIPSE('',#6381,0.565685424949238,0.4);
#233=ELLIPSE('',#6382,0.565685424949238,0.4);
#234=ELLIPSE('',#6385,0.565685424949238,0.4);
#235=ELLIPSE('',#6386,0.565685424949237,0.4);
#236=ELLIPSE('',#6388,0.565685424949237,0.4);
#237=ELLIPSE('',#6389,0.565685424949239,0.4);
#238=ELLIPSE('',#6396,0.565685424949238,0.4);
#239=ELLIPSE('',#6397,0.565685424949238,0.4);
#240=ELLIPSE('',#6399,0.565685424949238,0.4);
#241=ELLIPSE('',#6400,0.565685424949238,0.4);
#242=ELLIPSE('',#6403,0.565685424949238,0.4);
#243=ELLIPSE('',#6404,0.565685424949238,0.4);
#244=ELLIPSE('',#6406,0.565685424949237,0.4);
#245=ELLIPSE('',#6407,0.56568542494924,0.4);
#246=ELLIPSE('',#6542,0.649286435445704,0.5);
#247=ELLIPSE('',#6544,0.905005852869942,0.5);
#248=ELLIPSE('',#6545,0.649286435445704,0.5);
#249=ELLIPSE('',#6550,0.905005852869942,0.5);
#250=ELLIPSE('',#6553,0.905005852869942,0.5);
#251=ELLIPSE('',#6555,0.905005852869942,0.5);
#252=ELLIPSE('',#6557,0.905005852869942,0.5);
#253=ELLIPSE('',#6559,0.905005852869942,0.5);
#254=ELLIPSE('',#6560,0.905005852869942,0.5);
#255=ELLIPSE('',#6563,0.905005852869942,0.5);
#256=ELLIPSE('',#6565,2.99999999999966,1.5);
#257=ELLIPSE('',#6589,0.649286435445737,0.5);
#258=ELLIPSE('',#6591,0.649286435445737,0.5);
#259=ELLIPSE('',#6600,3.00000000000034,1.5);
#260=ELLIPSE('',#6617,0.649286435445737,0.5);
#261=ELLIPSE('',#6619,0.649286435445737,0.5);
#262=ELLIPSE('',#6625,3.00000000000034,1.5);
#263=ELLIPSE('',#6650,0.649286435445704,0.5);
#264=ELLIPSE('',#6652,0.649286435445704,0.5);
#265=ELLIPSE('',#6682,0.649286435445737,0.5);
#266=ELLIPSE('',#6684,0.649286435445737,0.5);
#267=ELLIPSE('',#6690,3.00000000000034,1.5);
#268=ELLIPSE('',#6715,0.649286435445737,0.5);
#269=ELLIPSE('',#6717,0.649286435445737,0.5);
#270=ELLIPSE('',#6723,3.00000000000034,1.5);
#271=ELLIPSE('',#6744,0.649286435445704,0.5);
#272=ELLIPSE('',#6746,0.649286435445704,0.5);
#273=ELLIPSE('',#6783,0.649286435445737,0.5);
#274=ELLIPSE('',#6785,0.649286435445737,0.5);
#275=ELLIPSE('',#6791,3.00000000000034,1.5);
#276=ELLIPSE('',#7090,2.99999999999966,1.5);
#277=ELLIPSE('',#7092,2.99999999999966,1.5);
#278=FACE_BOUND('',#871,.T.);
#279=FACE_BOUND('',#872,.T.);
#280=FACE_BOUND('',#873,.T.);
#281=FACE_BOUND('',#874,.T.);
#282=FACE_BOUND('',#905,.T.);
#283=FACE_BOUND('',#911,.T.);
#284=FACE_BOUND('',#914,.T.);
#285=FACE_BOUND('',#915,.T.);
#286=FACE_BOUND('',#924,.T.);
#287=FACE_BOUND('',#932,.T.);
#288=FACE_BOUND('',#938,.T.);
#289=FACE_BOUND('',#939,.T.);
#290=FACE_BOUND('',#940,.T.);
#291=FACE_BOUND('',#952,.T.);
#292=FACE_BOUND('',#962,.T.);
#293=FACE_BOUND('',#977,.T.);
#294=FACE_BOUND('',#979,.T.);
#295=FACE_BOUND('',#993,.T.);
#296=FACE_BOUND('',#1118,.T.);
#297=FACE_BOUND('',#1200,.T.);
#298=CONICAL_SURFACE('',#6355,1.7,0.785398163397448);
#299=CONICAL_SURFACE('',#6360,1.7,0.785398163397448);
#300=CONICAL_SURFACE('',#6653,5.,0.314159265358979);
#301=CONICAL_SURFACE('',#6747,5.,0.314159265358979);
#302=CONICAL_SURFACE('',#7077,5.,0.314159265358979);
#303=CONICAL_SURFACE('',#7081,5.,0.314159265358979);
#304=CONICAL_SURFACE('',#7084,5.,0.314159265358979);
#305=CONICAL_SURFACE('',#7093,5.,0.314159265358979);
#306=CONICAL_SURFACE('',#7094,5.,0.314159265358979);
#307=CONICAL_SURFACE('',#7095,5.,0.314159265358979);
#308=PLANE('',#6347);
#309=PLANE('',#6349);
#310=PLANE('',#6352);
#311=PLANE('',#6353);
#312=PLANE('',#6354);
#313=PLANE('',#6365);
#314=PLANE('',#6366);
#315=PLANE('',#6369);
#316=PLANE('',#6370);
#317=PLANE('',#6371);
#318=PLANE('',#6372);
#319=PLANE('',#6373);
#320=PLANE('',#6374);
#321=PLANE('',#6375);
#322=PLANE('',#6376);
#323=PLANE('',#6391);
#324=PLANE('',#6392);
#325=PLANE('',#6393);
#326=PLANE('',#6394);
#327=PLANE('',#6409);
#328=PLANE('',#6410);
#329=PLANE('',#6411);
#330=PLANE('',#6412);
#331=PLANE('',#6413);
#332=PLANE('',#6414);
#333=PLANE('',#6415);
#334=PLANE('',#6416);
#335=PLANE('',#6417);
#336=PLANE('',#6418);
#337=PLANE('',#6419);
#338=PLANE('',#6420);
#339=PLANE('',#6421);
#340=PLANE('',#6424);
#341=PLANE('',#6425);
#342=PLANE('',#6426);
#343=PLANE('',#6427);
#344=PLANE('',#6428);
#345=PLANE('',#6429);
#346=PLANE('',#6431);
#347=PLANE('',#6432);
#348=PLANE('',#6434);
#349=PLANE('',#6435);
#350=PLANE('',#6443);
#351=PLANE('',#6448);
#352=PLANE('',#6449);
#353=PLANE('',#6453);
#354=PLANE('',#6458);
#355=PLANE('',#6459);
#356=PLANE('',#6460);
#357=PLANE('',#6461);
#358=PLANE('',#6462);
#359=PLANE('',#6463);
#360=PLANE('',#6464);
#361=PLANE('',#6465);
#362=PLANE('',#6466);
#363=PLANE('',#6467);
#364=PLANE('',#6468);
#365=PLANE('',#6470);
#366=PLANE('',#6471);
#367=PLANE('',#6472);
#368=PLANE('',#6473);
#369=PLANE('',#6474);
#370=PLANE('',#6475);
#371=PLANE('',#6476);
#372=PLANE('',#6477);
#373=PLANE('',#6478);
#374=PLANE('',#6481);
#375=PLANE('',#6484);
#376=PLANE('',#6486);
#377=PLANE('',#6489);
#378=PLANE('',#6490);
#379=PLANE('',#6491);
#380=PLANE('',#6492);
#381=PLANE('',#6493);
#382=PLANE('',#6496);
#383=PLANE('',#6498);
#384=PLANE('',#6501);
#385=PLANE('',#6508);
#386=PLANE('',#6509);
#387=PLANE('',#6512);
#388=PLANE('',#6515);
#389=PLANE('',#6518);
#390=PLANE('',#6523);
#391=PLANE('',#6541);
#392=PLANE('',#6547);
#393=PLANE('',#6548);
#394=PLANE('',#6566);
#395=PLANE('',#6570);
#396=PLANE('',#6588);
#397=PLANE('',#6592);
#398=PLANE('',#6599);
#399=PLANE('',#6602);
#400=PLANE('',#6616);
#401=PLANE('',#6624);
#402=PLANE('',#6627);
#403=PLANE('',#6631);
#404=PLANE('',#6649);
#405=PLANE('',#6663);
#406=PLANE('',#6666);
#407=PLANE('',#6667);
#408=PLANE('',#6681);
#409=PLANE('',#6689);
#410=PLANE('',#6692);
#411=PLANE('',#6696);
#412=PLANE('',#6714);
#413=PLANE('',#6718);
#414=PLANE('',#6722);
#415=PLANE('',#6725);
#416=PLANE('',#6743);
#417=PLANE('',#6757);
#418=PLANE('',#6763);
#419=PLANE('',#6764);
#420=PLANE('',#6782);
#421=PLANE('',#6786);
#422=PLANE('',#6790);
#423=PLANE('',#6793);
#424=PLANE('',#6794);
#425=PLANE('',#6804);
#426=PLANE('',#6807);
#427=PLANE('',#6810);
#428=PLANE('',#6813);
#429=PLANE('',#7013);
#430=PLANE('',#7014);
#431=PLANE('',#7015);
#432=PLANE('',#7017);
#433=PLANE('',#7019);
#434=PLANE('',#7021);
#435=PLANE('',#7023);
#436=PLANE('',#7025);
#437=PLANE('',#7027);
#438=PLANE('',#7029);
#439=PLANE('',#7031);
#440=PLANE('',#7032);
#441=PLANE('',#7034);
#442=PLANE('',#7035);
#443=PLANE('',#7036);
#444=PLANE('',#7038);
#445=PLANE('',#7039);
#446=PLANE('',#7041);
#447=PLANE('',#7043);
#448=PLANE('',#7045);
#449=PLANE('',#7047);
#450=PLANE('',#7049);
#451=PLANE('',#7051);
#452=PLANE('',#7053);
#453=PLANE('',#7055);
#454=PLANE('',#7057);
#455=PLANE('',#7059);
#456=PLANE('',#7061);
#457=PLANE('',#7063);
#458=PLANE('',#7065);
#459=PLANE('',#7067);
#460=PLANE('',#7069);
#461=PLANE('',#7071);
#462=PLANE('',#7072);
#463=PLANE('',#7074);
#464=PLANE('',#7075);
#465=PLANE('',#7076);
#466=PLANE('',#7078);
#467=PLANE('',#7079);
#468=PLANE('',#7080);
#469=PLANE('',#7082);
#470=PLANE('',#7083);
#471=PLANE('',#7085);
#472=PLANE('',#7086);
#473=PLANE('',#7087);
#474=PLANE('',#7088);
#475=PLANE('',#7096);
#476=PLANE('',#7097);
#477=PLANE('',#7098);
#478=PLANE('',#7099);
#479=FACE_OUTER_BOUND('',#858,.T.);
#480=FACE_OUTER_BOUND('',#859,.T.);
#481=FACE_OUTER_BOUND('',#860,.T.);
#482=FACE_OUTER_BOUND('',#861,.T.);
#483=FACE_OUTER_BOUND('',#862,.T.);
#484=FACE_OUTER_BOUND('',#863,.T.);
#485=FACE_OUTER_BOUND('',#864,.T.);
#486=FACE_OUTER_BOUND('',#865,.T.);
#487=FACE_OUTER_BOUND('',#866,.T.);
#488=FACE_OUTER_BOUND('',#867,.T.);
#489=FACE_OUTER_BOUND('',#868,.T.);
#490=FACE_OUTER_BOUND('',#869,.T.);
#491=FACE_OUTER_BOUND('',#870,.T.);
#492=FACE_OUTER_BOUND('',#875,.T.);
#493=FACE_OUTER_BOUND('',#876,.T.);
#494=FACE_OUTER_BOUND('',#877,.T.);
#495=FACE_OUTER_BOUND('',#878,.T.);
#496=FACE_OUTER_BOUND('',#879,.T.);
#497=FACE_OUTER_BOUND('',#880,.T.);
#498=FACE_OUTER_BOUND('',#881,.T.);
#499=FACE_OUTER_BOUND('',#882,.T.);
#500=FACE_OUTER_BOUND('',#883,.T.);
#501=FACE_OUTER_BOUND('',#884,.T.);
#502=FACE_OUTER_BOUND('',#885,.T.);
#503=FACE_OUTER_BOUND('',#886,.T.);
#504=FACE_OUTER_BOUND('',#887,.T.);
#505=FACE_OUTER_BOUND('',#888,.T.);
#506=FACE_OUTER_BOUND('',#889,.T.);
#507=FACE_OUTER_BOUND('',#890,.T.);
#508=FACE_OUTER_BOUND('',#891,.T.);
#509=FACE_OUTER_BOUND('',#892,.T.);
#510=FACE_OUTER_BOUND('',#893,.T.);
#511=FACE_OUTER_BOUND('',#894,.T.);
#512=FACE_OUTER_BOUND('',#895,.T.);
#513=FACE_OUTER_BOUND('',#896,.T.);
#514=FACE_OUTER_BOUND('',#897,.T.);
#515=FACE_OUTER_BOUND('',#898,.T.);
#516=FACE_OUTER_BOUND('',#899,.T.);
#517=FACE_OUTER_BOUND('',#900,.T.);
#518=FACE_OUTER_BOUND('',#901,.T.);
#519=FACE_OUTER_BOUND('',#902,.T.);
#520=FACE_OUTER_BOUND('',#903,.T.);
#521=FACE_OUTER_BOUND('',#904,.T.);
#522=FACE_OUTER_BOUND('',#906,.T.);
#523=FACE_OUTER_BOUND('',#907,.T.);
#524=FACE_OUTER_BOUND('',#908,.T.);
#525=FACE_OUTER_BOUND('',#909,.T.);
#526=FACE_OUTER_BOUND('',#910,.T.);
#527=FACE_OUTER_BOUND('',#912,.T.);
#528=FACE_OUTER_BOUND('',#913,.T.);
#529=FACE_OUTER_BOUND('',#916,.T.);
#530=FACE_OUTER_BOUND('',#917,.T.);
#531=FACE_OUTER_BOUND('',#918,.T.);
#532=FACE_OUTER_BOUND('',#919,.T.);
#533=FACE_OUTER_BOUND('',#920,.T.);
#534=FACE_OUTER_BOUND('',#921,.T.);
#535=FACE_OUTER_BOUND('',#922,.T.);
#536=FACE_OUTER_BOUND('',#923,.T.);
#537=FACE_OUTER_BOUND('',#925,.T.);
#538=FACE_OUTER_BOUND('',#926,.T.);
#539=FACE_OUTER_BOUND('',#927,.T.);
#540=FACE_OUTER_BOUND('',#928,.T.);
#541=FACE_OUTER_BOUND('',#929,.T.);
#542=FACE_OUTER_BOUND('',#930,.T.);
#543=FACE_OUTER_BOUND('',#931,.T.);
#544=FACE_OUTER_BOUND('',#933,.T.);
#545=FACE_OUTER_BOUND('',#934,.T.);
#546=FACE_OUTER_BOUND('',#935,.T.);
#547=FACE_OUTER_BOUND('',#936,.T.);
#548=FACE_OUTER_BOUND('',#937,.T.);
#549=FACE_OUTER_BOUND('',#941,.T.);
#550=FACE_OUTER_BOUND('',#942,.T.);
#551=FACE_OUTER_BOUND('',#943,.T.);
#552=FACE_OUTER_BOUND('',#944,.T.);
#553=FACE_OUTER_BOUND('',#945,.T.);
#554=FACE_OUTER_BOUND('',#946,.T.);
#555=FACE_OUTER_BOUND('',#947,.T.);
#556=FACE_OUTER_BOUND('',#948,.T.);
#557=FACE_OUTER_BOUND('',#949,.T.);
#558=FACE_OUTER_BOUND('',#950,.T.);
#559=FACE_OUTER_BOUND('',#951,.T.);
#560=FACE_OUTER_BOUND('',#953,.T.);
#561=FACE_OUTER_BOUND('',#954,.T.);
#562=FACE_OUTER_BOUND('',#955,.T.);
#563=FACE_OUTER_BOUND('',#956,.T.);
#564=FACE_OUTER_BOUND('',#957,.T.);
#565=FACE_OUTER_BOUND('',#958,.T.);
#566=FACE_OUTER_BOUND('',#959,.T.);
#567=FACE_OUTER_BOUND('',#960,.T.);
#568=FACE_OUTER_BOUND('',#961,.T.);
#569=FACE_OUTER_BOUND('',#963,.T.);
#570=FACE_OUTER_BOUND('',#964,.T.);
#571=FACE_OUTER_BOUND('',#965,.T.);
#572=FACE_OUTER_BOUND('',#966,.T.);
#573=FACE_OUTER_BOUND('',#967,.T.);
#574=FACE_OUTER_BOUND('',#968,.T.);
#575=FACE_OUTER_BOUND('',#969,.T.);
#576=FACE_OUTER_BOUND('',#970,.T.);
#577=FACE_OUTER_BOUND('',#971,.T.);
#578=FACE_OUTER_BOUND('',#972,.T.);
#579=FACE_OUTER_BOUND('',#973,.T.);
#580=FACE_OUTER_BOUND('',#974,.T.);
#581=FACE_OUTER_BOUND('',#975,.T.);
#582=FACE_OUTER_BOUND('',#976,.T.);
#583=FACE_OUTER_BOUND('',#978,.T.);
#584=FACE_OUTER_BOUND('',#980,.T.);
#585=FACE_OUTER_BOUND('',#981,.T.);
#586=FACE_OUTER_BOUND('',#982,.T.);
#587=FACE_OUTER_BOUND('',#983,.T.);
#588=FACE_OUTER_BOUND('',#984,.T.);
#589=FACE_OUTER_BOUND('',#985,.T.);
#590=FACE_OUTER_BOUND('',#986,.T.);
#591=FACE_OUTER_BOUND('',#987,.T.);
#592=FACE_OUTER_BOUND('',#988,.T.);
#593=FACE_OUTER_BOUND('',#989,.T.);
#594=FACE_OUTER_BOUND('',#990,.T.);
#595=FACE_OUTER_BOUND('',#991,.T.);
#596=FACE_OUTER_BOUND('',#992,.T.);
#597=FACE_OUTER_BOUND('',#994,.T.);
#598=FACE_OUTER_BOUND('',#995,.T.);
#599=FACE_OUTER_BOUND('',#996,.T.);
#600=FACE_OUTER_BOUND('',#997,.T.);
#601=FACE_OUTER_BOUND('',#998,.T.);
#602=FACE_OUTER_BOUND('',#999,.T.);
#603=FACE_OUTER_BOUND('',#1000,.T.);
#604=FACE_OUTER_BOUND('',#1001,.T.);
#605=FACE_OUTER_BOUND('',#1002,.T.);
#606=FACE_OUTER_BOUND('',#1003,.T.);
#607=FACE_OUTER_BOUND('',#1004,.T.);
#608=FACE_OUTER_BOUND('',#1005,.T.);
#609=FACE_OUTER_BOUND('',#1006,.T.);
#610=FACE_OUTER_BOUND('',#1007,.T.);
#611=FACE_OUTER_BOUND('',#1008,.T.);
#612=FACE_OUTER_BOUND('',#1009,.T.);
#613=FACE_OUTER_BOUND('',#1010,.T.);
#614=FACE_OUTER_BOUND('',#1011,.T.);
#615=FACE_OUTER_BOUND('',#1012,.T.);
#616=FACE_OUTER_BOUND('',#1013,.T.);
#617=FACE_OUTER_BOUND('',#1014,.T.);
#618=FACE_OUTER_BOUND('',#1015,.T.);
#619=FACE_OUTER_BOUND('',#1016,.T.);
#620=FACE_OUTER_BOUND('',#1017,.T.);
#621=FACE_OUTER_BOUND('',#1018,.T.);
#622=FACE_OUTER_BOUND('',#1019,.T.);
#623=FACE_OUTER_BOUND('',#1020,.T.);
#624=FACE_OUTER_BOUND('',#1021,.T.);
#625=FACE_OUTER_BOUND('',#1022,.T.);
#626=FACE_OUTER_BOUND('',#1023,.T.);
#627=FACE_OUTER_BOUND('',#1024,.T.);
#628=FACE_OUTER_BOUND('',#1025,.T.);
#629=FACE_OUTER_BOUND('',#1026,.T.);
#630=FACE_OUTER_BOUND('',#1027,.T.);
#631=FACE_OUTER_BOUND('',#1028,.T.);
#632=FACE_OUTER_BOUND('',#1029,.T.);
#633=FACE_OUTER_BOUND('',#1030,.T.);
#634=FACE_OUTER_BOUND('',#1031,.T.);
#635=FACE_OUTER_BOUND('',#1032,.T.);
#636=FACE_OUTER_BOUND('',#1033,.T.);
#637=FACE_OUTER_BOUND('',#1034,.T.);
#638=FACE_OUTER_BOUND('',#1035,.T.);
#639=FACE_OUTER_BOUND('',#1036,.T.);
#640=FACE_OUTER_BOUND('',#1037,.T.);
#641=FACE_OUTER_BOUND('',#1038,.T.);
#642=FACE_OUTER_BOUND('',#1039,.T.);
#643=FACE_OUTER_BOUND('',#1040,.T.);
#644=FACE_OUTER_BOUND('',#1041,.T.);
#645=FACE_OUTER_BOUND('',#1042,.T.);
#646=FACE_OUTER_BOUND('',#1043,.T.);
#647=FACE_OUTER_BOUND('',#1044,.T.);
#648=FACE_OUTER_BOUND('',#1045,.T.);
#649=FACE_OUTER_BOUND('',#1046,.T.);
#650=FACE_OUTER_BOUND('',#1047,.T.);
#651=FACE_OUTER_BOUND('',#1048,.T.);
#652=FACE_OUTER_BOUND('',#1049,.T.);
#653=FACE_OUTER_BOUND('',#1050,.T.);
#654=FACE_OUTER_BOUND('',#1051,.T.);
#655=FACE_OUTER_BOUND('',#1052,.T.);
#656=FACE_OUTER_BOUND('',#1053,.T.);
#657=FACE_OUTER_BOUND('',#1054,.T.);
#658=FACE_OUTER_BOUND('',#1055,.T.);
#659=FACE_OUTER_BOUND('',#1056,.T.);
#660=FACE_OUTER_BOUND('',#1057,.T.);
#661=FACE_OUTER_BOUND('',#1058,.T.);
#662=FACE_OUTER_BOUND('',#1059,.T.);
#663=FACE_OUTER_BOUND('',#1060,.T.);
#664=FACE_OUTER_BOUND('',#1061,.T.);
#665=FACE_OUTER_BOUND('',#1062,.T.);
#666=FACE_OUTER_BOUND('',#1063,.T.);
#667=FACE_OUTER_BOUND('',#1064,.T.);
#668=FACE_OUTER_BOUND('',#1065,.T.);
#669=FACE_OUTER_BOUND('',#1066,.T.);
#670=FACE_OUTER_BOUND('',#1067,.T.);
#671=FACE_OUTER_BOUND('',#1068,.T.);
#672=FACE_OUTER_BOUND('',#1069,.T.);
#673=FACE_OUTER_BOUND('',#1070,.T.);
#674=FACE_OUTER_BOUND('',#1071,.T.);
#675=FACE_OUTER_BOUND('',#1072,.T.);
#676=FACE_OUTER_BOUND('',#1073,.T.);
#677=FACE_OUTER_BOUND('',#1074,.T.);
#678=FACE_OUTER_BOUND('',#1075,.T.);
#679=FACE_OUTER_BOUND('',#1076,.T.);
#680=FACE_OUTER_BOUND('',#1077,.T.);
#681=FACE_OUTER_BOUND('',#1078,.T.);
#682=FACE_OUTER_BOUND('',#1079,.T.);
#683=FACE_OUTER_BOUND('',#1080,.T.);
#684=FACE_OUTER_BOUND('',#1081,.T.);
#685=FACE_OUTER_BOUND('',#1082,.T.);
#686=FACE_OUTER_BOUND('',#1083,.T.);
#687=FACE_OUTER_BOUND('',#1084,.T.);
#688=FACE_OUTER_BOUND('',#1085,.T.);
#689=FACE_OUTER_BOUND('',#1086,.T.);
#690=FACE_OUTER_BOUND('',#1087,.T.);
#691=FACE_OUTER_BOUND('',#1088,.T.);
#692=FACE_OUTER_BOUND('',#1089,.T.);
#693=FACE_OUTER_BOUND('',#1090,.T.);
#694=FACE_OUTER_BOUND('',#1091,.T.);
#695=FACE_OUTER_BOUND('',#1092,.T.);
#696=FACE_OUTER_BOUND('',#1093,.T.);
#697=FACE_OUTER_BOUND('',#1094,.T.);
#698=FACE_OUTER_BOUND('',#1095,.T.);
#699=FACE_OUTER_BOUND('',#1096,.T.);
#700=FACE_OUTER_BOUND('',#1097,.T.);
#701=FACE_OUTER_BOUND('',#1098,.T.);
#702=FACE_OUTER_BOUND('',#1099,.T.);
#703=FACE_OUTER_BOUND('',#1100,.T.);
#704=FACE_OUTER_BOUND('',#1101,.T.);
#705=FACE_OUTER_BOUND('',#1102,.T.);
#706=FACE_OUTER_BOUND('',#1103,.T.);
#707=FACE_OUTER_BOUND('',#1104,.T.);
#708=FACE_OUTER_BOUND('',#1105,.T.);
#709=FACE_OUTER_BOUND('',#1106,.T.);
#710=FACE_OUTER_BOUND('',#1107,.T.);
#711=FACE_OUTER_BOUND('',#1108,.T.);
#712=FACE_OUTER_BOUND('',#1109,.T.);
#713=FACE_OUTER_BOUND('',#1110,.T.);
#714=FACE_OUTER_BOUND('',#1111,.T.);
#715=FACE_OUTER_BOUND('',#1112,.T.);
#716=FACE_OUTER_BOUND('',#1113,.T.);
#717=FACE_OUTER_BOUND('',#1114,.T.);
#718=FACE_OUTER_BOUND('',#1115,.T.);
#719=FACE_OUTER_BOUND('',#1116,.T.);
#720=FACE_OUTER_BOUND('',#1117,.T.);
#721=FACE_OUTER_BOUND('',#1119,.T.);
#722=FACE_OUTER_BOUND('',#1120,.T.);
#723=FACE_OUTER_BOUND('',#1121,.T.);
#724=FACE_OUTER_BOUND('',#1122,.T.);
#725=FACE_OUTER_BOUND('',#1123,.T.);
#726=FACE_OUTER_BOUND('',#1124,.T.);
#727=FACE_OUTER_BOUND('',#1125,.T.);
#728=FACE_OUTER_BOUND('',#1126,.T.);
#729=FACE_OUTER_BOUND('',#1127,.T.);
#730=FACE_OUTER_BOUND('',#1128,.T.);
#731=FACE_OUTER_BOUND('',#1129,.T.);
#732=FACE_OUTER_BOUND('',#1130,.T.);
#733=FACE_OUTER_BOUND('',#1131,.T.);
#734=FACE_OUTER_BOUND('',#1132,.T.);
#735=FACE_OUTER_BOUND('',#1133,.T.);
#736=FACE_OUTER_BOUND('',#1134,.T.);
#737=FACE_OUTER_BOUND('',#1135,.T.);
#738=FACE_OUTER_BOUND('',#1136,.T.);
#739=FACE_OUTER_BOUND('',#1137,.T.);
#740=FACE_OUTER_BOUND('',#1138,.T.);
#741=FACE_OUTER_BOUND('',#1139,.T.);
#742=FACE_OUTER_BOUND('',#1140,.T.);
#743=FACE_OUTER_BOUND('',#1141,.T.);
#744=FACE_OUTER_BOUND('',#1142,.T.);
#745=FACE_OUTER_BOUND('',#1143,.T.);
#746=FACE_OUTER_BOUND('',#1144,.T.);
#747=FACE_OUTER_BOUND('',#1145,.T.);
#748=FACE_OUTER_BOUND('',#1146,.T.);
#749=FACE_OUTER_BOUND('',#1147,.T.);
#750=FACE_OUTER_BOUND('',#1148,.T.);
#751=FACE_OUTER_BOUND('',#1149,.T.);
#752=FACE_OUTER_BOUND('',#1150,.T.);
#753=FACE_OUTER_BOUND('',#1151,.T.);
#754=FACE_OUTER_BOUND('',#1152,.T.);
#755=FACE_OUTER_BOUND('',#1153,.T.);
#756=FACE_OUTER_BOUND('',#1154,.T.);
#757=FACE_OUTER_BOUND('',#1155,.T.);
#758=FACE_OUTER_BOUND('',#1156,.T.);
#759=FACE_OUTER_BOUND('',#1157,.T.);
#760=FACE_OUTER_BOUND('',#1158,.T.);
#761=FACE_OUTER_BOUND('',#1159,.T.);
#762=FACE_OUTER_BOUND('',#1160,.T.);
#763=FACE_OUTER_BOUND('',#1161,.T.);
#764=FACE_OUTER_BOUND('',#1162,.T.);
#765=FACE_OUTER_BOUND('',#1163,.T.);
#766=FACE_OUTER_BOUND('',#1164,.T.);
#767=FACE_OUTER_BOUND('',#1165,.T.);
#768=FACE_OUTER_BOUND('',#1166,.T.);
#769=FACE_OUTER_BOUND('',#1167,.T.);
#770=FACE_OUTER_BOUND('',#1168,.T.);
#771=FACE_OUTER_BOUND('',#1169,.T.);
#772=FACE_OUTER_BOUND('',#1170,.T.);
#773=FACE_OUTER_BOUND('',#1171,.T.);
#774=FACE_OUTER_BOUND('',#1172,.T.);
#775=FACE_OUTER_BOUND('',#1173,.T.);
#776=FACE_OUTER_BOUND('',#1174,.T.);
#777=FACE_OUTER_BOUND('',#1175,.T.);
#778=FACE_OUTER_BOUND('',#1176,.T.);
#779=FACE_OUTER_BOUND('',#1177,.T.);
#780=FACE_OUTER_BOUND('',#1178,.T.);
#781=FACE_OUTER_BOUND('',#1179,.T.);
#782=FACE_OUTER_BOUND('',#1180,.T.);
#783=FACE_OUTER_BOUND('',#1181,.T.);
#784=FACE_OUTER_BOUND('',#1182,.T.);
#785=FACE_OUTER_BOUND('',#1183,.T.);
#786=FACE_OUTER_BOUND('',#1184,.T.);
#787=FACE_OUTER_BOUND('',#1185,.T.);
#788=FACE_OUTER_BOUND('',#1186,.T.);
#789=FACE_OUTER_BOUND('',#1187,.T.);
#790=FACE_OUTER_BOUND('',#1188,.T.);
#791=FACE_OUTER_BOUND('',#1189,.T.);
#792=FACE_OUTER_BOUND('',#1190,.T.);
#793=FACE_OUTER_BOUND('',#1191,.T.);
#794=FACE_OUTER_BOUND('',#1192,.T.);
#795=FACE_OUTER_BOUND('',#1193,.T.);
#796=FACE_OUTER_BOUND('',#1194,.T.);
#797=FACE_OUTER_BOUND('',#1195,.T.);
#798=FACE_OUTER_BOUND('',#1196,.T.);
#799=FACE_OUTER_BOUND('',#1197,.T.);
#800=FACE_OUTER_BOUND('',#1198,.T.);
#801=FACE_OUTER_BOUND('',#1199,.T.);
#802=FACE_OUTER_BOUND('',#1201,.T.);
#803=FACE_OUTER_BOUND('',#1202,.T.);
#804=FACE_OUTER_BOUND('',#1203,.T.);
#805=FACE_OUTER_BOUND('',#1204,.T.);
#806=FACE_OUTER_BOUND('',#1205,.T.);
#807=FACE_OUTER_BOUND('',#1206,.T.);
#808=FACE_OUTER_BOUND('',#1207,.T.);
#809=FACE_OUTER_BOUND('',#1208,.T.);
#810=FACE_OUTER_BOUND('',#1209,.T.);
#811=FACE_OUTER_BOUND('',#1210,.T.);
#812=FACE_OUTER_BOUND('',#1211,.T.);
#813=FACE_OUTER_BOUND('',#1212,.T.);
#814=FACE_OUTER_BOUND('',#1213,.T.);
#815=FACE_OUTER_BOUND('',#1214,.T.);
#816=FACE_OUTER_BOUND('',#1215,.T.);
#817=FACE_OUTER_BOUND('',#1216,.T.);
#818=FACE_OUTER_BOUND('',#1217,.T.);
#819=FACE_OUTER_BOUND('',#1218,.T.);
#820=FACE_OUTER_BOUND('',#1219,.T.);
#821=FACE_OUTER_BOUND('',#1220,.T.);
#822=FACE_OUTER_BOUND('',#1221,.T.);
#823=FACE_OUTER_BOUND('',#1222,.T.);
#824=FACE_OUTER_BOUND('',#1223,.T.);
#825=FACE_OUTER_BOUND('',#1224,.T.);
#826=FACE_OUTER_BOUND('',#1225,.T.);
#827=FACE_OUTER_BOUND('',#1226,.T.);
#828=FACE_OUTER_BOUND('',#1227,.T.);
#829=FACE_OUTER_BOUND('',#1228,.T.);
#830=FACE_OUTER_BOUND('',#1229,.T.);
#831=FACE_OUTER_BOUND('',#1230,.T.);
#832=FACE_OUTER_BOUND('',#1231,.T.);
#833=FACE_OUTER_BOUND('',#1232,.T.);
#834=FACE_OUTER_BOUND('',#1233,.T.);
#835=FACE_OUTER_BOUND('',#1234,.T.);
#836=FACE_OUTER_BOUND('',#1235,.T.);
#837=FACE_OUTER_BOUND('',#1236,.T.);
#838=FACE_OUTER_BOUND('',#1237,.T.);
#839=FACE_OUTER_BOUND('',#1238,.T.);
#840=FACE_OUTER_BOUND('',#1239,.T.);
#841=FACE_OUTER_BOUND('',#1240,.T.);
#842=FACE_OUTER_BOUND('',#1241,.T.);
#843=FACE_OUTER_BOUND('',#1242,.T.);
#844=FACE_OUTER_BOUND('',#1243,.T.);
#845=FACE_OUTER_BOUND('',#1244,.T.);
#846=FACE_OUTER_BOUND('',#1245,.T.);
#847=FACE_OUTER_BOUND('',#1246,.T.);
#848=FACE_OUTER_BOUND('',#1247,.T.);
#849=FACE_OUTER_BOUND('',#1248,.T.);
#850=FACE_OUTER_BOUND('',#1249,.T.);
#851=FACE_OUTER_BOUND('',#1250,.T.);
#852=FACE_OUTER_BOUND('',#1251,.T.);
#853=FACE_OUTER_BOUND('',#1252,.T.);
#854=FACE_OUTER_BOUND('',#1253,.T.);
#855=FACE_OUTER_BOUND('',#1254,.T.);
#856=FACE_OUTER_BOUND('',#1255,.T.);
#857=FACE_OUTER_BOUND('',#1256,.T.);
#858=EDGE_LOOP('',(#3958,#3959,#3960,#3961));
#859=EDGE_LOOP('',(#3962,#3963,#3964,#3965,#3966,#3967));
#860=EDGE_LOOP('',(#3968,#3969,#3970,#3971));
#861=EDGE_LOOP('',(#3972,#3973,#3974,#3975));
#862=EDGE_LOOP('',(#3976,#3977,#3978,#3979,#3980,#3981));
#863=EDGE_LOOP('',(#3982,#3983,#3984,#3985));
#864=EDGE_LOOP('',(#3986,#3987,#3988,#3989));
#865=EDGE_LOOP('',(#3990,#3991,#3992,#3993));
#866=EDGE_LOOP('',(#3994,#3995,#3996,#3997));
#867=EDGE_LOOP('',(#3998,#3999,#4000,#4001));
#868=EDGE_LOOP('',(#4002,#4003,#4004,#4005));
#869=EDGE_LOOP('',(#4006,#4007,#4008,#4009));
#870=EDGE_LOOP('',(#4010,#4011,#4012,#4013,#4014,#4015,#4016,#4017,#4018,
#4019));
#871=EDGE_LOOP('',(#4020));
#872=EDGE_LOOP('',(#4021));
#873=EDGE_LOOP('',(#4022,#4023,#4024,#4025));
#874=EDGE_LOOP('',(#4026,#4027,#4028,#4029));
#875=EDGE_LOOP('',(#4030,#4031,#4032,#4033));
#876=EDGE_LOOP('',(#4034,#4035,#4036,#4037));
#877=EDGE_LOOP('',(#4038,#4039,#4040,#4041));
#878=EDGE_LOOP('',(#4042,#4043,#4044,#4045));
#879=EDGE_LOOP('',(#4046,#4047,#4048,#4049));
#880=EDGE_LOOP('',(#4050,#4051,#4052,#4053));
#881=EDGE_LOOP('',(#4054,#4055,#4056,#4057));
#882=EDGE_LOOP('',(#4058,#4059,#4060,#4061));
#883=EDGE_LOOP('',(#4062,#4063,#4064));
#884=EDGE_LOOP('',(#4065,#4066,#4067));
#885=EDGE_LOOP('',(#4068,#4069,#4070,#4071,#4072,#4073));
#886=EDGE_LOOP('',(#4074,#4075,#4076));
#887=EDGE_LOOP('',(#4077,#4078,#4079,#4080,#4081,#4082));
#888=EDGE_LOOP('',(#4083,#4084,#4085));
#889=EDGE_LOOP('',(#4086,#4087,#4088,#4089));
#890=EDGE_LOOP('',(#4090,#4091,#4092,#4093));
#891=EDGE_LOOP('',(#4094,#4095,#4096,#4097));
#892=EDGE_LOOP('',(#4098,#4099,#4100,#4101));
#893=EDGE_LOOP('',(#4102,#4103,#4104));
#894=EDGE_LOOP('',(#4105,#4106,#4107));
#895=EDGE_LOOP('',(#4108,#4109,#4110,#4111,#4112,#4113));
#896=EDGE_LOOP('',(#4114,#4115,#4116));
#897=EDGE_LOOP('',(#4117,#4118,#4119,#4120,#4121,#4122));
#898=EDGE_LOOP('',(#4123,#4124,#4125));
#899=EDGE_LOOP('',(#4126,#4127,#4128,#4129));
#900=EDGE_LOOP('',(#4130,#4131,#4132,#4133));
#901=EDGE_LOOP('',(#4134,#4135,#4136,#4137));
#902=EDGE_LOOP('',(#4138,#4139,#4140,#4141));
#903=EDGE_LOOP('',(#4142,#4143,#4144,#4145));
#904=EDGE_LOOP('',(#4146,#4147,#4148,#4149,#4150,#4151));
#905=EDGE_LOOP('',(#4152,#4153,#4154,#4155));
#906=EDGE_LOOP('',(#4156,#4157,#4158,#4159,#4160,#4161,#4162,#4163));
#907=EDGE_LOOP('',(#4164,#4165,#4166,#4167));
#908=EDGE_LOOP('',(#4168,#4169,#4170,#4171));
#909=EDGE_LOOP('',(#4172,#4173,#4174,#4175));
#910=EDGE_LOOP('',(#4176,#4177,#4178,#4179));
#911=EDGE_LOOP('',(#4180,#4181,#4182,#4183));
#912=EDGE_LOOP('',(#4184,#4185,#4186,#4187));
#913=EDGE_LOOP('',(#4188,#4189,#4190,#4191,#4192,#4193,#4194,#4195,#4196,
#4197,#4198,#4199,#4200,#4201,#4202,#4203));
#914=EDGE_LOOP('',(#4204));
#915=EDGE_LOOP('',(#4205));
#916=EDGE_LOOP('',(#4206,#4207,#4208,#4209));
#917=EDGE_LOOP('',(#4210,#4211,#4212,#4213));
#918=EDGE_LOOP('',(#4214,#4215,#4216,#4217));
#919=EDGE_LOOP('',(#4218,#4219,#4220,#4221));
#920=EDGE_LOOP('',(#4222,#4223,#4224,#4225,#4226,#4227,#4228));
#921=EDGE_LOOP('',(#4229,#4230,#4231,#4232));
#922=EDGE_LOOP('',(#4233,#4234,#4235,#4236,#4237));
#923=EDGE_LOOP('',(#4238,#4239,#4240,#4241,#4242,#4243));
#924=EDGE_LOOP('',(#4244,#4245,#4246,#4247));
#925=EDGE_LOOP('',(#4248,#4249,#4250,#4251));
#926=EDGE_LOOP('',(#4252,#4253,#4254,#4255,#4256));
#927=EDGE_LOOP('',(#4257,#4258,#4259,#4260,#4261,#4262,#4263));
#928=EDGE_LOOP('',(#4264,#4265,#4266,#4267,#4268,#4269,#4270,#4271));
#929=EDGE_LOOP('',(#4272,#4273,#4274,#4275));
#930=EDGE_LOOP('',(#4276,#4277,#4278,#4279));
#931=EDGE_LOOP('',(#4280));
#932=EDGE_LOOP('',(#4281));
#933=EDGE_LOOP('',(#4282,#4283,#4284,#4285));
#934=EDGE_LOOP('',(#4286,#4287,#4288,#4289));
#935=EDGE_LOOP('',(#4290,#4291,#4292,#4293,#4294,#4295));
#936=EDGE_LOOP('',(#4296,#4297,#4298,#4299));
#937=EDGE_LOOP('',(#4300,#4301,#4302,#4303,#4304,#4305,#4306,#4307,#4308,
#4309,#4310,#4311));
#938=EDGE_LOOP('',(#4312));
#939=EDGE_LOOP('',(#4313));
#940=EDGE_LOOP('',(#4314,#4315,#4316,#4317,#4318,#4319,#4320,#4321));
#941=EDGE_LOOP('',(#4322,#4323,#4324,#4325));
#942=EDGE_LOOP('',(#4326,#4327,#4328,#4329,#4330,#4331));
#943=EDGE_LOOP('',(#4332,#4333,#4334,#4335));
#944=EDGE_LOOP('',(#4336,#4337,#4338,#4339));
#945=EDGE_LOOP('',(#4340,#4341,#4342,#4343));
#946=EDGE_LOOP('',(#4344,#4345,#4346,#4347));
#947=EDGE_LOOP('',(#4348,#4349,#4350,#4351));
#948=EDGE_LOOP('',(#4352,#4353,#4354,#4355));
#949=EDGE_LOOP('',(#4356,#4357,#4358,#4359));
#950=EDGE_LOOP('',(#4360,#4361,#4362,#4363));
#951=EDGE_LOOP('',(#4364,#4365,#4366,#4367,#4368,#4369,#4370,#4371));
#952=EDGE_LOOP('',(#4372));
#953=EDGE_LOOP('',(#4373,#4374,#4375,#4376));
#954=EDGE_LOOP('',(#4377,#4378,#4379,#4380));
#955=EDGE_LOOP('',(#4381,#4382,#4383,#4384));
#956=EDGE_LOOP('',(#4385,#4386,#4387,#4388));
#957=EDGE_LOOP('',(#4389,#4390,#4391,#4392));
#958=EDGE_LOOP('',(#4393,#4394,#4395,#4396));
#959=EDGE_LOOP('',(#4397,#4398,#4399,#4400));
#960=EDGE_LOOP('',(#4401,#4402,#4403,#4404));
#961=EDGE_LOOP('',(#4405,#4406,#4407,#4408,#4409,#4410,#4411,#4412));
#962=EDGE_LOOP('',(#4413,#4414,#4415,#4416,#4417,#4418,#4419,#4420));
#963=EDGE_LOOP('',(#4421,#4422,#4423,#4424));
#964=EDGE_LOOP('',(#4425));
#965=EDGE_LOOP('',(#4426,#4427,#4428,#4429));
#966=EDGE_LOOP('',(#4430));
#967=EDGE_LOOP('',(#4431,#4432,#4433,#4434));
#968=EDGE_LOOP('',(#4435,#4436,#4437,#4438));
#969=EDGE_LOOP('',(#4439,#4440,#4441,#4442));
#970=EDGE_LOOP('',(#4443,#4444,#4445,#4446));
#971=EDGE_LOOP('',(#4447,#4448,#4449,#4450));
#972=EDGE_LOOP('',(#4451,#4452,#4453,#4454,#4455,#4456,#4457,#4458));
#973=EDGE_LOOP('',(#4459,#4460,#4461,#4462));
#974=EDGE_LOOP('',(#4463,#4464,#4465,#4466));
#975=EDGE_LOOP('',(#4467,#4468,#4469,#4470));
#976=EDGE_LOOP('',(#4471,#4472,#4473,#4474,#4475,#4476,#4477,#4478));
#977=EDGE_LOOP('',(#4479));
#978=EDGE_LOOP('',(#4480));
#979=EDGE_LOOP('',(#4481));
#980=EDGE_LOOP('',(#4482,#4483,#4484,#4485,#4486,#4487,#4488,#4489));
#981=EDGE_LOOP('',(#4490,#4491,#4492,#4493));
#982=EDGE_LOOP('',(#4494));
#983=EDGE_LOOP('',(#4495,#4496,#4497,#4498));
#984=EDGE_LOOP('',(#4499,#4500,#4501,#4502));
#985=EDGE_LOOP('',(#4503,#4504,#4505,#4506));
#986=EDGE_LOOP('',(#4507,#4508,#4509,#4510));
#987=EDGE_LOOP('',(#4511,#4512,#4513,#4514));
#988=EDGE_LOOP('',(#4515,#4516,#4517,#4518));
#989=EDGE_LOOP('',(#4519,#4520,#4521,#4522));
#990=EDGE_LOOP('',(#4523,#4524,#4525,#4526));
#991=EDGE_LOOP('',(#4527,#4528,#4529,#4530));
#992=EDGE_LOOP('',(#4531));
#993=EDGE_LOOP('',(#4532,#4533,#4534,#4535,#4536,#4537,#4538,#4539));
#994=EDGE_LOOP('',(#4540,#4541,#4542));
#995=EDGE_LOOP('',(#4543,#4544,#4545));
#996=EDGE_LOOP('',(#4546,#4547,#4548,#4549));
#997=EDGE_LOOP('',(#4550,#4551,#4552));
#998=EDGE_LOOP('',(#4553,#4554,#4555,#4556));
#999=EDGE_LOOP('',(#4557,#4558,#4559));
#1000=EDGE_LOOP('',(#4560,#4561,#4562,#4563,#4564,#4565,#4566));
#1001=EDGE_LOOP('',(#4567,#4568,#4569,#4570));
#1002=EDGE_LOOP('',(#4571,#4572,#4573,#4574,#4575,#4576,#4577));
#1003=EDGE_LOOP('',(#4578,#4579,#4580,#4581,#4582,#4583,#4584));
#1004=EDGE_LOOP('',(#4585,#4586,#4587,#4588,#4589));
#1005=EDGE_LOOP('',(#4590,#4591,#4592,#4593,#4594,#4595,#4596,#4597,#4598,
#4599,#4600,#4601,#4602,#4603,#4604,#4605,#4606,#4607,#4608,#4609,#4610,
#4611,#4612,#4613,#4614,#4615,#4616,#4617,#4618,#4619,#4620,#4621));
#1006=EDGE_LOOP('',(#4622,#4623,#4624,#4625));
#1007=EDGE_LOOP('',(#4626,#4627,#4628,#4629,#4630,#4631,#4632,#4633));
#1008=EDGE_LOOP('',(#4634,#4635,#4636,#4637,#4638,#4639));
#1009=EDGE_LOOP('',(#4640,#4641,#4642));
#1010=EDGE_LOOP('',(#4643,#4644,#4645));
#1011=EDGE_LOOP('',(#4646,#4647,#4648));
#1012=EDGE_LOOP('',(#4649,#4650,#4651));
#1013=EDGE_LOOP('',(#4652,#4653,#4654,#4655));
#1014=EDGE_LOOP('',(#4656,#4657,#4658,#4659,#4660,#4661,#4662,#4663));
#1015=EDGE_LOOP('',(#4664,#4665,#4666,#4667));
#1016=EDGE_LOOP('',(#4668,#4669,#4670,#4671));
#1017=EDGE_LOOP('',(#4672,#4673,#4674,#4675,#4676,#4677,#4678));
#1018=EDGE_LOOP('',(#4679,#4680,#4681));
#1019=EDGE_LOOP('',(#4682,#4683,#4684,#4685,#4686,#4687,#4688));
#1020=EDGE_LOOP('',(#4689,#4690,#4691));
#1021=EDGE_LOOP('',(#4692,#4693,#4694,#4695,#4696));
#1022=EDGE_LOOP('',(#4697,#4698,#4699,#4700,#4701,#4702));
#1023=EDGE_LOOP('',(#4703,#4704,#4705,#4706,#4707,#4708,#4709,#4710));
#1024=EDGE_LOOP('',(#4711,#4712,#4713,#4714));
#1025=EDGE_LOOP('',(#4715,#4716,#4717));
#1026=EDGE_LOOP('',(#4718,#4719,#4720));
#1027=EDGE_LOOP('',(#4721,#4722,#4723));
#1028=EDGE_LOOP('',(#4724,#4725,#4726));
#1029=EDGE_LOOP('',(#4727,#4728,#4729,#4730));
#1030=EDGE_LOOP('',(#4731,#4732,#4733));
#1031=EDGE_LOOP('',(#4734,#4735,#4736,#4737,#4738,#4739,#4740));
#1032=EDGE_LOOP('',(#4741,#4742,#4743,#4744));
#1033=EDGE_LOOP('',(#4745,#4746,#4747,#4748,#4749,#4750,#4751));
#1034=EDGE_LOOP('',(#4752,#4753,#4754,#4755));
#1035=EDGE_LOOP('',(#4756,#4757,#4758,#4759,#4760,#4761,#4762));
#1036=EDGE_LOOP('',(#4763,#4764,#4765,#4766,#4767,#4768,#4769,#4770));
#1037=EDGE_LOOP('',(#4771,#4772,#4773,#4774));
#1038=EDGE_LOOP('',(#4775,#4776,#4777,#4778,#4779));
#1039=EDGE_LOOP('',(#4780,#4781,#4782,#4783,#4784,#4785));
#1040=EDGE_LOOP('',(#4786,#4787,#4788));
#1041=EDGE_LOOP('',(#4789,#4790,#4791));
#1042=EDGE_LOOP('',(#4792,#4793,#4794));
#1043=EDGE_LOOP('',(#4795,#4796,#4797));
#1044=EDGE_LOOP('',(#4798,#4799,#4800,#4801));
#1045=EDGE_LOOP('',(#4802,#4803,#4804,#4805,#4806,#4807,#4808,#4809));
#1046=EDGE_LOOP('',(#4810,#4811,#4812,#4813));
#1047=EDGE_LOOP('',(#4814,#4815,#4816,#4817));
#1048=EDGE_LOOP('',(#4818,#4819,#4820,#4821,#4822,#4823,#4824,#4825));
#1049=EDGE_LOOP('',(#4826,#4827,#4828));
#1050=EDGE_LOOP('',(#4829,#4830,#4831,#4832,#4833,#4834,#4835));
#1051=EDGE_LOOP('',(#4836,#4837,#4838,#4839,#4840,#4841,#4842,#4843,#4844,
#4845,#4846,#4847));
#1052=EDGE_LOOP('',(#4848,#4849,#4850));
#1053=EDGE_LOOP('',(#4851,#4852,#4853,#4854,#4855));
#1054=EDGE_LOOP('',(#4856,#4857,#4858,#4859,#4860));
#1055=EDGE_LOOP('',(#4861,#4862,#4863));
#1056=EDGE_LOOP('',(#4864,#4865,#4866));
#1057=EDGE_LOOP('',(#4867,#4868,#4869));
#1058=EDGE_LOOP('',(#4870,#4871,#4872));
#1059=EDGE_LOOP('',(#4873,#4874,#4875,#4876));
#1060=EDGE_LOOP('',(#4877,#4878,#4879));
#1061=EDGE_LOOP('',(#4880,#4881,#4882,#4883,#4884,#4885,#4886));
#1062=EDGE_LOOP('',(#4887,#4888,#4889,#4890));
#1063=EDGE_LOOP('',(#4891,#4892,#4893,#4894,#4895,#4896,#4897));
#1064=EDGE_LOOP('',(#4898,#4899,#4900,#4901));
#1065=EDGE_LOOP('',(#4902,#4903,#4904,#4905,#4906,#4907,#4908));
#1066=EDGE_LOOP('',(#4909,#4910,#4911,#4912,#4913,#4914,#4915,#4916));
#1067=EDGE_LOOP('',(#4917,#4918,#4919,#4920));
#1068=EDGE_LOOP('',(#4921,#4922,#4923,#4924,#4925));
#1069=EDGE_LOOP('',(#4926,#4927,#4928,#4929,#4930,#4931));
#1070=EDGE_LOOP('',(#4932,#4933,#4934));
#1071=EDGE_LOOP('',(#4935,#4936,#4937));
#1072=EDGE_LOOP('',(#4938,#4939,#4940));
#1073=EDGE_LOOP('',(#4941,#4942,#4943,#4944));
#1074=EDGE_LOOP('',(#4945,#4946,#4947,#4948,#4949,#4950,#4951,#4952));
#1075=EDGE_LOOP('',(#4953,#4954,#4955));
#1076=EDGE_LOOP('',(#4956,#4957,#4958,#4959));
#1077=EDGE_LOOP('',(#4960,#4961,#4962,#4963));
#1078=EDGE_LOOP('',(#4964,#4965,#4966,#4967,#4968,#4969,#4970,#4971));
#1079=EDGE_LOOP('',(#4972,#4973,#4974));
#1080=EDGE_LOOP('',(#4975,#4976,#4977,#4978,#4979,#4980,#4981));
#1081=EDGE_LOOP('',(#4982,#4983,#4984));
#1082=EDGE_LOOP('',(#4985,#4986,#4987,#4988,#4989));
#1083=EDGE_LOOP('',(#4990,#4991,#4992,#4993,#4994,#4995,#4996,#4997));
#1084=EDGE_LOOP('',(#4998,#4999,#5000,#5001));
#1085=EDGE_LOOP('',(#5002,#5003,#5004));
#1086=EDGE_LOOP('',(#5005,#5006,#5007));
#1087=EDGE_LOOP('',(#5008,#5009,#5010));
#1088=EDGE_LOOP('',(#5011,#5012,#5013));
#1089=EDGE_LOOP('',(#5014,#5015,#5016,#5017));
#1090=EDGE_LOOP('',(#5018,#5019,#5020,#5021,#5022,#5023,#5024,#5025));
#1091=EDGE_LOOP('',(#5026,#5027,#5028,#5029));
#1092=EDGE_LOOP('',(#5030,#5031,#5032,#5033));
#1093=EDGE_LOOP('',(#5034,#5035,#5036,#5037,#5038,#5039,#5040));
#1094=EDGE_LOOP('',(#5041,#5042,#5043));
#1095=EDGE_LOOP('',(#5044,#5045,#5046,#5047,#5048,#5049,#5050));
#1096=EDGE_LOOP('',(#5051,#5052,#5053,#5054,#5055,#5056,#5057,#5058,#5059,
#5060,#5061,#5062));
#1097=EDGE_LOOP('',(#5063,#5064,#5065));
#1098=EDGE_LOOP('',(#5066,#5067,#5068,#5069,#5070));
#1099=EDGE_LOOP('',(#5071,#5072,#5073,#5074,#5075,#5076));
#1100=EDGE_LOOP('',(#5077,#5078,#5079,#5080,#5081));
#1101=EDGE_LOOP('',(#5082,#5083,#5084));
#1102=EDGE_LOOP('',(#5085,#5086,#5087));
#1103=EDGE_LOOP('',(#5088,#5089,#5090));
#1104=EDGE_LOOP('',(#5091,#5092,#5093));
#1105=EDGE_LOOP('',(#5094,#5095,#5096,#5097));
#1106=EDGE_LOOP('',(#5098,#5099,#5100,#5101,#5102,#5103,#5104,#5105));
#1107=EDGE_LOOP('',(#5106,#5107,#5108,#5109));
#1108=EDGE_LOOP('',(#5110,#5111,#5112,#5113));
#1109=EDGE_LOOP('',(#5114,#5115,#5116,#5117,#5118,#5119,#5120,#5121));
#1110=EDGE_LOOP('',(#5122,#5123,#5124));
#1111=EDGE_LOOP('',(#5125,#5126,#5127,#5128,#5129,#5130,#5131));
#1112=EDGE_LOOP('',(#5132,#5133,#5134));
#1113=EDGE_LOOP('',(#5135,#5136,#5137,#5138,#5139));
#1114=EDGE_LOOP('',(#5140,#5141,#5142,#5143,#5144,#5145,#5146,#5147));
#1115=EDGE_LOOP('',(#5148,#5149,#5150,#5151));
#1116=EDGE_LOOP('',(#5152,#5153,#5154));
#1117=EDGE_LOOP('',(#5155));
#1118=EDGE_LOOP('',(#5156,#5157,#5158,#5159,#5160,#5161,#5162,#5163));
#1119=EDGE_LOOP('',(#5164,#5165,#5166,#5167));
#1120=EDGE_LOOP('',(#5168,#5169,#5170,#5171));
#1121=EDGE_LOOP('',(#5172,#5173,#5174,#5175));
#1122=EDGE_LOOP('',(#5176,#5177,#5178,#5179));
#1123=EDGE_LOOP('',(#5180,#5181,#5182,#5183));
#1124=EDGE_LOOP('',(#5184,#5185,#5186,#5187));
#1125=EDGE_LOOP('',(#5188,#5189,#5190,#5191));
#1126=EDGE_LOOP('',(#5192,#5193,#5194,#5195));
#1127=EDGE_LOOP('',(#5196,#5197,#5198,#5199));
#1128=EDGE_LOOP('',(#5200,#5201,#5202,#5203));
#1129=EDGE_LOOP('',(#5204,#5205,#5206,#5207));
#1130=EDGE_LOOP('',(#5208,#5209,#5210,#5211));
#1131=EDGE_LOOP('',(#5212,#5213,#5214,#5215));
#1132=EDGE_LOOP('',(#5216,#5217,#5218,#5219));
#1133=EDGE_LOOP('',(#5220,#5221,#5222,#5223,#5224));
#1134=EDGE_LOOP('',(#5225,#5226,#5227,#5228,#5229,#5230));
#1135=EDGE_LOOP('',(#5231,#5232,#5233,#5234,#5235));
#1136=EDGE_LOOP('',(#5236,#5237,#5238,#5239));
#1137=EDGE_LOOP('',(#5240,#5241,#5242,#5243));
#1138=EDGE_LOOP('',(#5244,#5245,#5246,#5247));
#1139=EDGE_LOOP('',(#5248,#5249,#5250,#5251));
#1140=EDGE_LOOP('',(#5252,#5253,#5254,#5255));
#1141=EDGE_LOOP('',(#5256,#5257,#5258,#5259));
#1142=EDGE_LOOP('',(#5260,#5261,#5262,#5263));
#1143=EDGE_LOOP('',(#5264,#5265,#5266,#5267,#5268));
#1144=EDGE_LOOP('',(#5269,#5270,#5271,#5272));
#1145=EDGE_LOOP('',(#5273,#5274,#5275,#5276));
#1146=EDGE_LOOP('',(#5277,#5278,#5279,#5280));
#1147=EDGE_LOOP('',(#5281,#5282,#5283,#5284));
#1148=EDGE_LOOP('',(#5285,#5286,#5287,#5288));
#1149=EDGE_LOOP('',(#5289,#5290,#5291,#5292));
#1150=EDGE_LOOP('',(#5293,#5294,#5295,#5296));
#1151=EDGE_LOOP('',(#5297,#5298,#5299,#5300,#5301));
#1152=EDGE_LOOP('',(#5302,#5303,#5304,#5305,#5306,#5307));
#1153=EDGE_LOOP('',(#5308,#5309,#5310,#5311,#5312));
#1154=EDGE_LOOP('',(#5313,#5314,#5315,#5316));
#1155=EDGE_LOOP('',(#5317,#5318,#5319,#5320));
#1156=EDGE_LOOP('',(#5321,#5322,#5323,#5324));
#1157=EDGE_LOOP('',(#5325,#5326,#5327,#5328));
#1158=EDGE_LOOP('',(#5329,#5330,#5331,#5332));
#1159=EDGE_LOOP('',(#5333,#5334,#5335,#5336));
#1160=EDGE_LOOP('',(#5337,#5338,#5339,#5340));
#1161=EDGE_LOOP('',(#5341,#5342,#5343,#5344,#5345));
#1162=EDGE_LOOP('',(#5346,#5347,#5348,#5349));
#1163=EDGE_LOOP('',(#5350,#5351,#5352,#5353));
#1164=EDGE_LOOP('',(#5354,#5355,#5356,#5357));
#1165=EDGE_LOOP('',(#5358,#5359,#5360,#5361));
#1166=EDGE_LOOP('',(#5362,#5363,#5364,#5365));
#1167=EDGE_LOOP('',(#5366,#5367,#5368,#5369));
#1168=EDGE_LOOP('',(#5370,#5371,#5372,#5373));
#1169=EDGE_LOOP('',(#5374,#5375,#5376,#5377,#5378));
#1170=EDGE_LOOP('',(#5379,#5380,#5381,#5382));
#1171=EDGE_LOOP('',(#5383,#5384,#5385,#5386));
#1172=EDGE_LOOP('',(#5387,#5388,#5389,#5390));
#1173=EDGE_LOOP('',(#5391,#5392,#5393,#5394));
#1174=EDGE_LOOP('',(#5395,#5396,#5397,#5398));
#1175=EDGE_LOOP('',(#5399,#5400,#5401,#5402));
#1176=EDGE_LOOP('',(#5403,#5404,#5405,#5406));
#1177=EDGE_LOOP('',(#5407,#5408,#5409,#5410,#5411));
#1178=EDGE_LOOP('',(#5412,#5413,#5414,#5415));
#1179=EDGE_LOOP('',(#5416,#5417,#5418,#5419));
#1180=EDGE_LOOP('',(#5420,#5421,#5422,#5423));
#1181=EDGE_LOOP('',(#5424,#5425,#5426,#5427));
#1182=EDGE_LOOP('',(#5428,#5429,#5430,#5431));
#1183=EDGE_LOOP('',(#5432,#5433,#5434,#5435));
#1184=EDGE_LOOP('',(#5436,#5437,#5438,#5439));
#1185=EDGE_LOOP('',(#5440,#5441,#5442,#5443,#5444));
#1186=EDGE_LOOP('',(#5445,#5446,#5447,#5448,#5449,#5450));
#1187=EDGE_LOOP('',(#5451,#5452,#5453,#5454,#5455));
#1188=EDGE_LOOP('',(#5456,#5457,#5458,#5459));
#1189=EDGE_LOOP('',(#5460,#5461,#5462,#5463));
#1190=EDGE_LOOP('',(#5464,#5465,#5466,#5467));
#1191=EDGE_LOOP('',(#5468,#5469,#5470,#5471));
#1192=EDGE_LOOP('',(#5472,#5473,#5474,#5475));
#1193=EDGE_LOOP('',(#5476,#5477,#5478,#5479));
#1194=EDGE_LOOP('',(#5480,#5481,#5482,#5483));
#1195=EDGE_LOOP('',(#5484,#5485,#5486,#5487,#5488));
#1196=EDGE_LOOP('',(#5489,#5490,#5491,#5492));
#1197=EDGE_LOOP('',(#5493,#5494,#5495,#5496));
#1198=EDGE_LOOP('',(#5497,#5498,#5499,#5500,#5501,#5502,#5503,#5504));
#1199=EDGE_LOOP('',(#5505,#5506,#5507,#5508,#5509,#5510,#5511,#5512,#5513,
#5514,#5515,#5516,#5517,#5518,#5519,#5520,#5521,#5522,#5523,#5524,#5525,
#5526,#5527,#5528,#5529,#5530,#5531,#5532,#5533,#5534,#5535,#5536,#5537,
#5538,#5539,#5540,#5541,#5542,#5543,#5544,#5545,#5546,#5547,#5548,#5549,
#5550,#5551,#5552,#5553,#5554,#5555,#5556,#5557,#5558,#5559,#5560,#5561,
#5562,#5563,#5564,#5565,#5566,#5567,#5568,#5569,#5570,#5571,#5572,#5573,
#5574,#5575,#5576,#5577,#5578,#5579,#5580,#5581,#5582,#5583,#5584));
#1200=EDGE_LOOP('',(#5585));
#1201=EDGE_LOOP('',(#5586,#5587));
#1202=EDGE_LOOP('',(#5588,#5589));
#1203=EDGE_LOOP('',(#5590,#5591,#5592));
#1204=EDGE_LOOP('',(#5593,#5594));
#1205=EDGE_LOOP('',(#5595,#5596));
#1206=EDGE_LOOP('',(#5597,#5598,#5599));
#1207=EDGE_LOOP('',(#5600,#5601));
#1208=EDGE_LOOP('',(#5602,#5603));
#1209=EDGE_LOOP('',(#5604,#5605));
#1210=EDGE_LOOP('',(#5606,#5607,#5608));
#1211=EDGE_LOOP('',(#5609,#5610));
#1212=EDGE_LOOP('',(#5611,#5612));
#1213=EDGE_LOOP('',(#5613,#5614,#5615));
#1214=EDGE_LOOP('',(#5616,#5617,#5618));
#1215=EDGE_LOOP('',(#5619,#5620));
#1216=EDGE_LOOP('',(#5621,#5622));
#1217=EDGE_LOOP('',(#5623,#5624));
#1218=EDGE_LOOP('',(#5625,#5626));
#1219=EDGE_LOOP('',(#5627,#5628));
#1220=EDGE_LOOP('',(#5629,#5630));
#1221=EDGE_LOOP('',(#5631,#5632,#5633));
#1222=EDGE_LOOP('',(#5634,#5635,#5636));
#1223=EDGE_LOOP('',(#5637,#5638));
#1224=EDGE_LOOP('',(#5639,#5640,#5641));
#1225=EDGE_LOOP('',(#5642,#5643));
#1226=EDGE_LOOP('',(#5644,#5645));
#1227=EDGE_LOOP('',(#5646,#5647));
#1228=EDGE_LOOP('',(#5648,#5649));
#1229=EDGE_LOOP('',(#5650,#5651,#5652));
#1230=EDGE_LOOP('',(#5653,#5654));
#1231=EDGE_LOOP('',(#5655,#5656,#5657));
#1232=EDGE_LOOP('',(#5658,#5659,#5660));
#1233=EDGE_LOOP('',(#5661,#5662));
#1234=EDGE_LOOP('',(#5663,#5664));
#1235=EDGE_LOOP('',(#5665,#5666));
#1236=EDGE_LOOP('',(#5667,#5668,#5669,#5670,#5671,#5672,#5673,#5674,#5675,
#5676,#5677,#5678));
#1237=EDGE_LOOP('',(#5679,#5680,#5681,#5682));
#1238=EDGE_LOOP('',(#5683,#5684,#5685,#5686,#5687));
#1239=EDGE_LOOP('',(#5688,#5689,#5690,#5691));
#1240=EDGE_LOOP('',(#5692,#5693,#5694,#5695,#5696,#5697,#5698,#5699,#5700,
#5701,#5702,#5703));
#1241=EDGE_LOOP('',(#5704,#5705,#5706,#5707));
#1242=EDGE_LOOP('',(#5708,#5709,#5710));
#1243=EDGE_LOOP('',(#5711,#5712,#5713,#5714,#5715,#5716,#5717,#5718,#5719,
#5720,#5721,#5722));
#1244=EDGE_LOOP('',(#5723,#5724,#5725,#5726,#5727));
#1245=EDGE_LOOP('',(#5728,#5729,#5730));
#1246=EDGE_LOOP('',(#5731,#5732,#5733,#5734,#5735));
#1247=EDGE_LOOP('',(#5736,#5737,#5738,#5739));
#1248=EDGE_LOOP('',(#5740,#5741,#5742,#5743));
#1249=EDGE_LOOP('',(#5744,#5745,#5746,#5747));
#1250=EDGE_LOOP('',(#5748,#5749,#5750,#5751,#5752,#5753,#5754,#5755,#5756,
#5757,#5758,#5759));
#1251=EDGE_LOOP('',(#5760,#5761,#5762,#5763,#5764,#5765,#5766,#5767,#5768,
#5769,#5770,#5771));
#1252=EDGE_LOOP('',(#5772,#5773,#5774,#5775,#5776,#5777,#5778,#5779,#5780,
#5781,#5782,#5783));
#1253=EDGE_LOOP('',(#5784,#5785,#5786,#5787,#5788,#5789,#5790,#5791));
#1254=EDGE_LOOP('',(#5792,#5793,#5794,#5795,#5796));
#1255=EDGE_LOOP('',(#5797,#5798,#5799,#5800,#5801,#5802,#5803,#5804));
#1256=EDGE_LOOP('',(#5805,#5806,#5807,#5808,#5809));
#1257=LINE('',#9067,#1689);
#1258=LINE('',#9070,#1690);
#1259=LINE('',#9073,#1691);
#1260=LINE('',#9077,#1692);
#1261=LINE('',#9079,#1693);
#1262=LINE('',#9080,#1694);
#1263=LINE('',#9083,#1695);
#1264=LINE('',#9084,#1696);
#1265=LINE('',#9088,#1697);
#1266=LINE('',#9091,#1698);
#1267=LINE('',#9093,#1699);
#1268=LINE('',#9094,#1700);
#1269=LINE('',#9096,#1701);
#1270=LINE('',#9098,#1702);
#1271=LINE('',#9103,#1703);
#1272=LINE('',#9107,#1704);
#1273=LINE('',#9113,#1705);
#1274=LINE('',#9117,#1706);
#1275=LINE('',#9122,#1707);
#1276=LINE('',#9124,#1708);
#1277=LINE('',#9126,#1709);
#1278=LINE('',#9127,#1710);
#1279=LINE('',#9132,#1711);
#1280=LINE('',#9134,#1712);
#1281=LINE('',#9136,#1713);
#1282=LINE('',#9140,#1714);
#1283=LINE('',#9142,#1715);
#1284=LINE('',#9144,#1716);
#1285=LINE('',#9145,#1717);
#1286=LINE('',#9148,#1718);
#1287=LINE('',#9150,#1719);
#1288=LINE('',#9152,#1720);
#1289=LINE('',#9153,#1721);
#1290=LINE('',#9156,#1722);
#1291=LINE('',#9158,#1723);
#1292=LINE('',#9160,#1724);
#1293=LINE('',#9161,#1725);
#1294=LINE('',#9164,#1726);
#1295=LINE('',#9166,#1727);
#1296=LINE('',#9167,#1728);
#1297=LINE('',#9170,#1729);
#1298=LINE('',#9172,#1730);
#1299=LINE('',#9173,#1731);
#1300=LINE('',#9176,#1732);
#1301=LINE('',#9178,#1733);
#1302=LINE('',#9179,#1734);
#1303=LINE('',#9182,#1735);
#1304=LINE('',#9183,#1736);
#1305=LINE('',#9186,#1737);
#1306=LINE('',#9187,#1738);
#1307=LINE('',#9190,#1739);
#1308=LINE('',#9192,#1740);
#1309=LINE('',#9193,#1741);
#1310=LINE('',#9196,#1742);
#1311=LINE('',#9198,#1743);
#1312=LINE('',#9199,#1744);
#1313=LINE('',#9201,#1745);
#1314=LINE('',#9205,#1746);
#1315=LINE('',#9212,#1747);
#1316=LINE('',#9217,#1748);
#1317=LINE('',#9218,#1749);
#1318=LINE('',#9225,#1750);
#1319=LINE('',#9228,#1751);
#1320=LINE('',#9233,#1752);
#1321=LINE('',#9235,#1753);
#1322=LINE('',#9237,#1754);
#1323=LINE('',#9238,#1755);
#1324=LINE('',#9240,#1756);
#1325=LINE('',#9242,#1757);
#1326=LINE('',#9247,#1758);
#1327=LINE('',#9254,#1759);
#1328=LINE('',#9259,#1760);
#1329=LINE('',#9260,#1761);
#1330=LINE('',#9267,#1762);
#1331=LINE('',#9270,#1763);
#1332=LINE('',#9275,#1764);
#1333=LINE('',#9277,#1765);
#1334=LINE('',#9279,#1766);
#1335=LINE('',#9280,#1767);
#1336=LINE('',#9282,#1768);
#1337=LINE('',#9284,#1769);
#1338=LINE('',#9289,#1770);
#1339=LINE('',#9291,#1771);
#1340=LINE('',#9293,#1772);
#1341=LINE('',#9294,#1773);
#1342=LINE('',#9297,#1774);
#1343=LINE('',#9299,#1775);
#1344=LINE('',#9300,#1776);
#1345=LINE('',#9301,#1777);
#1346=LINE('',#9304,#1778);
#1347=LINE('',#9306,#1779);
#1348=LINE('',#9308,#1780);
#1349=LINE('',#9310,#1781);
#1350=LINE('',#9312,#1782);
#1351=LINE('',#9313,#1783);
#1352=LINE('',#9317,#1784);
#1353=LINE('',#9318,#1785);
#1354=LINE('',#9319,#1786);
#1355=LINE('',#9322,#1787);
#1356=LINE('',#9323,#1788);
#1357=LINE('',#9326,#1789);
#1358=LINE('',#9327,#1790);
#1359=LINE('',#9330,#1791);
#1360=LINE('',#9331,#1792);
#1361=LINE('',#9333,#1793);
#1362=LINE('',#9338,#1794);
#1363=LINE('',#9340,#1795);
#1364=LINE('',#9342,#1796);
#1365=LINE('',#9344,#1797);
#1366=LINE('',#9346,#1798);
#1367=LINE('',#9348,#1799);
#1368=LINE('',#9350,#1800);
#1369=LINE('',#9351,#1801);
#1370=LINE('',#9356,#1802);
#1371=LINE('',#9357,#1803);
#1372=LINE('',#9358,#1804);
#1373=LINE('',#9361,#1805);
#1374=LINE('',#9362,#1806);
#1375=LINE('',#9365,#1807);
#1376=LINE('',#9366,#1808);
#1377=LINE('',#9368,#1809);
#1378=LINE('',#9370,#1810);
#1379=LINE('',#9371,#1811);
#1380=LINE('',#9373,#1812);
#1381=LINE('',#9375,#1813);
#1382=LINE('',#9377,#1814);
#1383=LINE('',#9381,#1815);
#1384=LINE('',#9392,#1816);
#1385=LINE('',#9402,#1817);
#1386=LINE('',#9405,#1818);
#1387=LINE('',#9408,#1819);
#1388=LINE('',#9410,#1820);
#1389=LINE('',#9411,#1821);
#1390=LINE('',#9414,#1822);
#1391=LINE('',#9416,#1823);
#1392=LINE('',#9418,#1824);
#1393=LINE('',#9423,#1825);
#1394=LINE('',#9426,#1826);
#1395=LINE('',#9428,#1827);
#1396=LINE('',#9430,#1828);
#1397=LINE('',#9434,#1829);
#1398=LINE('',#9438,#1830);
#1399=LINE('',#9440,#1831);
#1400=LINE('',#9442,#1832);
#1401=LINE('',#9443,#1833);
#1402=LINE('',#9450,#1834);
#1403=LINE('',#9452,#1835);
#1404=LINE('',#9454,#1836);
#1405=LINE('',#9456,#1837);
#1406=LINE('',#9458,#1838);
#1407=LINE('',#9460,#1839);
#1408=LINE('',#9462,#1840);
#1409=LINE('',#9463,#1841);
#1410=LINE('',#9466,#1842);
#1411=LINE('',#9467,#1843);
#1412=LINE('',#9469,#1844);
#1413=LINE('',#9473,#1845);
#1414=LINE('',#9475,#1846);
#1415=LINE('',#9477,#1847);
#1416=LINE('',#9478,#1848);
#1417=LINE('',#9481,#1849);
#1418=LINE('',#9483,#1850);
#1419=LINE('',#9484,#1851);
#1420=LINE('',#9487,#1852);
#1421=LINE('',#9489,#1853);
#1422=LINE('',#9490,#1854);
#1423=LINE('',#9493,#1855);
#1424=LINE('',#9495,#1856);
#1425=LINE('',#9496,#1857);
#1426=LINE('',#9499,#1858);
#1427=LINE('',#9501,#1859);
#1428=LINE('',#9502,#1860);
#1429=LINE('',#9505,#1861);
#1430=LINE('',#9507,#1862);
#1431=LINE('',#9508,#1863);
#1432=LINE('',#9511,#1864);
#1433=LINE('',#9513,#1865);
#1434=LINE('',#9514,#1866);
#1435=LINE('',#9516,#1867);
#1436=LINE('',#9517,#1868);
#1437=LINE('',#9523,#1869);
#1438=LINE('',#9525,#1870);
#1439=LINE('',#9526,#1871);
#1440=LINE('',#9529,#1872);
#1441=LINE('',#9530,#1873);
#1442=LINE('',#9533,#1874);
#1443=LINE('',#9534,#1875);
#1444=LINE('',#9537,#1876);
#1445=LINE('',#9538,#1877);
#1446=LINE('',#9541,#1878);
#1447=LINE('',#9542,#1879);
#1448=LINE('',#9545,#1880);
#1449=LINE('',#9546,#1881);
#1450=LINE('',#9549,#1882);
#1451=LINE('',#9550,#1883);
#1452=LINE('',#9552,#1884);
#1453=LINE('',#9556,#1885);
#1454=LINE('',#9561,#1886);
#1455=LINE('',#9565,#1887);
#1456=LINE('',#9568,#1888);
#1457=LINE('',#9570,#1889);
#1458=LINE('',#9571,#1890);
#1459=LINE('',#9575,#1891);
#1460=LINE('',#9578,#1892);
#1461=LINE('',#9579,#1893);
#1462=LINE('',#9582,#1894);
#1463=LINE('',#9583,#1895);
#1464=LINE('',#9586,#1896);
#1465=LINE('',#9587,#1897);
#1466=LINE('',#9590,#1898);
#1467=LINE('',#9591,#1899);
#1468=LINE('',#9594,#1900);
#1469=LINE('',#9595,#1901);
#1470=LINE('',#9608,#1902);
#1471=LINE('',#9612,#1903);
#1472=LINE('',#9616,#1904);
#1473=LINE('',#9620,#1905);
#1474=LINE('',#9625,#1906);
#1475=LINE('',#9630,#1907);
#1476=LINE('',#9631,#1908);
#1477=LINE('',#9632,#1909);
#1478=LINE('',#9636,#1910);
#1479=LINE('',#9639,#1911);
#1480=LINE('',#9640,#1912);
#1481=LINE('',#9644,#1913);
#1482=LINE('',#9647,#1914);
#1483=LINE('',#9648,#1915);
#1484=LINE('',#9652,#1916);
#1485=LINE('',#9655,#1917);
#1486=LINE('',#9656,#1918);
#1487=LINE('',#9661,#1919);
#1488=LINE('',#9690,#1920);
#1489=LINE('',#9691,#1921);
#1490=LINE('',#9697,#1922);
#1491=LINE('',#9698,#1923);
#1492=LINE('',#9705,#1924);
#1493=LINE('',#9706,#1925);
#1494=LINE('',#9720,#1926);
#1495=LINE('',#9721,#1927);
#1496=LINE('',#9872,#1928);
#1497=LINE('',#9873,#1929);
#1498=LINE('',#9876,#1930);
#1499=LINE('',#9880,#1931);
#1500=LINE('',#9882,#1932);
#1501=LINE('',#9888,#1933);
#1502=LINE('',#9890,#1934);
#1503=LINE('',#9892,#1935);
#1504=LINE('',#9898,#1936);
#1505=LINE('',#9900,#1937);
#1506=LINE('',#9906,#1938);
#1507=LINE('',#9908,#1939);
#1508=LINE('',#9914,#1940);
#1509=LINE('',#9916,#1941);
#1510=LINE('',#9922,#1942);
#1511=LINE('',#9928,#1943);
#1512=LINE('',#9930,#1944);
#1513=LINE('',#9932,#1945);
#1514=LINE('',#9940,#1946);
#1515=LINE('',#9941,#1947);
#1516=LINE('',#9956,#1948);
#1517=LINE('',#9960,#1949);
#1518=LINE('',#10054,#1950);
#1519=LINE('',#10055,#1951);
#1520=LINE('',#10057,#1952);
#1521=LINE('',#10058,#1953);
#1522=LINE('',#10145,#1954);
#1523=LINE('',#10146,#1955);
#1524=LINE('',#10160,#1956);
#1525=LINE('',#10162,#1957);
#1526=LINE('',#10170,#1958);
#1527=LINE('',#10173,#1959);
#1528=LINE('',#10189,#1960);
#1529=LINE('',#10194,#1961);
#1530=LINE('',#10195,#1962);
#1531=LINE('',#10220,#1963);
#1532=LINE('',#10221,#1964);
#1533=LINE('',#10227,#1965);
#1534=LINE('',#10228,#1966);
#1535=LINE('',#10242,#1967);
#1536=LINE('',#10244,#1968);
#1537=LINE('',#10247,#1969);
#1538=LINE('',#10248,#1970);
#1539=LINE('',#10403,#1971);
#1540=LINE('',#10404,#1972);
#1541=LINE('',#10408,#1973);
#1542=LINE('',#10409,#1974);
#1543=LINE('',#10424,#1975);
#1544=LINE('',#10428,#1976);
#1545=LINE('',#10522,#1977);
#1546=LINE('',#10523,#1978);
#1547=LINE('',#10525,#1979);
#1548=LINE('',#10526,#1980);
#1549=LINE('',#10593,#1981);
#1550=LINE('',#10594,#1982);
#1551=LINE('',#10598,#1983);
#1552=LINE('',#10599,#1984);
#1553=LINE('',#10632,#1985);
#1554=LINE('',#10635,#1986);
#1555=LINE('',#10659,#1987);
#1556=LINE('',#10660,#1988);
#1557=LINE('',#10666,#1989);
#1558=LINE('',#10667,#1990);
#1559=LINE('',#10681,#1991);
#1560=LINE('',#10683,#1992);
#1561=LINE('',#10686,#1993);
#1562=LINE('',#10687,#1994);
#1563=LINE('',#10842,#1995);
#1564=LINE('',#10843,#1996);
#1565=LINE('',#10847,#1997);
#1566=LINE('',#10848,#1998);
#1567=LINE('',#10863,#1999);
#1568=LINE('',#10867,#2000);
#1569=LINE('',#10892,#2001);
#1570=LINE('',#10893,#2002);
#1571=LINE('',#10963,#2003);
#1572=LINE('',#10964,#2004);
#1573=LINE('',#11032,#2005);
#1574=LINE('',#11033,#2006);
#1575=LINE('',#11047,#2007);
#1576=LINE('',#11049,#2008);
#1577=LINE('',#11055,#2009);
#1578=LINE('',#11059,#2010);
#1579=LINE('',#11133,#2011);
#1580=LINE('',#11134,#2012);
#1581=LINE('',#11136,#2013);
#1582=LINE('',#11137,#2014);
#1583=LINE('',#11224,#2015);
#1584=LINE('',#11225,#2016);
#1585=LINE('',#11229,#2017);
#1586=LINE('',#11230,#2018);
#1587=LINE('',#11265,#2019);
#1588=LINE('',#11268,#2020);
#1589=LINE('',#11284,#2021);
#1590=LINE('',#11288,#2022);
#1591=LINE('',#11289,#2023);
#1592=LINE('',#11362,#2024);
#1593=LINE('',#11363,#2025);
#1594=LINE('',#11365,#2026);
#1595=LINE('',#11366,#2027);
#1596=LINE('',#11433,#2028);
#1597=LINE('',#11434,#2029);
#1598=LINE('',#11448,#2030);
#1599=LINE('',#11450,#2031);
#1600=LINE('',#11456,#2032);
#1601=LINE('',#11460,#2033);
#1602=LINE('',#11470,#2034);
#1603=LINE('',#11474,#2035);
#1604=LINE('',#11478,#2036);
#1605=LINE('',#11481,#2037);
#1606=LINE('',#11485,#2038);
#1607=LINE('',#11488,#2039);
#1608=LINE('',#11491,#2040);
#1609=LINE('',#11494,#2041);
#1610=LINE('',#11495,#2042);
#1611=LINE('',#11498,#2043);
#1612=LINE('',#11502,#2044);
#1613=LINE('',#11503,#2045);
#1614=LINE('',#11506,#2046);
#1615=LINE('',#11510,#2047);
#1616=LINE('',#11511,#2048);
#1617=LINE('',#11514,#2049);
#1618=LINE('',#11517,#2050);
#1619=LINE('',#11522,#2051);
#1620=LINE('',#11523,#2052);
#1621=LINE('',#11527,#2053);
#1622=LINE('',#11532,#2054);
#1623=LINE('',#11536,#2055);
#1624=LINE('',#11541,#2056);
#1625=LINE('',#11546,#2057);
#1626=LINE('',#11550,#2058);
#1627=LINE('',#11555,#2059);
#1628=LINE('',#11561,#2060);
#1629=LINE('',#11567,#2061);
#1630=LINE('',#11573,#2062);
#1631=LINE('',#11579,#2063);
#1632=LINE('',#11585,#2064);
#1633=LINE('',#11591,#2065);
#1634=LINE('',#11597,#2066);
#1635=LINE('',#11606,#2067);
#1636=LINE('',#11612,#2068);
#1637=LINE('',#11618,#2069);
#1638=LINE('',#11624,#2070);
#1639=LINE('',#11630,#2071);
#1640=LINE('',#11636,#2072);
#1641=LINE('',#11642,#2073);
#1642=LINE('',#11648,#2074);
#1643=LINE('',#11652,#2075);
#1644=LINE('',#11657,#2076);
#1645=LINE('',#11663,#2077);
#1646=LINE('',#11669,#2078);
#1647=LINE('',#11675,#2079);
#1648=LINE('',#11681,#2080);
#1649=LINE('',#11687,#2081);
#1650=LINE('',#11693,#2082);
#1651=LINE('',#11699,#2083);
#1652=LINE('',#11708,#2084);
#1653=LINE('',#11714,#2085);
#1654=LINE('',#11720,#2086);
#1655=LINE('',#11726,#2087);
#1656=LINE('',#11732,#2088);
#1657=LINE('',#11738,#2089);
#1658=LINE('',#11744,#2090);
#1659=LINE('',#11752,#2091);
#1660=LINE('',#11756,#2092);
#1661=LINE('',#11761,#2093);
#1662=LINE('',#11765,#2094);
#1663=LINE('',#11770,#2095);
#1664=LINE('',#11774,#2096);
#1665=LINE('',#11779,#2097);
#1666=LINE('',#11787,#2098);
#1667=LINE('',#11793,#2099);
#1668=LINE('',#11799,#2100);
#1669=LINE('',#11805,#2101);
#1670=LINE('',#11811,#2102);
#1671=LINE('',#11817,#2103);
#1672=LINE('',#11823,#2104);
#1673=LINE('',#11829,#2105);
#1674=LINE('',#11833,#2106);
#1675=LINE('',#11838,#2107);
#1676=LINE('',#11844,#2108);
#1677=LINE('',#11850,#2109);
#1678=LINE('',#11856,#2110);
#1679=LINE('',#11862,#2111);
#1680=LINE('',#11868,#2112);
#1681=LINE('',#11874,#2113);
#1682=LINE('',#11880,#2114);
#1683=LINE('',#11888,#2115);
#1684=LINE('',#11959,#2116);
#1685=LINE('',#11964,#2117);
#1686=LINE('',#11967,#2118);
#1687=LINE('',#11969,#2119);
#1688=LINE('',#11971,#2120);
#1689=VECTOR('',#7112,10.);
#1690=VECTOR('',#7115,10.);
#1691=VECTOR('',#7118,10.);
#1692=VECTOR('',#7121,10.);
#1693=VECTOR('',#7122,10.);
#1694=VECTOR('',#7123,10.);
#1695=VECTOR('',#7126,10.);
#1696=VECTOR('',#7127,10.);
#1697=VECTOR('',#7132,10.);
#1698=VECTOR('',#7135,10.);
#1699=VECTOR('',#7136,10.);
#1700=VECTOR('',#7137,10.);
#1701=VECTOR('',#7140,10.);
#1702=VECTOR('',#7143,10.);
#1703=VECTOR('',#7148,1.7);
#1704=VECTOR('',#7153,1.2);
#1705=VECTOR('',#7160,1.7);
#1706=VECTOR('',#7165,1.2);
#1707=VECTOR('',#7170,10.);
#1708=VECTOR('',#7171,10.);
#1709=VECTOR('',#7172,10.);
#1710=VECTOR('',#7173,10.);
#1711=VECTOR('',#7178,10.);
#1712=VECTOR('',#7179,10.);
#1713=VECTOR('',#7180,10.);
#1714=VECTOR('',#7183,10.);
#1715=VECTOR('',#7184,10.);
#1716=VECTOR('',#7185,10.);
#1717=VECTOR('',#7186,10.);
#1718=VECTOR('',#7187,10.);
#1719=VECTOR('',#7188,10.);
#1720=VECTOR('',#7189,10.);
#1721=VECTOR('',#7190,10.);
#1722=VECTOR('',#7191,10.);
#1723=VECTOR('',#7192,10.);
#1724=VECTOR('',#7193,10.);
#1725=VECTOR('',#7194,10.);
#1726=VECTOR('',#7197,10.);
#1727=VECTOR('',#7198,10.);
#1728=VECTOR('',#7199,10.);
#1729=VECTOR('',#7202,10.);
#1730=VECTOR('',#7203,10.);
#1731=VECTOR('',#7204,10.);
#1732=VECTOR('',#7207,10.);
#1733=VECTOR('',#7208,10.);
#1734=VECTOR('',#7209,10.);
#1735=VECTOR('',#7212,10.);
#1736=VECTOR('',#7213,10.);
#1737=VECTOR('',#7216,10.);
#1738=VECTOR('',#7217,10.);
#1739=VECTOR('',#7220,10.);
#1740=VECTOR('',#7221,10.);
#1741=VECTOR('',#7222,10.);
#1742=VECTOR('',#7225,10.);
#1743=VECTOR('',#7226,10.);
#1744=VECTOR('',#7227,10.);
#1745=VECTOR('',#7230,10.);
#1746=VECTOR('',#7233,10.);
#1747=VECTOR('',#7240,10.);
#1748=VECTOR('',#7247,10.);
#1749=VECTOR('',#7248,10.);
#1750=VECTOR('',#7255,10.);
#1751=VECTOR('',#7258,10.);
#1752=VECTOR('',#7263,10.);
#1753=VECTOR('',#7266,10.);
#1754=VECTOR('',#7269,10.);
#1755=VECTOR('',#7270,10.);
#1756=VECTOR('',#7273,10.);
#1757=VECTOR('',#7276,10.);
#1758=VECTOR('',#7281,10.);
#1759=VECTOR('',#7288,10.);
#1760=VECTOR('',#7295,10.);
#1761=VECTOR('',#7296,10.);
#1762=VECTOR('',#7303,10.);
#1763=VECTOR('',#7306,10.);
#1764=VECTOR('',#7311,10.);
#1765=VECTOR('',#7314,10.);
#1766=VECTOR('',#7317,10.);
#1767=VECTOR('',#7318,10.);
#1768=VECTOR('',#7321,10.);
#1769=VECTOR('',#7324,10.);
#1770=VECTOR('',#7329,10.);
#1771=VECTOR('',#7330,10.);
#1772=VECTOR('',#7331,10.);
#1773=VECTOR('',#7332,10.);
#1774=VECTOR('',#7335,10.);
#1775=VECTOR('',#7336,10.);
#1776=VECTOR('',#7337,10.);
#1777=VECTOR('',#7338,10.);
#1778=VECTOR('',#7341,10.);
#1779=VECTOR('',#7342,10.);
#1780=VECTOR('',#7343,10.);
#1781=VECTOR('',#7344,10.);
#1782=VECTOR('',#7345,10.);
#1783=VECTOR('',#7346,10.);
#1784=VECTOR('',#7349,10.);
#1785=VECTOR('',#7350,10.);
#1786=VECTOR('',#7351,10.);
#1787=VECTOR('',#7354,10.);
#1788=VECTOR('',#7355,10.);
#1789=VECTOR('',#7358,10.);
#1790=VECTOR('',#7359,10.);
#1791=VECTOR('',#7362,10.);
#1792=VECTOR('',#7363,10.);
#1793=VECTOR('',#7366,10.);
#1794=VECTOR('',#7371,10.);
#1795=VECTOR('',#7372,10.);
#1796=VECTOR('',#7373,10.);
#1797=VECTOR('',#7374,10.);
#1798=VECTOR('',#7375,10.);
#1799=VECTOR('',#7376,10.);
#1800=VECTOR('',#7377,10.);
#1801=VECTOR('',#7378,10.);
#1802=VECTOR('',#7383,10.);
#1803=VECTOR('',#7384,10.);
#1804=VECTOR('',#7385,10.);
#1805=VECTOR('',#7388,10.);
#1806=VECTOR('',#7389,10.);
#1807=VECTOR('',#7392,10.);
#1808=VECTOR('',#7393,10.);
#1809=VECTOR('',#7396,10.);
#1810=VECTOR('',#7399,10.);
#1811=VECTOR('',#7400,10.);
#1812=VECTOR('',#7403,10.);
#1813=VECTOR('',#7406,10.);
#1814=VECTOR('',#7409,10.);
#1815=VECTOR('',#7416,10.);
#1816=VECTOR('',#7431,5.75);
#1817=VECTOR('',#7442,10.);
#1818=VECTOR('',#7445,10.);
#1819=VECTOR('',#7448,10.);
#1820=VECTOR('',#7449,10.);
#1821=VECTOR('',#7450,10.);
#1822=VECTOR('',#7453,10.);
#1823=VECTOR('',#7454,10.);
#1824=VECTOR('',#7455,10.);
#1825=VECTOR('',#7462,10.);
#1826=VECTOR('',#7465,10.);
#1827=VECTOR('',#7466,10.);
#1828=VECTOR('',#7467,10.);
#1829=VECTOR('',#7470,10.);
#1830=VECTOR('',#7473,10.);
#1831=VECTOR('',#7474,10.);
#1832=VECTOR('',#7475,10.);
#1833=VECTOR('',#7476,10.);
#1834=VECTOR('',#7481,10.);
#1835=VECTOR('',#7482,10.);
#1836=VECTOR('',#7483,10.);
#1837=VECTOR('',#7484,10.);
#1838=VECTOR('',#7485,10.);
#1839=VECTOR('',#7486,10.);
#1840=VECTOR('',#7487,10.);
#1841=VECTOR('',#7488,10.);
#1842=VECTOR('',#7491,10.);
#1843=VECTOR('',#7492,10.);
#1844=VECTOR('',#7495,10.);
#1845=VECTOR('',#7498,10.);
#1846=VECTOR('',#7499,10.);
#1847=VECTOR('',#7500,10.);
#1848=VECTOR('',#7501,10.);
#1849=VECTOR('',#7504,10.);
#1850=VECTOR('',#7505,10.);
#1851=VECTOR('',#7506,10.);
#1852=VECTOR('',#7509,10.);
#1853=VECTOR('',#7510,10.);
#1854=VECTOR('',#7511,10.);
#1855=VECTOR('',#7514,10.);
#1856=VECTOR('',#7515,10.);
#1857=VECTOR('',#7516,10.);
#1858=VECTOR('',#7519,10.);
#1859=VECTOR('',#7520,10.);
#1860=VECTOR('',#7521,10.);
#1861=VECTOR('',#7524,10.);
#1862=VECTOR('',#7525,10.);
#1863=VECTOR('',#7526,10.);
#1864=VECTOR('',#7529,10.);
#1865=VECTOR('',#7530,10.);
#1866=VECTOR('',#7531,10.);
#1867=VECTOR('',#7534,10.);
#1868=VECTOR('',#7535,10.);
#1869=VECTOR('',#7542,10.);
#1870=VECTOR('',#7543,10.);
#1871=VECTOR('',#7544,10.);
#1872=VECTOR('',#7547,10.);
#1873=VECTOR('',#7548,10.);
#1874=VECTOR('',#7551,10.);
#1875=VECTOR('',#7552,10.);
#1876=VECTOR('',#7555,10.);
#1877=VECTOR('',#7556,10.);
#1878=VECTOR('',#7559,10.);
#1879=VECTOR('',#7560,10.);
#1880=VECTOR('',#7563,10.);
#1881=VECTOR('',#7564,10.);
#1882=VECTOR('',#7567,10.);
#1883=VECTOR('',#7568,10.);
#1884=VECTOR('',#7571,10.);
#1885=VECTOR('',#7576,0.95);
#1886=VECTOR('',#7583,0.95);
#1887=VECTOR('',#7590,2.75);
#1888=VECTOR('',#7593,10.);
#1889=VECTOR('',#7594,10.);
#1890=VECTOR('',#7595,10.);
#1891=VECTOR('',#7600,10.);
#1892=VECTOR('',#7603,10.);
#1893=VECTOR('',#7604,10.);
#1894=VECTOR('',#7607,10.);
#1895=VECTOR('',#7608,10.);
#1896=VECTOR('',#7611,10.);
#1897=VECTOR('',#7612,10.);
#1898=VECTOR('',#7615,10.);
#1899=VECTOR('',#7616,10.);
#1900=VECTOR('',#7619,10.);
#1901=VECTOR('',#7620,10.);
#1902=VECTOR('',#7637,10.);
#1903=VECTOR('',#7640,10.);
#1904=VECTOR('',#7643,10.);
#1905=VECTOR('',#7646,10.);
#1906=VECTOR('',#7653,2.95);
#1907=VECTOR('',#7658,10.);
#1908=VECTOR('',#7659,10.);
#1909=VECTOR('',#7660,10.);
#1910=VECTOR('',#7665,10.);
#1911=VECTOR('',#7668,10.);
#1912=VECTOR('',#7669,10.);
#1913=VECTOR('',#7674,10.);
#1914=VECTOR('',#7677,10.);
#1915=VECTOR('',#7678,10.);
#1916=VECTOR('',#7683,10.);
#1917=VECTOR('',#7686,10.);
#1918=VECTOR('',#7687,10.);
#1919=VECTOR('',#7694,1.75);
#1920=VECTOR('',#7733,10.);
#1921=VECTOR('',#7734,10.);
#1922=VECTOR('',#7739,10.);
#1923=VECTOR('',#7740,10.);
#1924=VECTOR('',#7747,10.);
#1925=VECTOR('',#7748,10.);
#1926=VECTOR('',#7751,10.);
#1927=VECTOR('',#7752,10.);
#1928=VECTOR('',#7755,10.);
#1929=VECTOR('',#7756,10.);
#1930=VECTOR('',#7759,10.);
#1931=VECTOR('',#7762,10.);
#1932=VECTOR('',#7763,10.);
#1933=VECTOR('',#7768,10.);
#1934=VECTOR('',#7769,10.);
#1935=VECTOR('',#7770,10.);
#1936=VECTOR('',#7775,10.);
#1937=VECTOR('',#7776,10.);
#1938=VECTOR('',#7781,10.);
#1939=VECTOR('',#7782,10.);
#1940=VECTOR('',#7787,10.);
#1941=VECTOR('',#7788,10.);
#1942=VECTOR('',#7793,10.);
#1943=VECTOR('',#7798,10.);
#1944=VECTOR('',#7799,10.);
#1945=VECTOR('',#7800,10.);
#1946=VECTOR('',#7811,10.);
#1947=VECTOR('',#7812,10.);
#1948=VECTOR('',#7815,10.);
#1949=VECTOR('',#7818,10.);
#1950=VECTOR('',#7855,10.);
#1951=VECTOR('',#7856,10.);
#1952=VECTOR('',#7859,10.);
#1953=VECTOR('',#7860,10.);
#1954=VECTOR('',#7865,10.);
#1955=VECTOR('',#7866,10.);
#1956=VECTOR('',#7869,10.);
#1957=VECTOR('',#7870,10.);
#1958=VECTOR('',#7881,10.);
#1959=VECTOR('',#7884,10.);
#1960=VECTOR('',#7887,10.);
#1961=VECTOR('',#7894,10.);
#1962=VECTOR('',#7895,10.);
#1963=VECTOR('',#7926,10.);
#1964=VECTOR('',#7927,10.);
#1965=VECTOR('',#7932,10.);
#1966=VECTOR('',#7933,10.);
#1967=VECTOR('',#7936,10.);
#1968=VECTOR('',#7937,10.);
#1969=VECTOR('',#7942,10.);
#1970=VECTOR('',#7943,10.);
#1971=VECTOR('',#7954,10.);
#1972=VECTOR('',#7955,10.);
#1973=VECTOR('',#7960,10.);
#1974=VECTOR('',#7961,10.);
#1975=VECTOR('',#7964,10.);
#1976=VECTOR('',#7967,10.);
#1977=VECTOR('',#8004,10.);
#1978=VECTOR('',#8005,10.);
#1979=VECTOR('',#8008,10.);
#1980=VECTOR('',#8009,10.);
#1981=VECTOR('',#8014,10.);
#1982=VECTOR('',#8015,10.);
#1983=VECTOR('',#8020,10.);
#1984=VECTOR('',#8021,10.);
#1985=VECTOR('',#8046,10.);
#1986=VECTOR('',#8051,10.);
#1987=VECTOR('',#8080,10.);
#1988=VECTOR('',#8081,10.);
#1989=VECTOR('',#8086,10.);
#1990=VECTOR('',#8087,10.);
#1991=VECTOR('',#8090,10.);
#1992=VECTOR('',#8091,10.);
#1993=VECTOR('',#8096,10.);
#1994=VECTOR('',#8097,10.);
#1995=VECTOR('',#8108,10.);
#1996=VECTOR('',#8109,10.);
#1997=VECTOR('',#8114,10.);
#1998=VECTOR('',#8115,10.);
#1999=VECTOR('',#8118,10.);
#2000=VECTOR('',#8121,10.);
#2001=VECTOR('',#8144,10.);
#2002=VECTOR('',#8145,10.);
#2003=VECTOR('',#8156,10.);
#2004=VECTOR('',#8157,10.);
#2005=VECTOR('',#8168,10.);
#2006=VECTOR('',#8169,10.);
#2007=VECTOR('',#8172,10.);
#2008=VECTOR('',#8173,10.);
#2009=VECTOR('',#8182,10.);
#2010=VECTOR('',#8189,10.);
#2011=VECTOR('',#8226,10.);
#2012=VECTOR('',#8227,10.);
#2013=VECTOR('',#8230,10.);
#2014=VECTOR('',#8231,10.);
#2015=VECTOR('',#8236,10.);
#2016=VECTOR('',#8237,10.);
#2017=VECTOR('',#8242,10.);
#2018=VECTOR('',#8243,10.);
#2019=VECTOR('',#8270,10.);
#2020=VECTOR('',#8273,10.);
#2021=VECTOR('',#8276,10.);
#2022=VECTOR('',#8281,10.);
#2023=VECTOR('',#8282,10.);
#2024=VECTOR('',#8317,10.);
#2025=VECTOR('',#8318,10.);
#2026=VECTOR('',#8321,10.);
#2027=VECTOR('',#8322,10.);
#2028=VECTOR('',#8327,10.);
#2029=VECTOR('',#8328,10.);
#2030=VECTOR('',#8331,10.);
#2031=VECTOR('',#8332,10.);
#2032=VECTOR('',#8341,10.);
#2033=VECTOR('',#8348,10.);
#2034=VECTOR('',#8359,10.);
#2035=VECTOR('',#8362,10.);
#2036=VECTOR('',#8365,10.);
#2037=VECTOR('',#8368,10.);
#2038=VECTOR('',#8373,1.75);
#2039=VECTOR('',#8376,10.);
#2040=VECTOR('',#8379,10.);
#2041=VECTOR('',#8382,10.);
#2042=VECTOR('',#8383,10.);
#2043=VECTOR('',#8386,10.);
#2044=VECTOR('',#8391,10.);
#2045=VECTOR('',#8392,10.);
#2046=VECTOR('',#8395,10.);
#2047=VECTOR('',#8400,10.);
#2048=VECTOR('',#8401,10.);
#2049=VECTOR('',#8404,10.);
#2050=VECTOR('',#8409,10.);
#2051=VECTOR('',#8414,10.);
#2052=VECTOR('',#8415,10.);
#2053=VECTOR('',#8420,10.);
#2054=VECTOR('',#8427,10.);
#2055=VECTOR('',#8432,10.);
#2056=VECTOR('',#8439,10.);
#2057=VECTOR('',#8446,10.);
#2058=VECTOR('',#8451,10.);
#2059=VECTOR('',#8456,10.);
#2060=VECTOR('',#8463,10.);
#2061=VECTOR('',#8470,10.);
#2062=VECTOR('',#8477,10.);
#2063=VECTOR('',#8484,10.);
#2064=VECTOR('',#8491,10.);
#2065=VECTOR('',#8498,10.);
#2066=VECTOR('',#8505,10.);
#2067=VECTOR('',#8518,10.);
#2068=VECTOR('',#8525,10.);
#2069=VECTOR('',#8532,10.);
#2070=VECTOR('',#8539,10.);
#2071=VECTOR('',#8546,10.);
#2072=VECTOR('',#8553,10.);
#2073=VECTOR('',#8560,10.);
#2074=VECTOR('',#8569,10.);
#2075=VECTOR('',#8574,10.);
#2076=VECTOR('',#8579,10.);
#2077=VECTOR('',#8586,10.);
#2078=VECTOR('',#8593,10.);
#2079=VECTOR('',#8600,10.);
#2080=VECTOR('',#8607,10.);
#2081=VECTOR('',#8614,10.);
#2082=VECTOR('',#8621,10.);
#2083=VECTOR('',#8628,10.);
#2084=VECTOR('',#8641,10.);
#2085=VECTOR('',#8648,10.);
#2086=VECTOR('',#8655,10.);
#2087=VECTOR('',#8662,10.);
#2088=VECTOR('',#8669,10.);
#2089=VECTOR('',#8676,10.);
#2090=VECTOR('',#8683,10.);
#2091=VECTOR('',#8696,10.);
#2092=VECTOR('',#8701,10.);
#2093=VECTOR('',#8708,10.);
#2094=VECTOR('',#8713,10.);
#2095=VECTOR('',#8720,10.);
#2096=VECTOR('',#8725,10.);
#2097=VECTOR('',#8732,10.);
#2098=VECTOR('',#8743,10.);
#2099=VECTOR('',#8750,10.);
#2100=VECTOR('',#8757,10.);
#2101=VECTOR('',#8764,10.);
#2102=VECTOR('',#8771,10.);
#2103=VECTOR('',#8778,10.);
#2104=VECTOR('',#8785,10.);
#2105=VECTOR('',#8794,10.);
#2106=VECTOR('',#8799,10.);
#2107=VECTOR('',#8804,10.);
#2108=VECTOR('',#8811,10.);
#2109=VECTOR('',#8818,10.);
#2110=VECTOR('',#8825,10.);
#2111=VECTOR('',#8832,10.);
#2112=VECTOR('',#8839,10.);
#2113=VECTOR('',#8846,10.);
#2114=VECTOR('',#8853,10.);
#2115=VECTOR('',#8866,10.);
#2116=VECTOR('',#9007,10.);
#2117=VECTOR('',#9016,10.);
#2118=VECTOR('',#9021,10.);
#2119=VECTOR('',#9024,10.);
#2120=VECTOR('',#9027,10.);
#2121=CIRCLE('',#6345,0.2);
#2122=CIRCLE('',#6346,0.2);
#2123=CIRCLE('',#6348,0.2);
#2124=CIRCLE('',#6351,0.2);
#2125=CIRCLE('',#6356,2.2);
#2126=CIRCLE('',#6357,1.2);
#2127=CIRCLE('',#6359,1.2);
#2128=CIRCLE('',#6361,2.2);
#2129=CIRCLE('',#6362,1.2);
#2130=CIRCLE('',#6364,1.2);
#2131=CIRCLE('',#6367,2.65);
#2132=CIRCLE('',#6368,2.65);
#2133=CIRCLE('',#6422,2.65);
#2134=CIRCLE('',#6423,2.65);
#2135=CIRCLE('',#6438,4.75);
#2136=CIRCLE('',#6439,1.);
#2137=CIRCLE('',#6440,5.75);
#2138=CIRCLE('',#6442,5.75);
#2139=CIRCLE('',#6444,2.75);
#2140=CIRCLE('',#6446,0.2);
#2141=CIRCLE('',#6447,0.2);
#2142=CIRCLE('',#6450,0.2);
#2143=CIRCLE('',#6452,0.2);
#2144=CIRCLE('',#6454,2.65000010807792);
#2145=CIRCLE('',#6455,2.65);
#2146=CIRCLE('',#6456,0.95);
#2147=CIRCLE('',#6457,0.95);
#2148=CIRCLE('',#6469,2.75);
#2149=CIRCLE('',#6480,0.95);
#2150=CIRCLE('',#6483,0.95);
#2151=CIRCLE('',#6488,2.65);
#2152=CIRCLE('',#6495,2.65000010807792);
#2153=CIRCLE('',#6499,2.95);
#2154=CIRCLE('',#6500,1.75);
#2155=CIRCLE('',#6502,0.5);
#2156=CIRCLE('',#6503,0.5);
#2157=CIRCLE('',#6504,0.5);
#2158=CIRCLE('',#6505,0.5);
#2159=CIRCLE('',#6507,2.95);
#2160=CIRCLE('',#6511,0.5);
#2161=CIRCLE('',#6514,0.5);
#2162=CIRCLE('',#6517,0.5);
#2163=CIRCLE('',#6520,0.5);
#2164=CIRCLE('',#6522,1.75);
#2165=CIRCLE('',#6526,0.5);
#2166=CIRCLE('',#6527,0.500000000000001);
#2167=CIRCLE('',#6528,0.500000000000001);
#2168=CIRCLE('',#6530,0.499999999999998);
#2169=CIRCLE('',#6531,0.5);
#2170=CIRCLE('',#6532,0.500000000000001);
#2171=CIRCLE('',#6534,4.05187328277809);
#2172=CIRCLE('',#6535,4.52740154092567);
#2173=CIRCLE('',#6537,0.5);
#2174=CIRCLE('',#6538,0.5);
#2175=CIRCLE('',#6539,0.500000000000001);
#2176=CIRCLE('',#6549,1.5);
#2177=CIRCLE('',#6551,1.5);
#2178=CIRCLE('',#6552,1.5);
#2179=CIRCLE('',#6554,1.5);
#2180=CIRCLE('',#6556,1.5);
#2181=CIRCLE('',#6558,1.5);
#2182=CIRCLE('',#6561,1.5);
#2183=CIRCLE('',#6562,1.5);
#2184=CIRCLE('',#6568,0.25);
#2185=CIRCLE('',#6569,0.25);
#2186=CIRCLE('',#6572,0.5);
#2187=CIRCLE('',#6573,0.5);
#2188=CIRCLE('',#6574,0.5);
#2189=CIRCLE('',#6576,0.499999999999978);
#2190=CIRCLE('',#6577,0.5);
#2191=CIRCLE('',#6578,0.500000000000001);
#2192=CIRCLE('',#6580,0.5);
#2193=CIRCLE('',#6581,0.500000000000001);
#2194=CIRCLE('',#6582,0.5);
#2195=CIRCLE('',#6584,4.05187328277809);
#2196=CIRCLE('',#6585,4.52740154092566);
#2197=CIRCLE('',#6593,0.25);
#2198=CIRCLE('',#6594,5.);
#2199=CIRCLE('',#6596,0.25);
#2200=CIRCLE('',#6598,5.);
#2201=CIRCLE('',#6604,0.500000000000007);
#2202=CIRCLE('',#6605,0.5);
#2203=CIRCLE('',#6606,0.500000000000002);
#2204=CIRCLE('',#6608,0.5);
#2205=CIRCLE('',#6609,0.500000000000001);
#2206=CIRCLE('',#6610,0.499999999999998);
#2207=CIRCLE('',#6612,0.5);
#2208=CIRCLE('',#6613,0.5);
#2209=CIRCLE('',#6614,0.5);
#2210=CIRCLE('',#6622,4.05187328277809);
#2211=CIRCLE('',#6623,4.52740154092567);
#2212=CIRCLE('',#6629,0.25);
#2213=CIRCLE('',#6630,0.25);
#2214=CIRCLE('',#6633,0.5);
#2215=CIRCLE('',#6634,0.5);
#2216=CIRCLE('',#6635,0.5);
#2217=CIRCLE('',#6637,0.499999999999998);
#2218=CIRCLE('',#6638,0.5);
#2219=CIRCLE('',#6639,0.5);
#2220=CIRCLE('',#6641,0.5);
#2221=CIRCLE('',#6642,0.500000000000001);
#2222=CIRCLE('',#6643,0.500000000000002);
#2223=CIRCLE('',#6645,4.05187328277809);
#2224=CIRCLE('',#6646,4.52740154092566);
#2225=CIRCLE('',#6654,5.);
#2226=CIRCLE('',#6655,5.);
#2227=CIRCLE('',#6656,5.);
#2228=CIRCLE('',#6657,5.);
#2229=CIRCLE('',#6658,5.);
#2230=CIRCLE('',#6659,5.);
#2231=CIRCLE('',#6660,5.);
#2232=CIRCLE('',#6661,5.);
#2233=CIRCLE('',#6662,5.);
#2234=CIRCLE('',#6665,5.);
#2235=CIRCLE('',#6669,0.499999999999995);
#2236=CIRCLE('',#6670,0.5);
#2237=CIRCLE('',#6671,0.500000000000001);
#2238=CIRCLE('',#6673,0.5);
#2239=CIRCLE('',#6674,0.5);
#2240=CIRCLE('',#6675,0.499999999999997);
#2241=CIRCLE('',#6677,0.5);
#2242=CIRCLE('',#6678,0.5);
#2243=CIRCLE('',#6679,0.500000000000001);
#2244=CIRCLE('',#6687,4.05187328277809);
#2245=CIRCLE('',#6688,4.52740154092567);
#2246=CIRCLE('',#6694,0.25);
#2247=CIRCLE('',#6695,0.25);
#2248=CIRCLE('',#6698,0.5);
#2249=CIRCLE('',#6699,0.499999999999999);
#2250=CIRCLE('',#6700,0.5);
#2251=CIRCLE('',#6702,0.5);
#2252=CIRCLE('',#6703,0.5);
#2253=CIRCLE('',#6704,0.500000000000007);
#2254=CIRCLE('',#6707,0.499999999999999);
#2255=CIRCLE('',#6708,0.5);
#2256=CIRCLE('',#6709,0.5);
#2257=CIRCLE('',#6712,4.05187328277809);
#2258=CIRCLE('',#6713,4.52740154092567);
#2259=CIRCLE('',#6719,5.);
#2260=CIRCLE('',#6721,5.);
#2261=CIRCLE('',#6727,0.5);
#2262=CIRCLE('',#6728,0.5);
#2263=CIRCLE('',#6729,0.500000000000001);
#2264=CIRCLE('',#6731,0.500000000000001);
#2265=CIRCLE('',#6732,0.5);
#2266=CIRCLE('',#6733,0.500000000000001);
#2267=CIRCLE('',#6735,0.5);
#2268=CIRCLE('',#6736,0.500000000000001);
#2269=CIRCLE('',#6737,0.5);
#2270=CIRCLE('',#6739,4.05187328277809);
#2271=CIRCLE('',#6740,4.52740154092567);
#2272=CIRCLE('',#6748,5.);
#2273=CIRCLE('',#6749,5.);
#2274=CIRCLE('',#6750,5.);
#2275=CIRCLE('',#6751,5.);
#2276=CIRCLE('',#6752,5.);
#2277=CIRCLE('',#6753,5.);
#2278=CIRCLE('',#6754,5.);
#2279=CIRCLE('',#6755,5.);
#2280=CIRCLE('',#6756,5.);
#2281=CIRCLE('',#6758,0.25);
#2282=CIRCLE('',#6760,0.25);
#2283=CIRCLE('',#6762,5.);
#2284=CIRCLE('',#6766,0.5);
#2285=CIRCLE('',#6767,0.5);
#2286=CIRCLE('',#6768,0.5);
#2287=CIRCLE('',#6770,0.5);
#2288=CIRCLE('',#6771,0.5);
#2289=CIRCLE('',#6772,0.500000000000001);
#2290=CIRCLE('',#6774,0.5);
#2291=CIRCLE('',#6775,0.500000000000002);
#2292=CIRCLE('',#6776,0.5);
#2293=CIRCLE('',#6778,4.05187328277809);
#2294=CIRCLE('',#6779,4.52740154092567);
#2295=CIRCLE('',#6787,5.);
#2296=CIRCLE('',#6789,5.);
#2297=CIRCLE('',#6795,1.75);
#2298=CIRCLE('',#6796,0.5);
#2299=CIRCLE('',#6797,0.5);
#2300=CIRCLE('',#6798,0.5);
#2301=CIRCLE('',#6799,0.5);
#2302=CIRCLE('',#6801,1.75);
#2303=CIRCLE('',#6803,0.5);
#2304=CIRCLE('',#6806,0.5);
#2305=CIRCLE('',#6809,0.5);
#2306=CIRCLE('',#6812,0.5);
#2307=CIRCLE('',#6815,5.);
#2308=CIRCLE('',#6817,0.25);
#2309=CIRCLE('',#6818,0.25);
#2310=CIRCLE('',#6820,5.);
#2311=CIRCLE('',#6822,0.25);
#2312=CIRCLE('',#6823,0.25);
#2313=CIRCLE('',#6825,5.);
#2314=CIRCLE('',#6827,0.25);
#2315=CIRCLE('',#6828,0.25);
#2316=CIRCLE('',#6830,5.);
#2317=CIRCLE('',#6832,0.25);
#2318=CIRCLE('',#6833,0.25);
#2319=CIRCLE('',#6835,5.);
#2320=CIRCLE('',#6836,5.);
#2321=CIRCLE('',#6838,0.25);
#2322=CIRCLE('',#6839,0.25);
#2323=CIRCLE('',#6841,5.);
#2324=CIRCLE('',#6842,5.);
#2325=CIRCLE('',#6844,0.25);
#2326=CIRCLE('',#6845,0.25);
#2327=CIRCLE('',#6847,5.);
#2328=CIRCLE('',#6848,5.);
#2329=CIRCLE('',#6850,0.25);
#2330=CIRCLE('',#6851,0.25);
#2331=CIRCLE('',#6853,5.);
#2332=CIRCLE('',#6854,5.);
#2333=CIRCLE('',#6856,0.25);
#2334=CIRCLE('',#6857,0.25);
#2335=CIRCLE('',#6859,5.);
#2336=CIRCLE('',#6860,5.);
#2337=CIRCLE('',#6862,0.25);
#2338=CIRCLE('',#6863,0.25);
#2339=CIRCLE('',#6865,5.);
#2340=CIRCLE('',#6866,5.);
#2341=CIRCLE('',#6868,0.25);
#2342=CIRCLE('',#6869,0.25);
#2343=CIRCLE('',#6871,5.);
#2344=CIRCLE('',#6872,5.);
#2345=CIRCLE('',#6874,0.25);
#2346=CIRCLE('',#6875,0.25);
#2347=CIRCLE('',#6877,5.);
#2348=CIRCLE('',#6878,5.);
#2349=CIRCLE('',#6880,0.25);
#2350=CIRCLE('',#6881,0.25);
#2351=CIRCLE('',#6883,5.);
#2352=CIRCLE('',#6885,0.25);
#2353=CIRCLE('',#6886,0.25);
#2354=CIRCLE('',#6888,5.);
#2355=CIRCLE('',#6889,5.);
#2356=CIRCLE('',#6891,0.25);
#2357=CIRCLE('',#6892,0.25);
#2358=CIRCLE('',#6894,5.);
#2359=CIRCLE('',#6895,5.);
#2360=CIRCLE('',#6897,0.25);
#2361=CIRCLE('',#6898,0.25);
#2362=CIRCLE('',#6900,5.);
#2363=CIRCLE('',#6901,5.);
#2364=CIRCLE('',#6903,0.25);
#2365=CIRCLE('',#6904,0.25);
#2366=CIRCLE('',#6906,5.);
#2367=CIRCLE('',#6907,5.);
#2368=CIRCLE('',#6909,0.25);
#2369=CIRCLE('',#6910,0.25);
#2370=CIRCLE('',#6912,5.);
#2371=CIRCLE('',#6913,5.);
#2372=CIRCLE('',#6915,0.25);
#2373=CIRCLE('',#6916,0.25);
#2374=CIRCLE('',#6918,5.);
#2375=CIRCLE('',#6919,5.);
#2376=CIRCLE('',#6921,0.25);
#2377=CIRCLE('',#6922,0.25);
#2378=CIRCLE('',#6924,5.);
#2379=CIRCLE('',#6925,5.);
#2380=CIRCLE('',#6927,0.25);
#2381=CIRCLE('',#6928,0.25);
#2382=CIRCLE('',#6930,5.);
#2383=CIRCLE('',#6931,5.);
#2384=CIRCLE('',#6933,0.25);
#2385=CIRCLE('',#6934,0.25);
#2386=CIRCLE('',#6936,5.);
#2387=CIRCLE('',#6938,0.25);
#2388=CIRCLE('',#6939,0.25);
#2389=CIRCLE('',#6941,5.);
#2390=CIRCLE('',#6943,0.25);
#2391=CIRCLE('',#6944,0.25);
#2392=CIRCLE('',#6946,5.);
#2393=CIRCLE('',#6948,0.25);
#2394=CIRCLE('',#6949,0.25);
#2395=CIRCLE('',#6951,5.);
#2396=CIRCLE('',#6953,0.25);
#2397=CIRCLE('',#6954,0.25);
#2398=CIRCLE('',#6956,5.);
#2399=CIRCLE('',#6957,5.);
#2400=CIRCLE('',#6959,0.25);
#2401=CIRCLE('',#6960,0.25);
#2402=CIRCLE('',#6962,5.);
#2403=CIRCLE('',#6963,5.);
#2404=CIRCLE('',#6965,0.25);
#2405=CIRCLE('',#6966,0.25);
#2406=CIRCLE('',#6968,5.);
#2407=CIRCLE('',#6969,5.);
#2408=CIRCLE('',#6971,0.25);
#2409=CIRCLE('',#6972,0.25);
#2410=CIRCLE('',#6974,5.);
#2411=CIRCLE('',#6975,5.);
#2412=CIRCLE('',#6977,0.25);
#2413=CIRCLE('',#6978,0.25);
#2414=CIRCLE('',#6980,5.);
#2415=CIRCLE('',#6982,0.25);
#2416=CIRCLE('',#6983,0.25);
#2417=CIRCLE('',#6985,5.);
#2418=CIRCLE('',#6986,5.);
#2419=CIRCLE('',#6988,0.25);
#2420=CIRCLE('',#6989,0.25);
#2421=CIRCLE('',#6991,5.);
#2422=CIRCLE('',#6992,5.);
#2423=CIRCLE('',#6994,0.25);
#2424=CIRCLE('',#6995,0.25);
#2425=CIRCLE('',#6997,5.);
#2426=CIRCLE('',#6998,5.);
#2427=CIRCLE('',#7000,0.25);
#2428=CIRCLE('',#7001,0.25);
#2429=CIRCLE('',#7003,5.);
#2430=CIRCLE('',#7004,5.);
#2431=CIRCLE('',#7006,0.25);
#2432=CIRCLE('',#7007,0.25);
#2433=CIRCLE('',#7009,5.);
#2434=CIRCLE('',#7011,0.25);
#2435=CIRCLE('',#7012,0.25);
#2436=CIRCLE('',#7016,5.);
#2437=CIRCLE('',#7018,5.);
#2438=CIRCLE('',#7020,5.);
#2439=CIRCLE('',#7022,5.);
#2440=CIRCLE('',#7024,5.);
#2441=CIRCLE('',#7026,5.);
#2442=CIRCLE('',#7028,5.);
#2443=CIRCLE('',#7030,5.);
#2444=CIRCLE('',#7033,5.);
#2445=CIRCLE('',#7037,5.);
#2446=CIRCLE('',#7040,5.);
#2447=CIRCLE('',#7042,5.);
#2448=CIRCLE('',#7044,5.);
#2449=CIRCLE('',#7046,5.);
#2450=CIRCLE('',#7048,5.);
#2451=CIRCLE('',#7050,5.);
#2452=CIRCLE('',#7052,5.);
#2453=CIRCLE('',#7054,5.);
#2454=CIRCLE('',#7056,5.);
#2455=CIRCLE('',#7058,5.);
#2456=CIRCLE('',#7060,5.);
#2457=CIRCLE('',#7062,5.);
#2458=CIRCLE('',#7064,5.);
#2459=CIRCLE('',#7066,5.);
#2460=CIRCLE('',#7068,5.);
#2461=CIRCLE('',#7070,5.);
#2462=CIRCLE('',#7073,5.);
#2463=VERTEX_POINT('',#9063);
#2464=VERTEX_POINT('',#9064);
#2465=VERTEX_POINT('',#9066);
#2466=VERTEX_POINT('',#9068);
#2467=VERTEX_POINT('',#9072);
#2468=VERTEX_POINT('',#9074);
#2469=VERTEX_POINT('',#9076);
#2470=VERTEX_POINT('',#9078);
#2471=VERTEX_POINT('',#9082);
#2472=VERTEX_POINT('',#9086);
#2473=VERTEX_POINT('',#9090);
#2474=VERTEX_POINT('',#9092);
#2475=VERTEX_POINT('',#9100);
#2476=VERTEX_POINT('',#9102);
#2477=VERTEX_POINT('',#9106);
#2478=VERTEX_POINT('',#9110);
#2479=VERTEX_POINT('',#9112);
#2480=VERTEX_POINT('',#9116);
#2481=VERTEX_POINT('',#9120);
#2482=VERTEX_POINT('',#9121);
#2483=VERTEX_POINT('',#9123);
#2484=VERTEX_POINT('',#9125);
#2485=VERTEX_POINT('',#9129);
#2486=VERTEX_POINT('',#9131);
#2487=VERTEX_POINT('',#9133);
#2488=VERTEX_POINT('',#9135);
#2489=VERTEX_POINT('',#9137);
#2490=VERTEX_POINT('',#9139);
#2491=VERTEX_POINT('',#9141);
#2492=VERTEX_POINT('',#9143);
#2493=VERTEX_POINT('',#9146);
#2494=VERTEX_POINT('',#9147);
#2495=VERTEX_POINT('',#9149);
#2496=VERTEX_POINT('',#9151);
#2497=VERTEX_POINT('',#9154);
#2498=VERTEX_POINT('',#9155);
#2499=VERTEX_POINT('',#9157);
#2500=VERTEX_POINT('',#9159);
#2501=VERTEX_POINT('',#9163);
#2502=VERTEX_POINT('',#9165);
#2503=VERTEX_POINT('',#9169);
#2504=VERTEX_POINT('',#9171);
#2505=VERTEX_POINT('',#9175);
#2506=VERTEX_POINT('',#9177);
#2507=VERTEX_POINT('',#9181);
#2508=VERTEX_POINT('',#9185);
#2509=VERTEX_POINT('',#9189);
#2510=VERTEX_POINT('',#9191);
#2511=VERTEX_POINT('',#9195);
#2512=VERTEX_POINT('',#9197);
#2513=VERTEX_POINT('',#9203);
#2514=VERTEX_POINT('',#9204);
#2515=VERTEX_POINT('',#9206);
#2516=VERTEX_POINT('',#9210);
#2517=VERTEX_POINT('',#9211);
#2518=VERTEX_POINT('',#9213);
#2519=VERTEX_POINT('',#9220);
#2520=VERTEX_POINT('',#9221);
#2521=VERTEX_POINT('',#9223);
#2522=VERTEX_POINT('',#9227);
#2523=VERTEX_POINT('',#9229);
#2524=VERTEX_POINT('',#9231);
#2525=VERTEX_POINT('',#9245);
#2526=VERTEX_POINT('',#9246);
#2527=VERTEX_POINT('',#9248);
#2528=VERTEX_POINT('',#9252);
#2529=VERTEX_POINT('',#9253);
#2530=VERTEX_POINT('',#9255);
#2531=VERTEX_POINT('',#9262);
#2532=VERTEX_POINT('',#9263);
#2533=VERTEX_POINT('',#9265);
#2534=VERTEX_POINT('',#9269);
#2535=VERTEX_POINT('',#9271);
#2536=VERTEX_POINT('',#9273);
#2537=VERTEX_POINT('',#9287);
#2538=VERTEX_POINT('',#9288);
#2539=VERTEX_POINT('',#9290);
#2540=VERTEX_POINT('',#9292);
#2541=VERTEX_POINT('',#9296);
#2542=VERTEX_POINT('',#9298);
#2543=VERTEX_POINT('',#9303);
#2544=VERTEX_POINT('',#9305);
#2545=VERTEX_POINT('',#9307);
#2546=VERTEX_POINT('',#9309);
#2547=VERTEX_POINT('',#9311);
#2548=VERTEX_POINT('',#9315);
#2549=VERTEX_POINT('',#9316);
#2550=VERTEX_POINT('',#9321);
#2551=VERTEX_POINT('',#9325);
#2552=VERTEX_POINT('',#9329);
#2553=VERTEX_POINT('',#9335);
#2554=VERTEX_POINT('',#9337);
#2555=VERTEX_POINT('',#9339);
#2556=VERTEX_POINT('',#9341);
#2557=VERTEX_POINT('',#9343);
#2558=VERTEX_POINT('',#9345);
#2559=VERTEX_POINT('',#9347);
#2560=VERTEX_POINT('',#9349);
#2561=VERTEX_POINT('',#9354);
#2562=VERTEX_POINT('',#9355);
#2563=VERTEX_POINT('',#9360);
#2564=VERTEX_POINT('',#9364);
#2565=VERTEX_POINT('',#9385);
#2566=VERTEX_POINT('',#9387);
#2567=VERTEX_POINT('',#9391);
#2568=VERTEX_POINT('',#9395);
#2569=VERTEX_POINT('',#9398);
#2570=VERTEX_POINT('',#9399);
#2571=VERTEX_POINT('',#9401);
#2572=VERTEX_POINT('',#9403);
#2573=VERTEX_POINT('',#9407);
#2574=VERTEX_POINT('',#9409);
#2575=VERTEX_POINT('',#9413);
#2576=VERTEX_POINT('',#9415);
#2577=VERTEX_POINT('',#9417);
#2578=VERTEX_POINT('',#9421);
#2579=VERTEX_POINT('',#9425);
#2580=VERTEX_POINT('',#9427);
#2581=VERTEX_POINT('',#9429);
#2582=VERTEX_POINT('',#9431);
#2583=VERTEX_POINT('',#9433);
#2584=VERTEX_POINT('',#9435);
#2585=VERTEX_POINT('',#9437);
#2586=VERTEX_POINT('',#9439);
#2587=VERTEX_POINT('',#9441);
#2588=VERTEX_POINT('',#9444);
#2589=VERTEX_POINT('',#9446);
#2590=VERTEX_POINT('',#9448);
#2591=VERTEX_POINT('',#9449);
#2592=VERTEX_POINT('',#9451);
#2593=VERTEX_POINT('',#9453);
#2594=VERTEX_POINT('',#9455);
#2595=VERTEX_POINT('',#9457);
#2596=VERTEX_POINT('',#9459);
#2597=VERTEX_POINT('',#9461);
#2598=VERTEX_POINT('',#9465);
#2599=VERTEX_POINT('',#9471);
#2600=VERTEX_POINT('',#9472);
#2601=VERTEX_POINT('',#9474);
#2602=VERTEX_POINT('',#9476);
#2603=VERTEX_POINT('',#9480);
#2604=VERTEX_POINT('',#9482);
#2605=VERTEX_POINT('',#9486);
#2606=VERTEX_POINT('',#9488);
#2607=VERTEX_POINT('',#9492);
#2608=VERTEX_POINT('',#9494);
#2609=VERTEX_POINT('',#9498);
#2610=VERTEX_POINT('',#9500);
#2611=VERTEX_POINT('',#9504);
#2612=VERTEX_POINT('',#9506);
#2613=VERTEX_POINT('',#9510);
#2614=VERTEX_POINT('',#9512);
#2615=VERTEX_POINT('',#9519);
#2616=VERTEX_POINT('',#9522);
#2617=VERTEX_POINT('',#9524);
#2618=VERTEX_POINT('',#9528);
#2619=VERTEX_POINT('',#9532);
#2620=VERTEX_POINT('',#9536);
#2621=VERTEX_POINT('',#9540);
#2622=VERTEX_POINT('',#9544);
#2623=VERTEX_POINT('',#9548);
#2624=VERTEX_POINT('',#9555);
#2625=VERTEX_POINT('',#9560);
#2626=VERTEX_POINT('',#9567);
#2627=VERTEX_POINT('',#9569);
#2628=VERTEX_POINT('',#9573);
#2629=VERTEX_POINT('',#9577);
#2630=VERTEX_POINT('',#9581);
#2631=VERTEX_POINT('',#9585);
#2632=VERTEX_POINT('',#9589);
#2633=VERTEX_POINT('',#9593);
#2634=VERTEX_POINT('',#9601);
#2635=VERTEX_POINT('',#9603);
#2636=VERTEX_POINT('',#9606);
#2637=VERTEX_POINT('',#9607);
#2638=VERTEX_POINT('',#9609);
#2639=VERTEX_POINT('',#9611);
#2640=VERTEX_POINT('',#9613);
#2641=VERTEX_POINT('',#9615);
#2642=VERTEX_POINT('',#9617);
#2643=VERTEX_POINT('',#9619);
#2644=VERTEX_POINT('',#9623);
#2645=VERTEX_POINT('',#9628);
#2646=VERTEX_POINT('',#9629);
#2647=VERTEX_POINT('',#9634);
#2648=VERTEX_POINT('',#9638);
#2649=VERTEX_POINT('',#9642);
#2650=VERTEX_POINT('',#9646);
#2651=VERTEX_POINT('',#9650);
#2652=VERTEX_POINT('',#9654);
#2653=VERTEX_POINT('',#9660);
#2654=VERTEX_POINT('',#9666);
#2655=VERTEX_POINT('',#9667);
#2656=VERTEX_POINT('',#9669);
#2657=VERTEX_POINT('',#9673);
#2658=VERTEX_POINT('',#9674);
#2659=VERTEX_POINT('',#9676);
#2660=VERTEX_POINT('',#9683);
#2661=VERTEX_POINT('',#9684);
#2662=VERTEX_POINT('',#9686);
#2663=VERTEX_POINT('',#9693);
#2664=VERTEX_POINT('',#9694);
#2665=VERTEX_POINT('',#9696);
#2666=VERTEX_POINT('',#9700);
#2667=VERTEX_POINT('',#9701);
#2668=VERTEX_POINT('',#9703);
#2669=VERTEX_POINT('',#9742);
#2670=VERTEX_POINT('',#9743);
#2671=VERTEX_POINT('',#9773);
#2672=VERTEX_POINT('',#9778);
#2673=VERTEX_POINT('',#9787);
#2674=VERTEX_POINT('',#9823);
#2675=VERTEX_POINT('',#9824);
#2676=VERTEX_POINT('',#9835);
#2677=VERTEX_POINT('',#9848);
#2678=VERTEX_POINT('',#9853);
#2679=VERTEX_POINT('',#9871);
#2680=VERTEX_POINT('',#9875);
#2681=VERTEX_POINT('',#9877);
#2682=VERTEX_POINT('',#9879);
#2683=VERTEX_POINT('',#9881);
#2684=VERTEX_POINT('',#9883);
#2685=VERTEX_POINT('',#9885);
#2686=VERTEX_POINT('',#9887);
#2687=VERTEX_POINT('',#9889);
#2688=VERTEX_POINT('',#9891);
#2689=VERTEX_POINT('',#9893);
#2690=VERTEX_POINT('',#9895);
#2691=VERTEX_POINT('',#9897);
#2692=VERTEX_POINT('',#9899);
#2693=VERTEX_POINT('',#9901);
#2694=VERTEX_POINT('',#9903);
#2695=VERTEX_POINT('',#9905);
#2696=VERTEX_POINT('',#9907);
#2697=VERTEX_POINT('',#9909);
#2698=VERTEX_POINT('',#9911);
#2699=VERTEX_POINT('',#9913);
#2700=VERTEX_POINT('',#9915);
#2701=VERTEX_POINT('',#9917);
#2702=VERTEX_POINT('',#9919);
#2703=VERTEX_POINT('',#9921);
#2704=VERTEX_POINT('',#9923);
#2705=VERTEX_POINT('',#9925);
#2706=VERTEX_POINT('',#9927);
#2707=VERTEX_POINT('',#9929);
#2708=VERTEX_POINT('',#9931);
#2709=VERTEX_POINT('',#9933);
#2710=VERTEX_POINT('',#9939);
#2711=VERTEX_POINT('',#9943);
#2712=VERTEX_POINT('',#9944);
#2713=VERTEX_POINT('',#9955);
#2714=VERTEX_POINT('',#9957);
#2715=VERTEX_POINT('',#9959);
#2716=VERTEX_POINT('',#9961);
#2717=VERTEX_POINT('',#9971);
#2718=VERTEX_POINT('',#9972);
#2719=VERTEX_POINT('',#9974);
#2720=VERTEX_POINT('',#9978);
#2721=VERTEX_POINT('',#9979);
#2722=VERTEX_POINT('',#9981);
#2723=VERTEX_POINT('',#9985);
#2724=VERTEX_POINT('',#9986);
#2725=VERTEX_POINT('',#9988);
#2726=VERTEX_POINT('',#10014);
#2727=VERTEX_POINT('',#10015);
#2728=VERTEX_POINT('',#10031);
#2729=VERTEX_POINT('',#10036);
#2730=VERTEX_POINT('',#10079);
#2731=VERTEX_POINT('',#10080);
#2732=VERTEX_POINT('',#10110);
#2733=VERTEX_POINT('',#10115);
#2734=VERTEX_POINT('',#10124);
#2735=VERTEX_POINT('',#10141);
#2736=VERTEX_POINT('',#10142);
#2737=VERTEX_POINT('',#10144);
#2738=VERTEX_POINT('',#10161);
#2739=VERTEX_POINT('',#10165);
#2740=VERTEX_POINT('',#10169);
#2741=VERTEX_POINT('',#10171);
#2742=VERTEX_POINT('',#10175);
#2743=VERTEX_POINT('',#10183);
#2744=VERTEX_POINT('',#10188);
#2745=VERTEX_POINT('',#10193);
#2746=VERTEX_POINT('',#10199);
#2747=VERTEX_POINT('',#10200);
#2748=VERTEX_POINT('',#10202);
#2749=VERTEX_POINT('',#10206);
#2750=VERTEX_POINT('',#10207);
#2751=VERTEX_POINT('',#10209);
#2752=VERTEX_POINT('',#10213);
#2753=VERTEX_POINT('',#10214);
#2754=VERTEX_POINT('',#10216);
#2755=VERTEX_POINT('',#10223);
#2756=VERTEX_POINT('',#10224);
#2757=VERTEX_POINT('',#10226);
#2758=VERTEX_POINT('',#10243);
#2759=VERTEX_POINT('',#10269);
#2760=VERTEX_POINT('',#10270);
#2761=VERTEX_POINT('',#10300);
#2762=VERTEX_POINT('',#10305);
#2763=VERTEX_POINT('',#10314);
#2764=VERTEX_POINT('',#10353);
#2765=VERTEX_POINT('',#10354);
#2766=VERTEX_POINT('',#10365);
#2767=VERTEX_POINT('',#10378);
#2768=VERTEX_POINT('',#10383);
#2769=VERTEX_POINT('',#10402);
#2770=VERTEX_POINT('',#10407);
#2771=VERTEX_POINT('',#10411);
#2772=VERTEX_POINT('',#10412);
#2773=VERTEX_POINT('',#10423);
#2774=VERTEX_POINT('',#10425);
#2775=VERTEX_POINT('',#10427);
#2776=VERTEX_POINT('',#10429);
#2777=VERTEX_POINT('',#10439);
#2778=VERTEX_POINT('',#10440);
#2779=VERTEX_POINT('',#10442);
#2780=VERTEX_POINT('',#10446);
#2781=VERTEX_POINT('',#10447);
#2782=VERTEX_POINT('',#10449);
#2783=VERTEX_POINT('',#10453);
#2784=VERTEX_POINT('',#10454);
#2785=VERTEX_POINT('',#10456);
#2786=VERTEX_POINT('',#10482);
#2787=VERTEX_POINT('',#10483);
#2788=VERTEX_POINT('',#10499);
#2789=VERTEX_POINT('',#10504);
#2790=VERTEX_POINT('',#10547);
#2791=VERTEX_POINT('',#10589);
#2792=VERTEX_POINT('',#10590);
#2793=VERTEX_POINT('',#10592);
#2794=VERTEX_POINT('',#10596);
#2795=VERTEX_POINT('',#10614);
#2796=VERTEX_POINT('',#10616);
#2797=VERTEX_POINT('',#10618);
#2798=VERTEX_POINT('',#10620);
#2799=VERTEX_POINT('',#10622);
#2800=VERTEX_POINT('',#10624);
#2801=VERTEX_POINT('',#10626);
#2802=VERTEX_POINT('',#10631);
#2803=VERTEX_POINT('',#10638);
#2804=VERTEX_POINT('',#10639);
#2805=VERTEX_POINT('',#10641);
#2806=VERTEX_POINT('',#10645);
#2807=VERTEX_POINT('',#10646);
#2808=VERTEX_POINT('',#10648);
#2809=VERTEX_POINT('',#10652);
#2810=VERTEX_POINT('',#10653);
#2811=VERTEX_POINT('',#10655);
#2812=VERTEX_POINT('',#10662);
#2813=VERTEX_POINT('',#10663);
#2814=VERTEX_POINT('',#10665);
#2815=VERTEX_POINT('',#10682);
#2816=VERTEX_POINT('',#10708);
#2817=VERTEX_POINT('',#10709);
#2818=VERTEX_POINT('',#10739);
#2819=VERTEX_POINT('',#10744);
#2820=VERTEX_POINT('',#10753);
#2821=VERTEX_POINT('',#10792);
#2822=VERTEX_POINT('',#10793);
#2823=VERTEX_POINT('',#10804);
#2824=VERTEX_POINT('',#10817);
#2825=VERTEX_POINT('',#10822);
#2826=VERTEX_POINT('',#10841);
#2827=VERTEX_POINT('',#10846);
#2828=VERTEX_POINT('',#10850);
#2829=VERTEX_POINT('',#10851);
#2830=VERTEX_POINT('',#10862);
#2831=VERTEX_POINT('',#10864);
#2832=VERTEX_POINT('',#10866);
#2833=VERTEX_POINT('',#10868);
#2834=VERTEX_POINT('',#10878);
#2835=VERTEX_POINT('',#10879);
#2836=VERTEX_POINT('',#10881);
#2837=VERTEX_POINT('',#10885);
#2838=VERTEX_POINT('',#10886);
#2839=VERTEX_POINT('',#10888);
#2840=VERTEX_POINT('',#10914);
#2841=VERTEX_POINT('',#10956);
#2842=VERTEX_POINT('',#10957);
#2843=VERTEX_POINT('',#10959);
#2844=VERTEX_POINT('',#10988);
#2845=VERTEX_POINT('',#10989);
#2846=VERTEX_POINT('',#11005);
#2847=VERTEX_POINT('',#11010);
#2848=VERTEX_POINT('',#11028);
#2849=VERTEX_POINT('',#11029);
#2850=VERTEX_POINT('',#11031);
#2851=VERTEX_POINT('',#11048);
#2852=VERTEX_POINT('',#11054);
#2853=VERTEX_POINT('',#11063);
#2854=VERTEX_POINT('',#11064);
#2855=VERTEX_POINT('',#11066);
#2856=VERTEX_POINT('',#11070);
#2857=VERTEX_POINT('',#11071);
#2858=VERTEX_POINT('',#11073);
#2859=VERTEX_POINT('',#11077);
#2860=VERTEX_POINT('',#11078);
#2861=VERTEX_POINT('',#11080);
#2862=VERTEX_POINT('',#11110);
#2863=VERTEX_POINT('',#11115);
#2864=VERTEX_POINT('',#11158);
#2865=VERTEX_POINT('',#11159);
#2866=VERTEX_POINT('',#11189);
#2867=VERTEX_POINT('',#11194);
#2868=VERTEX_POINT('',#11203);
#2869=VERTEX_POINT('',#11220);
#2870=VERTEX_POINT('',#11221);
#2871=VERTEX_POINT('',#11223);
#2872=VERTEX_POINT('',#11227);
#2873=VERTEX_POINT('',#11244);
#2874=VERTEX_POINT('',#11246);
#2875=VERTEX_POINT('',#11248);
#2876=VERTEX_POINT('',#11250);
#2877=VERTEX_POINT('',#11252);
#2878=VERTEX_POINT('',#11254);
#2879=VERTEX_POINT('',#11256);
#2880=VERTEX_POINT('',#11258);
#2881=VERTEX_POINT('',#11264);
#2882=VERTEX_POINT('',#11266);
#2883=VERTEX_POINT('',#11270);
#2884=VERTEX_POINT('',#11278);
#2885=VERTEX_POINT('',#11283);
#2886=VERTEX_POINT('',#11287);
#2887=VERTEX_POINT('',#11292);
#2888=VERTEX_POINT('',#11293);
#2889=VERTEX_POINT('',#11295);
#2890=VERTEX_POINT('',#11299);
#2891=VERTEX_POINT('',#11300);
#2892=VERTEX_POINT('',#11302);
#2893=VERTEX_POINT('',#11306);
#2894=VERTEX_POINT('',#11307);
#2895=VERTEX_POINT('',#11309);
#2896=VERTEX_POINT('',#11339);
#2897=VERTEX_POINT('',#11344);
#2898=VERTEX_POINT('',#11387);
#2899=VERTEX_POINT('',#11429);
#2900=VERTEX_POINT('',#11430);
#2901=VERTEX_POINT('',#11432);
#2902=VERTEX_POINT('',#11449);
#2903=VERTEX_POINT('',#11455);
#2904=VERTEX_POINT('',#11464);
#2905=VERTEX_POINT('',#11466);
#2906=VERTEX_POINT('',#11467);
#2907=VERTEX_POINT('',#11469);
#2908=VERTEX_POINT('',#11471);
#2909=VERTEX_POINT('',#11473);
#2910=VERTEX_POINT('',#11475);
#2911=VERTEX_POINT('',#11477);
#2912=VERTEX_POINT('',#11479);
#2913=VERTEX_POINT('',#11483);
#2914=VERTEX_POINT('',#11487);
#2915=VERTEX_POINT('',#11489);
#2916=VERTEX_POINT('',#11493);
#2917=VERTEX_POINT('',#11497);
#2918=VERTEX_POINT('',#11501);
#2919=VERTEX_POINT('',#11505);
#2920=VERTEX_POINT('',#11509);
#2921=VERTEX_POINT('',#11513);
#2922=VERTEX_POINT('',#11519);
#2923=VERTEX_POINT('',#11520);
#2924=VERTEX_POINT('',#11525);
#2925=VERTEX_POINT('',#11530);
#2926=VERTEX_POINT('',#11534);
#2927=VERTEX_POINT('',#11539);
#2928=VERTEX_POINT('',#11544);
#2929=VERTEX_POINT('',#11548);
#2930=VERTEX_POINT('',#11552);
#2931=VERTEX_POINT('',#11554);
#2932=VERTEX_POINT('',#11558);
#2933=VERTEX_POINT('',#11560);
#2934=VERTEX_POINT('',#11564);
#2935=VERTEX_POINT('',#11566);
#2936=VERTEX_POINT('',#11570);
#2937=VERTEX_POINT('',#11572);
#2938=VERTEX_POINT('',#11576);
#2939=VERTEX_POINT('',#11578);
#2940=VERTEX_POINT('',#11582);
#2941=VERTEX_POINT('',#11584);
#2942=VERTEX_POINT('',#11588);
#2943=VERTEX_POINT('',#11590);
#2944=VERTEX_POINT('',#11594);
#2945=VERTEX_POINT('',#11596);
#2946=VERTEX_POINT('',#11603);
#2947=VERTEX_POINT('',#11605);
#2948=VERTEX_POINT('',#11609);
#2949=VERTEX_POINT('',#11611);
#2950=VERTEX_POINT('',#11615);
#2951=VERTEX_POINT('',#11617);
#2952=VERTEX_POINT('',#11621);
#2953=VERTEX_POINT('',#11623);
#2954=VERTEX_POINT('',#11627);
#2955=VERTEX_POINT('',#11629);
#2956=VERTEX_POINT('',#11633);
#2957=VERTEX_POINT('',#11635);
#2958=VERTEX_POINT('',#11639);
#2959=VERTEX_POINT('',#11641);
#2960=VERTEX_POINT('',#11646);
#2961=VERTEX_POINT('',#11650);
#2962=VERTEX_POINT('',#11654);
#2963=VERTEX_POINT('',#11656);
#2964=VERTEX_POINT('',#11660);
#2965=VERTEX_POINT('',#11662);
#2966=VERTEX_POINT('',#11666);
#2967=VERTEX_POINT('',#11668);
#2968=VERTEX_POINT('',#11672);
#2969=VERTEX_POINT('',#11674);
#2970=VERTEX_POINT('',#11678);
#2971=VERTEX_POINT('',#11680);
#2972=VERTEX_POINT('',#11684);
#2973=VERTEX_POINT('',#11686);
#2974=VERTEX_POINT('',#11690);
#2975=VERTEX_POINT('',#11692);
#2976=VERTEX_POINT('',#11696);
#2977=VERTEX_POINT('',#11698);
#2978=VERTEX_POINT('',#11705);
#2979=VERTEX_POINT('',#11707);
#2980=VERTEX_POINT('',#11711);
#2981=VERTEX_POINT('',#11713);
#2982=VERTEX_POINT('',#11717);
#2983=VERTEX_POINT('',#11719);
#2984=VERTEX_POINT('',#11723);
#2985=VERTEX_POINT('',#11725);
#2986=VERTEX_POINT('',#11729);
#2987=VERTEX_POINT('',#11731);
#2988=VERTEX_POINT('',#11735);
#2989=VERTEX_POINT('',#11737);
#2990=VERTEX_POINT('',#11741);
#2991=VERTEX_POINT('',#11743);
#2992=VERTEX_POINT('',#11750);
#2993=VERTEX_POINT('',#11754);
#2994=VERTEX_POINT('',#11759);
#2995=VERTEX_POINT('',#11763);
#2996=VERTEX_POINT('',#11768);
#2997=VERTEX_POINT('',#11772);
#2998=VERTEX_POINT('',#11777);
#2999=VERTEX_POINT('',#11784);
#3000=VERTEX_POINT('',#11786);
#3001=VERTEX_POINT('',#11790);
#3002=VERTEX_POINT('',#11792);
#3003=VERTEX_POINT('',#11796);
#3004=VERTEX_POINT('',#11798);
#3005=VERTEX_POINT('',#11802);
#3006=VERTEX_POINT('',#11804);
#3007=VERTEX_POINT('',#11808);
#3008=VERTEX_POINT('',#11810);
#3009=VERTEX_POINT('',#11814);
#3010=VERTEX_POINT('',#11816);
#3011=VERTEX_POINT('',#11820);
#3012=VERTEX_POINT('',#11822);
#3013=VERTEX_POINT('',#11827);
#3014=VERTEX_POINT('',#11831);
#3015=VERTEX_POINT('',#11835);
#3016=VERTEX_POINT('',#11837);
#3017=VERTEX_POINT('',#11841);
#3018=VERTEX_POINT('',#11843);
#3019=VERTEX_POINT('',#11847);
#3020=VERTEX_POINT('',#11849);
#3021=VERTEX_POINT('',#11853);
#3022=VERTEX_POINT('',#11855);
#3023=VERTEX_POINT('',#11859);
#3024=VERTEX_POINT('',#11861);
#3025=VERTEX_POINT('',#11865);
#3026=VERTEX_POINT('',#11867);
#3027=VERTEX_POINT('',#11871);
#3028=VERTEX_POINT('',#11873);
#3029=VERTEX_POINT('',#11877);
#3030=VERTEX_POINT('',#11879);
#3031=VERTEX_POINT('',#11886);
#3032=EDGE_CURVE('',#2463,#2464,#2121,.T.);
#3033=EDGE_CURVE('',#2463,#2465,#1257,.T.);
#3034=EDGE_CURVE('',#2466,#2465,#2122,.T.);
#3035=EDGE_CURVE('',#2466,#2464,#1258,.T.);
#3036=EDGE_CURVE('',#2465,#2467,#1259,.T.);
#3037=EDGE_CURVE('',#2467,#2468,#2123,.T.);
#3038=EDGE_CURVE('',#2469,#2468,#1260,.T.);
#3039=EDGE_CURVE('',#2470,#2469,#1261,.T.);
#3040=EDGE_CURVE('',#2470,#2466,#1262,.F.);
#3041=EDGE_CURVE('',#2471,#2463,#1263,.T.);
#3042=EDGE_CURVE('',#2467,#2471,#1264,.T.);
#3043=EDGE_CURVE('',#2472,#2471,#2124,.T.);
#3044=EDGE_CURVE('',#2472,#2468,#1265,.T.);
#3045=EDGE_CURVE('',#2473,#2464,#1266,.T.);
#3046=EDGE_CURVE('',#2474,#2473,#1267,.T.);
#3047=EDGE_CURVE('',#2474,#2472,#1268,.T.);
#3048=EDGE_CURVE('',#2473,#2470,#1269,.F.);
#3049=EDGE_CURVE('',#2469,#2474,#1270,.T.);
#3050=EDGE_CURVE('',#2475,#2475,#2125,.T.);
#3051=EDGE_CURVE('',#2475,#2476,#1271,.T.);
#3052=EDGE_CURVE('',#2476,#2476,#2126,.T.);
#3053=EDGE_CURVE('',#2476,#2477,#1272,.T.);
#3054=EDGE_CURVE('',#2477,#2477,#2127,.T.);
#3055=EDGE_CURVE('',#2478,#2478,#2128,.T.);
#3056=EDGE_CURVE('',#2478,#2479,#1273,.T.);
#3057=EDGE_CURVE('',#2479,#2479,#2129,.T.);
#3058=EDGE_CURVE('',#2479,#2480,#1274,.T.);
#3059=EDGE_CURVE('',#2480,#2480,#2130,.T.);
#3060=EDGE_CURVE('',#2481,#2482,#1275,.T.);
#3061=EDGE_CURVE('',#2482,#2483,#1276,.T.);
#3062=EDGE_CURVE('',#2483,#2484,#1277,.T.);
#3063=EDGE_CURVE('',#2484,#2481,#1278,.T.);
#3064=EDGE_CURVE('',#2485,#2482,#2131,.T.);
#3065=EDGE_CURVE('',#2485,#2486,#1279,.T.);
#3066=EDGE_CURVE('',#2486,#2487,#1280,.T.);
#3067=EDGE_CURVE('',#2487,#2488,#1281,.T.);
#3068=EDGE_CURVE('',#2489,#2488,#2132,.T.);
#3069=EDGE_CURVE('',#2490,#2489,#1282,.T.);
#3070=EDGE_CURVE('',#2490,#2491,#1283,.T.);
#3071=EDGE_CURVE('',#2491,#2492,#1284,.T.);
#3072=EDGE_CURVE('',#2492,#2483,#1285,.T.);
#3073=EDGE_CURVE('',#2493,#2494,#1286,.T.);
#3074=EDGE_CURVE('',#2494,#2495,#1287,.T.);
#3075=EDGE_CURVE('',#2495,#2496,#1288,.T.);
#3076=EDGE_CURVE('',#2496,#2493,#1289,.T.);
#3077=EDGE_CURVE('',#2497,#2498,#1290,.T.);
#3078=EDGE_CURVE('',#2498,#2499,#1291,.T.);
#3079=EDGE_CURVE('',#2499,#2500,#1292,.T.);
#3080=EDGE_CURVE('',#2500,#2497,#1293,.T.);
#3081=EDGE_CURVE('',#2501,#2481,#1294,.T.);
#3082=EDGE_CURVE('',#2502,#2501,#1295,.T.);
#3083=EDGE_CURVE('',#2482,#2502,#1296,.T.);
#3084=EDGE_CURVE('',#2489,#2503,#1297,.T.);
#3085=EDGE_CURVE('',#2503,#2504,#1298,.T.);
#3086=EDGE_CURVE('',#2504,#2490,#1299,.T.);
#3087=EDGE_CURVE('',#2503,#2505,#1300,.T.);
#3088=EDGE_CURVE('',#2505,#2506,#1301,.T.);
#3089=EDGE_CURVE('',#2506,#2504,#1302,.T.);
#3090=EDGE_CURVE('',#2489,#2507,#1303,.T.);
#3091=EDGE_CURVE('',#2507,#2505,#1304,.T.);
#3092=EDGE_CURVE('',#2508,#2507,#1305,.T.);
#3093=EDGE_CURVE('',#2508,#2506,#1306,.T.);
#3094=EDGE_CURVE('',#2507,#2509,#1307,.T.);
#3095=EDGE_CURVE('',#2510,#2509,#1308,.T.);
#3096=EDGE_CURVE('',#2508,#2510,#1309,.T.);
#3097=EDGE_CURVE('',#2502,#2511,#1310,.T.);
#3098=EDGE_CURVE('',#2512,#2501,#1311,.T.);
#3099=EDGE_CURVE('',#2511,#2512,#1312,.T.);
#3100=EDGE_CURVE('',#2484,#2512,#1313,.T.);
#3101=EDGE_CURVE('',#2513,#2514,#1314,.T.);
#3102=EDGE_CURVE('',#2515,#2513,#230,.F.);
#3103=EDGE_CURVE('',#2515,#2514,#231,.T.);
#3104=EDGE_CURVE('',#2516,#2517,#1315,.T.);
#3105=EDGE_CURVE('',#2518,#2516,#232,.T.);
#3106=EDGE_CURVE('',#2518,#2517,#233,.F.);
#3107=EDGE_CURVE('',#2517,#2513,#1316,.T.);
#3108=EDGE_CURVE('',#2514,#2516,#1317,.T.);
#3109=EDGE_CURVE('',#2519,#2520,#234,.T.);
#3110=EDGE_CURVE('',#2521,#2520,#235,.F.);
#3111=EDGE_CURVE('',#2519,#2521,#1318,.T.);
#3112=EDGE_CURVE('',#2522,#2519,#1319,.T.);
#3113=EDGE_CURVE('',#2523,#2522,#236,.F.);
#3114=EDGE_CURVE('',#2523,#2524,#237,.T.);
#3115=EDGE_CURVE('',#2521,#2524,#1320,.T.);
#3116=EDGE_CURVE('',#2524,#2522,#1321,.T.);
#3117=EDGE_CURVE('',#2498,#2519,#1322,.T.);
#3118=EDGE_CURVE('',#2497,#2522,#1323,.F.);
#3119=EDGE_CURVE('',#2500,#2524,#1324,.T.);
#3120=EDGE_CURVE('',#2499,#2521,#1325,.F.);
#3121=EDGE_CURVE('',#2525,#2526,#1326,.T.);
#3122=EDGE_CURVE('',#2527,#2525,#238,.T.);
#3123=EDGE_CURVE('',#2527,#2526,#239,.F.);
#3124=EDGE_CURVE('',#2528,#2529,#1327,.T.);
#3125=EDGE_CURVE('',#2530,#2528,#240,.F.);
#3126=EDGE_CURVE('',#2530,#2529,#241,.T.);
#3127=EDGE_CURVE('',#2529,#2525,#1328,.T.);
#3128=EDGE_CURVE('',#2526,#2528,#1329,.T.);
#3129=EDGE_CURVE('',#2531,#2532,#242,.T.);
#3130=EDGE_CURVE('',#2531,#2533,#243,.F.);
#3131=EDGE_CURVE('',#2532,#2533,#1330,.T.);
#3132=EDGE_CURVE('',#2534,#2532,#1331,.T.);
#3133=EDGE_CURVE('',#2535,#2534,#244,.T.);
#3134=EDGE_CURVE('',#2535,#2536,#245,.F.);
#3135=EDGE_CURVE('',#2533,#2536,#1332,.T.);
#3136=EDGE_CURVE('',#2536,#2534,#1333,.T.);
#3137=EDGE_CURVE('',#2494,#2536,#1334,.T.);
#3138=EDGE_CURVE('',#2493,#2533,#1335,.F.);
#3139=EDGE_CURVE('',#2496,#2532,#1336,.T.);
#3140=EDGE_CURVE('',#2495,#2534,#1337,.F.);
#3141=EDGE_CURVE('',#2537,#2538,#1338,.T.);
#3142=EDGE_CURVE('',#2538,#2539,#1339,.T.);
#3143=EDGE_CURVE('',#2539,#2540,#1340,.T.);
#3144=EDGE_CURVE('',#2540,#2537,#1341,.T.);
#3145=EDGE_CURVE('',#2541,#2539,#1342,.T.);
#3146=EDGE_CURVE('',#2542,#2541,#1343,.T.);
#3147=EDGE_CURVE('',#2488,#2542,#1344,.T.);
#3148=EDGE_CURVE('',#2487,#2540,#1345,.T.);
#3149=EDGE_CURVE('',#2538,#2543,#1346,.T.);
#3150=EDGE_CURVE('',#2543,#2544,#1347,.T.);
#3151=EDGE_CURVE('',#2544,#2545,#1348,.T.);
#3152=EDGE_CURVE('',#2545,#2546,#1349,.T.);
#3153=EDGE_CURVE('',#2546,#2547,#1350,.T.);
#3154=EDGE_CURVE('',#2547,#2541,#1351,.T.);
#3155=EDGE_CURVE('',#2548,#2549,#1352,.T.);
#3156=EDGE_CURVE('',#2548,#2544,#1353,.T.);
#3157=EDGE_CURVE('',#2549,#2543,#1354,.T.);
#3158=EDGE_CURVE('',#2542,#2550,#1355,.T.);
#3159=EDGE_CURVE('',#2550,#2547,#1356,.T.);
#3160=EDGE_CURVE('',#2550,#2551,#1357,.T.);
#3161=EDGE_CURVE('',#2551,#2546,#1358,.T.);
#3162=EDGE_CURVE('',#2551,#2552,#1359,.T.);
#3163=EDGE_CURVE('',#2552,#2545,#1360,.T.);
#3164=EDGE_CURVE('',#2552,#2548,#1361,.T.);
#3165=EDGE_CURVE('',#2549,#2553,#2133,.T.);
#3166=EDGE_CURVE('',#2553,#2554,#1362,.T.);
#3167=EDGE_CURVE('',#2554,#2555,#1363,.T.);
#3168=EDGE_CURVE('',#2555,#2556,#1364,.T.);
#3169=EDGE_CURVE('',#2556,#2557,#1365,.T.);
#3170=EDGE_CURVE('',#2557,#2558,#1366,.T.);
#3171=EDGE_CURVE('',#2558,#2559,#1367,.T.);
#3172=EDGE_CURVE('',#2559,#2560,#1368,.T.);
#3173=EDGE_CURVE('',#2560,#2510,#1369,.T.);
#3174=EDGE_CURVE('',#2509,#2542,#2134,.T.);
#3175=EDGE_CURVE('',#2561,#2562,#1370,.T.);
#3176=EDGE_CURVE('',#2561,#2558,#1371,.T.);
#3177=EDGE_CURVE('',#2562,#2557,#1372,.T.);
#3178=EDGE_CURVE('',#2563,#2561,#1373,.T.);
#3179=EDGE_CURVE('',#2559,#2563,#1374,.T.);
#3180=EDGE_CURVE('',#2562,#2564,#1375,.T.);
#3181=EDGE_CURVE('',#2564,#2556,#1376,.T.);
#3182=EDGE_CURVE('',#2563,#2564,#1377,.T.);
#3183=EDGE_CURVE('',#2492,#2555,#1378,.T.);
#3184=EDGE_CURVE('',#2511,#2554,#1379,.T.);
#3185=EDGE_CURVE('',#2502,#2553,#1380,.T.);
#3186=EDGE_CURVE('',#2485,#2549,#1381,.T.);
#3187=EDGE_CURVE('',#2486,#2537,#1382,.T.);
#3188=EDGE_CURVE('',#2491,#2560,#1383,.T.);
#3189=EDGE_CURVE('',#2565,#2565,#2135,.T.);
#3190=EDGE_CURVE('',#2565,#2566,#2136,.T.);
#3191=EDGE_CURVE('',#2566,#2566,#2137,.T.);
#3192=EDGE_CURVE('',#2566,#2567,#1384,.T.);
#3193=EDGE_CURVE('',#2567,#2567,#2138,.T.);
#3194=EDGE_CURVE('',#2568,#2568,#2139,.T.);
#3195=EDGE_CURVE('',#2569,#2570,#2140,.T.);
#3196=EDGE_CURVE('',#2570,#2571,#1385,.T.);
#3197=EDGE_CURVE('',#2571,#2572,#2141,.T.);
#3198=EDGE_CURVE('',#2572,#2569,#1386,.T.);
#3199=EDGE_CURVE('',#2570,#2573,#1387,.T.);
#3200=EDGE_CURVE('',#2574,#2573,#1388,.T.);
#3201=EDGE_CURVE('',#2574,#2571,#1389,.T.);
#3202=EDGE_CURVE('',#2575,#2569,#1390,.T.);
#3203=EDGE_CURVE('',#2576,#2575,#1391,.T.);
#3204=EDGE_CURVE('',#2576,#2577,#1392,.T.);
#3205=EDGE_CURVE('',#2573,#2577,#2142,.T.);
#3206=EDGE_CURVE('',#2578,#2574,#2143,.T.);
#3207=EDGE_CURVE('',#2577,#2578,#1393,.T.);
#3208=EDGE_CURVE('',#2579,#2576,#1394,.F.);
#3209=EDGE_CURVE('',#2579,#2580,#1395,.T.);
#3210=EDGE_CURVE('',#2580,#2581,#1396,.T.);
#3211=EDGE_CURVE('',#2582,#2581,#2144,.T.);
#3212=EDGE_CURVE('',#2582,#2583,#1397,.T.);
#3213=EDGE_CURVE('',#2584,#2583,#2145,.T.);
#3214=EDGE_CURVE('',#2584,#2585,#1398,.T.);
#3215=EDGE_CURVE('',#2585,#2586,#1399,.T.);
#3216=EDGE_CURVE('',#2587,#2586,#1400,.F.);
#3217=EDGE_CURVE('',#2587,#2578,#1401,.T.);
#3218=EDGE_CURVE('',#2588,#2588,#2146,.T.);
#3219=EDGE_CURVE('',#2589,#2589,#2147,.T.);
#3220=EDGE_CURVE('',#2590,#2591,#1402,.T.);
#3221=EDGE_CURVE('',#2591,#2592,#1403,.T.);
#3222=EDGE_CURVE('',#2592,#2593,#1404,.T.);
#3223=EDGE_CURVE('',#2593,#2594,#1405,.T.);
#3224=EDGE_CURVE('',#2594,#2595,#1406,.T.);
#3225=EDGE_CURVE('',#2595,#2596,#1407,.T.);
#3226=EDGE_CURVE('',#2596,#2597,#1408,.T.);
#3227=EDGE_CURVE('',#2597,#2590,#1409,.T.);
#3228=EDGE_CURVE('',#2598,#2572,#1410,.T.);
#3229=EDGE_CURVE('',#2575,#2598,#1411,.T.);
#3230=EDGE_CURVE('',#2598,#2587,#1412,.T.);
#3231=EDGE_CURVE('',#2599,#2600,#1413,.T.);
#3232=EDGE_CURVE('',#2599,#2601,#1414,.T.);
#3233=EDGE_CURVE('',#2601,#2602,#1415,.T.);
#3234=EDGE_CURVE('',#2600,#2602,#1416,.T.);
#3235=EDGE_CURVE('',#2600,#2603,#1417,.T.);
#3236=EDGE_CURVE('',#2602,#2604,#1418,.T.);
#3237=EDGE_CURVE('',#2603,#2604,#1419,.T.);
#3238=EDGE_CURVE('',#2603,#2605,#1420,.T.);
#3239=EDGE_CURVE('',#2604,#2606,#1421,.T.);
#3240=EDGE_CURVE('',#2605,#2606,#1422,.T.);
#3241=EDGE_CURVE('',#2605,#2607,#1423,.T.);
#3242=EDGE_CURVE('',#2606,#2608,#1424,.T.);
#3243=EDGE_CURVE('',#2607,#2608,#1425,.T.);
#3244=EDGE_CURVE('',#2607,#2609,#1426,.T.);
#3245=EDGE_CURVE('',#2608,#2610,#1427,.T.);
#3246=EDGE_CURVE('',#2609,#2610,#1428,.T.);
#3247=EDGE_CURVE('',#2611,#2599,#1429,.T.);
#3248=EDGE_CURVE('',#2611,#2612,#1430,.T.);
#3249=EDGE_CURVE('',#2612,#2601,#1431,.T.);
#3250=EDGE_CURVE('',#2613,#2611,#1432,.T.);
#3251=EDGE_CURVE('',#2613,#2614,#1433,.T.);
#3252=EDGE_CURVE('',#2614,#2612,#1434,.T.);
#3253=EDGE_CURVE('',#2609,#2613,#1435,.T.);
#3254=EDGE_CURVE('',#2610,#2614,#1436,.T.);
#3255=EDGE_CURVE('',#2615,#2615,#2148,.T.);
#3256=EDGE_CURVE('',#2590,#2616,#1437,.T.);
#3257=EDGE_CURVE('',#2616,#2617,#1438,.T.);
#3258=EDGE_CURVE('',#2591,#2617,#1439,.T.);
#3259=EDGE_CURVE('',#2597,#2618,#1440,.T.);
#3260=EDGE_CURVE('',#2618,#2616,#1441,.T.);
#3261=EDGE_CURVE('',#2596,#2619,#1442,.T.);
#3262=EDGE_CURVE('',#2619,#2618,#1443,.T.);
#3263=EDGE_CURVE('',#2595,#2620,#1444,.T.);
#3264=EDGE_CURVE('',#2620,#2619,#1445,.T.);
#3265=EDGE_CURVE('',#2594,#2621,#1446,.T.);
#3266=EDGE_CURVE('',#2621,#2620,#1447,.T.);
#3267=EDGE_CURVE('',#2593,#2622,#1448,.T.);
#3268=EDGE_CURVE('',#2622,#2621,#1449,.T.);
#3269=EDGE_CURVE('',#2592,#2623,#1450,.T.);
#3270=EDGE_CURVE('',#2623,#2622,#1451,.T.);
#3271=EDGE_CURVE('',#2617,#2623,#1452,.T.);
#3272=EDGE_CURVE('',#2589,#2624,#1453,.T.);
#3273=EDGE_CURVE('',#2624,#2624,#2149,.T.);
#3274=EDGE_CURVE('',#2588,#2625,#1454,.T.);
#3275=EDGE_CURVE('',#2625,#2625,#2150,.T.);
#3276=EDGE_CURVE('',#2568,#2615,#1455,.T.);
#3277=EDGE_CURVE('',#2582,#2626,#1456,.T.);
#3278=EDGE_CURVE('',#2627,#2626,#1457,.T.);
#3279=EDGE_CURVE('',#2583,#2627,#1458,.T.);
#3280=EDGE_CURVE('',#2628,#2627,#2151,.T.);
#3281=EDGE_CURVE('',#2584,#2628,#1459,.T.);
#3282=EDGE_CURVE('',#2629,#2628,#1460,.F.);
#3283=EDGE_CURVE('',#2585,#2629,#1461,.F.);
#3284=EDGE_CURVE('',#2630,#2629,#1462,.F.);
#3285=EDGE_CURVE('',#2586,#2630,#1463,.F.);
#3286=EDGE_CURVE('',#2631,#2630,#1464,.F.);
#3287=EDGE_CURVE('',#2579,#2631,#1465,.F.);
#3288=EDGE_CURVE('',#2632,#2631,#1466,.F.);
#3289=EDGE_CURVE('',#2580,#2632,#1467,.T.);
#3290=EDGE_CURVE('',#2633,#2632,#1468,.F.);
#3291=EDGE_CURVE('',#2581,#2633,#1469,.F.);
#3292=EDGE_CURVE('',#2626,#2633,#2152,.T.);
#3293=EDGE_CURVE('',#2634,#2634,#2153,.T.);
#3294=EDGE_CURVE('',#2635,#2635,#2154,.T.);
#3295=EDGE_CURVE('',#2636,#2637,#1470,.T.);
#3296=EDGE_CURVE('',#2637,#2638,#2155,.T.);
#3297=EDGE_CURVE('',#2638,#2639,#1471,.T.);
#3298=EDGE_CURVE('',#2639,#2640,#2156,.T.);
#3299=EDGE_CURVE('',#2640,#2641,#1472,.T.);
#3300=EDGE_CURVE('',#2641,#2642,#2157,.T.);
#3301=EDGE_CURVE('',#2642,#2643,#1473,.T.);
#3302=EDGE_CURVE('',#2643,#2636,#2158,.T.);
#3303=EDGE_CURVE('',#2644,#2644,#2159,.T.);
#3304=EDGE_CURVE('',#2644,#2634,#1474,.T.);
#3305=EDGE_CURVE('',#2645,#2646,#1475,.T.);
#3306=EDGE_CURVE('',#2646,#2637,#1476,.T.);
#3307=EDGE_CURVE('',#2645,#2636,#1477,.T.);
#3308=EDGE_CURVE('',#2647,#2645,#2160,.T.);
#3309=EDGE_CURVE('',#2647,#2643,#1478,.T.);
#3310=EDGE_CURVE('',#2648,#2647,#1479,.T.);
#3311=EDGE_CURVE('',#2648,#2642,#1480,.T.);
#3312=EDGE_CURVE('',#2649,#2648,#2161,.T.);
#3313=EDGE_CURVE('',#2649,#2641,#1481,.T.);
#3314=EDGE_CURVE('',#2650,#2649,#1482,.T.);
#3315=EDGE_CURVE('',#2650,#2640,#1483,.T.);
#3316=EDGE_CURVE('',#2651,#2650,#2162,.T.);
#3317=EDGE_CURVE('',#2651,#2639,#1484,.T.);
#3318=EDGE_CURVE('',#2652,#2651,#1485,.T.);
#3319=EDGE_CURVE('',#2652,#2638,#1486,.T.);
#3320=EDGE_CURVE('',#2646,#2652,#2163,.T.);
#3321=EDGE_CURVE('',#2635,#2653,#1487,.T.);
#3322=EDGE_CURVE('',#2653,#2653,#2164,.T.);
#3323=EDGE_CURVE('',#2654,#2655,#2165,.F.);
#3324=EDGE_CURVE('',#2656,#2654,#2166,.F.);
#3325=EDGE_CURVE('',#2655,#2656,#2167,.F.);
#3326=EDGE_CURVE('',#2657,#2658,#2168,.F.);
#3327=EDGE_CURVE('',#2659,#2657,#2169,.F.);
#3328=EDGE_CURVE('',#2658,#2659,#2170,.F.);
#3329=EDGE_CURVE('',#2654,#2659,#2171,.T.);
#3330=EDGE_CURVE('',#2657,#2656,#2172,.T.);
#3331=EDGE_CURVE('',#2660,#2661,#2173,.F.);
#3332=EDGE_CURVE('',#2662,#2660,#2174,.F.);
#3333=EDGE_CURVE('',#2661,#2662,#2175,.F.);
#3334=EDGE_CURVE('',#2660,#2654,#1488,.T.);
#3335=EDGE_CURVE('',#2655,#2662,#1489,.T.);
#3336=EDGE_CURVE('',#2663,#2664,#246,.F.);
#3337=EDGE_CURVE('',#2663,#2665,#1490,.T.);
#3338=EDGE_CURVE('',#2665,#2664,#1491,.T.);
#3339=EDGE_CURVE('',#2666,#2667,#247,.T.);
#3340=EDGE_CURVE('',#2667,#2668,#248,.F.);
#3341=EDGE_CURVE('',#2668,#2661,#1492,.T.);
#3342=EDGE_CURVE('',#2662,#2663,#1493,.T.);
#3343=EDGE_CURVE('',#2664,#2666,#43,.T.);
#3344=EDGE_CURVE('',#2659,#2660,#1494,.T.);
#3345=EDGE_CURVE('',#2661,#2658,#1495,.T.);
#3346=EDGE_CURVE('',#2669,#2670,#44,.T.);
#3347=EDGE_CURVE('',#2670,#2657,#45,.T.);
#3348=EDGE_CURVE('',#2658,#2671,#46,.T.);
#3349=EDGE_CURVE('',#2671,#2672,#47,.F.);
#3350=EDGE_CURVE('',#2672,#2673,#48,.T.);
#3351=EDGE_CURVE('',#2673,#2669,#49,.T.);
#3352=EDGE_CURVE('',#2674,#2675,#50,.T.);
#3353=EDGE_CURVE('',#2676,#2675,#51,.T.);
#3354=EDGE_CURVE('',#2676,#2655,#52,.T.);
#3355=EDGE_CURVE('',#2656,#2677,#53,.T.);
#3356=EDGE_CURVE('',#2677,#2678,#54,.T.);
#3357=EDGE_CURVE('',#2678,#2674,#55,.T.);
#3358=EDGE_CURVE('',#2679,#2668,#1496,.T.);
#3359=EDGE_CURVE('',#2679,#2671,#1497,.T.);
#3360=EDGE_CURVE('',#2667,#2680,#1498,.T.);
#3361=EDGE_CURVE('',#2681,#2666,#2176,.T.);
#3362=EDGE_CURVE('',#2682,#2681,#1499,.T.);
#3363=EDGE_CURVE('',#2683,#2682,#1500,.T.);
#3364=EDGE_CURVE('',#2684,#2683,#249,.T.);
#3365=EDGE_CURVE('',#2685,#2684,#2177,.T.);
#3366=EDGE_CURVE('',#2686,#2685,#1501,.T.);
#3367=EDGE_CURVE('',#2687,#2686,#1502,.T.);
#3368=EDGE_CURVE('',#2688,#2687,#1503,.T.);
#3369=EDGE_CURVE('',#2689,#2688,#2178,.T.);
#3370=EDGE_CURVE('',#2690,#2689,#250,.T.);
#3371=EDGE_CURVE('',#2691,#2690,#1504,.T.);
#3372=EDGE_CURVE('',#2692,#2691,#1505,.T.);
#3373=EDGE_CURVE('',#2693,#2692,#2179,.T.);
#3374=EDGE_CURVE('',#2694,#2693,#251,.T.);
#3375=EDGE_CURVE('',#2695,#2694,#1506,.T.);
#3376=EDGE_CURVE('',#2696,#2695,#1507,.T.);
#3377=EDGE_CURVE('',#2697,#2696,#2180,.T.);
#3378=EDGE_CURVE('',#2698,#2697,#252,.T.);
#3379=EDGE_CURVE('',#2699,#2698,#1508,.T.);
#3380=EDGE_CURVE('',#2700,#2699,#1509,.T.);
#3381=EDGE_CURVE('',#2701,#2700,#2181,.T.);
#3382=EDGE_CURVE('',#2702,#2701,#253,.T.);
#3383=EDGE_CURVE('',#2703,#2702,#1510,.T.);
#3384=EDGE_CURVE('',#2704,#2703,#254,.T.);
#3385=EDGE_CURVE('',#2705,#2704,#2182,.T.);
#3386=EDGE_CURVE('',#2706,#2705,#1511,.T.);
#3387=EDGE_CURVE('',#2707,#2706,#1512,.T.);
#3388=EDGE_CURVE('',#2708,#2707,#1513,.T.);
#3389=EDGE_CURVE('',#2709,#2708,#2183,.T.);
#3390=EDGE_CURVE('',#2680,#2709,#255,.T.);
#3391=EDGE_CURVE('',#2681,#2665,#256,.T.);
#3392=EDGE_CURVE('',#2710,#2676,#1514,.T.);
#3393=EDGE_CURVE('',#2710,#2682,#1515,.T.);
#3394=EDGE_CURVE('',#2711,#2712,#56,.T.);
#3395=EDGE_CURVE('',#2713,#2711,#1516,.T.);
#3396=EDGE_CURVE('',#2714,#2713,#2184,.T.);
#3397=EDGE_CURVE('',#2714,#2715,#1517,.T.);
#3398=EDGE_CURVE('',#2716,#2715,#2185,.T.);
#3399=EDGE_CURVE('',#2712,#2716,#57,.T.);
#3400=EDGE_CURVE('',#2717,#2718,#2186,.F.);
#3401=EDGE_CURVE('',#2719,#2717,#2187,.F.);
#3402=EDGE_CURVE('',#2718,#2719,#2188,.F.);
#3403=EDGE_CURVE('',#2720,#2721,#2189,.F.);
#3404=EDGE_CURVE('',#2722,#2720,#2190,.F.);
#3405=EDGE_CURVE('',#2721,#2722,#2191,.F.);
#3406=EDGE_CURVE('',#2723,#2724,#2192,.F.);
#3407=EDGE_CURVE('',#2725,#2723,#2193,.F.);
#3408=EDGE_CURVE('',#2724,#2725,#2194,.F.);
#3409=EDGE_CURVE('',#2723,#2722,#2195,.T.);
#3410=EDGE_CURVE('',#2720,#2725,#2196,.T.);
#3411=EDGE_CURVE('',#2726,#2727,#58,.T.);
#3412=EDGE_CURVE('',#2727,#2672,#59,.T.);
#3413=EDGE_CURVE('',#2671,#2724,#60,.T.);
#3414=EDGE_CURVE('',#2725,#2728,#61,.T.);
#3415=EDGE_CURVE('',#2728,#2729,#62,.T.);
#3416=EDGE_CURVE('',#2729,#2726,#63,.T.);
#3417=EDGE_CURVE('',#2717,#2723,#1518,.T.);
#3418=EDGE_CURVE('',#2724,#2719,#1519,.T.);
#3419=EDGE_CURVE('',#2722,#2717,#1520,.T.);
#3420=EDGE_CURVE('',#2718,#2721,#1521,.T.);
#3421=EDGE_CURVE('',#2730,#2731,#64,.T.);
#3422=EDGE_CURVE('',#2731,#2720,#65,.T.);
#3423=EDGE_CURVE('',#2721,#2732,#66,.T.);
#3424=EDGE_CURVE('',#2732,#2733,#67,.F.);
#3425=EDGE_CURVE('',#2733,#2734,#68,.T.);
#3426=EDGE_CURVE('',#2734,#2730,#69,.T.);
#3427=EDGE_CURVE('',#2735,#2736,#257,.T.);
#3428=EDGE_CURVE('',#2736,#2737,#1522,.T.);
#3429=EDGE_CURVE('',#2737,#2735,#1523,.T.);
#3430=EDGE_CURVE('',#2709,#2736,#70,.T.);
#3431=EDGE_CURVE('',#2735,#2718,#1524,.T.);
#3432=EDGE_CURVE('',#2719,#2738,#1525,.T.);
#3433=EDGE_CURVE('',#2680,#2738,#258,.T.);
#3434=EDGE_CURVE('',#2730,#2739,#2197,.T.);
#3435=EDGE_CURVE('',#2739,#2731,#2198,.T.);
#3436=EDGE_CURVE('',#2740,#2734,#1526,.T.);
#3437=EDGE_CURVE('',#2741,#2740,#2199,.T.);
#3438=EDGE_CURVE('',#2741,#2739,#1527,.T.);
#3439=EDGE_CURVE('',#2742,#2733,#71,.T.);
#3440=EDGE_CURVE('',#2743,#2742,#72,.T.);
#3441=EDGE_CURVE('',#2744,#2743,#1528,.T.);
#3442=EDGE_CURVE('',#2744,#2740,#2200,.T.);
#3443=EDGE_CURVE('',#2737,#2708,#259,.T.);
#3444=EDGE_CURVE('',#2745,#2707,#1529,.T.);
#3445=EDGE_CURVE('',#2745,#2732,#1530,.T.);
#3446=EDGE_CURVE('',#2746,#2747,#2201,.F.);
#3447=EDGE_CURVE('',#2748,#2746,#2202,.F.);
#3448=EDGE_CURVE('',#2747,#2748,#2203,.F.);
#3449=EDGE_CURVE('',#2749,#2750,#2204,.F.);
#3450=EDGE_CURVE('',#2751,#2749,#2205,.F.);
#3451=EDGE_CURVE('',#2750,#2751,#2206,.F.);
#3452=EDGE_CURVE('',#2752,#2753,#2207,.F.);
#3453=EDGE_CURVE('',#2754,#2752,#2208,.F.);
#3454=EDGE_CURVE('',#2753,#2754,#2209,.F.);
#3455=EDGE_CURVE('',#2752,#2748,#1531,.T.);
#3456=EDGE_CURVE('',#2746,#2754,#1532,.T.);
#3457=EDGE_CURVE('',#2755,#2756,#260,.T.);
#3458=EDGE_CURVE('',#2756,#2757,#1533,.T.);
#3459=EDGE_CURVE('',#2757,#2755,#1534,.T.);
#3460=EDGE_CURVE('',#2689,#2756,#73,.T.);
#3461=EDGE_CURVE('',#2755,#2753,#1535,.T.);
#3462=EDGE_CURVE('',#2754,#2758,#1536,.T.);
#3463=EDGE_CURVE('',#2690,#2758,#261,.T.);
#3464=EDGE_CURVE('',#2749,#2752,#1537,.T.);
#3465=EDGE_CURVE('',#2753,#2751,#1538,.T.);
#3466=EDGE_CURVE('',#2759,#2760,#74,.T.);
#3467=EDGE_CURVE('',#2760,#2750,#75,.T.);
#3468=EDGE_CURVE('',#2751,#2761,#76,.T.);
#3469=EDGE_CURVE('',#2761,#2762,#77,.F.);
#3470=EDGE_CURVE('',#2762,#2763,#78,.T.);
#3471=EDGE_CURVE('',#2763,#2759,#79,.T.);
#3472=EDGE_CURVE('',#2748,#2749,#2210,.T.);
#3473=EDGE_CURVE('',#2750,#2747,#2211,.T.);
#3474=EDGE_CURVE('',#2764,#2765,#80,.T.);
#3475=EDGE_CURVE('',#2766,#2765,#81,.T.);
#3476=EDGE_CURVE('',#2766,#2746,#82,.T.);
#3477=EDGE_CURVE('',#2747,#2767,#83,.T.);
#3478=EDGE_CURVE('',#2767,#2768,#84,.T.);
#3479=EDGE_CURVE('',#2768,#2764,#85,.T.);
#3480=EDGE_CURVE('',#2757,#2688,#262,.T.);
#3481=EDGE_CURVE('',#2769,#2687,#1539,.T.);
#3482=EDGE_CURVE('',#2769,#2761,#1540,.T.);
#3483=EDGE_CURVE('',#2770,#2766,#1541,.T.);
#3484=EDGE_CURVE('',#2770,#2758,#1542,.T.);
#3485=EDGE_CURVE('',#2771,#2772,#86,.T.);
#3486=EDGE_CURVE('',#2773,#2771,#1543,.T.);
#3487=EDGE_CURVE('',#2774,#2773,#2212,.T.);
#3488=EDGE_CURVE('',#2774,#2775,#1544,.T.);
#3489=EDGE_CURVE('',#2776,#2775,#2213,.T.);
#3490=EDGE_CURVE('',#2772,#2776,#87,.T.);
#3491=EDGE_CURVE('',#2777,#2778,#2214,.F.);
#3492=EDGE_CURVE('',#2779,#2777,#2215,.F.);
#3493=EDGE_CURVE('',#2778,#2779,#2216,.F.);
#3494=EDGE_CURVE('',#2780,#2781,#2217,.F.);
#3495=EDGE_CURVE('',#2782,#2780,#2218,.F.);
#3496=EDGE_CURVE('',#2781,#2782,#2219,.F.);
#3497=EDGE_CURVE('',#2783,#2784,#2220,.F.);
#3498=EDGE_CURVE('',#2785,#2783,#2221,.F.);
#3499=EDGE_CURVE('',#2784,#2785,#2222,.F.);
#3500=EDGE_CURVE('',#2783,#2782,#2223,.T.);
#3501=EDGE_CURVE('',#2780,#2785,#2224,.T.);
#3502=EDGE_CURVE('',#2786,#2787,#88,.T.);
#3503=EDGE_CURVE('',#2787,#2762,#89,.T.);
#3504=EDGE_CURVE('',#2761,#2784,#90,.T.);
#3505=EDGE_CURVE('',#2785,#2788,#91,.T.);
#3506=EDGE_CURVE('',#2788,#2789,#92,.T.);
#3507=EDGE_CURVE('',#2789,#2786,#93,.T.);
#3508=EDGE_CURVE('',#2777,#2783,#1545,.T.);
#3509=EDGE_CURVE('',#2784,#2779,#1546,.T.);
#3510=EDGE_CURVE('',#2782,#2777,#1547,.T.);
#3511=EDGE_CURVE('',#2778,#2781,#1548,.T.);
#3512=EDGE_CURVE('',#2716,#2790,#94,.T.);
#3513=EDGE_CURVE('',#2790,#2780,#95,.T.);
#3514=EDGE_CURVE('',#2781,#2676,#96,.T.);
#3515=EDGE_CURVE('',#2675,#2711,#97,.T.);
#3516=EDGE_CURVE('',#2791,#2792,#263,.F.);
#3517=EDGE_CURVE('',#2791,#2793,#1549,.T.);
#3518=EDGE_CURVE('',#2793,#2792,#1550,.T.);
#3519=EDGE_CURVE('',#2683,#2794,#264,.F.);
#3520=EDGE_CURVE('',#2794,#2778,#1551,.T.);
#3521=EDGE_CURVE('',#2779,#2791,#1552,.T.);
#3522=EDGE_CURVE('',#2792,#2684,#98,.T.);
#3523=EDGE_CURVE('',#2715,#2790,#2225,.T.);
#3524=EDGE_CURVE('',#2715,#2795,#2226,.T.);
#3525=EDGE_CURVE('',#2796,#2795,#2227,.T.);
#3526=EDGE_CURVE('',#2796,#2797,#2228,.T.);
#3527=EDGE_CURVE('',#2798,#2797,#2229,.T.);
#3528=EDGE_CURVE('',#2798,#2799,#2230,.T.);
#3529=EDGE_CURVE('',#2800,#2799,#2231,.T.);
#3530=EDGE_CURVE('',#2800,#2801,#2232,.T.);
#3531=EDGE_CURVE('',#2788,#2801,#2233,.T.);
#3532=EDGE_CURVE('',#2802,#2674,#1553,.T.);
#3533=EDGE_CURVE('',#2802,#2713,#2234,.T.);
#3534=EDGE_CURVE('',#2710,#2794,#1554,.T.);
#3535=EDGE_CURVE('',#2803,#2804,#2235,.F.);
#3536=EDGE_CURVE('',#2805,#2803,#2236,.F.);
#3537=EDGE_CURVE('',#2804,#2805,#2237,.F.);
#3538=EDGE_CURVE('',#2806,#2807,#2238,.F.);
#3539=EDGE_CURVE('',#2808,#2806,#2239,.F.);
#3540=EDGE_CURVE('',#2807,#2808,#2240,.F.);
#3541=EDGE_CURVE('',#2809,#2810,#2241,.F.);
#3542=EDGE_CURVE('',#2811,#2809,#2242,.F.);
#3543=EDGE_CURVE('',#2810,#2811,#2243,.F.);
#3544=EDGE_CURVE('',#2809,#2805,#1555,.T.);
#3545=EDGE_CURVE('',#2803,#2811,#1556,.T.);
#3546=EDGE_CURVE('',#2812,#2813,#265,.T.);
#3547=EDGE_CURVE('',#2813,#2814,#1557,.T.);
#3548=EDGE_CURVE('',#2814,#2812,#1558,.T.);
#3549=EDGE_CURVE('',#2697,#2813,#99,.T.);
#3550=EDGE_CURVE('',#2812,#2810,#1559,.T.);
#3551=EDGE_CURVE('',#2811,#2815,#1560,.T.);
#3552=EDGE_CURVE('',#2698,#2815,#266,.T.);
#3553=EDGE_CURVE('',#2806,#2809,#1561,.T.);
#3554=EDGE_CURVE('',#2810,#2808,#1562,.T.);
#3555=EDGE_CURVE('',#2816,#2817,#100,.T.);
#3556=EDGE_CURVE('',#2817,#2807,#101,.T.);
#3557=EDGE_CURVE('',#2808,#2818,#102,.T.);
#3558=EDGE_CURVE('',#2818,#2819,#103,.F.);
#3559=EDGE_CURVE('',#2819,#2820,#104,.T.);
#3560=EDGE_CURVE('',#2820,#2816,#105,.T.);
#3561=EDGE_CURVE('',#2805,#2806,#2244,.T.);
#3562=EDGE_CURVE('',#2807,#2804,#2245,.T.);
#3563=EDGE_CURVE('',#2821,#2822,#106,.T.);
#3564=EDGE_CURVE('',#2823,#2822,#107,.T.);
#3565=EDGE_CURVE('',#2823,#2803,#108,.T.);
#3566=EDGE_CURVE('',#2804,#2824,#109,.T.);
#3567=EDGE_CURVE('',#2824,#2825,#110,.T.);
#3568=EDGE_CURVE('',#2825,#2821,#111,.T.);
#3569=EDGE_CURVE('',#2814,#2696,#267,.T.);
#3570=EDGE_CURVE('',#2826,#2695,#1563,.T.);
#3571=EDGE_CURVE('',#2826,#2818,#1564,.T.);
#3572=EDGE_CURVE('',#2827,#2823,#1565,.T.);
#3573=EDGE_CURVE('',#2827,#2815,#1566,.T.);
#3574=EDGE_CURVE('',#2828,#2829,#112,.T.);
#3575=EDGE_CURVE('',#2830,#2828,#1567,.T.);
#3576=EDGE_CURVE('',#2831,#2830,#2246,.T.);
#3577=EDGE_CURVE('',#2831,#2832,#1568,.T.);
#3578=EDGE_CURVE('',#2833,#2832,#2247,.T.);
#3579=EDGE_CURVE('',#2829,#2833,#113,.T.);
#3580=EDGE_CURVE('',#2834,#2835,#2248,.F.);
#3581=EDGE_CURVE('',#2836,#2834,#2249,.F.);
#3582=EDGE_CURVE('',#2835,#2836,#2250,.F.);
#3583=EDGE_CURVE('',#2837,#2838,#2251,.F.);
#3584=EDGE_CURVE('',#2839,#2837,#2252,.F.);
#3585=EDGE_CURVE('',#2838,#2839,#2253,.F.);
#3586=EDGE_CURVE('',#2837,#2834,#1569,.T.);
#3587=EDGE_CURVE('',#2835,#2839,#1570,.T.);
#3588=EDGE_CURVE('',#2776,#2840,#114,.T.);
#3589=EDGE_CURVE('',#2840,#2838,#115,.T.);
#3590=EDGE_CURVE('',#2839,#2766,#116,.T.);
#3591=EDGE_CURVE('',#2765,#2771,#117,.T.);
#3592=EDGE_CURVE('',#2841,#2842,#2254,.F.);
#3593=EDGE_CURVE('',#2843,#2841,#2255,.F.);
#3594=EDGE_CURVE('',#2842,#2843,#2256,.F.);
#3595=EDGE_CURVE('',#2834,#2843,#1571,.T.);
#3596=EDGE_CURVE('',#2841,#2836,#1572,.T.);
#3597=EDGE_CURVE('',#2843,#2837,#2257,.T.);
#3598=EDGE_CURVE('',#2838,#2842,#2258,.T.);
#3599=EDGE_CURVE('',#2844,#2845,#118,.T.);
#3600=EDGE_CURVE('',#2845,#2819,#119,.T.);
#3601=EDGE_CURVE('',#2818,#2841,#120,.T.);
#3602=EDGE_CURVE('',#2842,#2846,#121,.T.);
#3603=EDGE_CURVE('',#2846,#2847,#122,.T.);
#3604=EDGE_CURVE('',#2847,#2844,#123,.T.);
#3605=EDGE_CURVE('',#2848,#2849,#268,.T.);
#3606=EDGE_CURVE('',#2849,#2850,#1573,.T.);
#3607=EDGE_CURVE('',#2850,#2848,#1574,.T.);
#3608=EDGE_CURVE('',#2693,#2849,#124,.T.);
#3609=EDGE_CURVE('',#2848,#2835,#1575,.T.);
#3610=EDGE_CURVE('',#2836,#2851,#1576,.T.);
#3611=EDGE_CURVE('',#2694,#2851,#269,.T.);
#3612=EDGE_CURVE('',#2775,#2840,#2259,.T.);
#3613=EDGE_CURVE('',#2852,#2764,#1577,.T.);
#3614=EDGE_CURVE('',#2852,#2773,#2260,.T.);
#3615=EDGE_CURVE('',#2850,#2692,#270,.T.);
#3616=EDGE_CURVE('',#2770,#2691,#1578,.T.);
#3617=EDGE_CURVE('',#2853,#2854,#2261,.F.);
#3618=EDGE_CURVE('',#2855,#2853,#2262,.F.);
#3619=EDGE_CURVE('',#2854,#2855,#2263,.F.);
#3620=EDGE_CURVE('',#2856,#2857,#2264,.F.);
#3621=EDGE_CURVE('',#2858,#2856,#2265,.F.);
#3622=EDGE_CURVE('',#2857,#2858,#2266,.F.);
#3623=EDGE_CURVE('',#2859,#2860,#2267,.F.);
#3624=EDGE_CURVE('',#2861,#2859,#2268,.F.);
#3625=EDGE_CURVE('',#2860,#2861,#2269,.F.);
#3626=EDGE_CURVE('',#2859,#2858,#2270,.T.);
#3627=EDGE_CURVE('',#2856,#2861,#2271,.T.);
#3628=EDGE_CURVE('',#2732,#2860,#125,.T.);
#3629=EDGE_CURVE('',#2861,#2862,#126,.T.);
#3630=EDGE_CURVE('',#2862,#2863,#127,.T.);
#3631=EDGE_CURVE('',#2863,#2743,#128,.T.);
#3632=EDGE_CURVE('',#2853,#2859,#1579,.T.);
#3633=EDGE_CURVE('',#2860,#2855,#1580,.T.);
#3634=EDGE_CURVE('',#2858,#2853,#1581,.T.);
#3635=EDGE_CURVE('',#2854,#2857,#1582,.T.);
#3636=EDGE_CURVE('',#2864,#2865,#129,.T.);
#3637=EDGE_CURVE('',#2865,#2856,#130,.T.);
#3638=EDGE_CURVE('',#2857,#2866,#131,.T.);
#3639=EDGE_CURVE('',#2866,#2867,#132,.F.);
#3640=EDGE_CURVE('',#2867,#2868,#133,.T.);
#3641=EDGE_CURVE('',#2868,#2864,#134,.T.);
#3642=EDGE_CURVE('',#2869,#2870,#271,.F.);
#3643=EDGE_CURVE('',#2869,#2871,#1583,.T.);
#3644=EDGE_CURVE('',#2871,#2870,#1584,.T.);
#3645=EDGE_CURVE('',#2703,#2872,#272,.F.);
#3646=EDGE_CURVE('',#2872,#2854,#1585,.T.);
#3647=EDGE_CURVE('',#2855,#2869,#1586,.T.);
#3648=EDGE_CURVE('',#2870,#2704,#135,.T.);
#3649=EDGE_CURVE('',#2873,#2865,#2272,.T.);
#3650=EDGE_CURVE('',#2873,#2874,#2273,.T.);
#3651=EDGE_CURVE('',#2875,#2874,#2274,.T.);
#3652=EDGE_CURVE('',#2875,#2876,#2275,.T.);
#3653=EDGE_CURVE('',#2877,#2876,#2276,.T.);
#3654=EDGE_CURVE('',#2877,#2878,#2277,.T.);
#3655=EDGE_CURVE('',#2879,#2878,#2278,.T.);
#3656=EDGE_CURVE('',#2879,#2880,#2279,.T.);
#3657=EDGE_CURVE('',#2862,#2880,#2280,.T.);
#3658=EDGE_CURVE('',#2864,#2873,#2281,.T.);
#3659=EDGE_CURVE('',#2881,#2868,#1587,.T.);
#3660=EDGE_CURVE('',#2882,#2881,#2282,.T.);
#3661=EDGE_CURVE('',#2882,#2873,#1588,.T.);
#3662=EDGE_CURVE('',#2883,#2867,#136,.T.);
#3663=EDGE_CURVE('',#2884,#2883,#137,.T.);
#3664=EDGE_CURVE('',#2885,#2884,#1589,.T.);
#3665=EDGE_CURVE('',#2885,#2881,#2283,.T.);
#3666=EDGE_CURVE('',#2886,#2872,#1590,.T.);
#3667=EDGE_CURVE('',#2886,#2866,#1591,.T.);
#3668=EDGE_CURVE('',#2887,#2888,#2284,.F.);
#3669=EDGE_CURVE('',#2889,#2887,#2285,.F.);
#3670=EDGE_CURVE('',#2888,#2889,#2286,.F.);
#3671=EDGE_CURVE('',#2890,#2891,#2287,.F.);
#3672=EDGE_CURVE('',#2892,#2890,#2288,.F.);
#3673=EDGE_CURVE('',#2891,#2892,#2289,.F.);
#3674=EDGE_CURVE('',#2893,#2894,#2290,.F.);
#3675=EDGE_CURVE('',#2895,#2893,#2291,.F.);
#3676=EDGE_CURVE('',#2894,#2895,#2292,.F.);
#3677=EDGE_CURVE('',#2893,#2892,#2293,.T.);
#3678=EDGE_CURVE('',#2890,#2895,#2294,.T.);
#3679=EDGE_CURVE('',#2866,#2894,#138,.T.);
#3680=EDGE_CURVE('',#2895,#2896,#139,.T.);
#3681=EDGE_CURVE('',#2896,#2897,#140,.T.);
#3682=EDGE_CURVE('',#2897,#2884,#141,.T.);
#3683=EDGE_CURVE('',#2887,#2893,#1592,.T.);
#3684=EDGE_CURVE('',#2894,#2889,#1593,.T.);
#3685=EDGE_CURVE('',#2892,#2887,#1594,.T.);
#3686=EDGE_CURVE('',#2888,#2891,#1595,.T.);
#3687=EDGE_CURVE('',#2833,#2898,#142,.T.);
#3688=EDGE_CURVE('',#2898,#2890,#143,.T.);
#3689=EDGE_CURVE('',#2891,#2823,#144,.T.);
#3690=EDGE_CURVE('',#2822,#2828,#145,.T.);
#3691=EDGE_CURVE('',#2899,#2900,#273,.T.);
#3692=EDGE_CURVE('',#2900,#2901,#1596,.T.);
#3693=EDGE_CURVE('',#2901,#2899,#1597,.T.);
#3694=EDGE_CURVE('',#2701,#2900,#146,.T.);
#3695=EDGE_CURVE('',#2899,#2888,#1598,.T.);
#3696=EDGE_CURVE('',#2889,#2902,#1599,.T.);
#3697=EDGE_CURVE('',#2702,#2902,#274,.T.);
#3698=EDGE_CURVE('',#2832,#2898,#2295,.T.);
#3699=EDGE_CURVE('',#2903,#2821,#1600,.T.);
#3700=EDGE_CURVE('',#2903,#2830,#2296,.T.);
#3701=EDGE_CURVE('',#2901,#2700,#275,.T.);
#3702=EDGE_CURVE('',#2827,#2699,#1601,.T.);
#3703=EDGE_CURVE('',#2904,#2904,#2297,.T.);
#3704=EDGE_CURVE('',#2905,#2906,#2298,.T.);
#3705=EDGE_CURVE('',#2907,#2905,#1602,.T.);
#3706=EDGE_CURVE('',#2908,#2907,#2299,.T.);
#3707=EDGE_CURVE('',#2909,#2908,#1603,.T.);
#3708=EDGE_CURVE('',#2910,#2909,#2300,.T.);
#3709=EDGE_CURVE('',#2911,#2910,#1604,.T.);
#3710=EDGE_CURVE('',#2912,#2911,#2301,.T.);
#3711=EDGE_CURVE('',#2906,#2912,#1605,.T.);
#3712=EDGE_CURVE('',#2913,#2913,#2302,.T.);
#3713=EDGE_CURVE('',#2913,#2904,#1606,.T.);
#3714=EDGE_CURVE('',#2906,#2914,#1607,.T.);
#3715=EDGE_CURVE('',#2915,#2914,#2303,.T.);
#3716=EDGE_CURVE('',#2905,#2915,#1608,.T.);
#3717=EDGE_CURVE('',#2912,#2916,#1609,.T.);
#3718=EDGE_CURVE('',#2914,#2916,#1610,.T.);
#3719=EDGE_CURVE('',#2911,#2917,#1611,.T.);
#3720=EDGE_CURVE('',#2916,#2917,#2304,.T.);
#3721=EDGE_CURVE('',#2910,#2918,#1612,.T.);
#3722=EDGE_CURVE('',#2917,#2918,#1613,.T.);
#3723=EDGE_CURVE('',#2909,#2919,#1614,.T.);
#3724=EDGE_CURVE('',#2918,#2919,#2305,.T.);
#3725=EDGE_CURVE('',#2908,#2920,#1615,.T.);
#3726=EDGE_CURVE('',#2919,#2920,#1616,.T.);
#3727=EDGE_CURVE('',#2907,#2921,#1617,.T.);
#3728=EDGE_CURVE('',#2920,#2921,#2306,.T.);
#3729=EDGE_CURVE('',#2921,#2915,#1618,.T.);
#3730=EDGE_CURVE('',#2922,#2923,#2307,.T.);
#3731=EDGE_CURVE('',#2923,#2797,#1619,.T.);
#3732=EDGE_CURVE('',#2922,#2796,#1620,.T.);
#3733=EDGE_CURVE('',#2924,#2923,#2308,.T.);
#3734=EDGE_CURVE('',#2924,#2798,#1621,.T.);
#3735=EDGE_CURVE('',#2797,#2798,#2309,.T.);
#3736=EDGE_CURVE('',#2924,#2925,#2310,.T.);
#3737=EDGE_CURVE('',#2925,#2799,#1622,.T.);
#3738=EDGE_CURVE('',#2926,#2925,#2311,.T.);
#3739=EDGE_CURVE('',#2926,#2800,#1623,.T.);
#3740=EDGE_CURVE('',#2799,#2800,#2312,.T.);
#3741=EDGE_CURVE('',#2926,#2927,#2313,.T.);
#3742=EDGE_CURVE('',#2927,#2801,#1624,.T.);
#3743=EDGE_CURVE('',#2801,#2789,#2314,.T.);
#3744=EDGE_CURVE('',#2928,#2927,#2315,.T.);
#3745=EDGE_CURVE('',#2928,#2786,#1625,.T.);
#3746=EDGE_CURVE('',#2928,#2929,#2316,.T.);
#3747=EDGE_CURVE('',#2929,#2763,#1626,.T.);
#3748=EDGE_CURVE('',#2930,#2929,#2317,.T.);
#3749=EDGE_CURVE('',#2930,#2931,#1627,.T.);
#3750=EDGE_CURVE('',#2759,#2931,#2318,.T.);
#3751=EDGE_CURVE('',#2930,#2932,#2319,.T.);
#3752=EDGE_CURVE('',#2932,#2933,#1628,.T.);
#3753=EDGE_CURVE('',#2931,#2933,#2320,.T.);
#3754=EDGE_CURVE('',#2934,#2932,#2321,.T.);
#3755=EDGE_CURVE('',#2934,#2935,#1629,.T.);
#3756=EDGE_CURVE('',#2933,#2935,#2322,.T.);
#3757=EDGE_CURVE('',#2934,#2936,#2323,.T.);
#3758=EDGE_CURVE('',#2936,#2937,#1630,.T.);
#3759=EDGE_CURVE('',#2935,#2937,#2324,.T.);
#3760=EDGE_CURVE('',#2938,#2936,#2325,.T.);
#3761=EDGE_CURVE('',#2938,#2939,#1631,.T.);
#3762=EDGE_CURVE('',#2937,#2939,#2326,.T.);
#3763=EDGE_CURVE('',#2938,#2940,#2327,.T.);
#3764=EDGE_CURVE('',#2940,#2941,#1632,.T.);
#3765=EDGE_CURVE('',#2939,#2941,#2328,.T.);
#3766=EDGE_CURVE('',#2942,#2940,#2329,.T.);
#3767=EDGE_CURVE('',#2942,#2943,#1633,.T.);
#3768=EDGE_CURVE('',#2941,#2943,#2330,.T.);
#3769=EDGE_CURVE('',#2942,#2944,#2331,.T.);
#3770=EDGE_CURVE('',#2944,#2945,#1634,.T.);
#3771=EDGE_CURVE('',#2943,#2945,#2332,.T.);
#3772=EDGE_CURVE('',#2945,#2768,#2333,.T.);
#3773=EDGE_CURVE('',#2852,#2944,#2334,.T.);
#3774=EDGE_CURVE('',#2774,#2946,#2335,.T.);
#3775=EDGE_CURVE('',#2946,#2947,#1635,.T.);
#3776=EDGE_CURVE('',#2775,#2947,#2336,.T.);
#3777=EDGE_CURVE('',#2948,#2946,#2337,.T.);
#3778=EDGE_CURVE('',#2948,#2949,#1636,.T.);
#3779=EDGE_CURVE('',#2947,#2949,#2338,.T.);
#3780=EDGE_CURVE('',#2948,#2950,#2339,.T.);
#3781=EDGE_CURVE('',#2950,#2951,#1637,.T.);
#3782=EDGE_CURVE('',#2949,#2951,#2340,.T.);
#3783=EDGE_CURVE('',#2952,#2950,#2341,.T.);
#3784=EDGE_CURVE('',#2952,#2953,#1638,.T.);
#3785=EDGE_CURVE('',#2951,#2953,#2342,.T.);
#3786=EDGE_CURVE('',#2952,#2954,#2343,.T.);
#3787=EDGE_CURVE('',#2954,#2955,#1639,.T.);
#3788=EDGE_CURVE('',#2953,#2955,#2344,.T.);
#3789=EDGE_CURVE('',#2956,#2954,#2345,.T.);
#3790=EDGE_CURVE('',#2956,#2957,#1640,.T.);
#3791=EDGE_CURVE('',#2955,#2957,#2346,.T.);
#3792=EDGE_CURVE('',#2956,#2958,#2347,.T.);
#3793=EDGE_CURVE('',#2958,#2959,#1641,.T.);
#3794=EDGE_CURVE('',#2957,#2959,#2348,.T.);
#3795=EDGE_CURVE('',#2959,#2847,#2349,.T.);
#3796=EDGE_CURVE('',#2960,#2958,#2350,.T.);
#3797=EDGE_CURVE('',#2960,#2844,#1642,.T.);
#3798=EDGE_CURVE('',#2960,#2961,#2351,.T.);
#3799=EDGE_CURVE('',#2961,#2820,#1643,.T.);
#3800=EDGE_CURVE('',#2962,#2961,#2352,.T.);
#3801=EDGE_CURVE('',#2962,#2963,#1644,.T.);
#3802=EDGE_CURVE('',#2816,#2963,#2353,.T.);
#3803=EDGE_CURVE('',#2962,#2964,#2354,.T.);
#3804=EDGE_CURVE('',#2964,#2965,#1645,.T.);
#3805=EDGE_CURVE('',#2963,#2965,#2355,.T.);
#3806=EDGE_CURVE('',#2966,#2964,#2356,.T.);
#3807=EDGE_CURVE('',#2966,#2967,#1646,.T.);
#3808=EDGE_CURVE('',#2965,#2967,#2357,.T.);
#3809=EDGE_CURVE('',#2966,#2968,#2358,.T.);
#3810=EDGE_CURVE('',#2968,#2969,#1647,.T.);
#3811=EDGE_CURVE('',#2967,#2969,#2359,.T.);
#3812=EDGE_CURVE('',#2970,#2968,#2360,.T.);
#3813=EDGE_CURVE('',#2970,#2971,#1648,.T.);
#3814=EDGE_CURVE('',#2969,#2971,#2361,.T.);
#3815=EDGE_CURVE('',#2970,#2972,#2362,.T.);
#3816=EDGE_CURVE('',#2972,#2973,#1649,.T.);
#3817=EDGE_CURVE('',#2971,#2973,#2363,.T.);
#3818=EDGE_CURVE('',#2974,#2972,#2364,.T.);
#3819=EDGE_CURVE('',#2974,#2975,#1650,.T.);
#3820=EDGE_CURVE('',#2973,#2975,#2365,.T.);
#3821=EDGE_CURVE('',#2974,#2976,#2366,.T.);
#3822=EDGE_CURVE('',#2976,#2977,#1651,.T.);
#3823=EDGE_CURVE('',#2975,#2977,#2367,.T.);
#3824=EDGE_CURVE('',#2977,#2825,#2368,.T.);
#3825=EDGE_CURVE('',#2903,#2976,#2369,.T.);
#3826=EDGE_CURVE('',#2831,#2978,#2370,.T.);
#3827=EDGE_CURVE('',#2978,#2979,#1652,.T.);
#3828=EDGE_CURVE('',#2832,#2979,#2371,.T.);
#3829=EDGE_CURVE('',#2980,#2978,#2372,.T.);
#3830=EDGE_CURVE('',#2980,#2981,#1653,.T.);
#3831=EDGE_CURVE('',#2979,#2981,#2373,.T.);
#3832=EDGE_CURVE('',#2980,#2982,#2374,.T.);
#3833=EDGE_CURVE('',#2982,#2983,#1654,.T.);
#3834=EDGE_CURVE('',#2981,#2983,#2375,.T.);
#3835=EDGE_CURVE('',#2984,#2982,#2376,.T.);
#3836=EDGE_CURVE('',#2984,#2985,#1655,.T.);
#3837=EDGE_CURVE('',#2983,#2985,#2377,.T.);
#3838=EDGE_CURVE('',#2984,#2986,#2378,.T.);
#3839=EDGE_CURVE('',#2986,#2987,#1656,.T.);
#3840=EDGE_CURVE('',#2985,#2987,#2379,.T.);
#3841=EDGE_CURVE('',#2988,#2986,#2380,.T.);
#3842=EDGE_CURVE('',#2988,#2989,#1657,.T.);
#3843=EDGE_CURVE('',#2987,#2989,#2381,.T.);
#3844=EDGE_CURVE('',#2988,#2990,#2382,.T.);
#3845=EDGE_CURVE('',#2990,#2991,#1658,.T.);
#3846=EDGE_CURVE('',#2989,#2991,#2383,.T.);
#3847=EDGE_CURVE('',#2991,#2897,#2384,.T.);
#3848=EDGE_CURVE('',#2885,#2990,#2385,.T.);
#3849=EDGE_CURVE('',#2882,#2992,#2386,.T.);
#3850=EDGE_CURVE('',#2992,#2874,#1659,.T.);
#3851=EDGE_CURVE('',#2993,#2992,#2387,.T.);
#3852=EDGE_CURVE('',#2993,#2875,#1660,.T.);
#3853=EDGE_CURVE('',#2874,#2875,#2388,.T.);
#3854=EDGE_CURVE('',#2993,#2994,#2389,.T.);
#3855=EDGE_CURVE('',#2994,#2876,#1661,.T.);
#3856=EDGE_CURVE('',#2995,#2994,#2390,.T.);
#3857=EDGE_CURVE('',#2995,#2877,#1662,.T.);
#3858=EDGE_CURVE('',#2876,#2877,#2391,.T.);
#3859=EDGE_CURVE('',#2995,#2996,#2392,.T.);
#3860=EDGE_CURVE('',#2996,#2878,#1663,.T.);
#3861=EDGE_CURVE('',#2997,#2996,#2393,.T.);
#3862=EDGE_CURVE('',#2997,#2879,#1664,.T.);
#3863=EDGE_CURVE('',#2878,#2879,#2394,.T.);
#3864=EDGE_CURVE('',#2997,#2998,#2395,.T.);
#3865=EDGE_CURVE('',#2998,#2880,#1665,.T.);
#3866=EDGE_CURVE('',#2880,#2863,#2396,.T.);
#3867=EDGE_CURVE('',#2744,#2998,#2397,.T.);
#3868=EDGE_CURVE('',#2741,#2999,#2398,.T.);
#3869=EDGE_CURVE('',#2999,#3000,#1666,.T.);
#3870=EDGE_CURVE('',#2739,#3000,#2399,.T.);
#3871=EDGE_CURVE('',#3001,#2999,#2400,.T.);
#3872=EDGE_CURVE('',#3001,#3002,#1667,.T.);
#3873=EDGE_CURVE('',#3000,#3002,#2401,.T.);
#3874=EDGE_CURVE('',#3001,#3003,#2402,.T.);
#3875=EDGE_CURVE('',#3003,#3004,#1668,.T.);
#3876=EDGE_CURVE('',#3002,#3004,#2403,.T.);
#3877=EDGE_CURVE('',#3005,#3003,#2404,.T.);
#3878=EDGE_CURVE('',#3005,#3006,#1669,.T.);
#3879=EDGE_CURVE('',#3004,#3006,#2405,.T.);
#3880=EDGE_CURVE('',#3005,#3007,#2406,.T.);
#3881=EDGE_CURVE('',#3007,#3008,#1670,.T.);
#3882=EDGE_CURVE('',#3006,#3008,#2407,.T.);
#3883=EDGE_CURVE('',#3009,#3007,#2408,.T.);
#3884=EDGE_CURVE('',#3009,#3010,#1671,.T.);
#3885=EDGE_CURVE('',#3008,#3010,#2409,.T.);
#3886=EDGE_CURVE('',#3009,#3011,#2410,.T.);
#3887=EDGE_CURVE('',#3011,#3012,#1672,.T.);
#3888=EDGE_CURVE('',#3010,#3012,#2411,.T.);
#3889=EDGE_CURVE('',#3012,#2729,#2412,.T.);
#3890=EDGE_CURVE('',#3013,#3011,#2413,.T.);
#3891=EDGE_CURVE('',#3013,#2726,#1673,.T.);
#3892=EDGE_CURVE('',#3013,#3014,#2414,.T.);
#3893=EDGE_CURVE('',#3014,#2673,#1674,.T.);
#3894=EDGE_CURVE('',#3015,#3014,#2415,.T.);
#3895=EDGE_CURVE('',#3015,#3016,#1675,.T.);
#3896=EDGE_CURVE('',#2669,#3016,#2416,.T.);
#3897=EDGE_CURVE('',#3015,#3017,#2417,.T.);
#3898=EDGE_CURVE('',#3017,#3018,#1676,.T.);
#3899=EDGE_CURVE('',#3016,#3018,#2418,.T.);
#3900=EDGE_CURVE('',#3019,#3017,#2419,.T.);
#3901=EDGE_CURVE('',#3019,#3020,#1677,.T.);
#3902=EDGE_CURVE('',#3018,#3020,#2420,.T.);
#3903=EDGE_CURVE('',#3019,#3021,#2421,.T.);
#3904=EDGE_CURVE('',#3021,#3022,#1678,.T.);
#3905=EDGE_CURVE('',#3020,#3022,#2422,.T.);
#3906=EDGE_CURVE('',#3023,#3021,#2423,.T.);
#3907=EDGE_CURVE('',#3023,#3024,#1679,.T.);
#3908=EDGE_CURVE('',#3022,#3024,#2424,.T.);
#3909=EDGE_CURVE('',#3023,#3025,#2425,.T.);
#3910=EDGE_CURVE('',#3025,#3026,#1680,.T.);
#3911=EDGE_CURVE('',#3024,#3026,#2426,.T.);
#3912=EDGE_CURVE('',#3027,#3025,#2427,.T.);
#3913=EDGE_CURVE('',#3027,#3028,#1681,.T.);
#3914=EDGE_CURVE('',#3026,#3028,#2428,.T.);
#3915=EDGE_CURVE('',#3027,#3029,#2429,.T.);
#3916=EDGE_CURVE('',#3029,#3030,#1682,.T.);
#3917=EDGE_CURVE('',#3028,#3030,#2430,.T.);
#3918=EDGE_CURVE('',#3030,#2678,#2431,.T.);
#3919=EDGE_CURVE('',#2802,#3029,#2432,.T.);
#3920=EDGE_CURVE('',#2714,#3031,#2433,.T.);
#3921=EDGE_CURVE('',#3031,#2795,#1683,.T.);
#3922=EDGE_CURVE('',#2922,#3031,#2434,.T.);
#3923=EDGE_CURVE('',#2795,#2796,#2435,.T.);
#3924=EDGE_CURVE('',#2981,#2979,#2436,.T.);
#3925=EDGE_CURVE('',#2985,#2983,#2437,.T.);
#3926=EDGE_CURVE('',#2824,#2977,#2438,.T.);
#3927=EDGE_CURVE('',#2989,#2987,#2439,.T.);
#3928=EDGE_CURVE('',#2975,#2973,#2440,.T.);
#3929=EDGE_CURVE('',#2896,#2991,#2441,.T.);
#3930=EDGE_CURVE('',#2971,#2969,#2442,.T.);
#3931=EDGE_CURVE('',#2967,#2965,#2443,.T.);
#3932=EDGE_CURVE('',#2963,#2817,#2444,.T.);
#3933=EDGE_CURVE('',#2846,#2959,#2445,.T.);
#3934=EDGE_CURVE('',#2957,#2955,#2446,.T.);
#3935=EDGE_CURVE('',#2953,#2951,#2447,.T.);
#3936=EDGE_CURVE('',#3002,#3000,#2448,.T.);
#3937=EDGE_CURVE('',#2949,#2947,#2449,.T.);
#3938=EDGE_CURVE('',#3006,#3004,#2450,.T.);
#3939=EDGE_CURVE('',#3010,#3008,#2451,.T.);
#3940=EDGE_CURVE('',#2767,#2945,#2452,.T.);
#3941=EDGE_CURVE('',#2728,#3012,#2453,.T.);
#3942=EDGE_CURVE('',#2943,#2941,#2454,.T.);
#3943=EDGE_CURVE('',#3016,#2670,#2455,.T.);
#3944=EDGE_CURVE('',#2939,#2937,#2456,.T.);
#3945=EDGE_CURVE('',#3020,#3018,#2457,.T.);
#3946=EDGE_CURVE('',#2935,#2933,#2458,.T.);
#3947=EDGE_CURVE('',#3024,#3022,#2459,.T.);
#3948=EDGE_CURVE('',#2931,#2760,#2460,.T.);
#3949=EDGE_CURVE('',#3028,#3026,#2461,.T.);
#3950=EDGE_CURVE('',#2677,#3030,#2462,.T.);
#3951=EDGE_CURVE('',#2826,#2851,#1684,.T.);
#3952=EDGE_CURVE('',#2769,#2686,#1685,.T.);
#3953=EDGE_CURVE('',#2886,#2902,#1686,.T.);
#3954=EDGE_CURVE('',#2745,#2706,#1687,.T.);
#3955=EDGE_CURVE('',#2679,#2738,#1688,.T.);
#3956=EDGE_CURVE('',#2685,#2793,#276,.T.);
#3957=EDGE_CURVE('',#2705,#2871,#277,.T.);
#3958=ORIENTED_EDGE('',*,*,#3032,.F.);
#3959=ORIENTED_EDGE('',*,*,#3033,.T.);
#3960=ORIENTED_EDGE('',*,*,#3034,.F.);
#3961=ORIENTED_EDGE('',*,*,#3035,.T.);
#3962=ORIENTED_EDGE('',*,*,#3034,.T.);
#3963=ORIENTED_EDGE('',*,*,#3036,.T.);
#3964=ORIENTED_EDGE('',*,*,#3037,.T.);
#3965=ORIENTED_EDGE('',*,*,#3038,.F.);
#3966=ORIENTED_EDGE('',*,*,#3039,.F.);
#3967=ORIENTED_EDGE('',*,*,#3040,.T.);
#3968=ORIENTED_EDGE('',*,*,#3033,.F.);
#3969=ORIENTED_EDGE('',*,*,#3041,.F.);
#3970=ORIENTED_EDGE('',*,*,#3042,.F.);
#3971=ORIENTED_EDGE('',*,*,#3036,.F.);
#3972=ORIENTED_EDGE('',*,*,#3043,.F.);
#3973=ORIENTED_EDGE('',*,*,#3044,.T.);
#3974=ORIENTED_EDGE('',*,*,#3037,.F.);
#3975=ORIENTED_EDGE('',*,*,#3042,.T.);
#3976=ORIENTED_EDGE('',*,*,#3032,.T.);
#3977=ORIENTED_EDGE('',*,*,#3045,.F.);
#3978=ORIENTED_EDGE('',*,*,#3046,.F.);
#3979=ORIENTED_EDGE('',*,*,#3047,.T.);
#3980=ORIENTED_EDGE('',*,*,#3043,.T.);
#3981=ORIENTED_EDGE('',*,*,#3041,.T.);
#3982=ORIENTED_EDGE('',*,*,#3035,.F.);
#3983=ORIENTED_EDGE('',*,*,#3040,.F.);
#3984=ORIENTED_EDGE('',*,*,#3048,.F.);
#3985=ORIENTED_EDGE('',*,*,#3045,.T.);
#3986=ORIENTED_EDGE('',*,*,#3044,.F.);
#3987=ORIENTED_EDGE('',*,*,#3047,.F.);
#3988=ORIENTED_EDGE('',*,*,#3049,.F.);
#3989=ORIENTED_EDGE('',*,*,#3038,.T.);
#3990=ORIENTED_EDGE('',*,*,#3050,.F.);
#3991=ORIENTED_EDGE('',*,*,#3051,.T.);
#3992=ORIENTED_EDGE('',*,*,#3052,.T.);
#3993=ORIENTED_EDGE('',*,*,#3051,.F.);
#3994=ORIENTED_EDGE('',*,*,#3052,.F.);
#3995=ORIENTED_EDGE('',*,*,#3053,.T.);
#3996=ORIENTED_EDGE('',*,*,#3054,.F.);
#3997=ORIENTED_EDGE('',*,*,#3053,.F.);
#3998=ORIENTED_EDGE('',*,*,#3055,.F.);
#3999=ORIENTED_EDGE('',*,*,#3056,.T.);
#4000=ORIENTED_EDGE('',*,*,#3057,.T.);
#4001=ORIENTED_EDGE('',*,*,#3056,.F.);
#4002=ORIENTED_EDGE('',*,*,#3057,.F.);
#4003=ORIENTED_EDGE('',*,*,#3058,.T.);
#4004=ORIENTED_EDGE('',*,*,#3059,.F.);
#4005=ORIENTED_EDGE('',*,*,#3058,.F.);
#4006=ORIENTED_EDGE('',*,*,#3060,.T.);
#4007=ORIENTED_EDGE('',*,*,#3061,.T.);
#4008=ORIENTED_EDGE('',*,*,#3062,.T.);
#4009=ORIENTED_EDGE('',*,*,#3063,.T.);
#4010=ORIENTED_EDGE('',*,*,#3061,.F.);
#4011=ORIENTED_EDGE('',*,*,#3064,.F.);
#4012=ORIENTED_EDGE('',*,*,#3065,.T.);
#4013=ORIENTED_EDGE('',*,*,#3066,.T.);
#4014=ORIENTED_EDGE('',*,*,#3067,.T.);
#4015=ORIENTED_EDGE('',*,*,#3068,.F.);
#4016=ORIENTED_EDGE('',*,*,#3069,.F.);
#4017=ORIENTED_EDGE('',*,*,#3070,.T.);
#4018=ORIENTED_EDGE('',*,*,#3071,.T.);
#4019=ORIENTED_EDGE('',*,*,#3072,.T.);
#4020=ORIENTED_EDGE('',*,*,#3050,.T.);
#4021=ORIENTED_EDGE('',*,*,#3055,.T.);
#4022=ORIENTED_EDGE('',*,*,#3073,.T.);
#4023=ORIENTED_EDGE('',*,*,#3074,.T.);
#4024=ORIENTED_EDGE('',*,*,#3075,.T.);
#4025=ORIENTED_EDGE('',*,*,#3076,.T.);
#4026=ORIENTED_EDGE('',*,*,#3077,.T.);
#4027=ORIENTED_EDGE('',*,*,#3078,.T.);
#4028=ORIENTED_EDGE('',*,*,#3079,.T.);
#4029=ORIENTED_EDGE('',*,*,#3080,.T.);
#4030=ORIENTED_EDGE('',*,*,#3060,.F.);
#4031=ORIENTED_EDGE('',*,*,#3081,.F.);
#4032=ORIENTED_EDGE('',*,*,#3082,.F.);
#4033=ORIENTED_EDGE('',*,*,#3083,.F.);
#4034=ORIENTED_EDGE('',*,*,#3084,.T.);
#4035=ORIENTED_EDGE('',*,*,#3085,.T.);
#4036=ORIENTED_EDGE('',*,*,#3086,.T.);
#4037=ORIENTED_EDGE('',*,*,#3069,.T.);
#4038=ORIENTED_EDGE('',*,*,#3085,.F.);
#4039=ORIENTED_EDGE('',*,*,#3087,.T.);
#4040=ORIENTED_EDGE('',*,*,#3088,.T.);
#4041=ORIENTED_EDGE('',*,*,#3089,.T.);
#4042=ORIENTED_EDGE('',*,*,#3084,.F.);
#4043=ORIENTED_EDGE('',*,*,#3090,.T.);
#4044=ORIENTED_EDGE('',*,*,#3091,.T.);
#4045=ORIENTED_EDGE('',*,*,#3087,.F.);
#4046=ORIENTED_EDGE('',*,*,#3092,.F.);
#4047=ORIENTED_EDGE('',*,*,#3093,.T.);
#4048=ORIENTED_EDGE('',*,*,#3088,.F.);
#4049=ORIENTED_EDGE('',*,*,#3091,.F.);
#4050=ORIENTED_EDGE('',*,*,#3092,.T.);
#4051=ORIENTED_EDGE('',*,*,#3094,.T.);
#4052=ORIENTED_EDGE('',*,*,#3095,.F.);
#4053=ORIENTED_EDGE('',*,*,#3096,.F.);
#4054=ORIENTED_EDGE('',*,*,#3097,.F.);
#4055=ORIENTED_EDGE('',*,*,#3082,.T.);
#4056=ORIENTED_EDGE('',*,*,#3098,.F.);
#4057=ORIENTED_EDGE('',*,*,#3099,.F.);
#4058=ORIENTED_EDGE('',*,*,#3063,.F.);
#4059=ORIENTED_EDGE('',*,*,#3100,.T.);
#4060=ORIENTED_EDGE('',*,*,#3098,.T.);
#4061=ORIENTED_EDGE('',*,*,#3081,.T.);
#4062=ORIENTED_EDGE('',*,*,#3101,.F.);
#4063=ORIENTED_EDGE('',*,*,#3102,.F.);
#4064=ORIENTED_EDGE('',*,*,#3103,.T.);
#4065=ORIENTED_EDGE('',*,*,#3104,.F.);
#4066=ORIENTED_EDGE('',*,*,#3105,.F.);
#4067=ORIENTED_EDGE('',*,*,#3106,.T.);
#4068=ORIENTED_EDGE('',*,*,#3107,.F.);
#4069=ORIENTED_EDGE('',*,*,#3106,.F.);
#4070=ORIENTED_EDGE('',*,*,#3105,.T.);
#4071=ORIENTED_EDGE('',*,*,#3108,.F.);
#4072=ORIENTED_EDGE('',*,*,#3103,.F.);
#4073=ORIENTED_EDGE('',*,*,#3102,.T.);
#4074=ORIENTED_EDGE('',*,*,#3109,.T.);
#4075=ORIENTED_EDGE('',*,*,#3110,.F.);
#4076=ORIENTED_EDGE('',*,*,#3111,.F.);
#4077=ORIENTED_EDGE('',*,*,#3110,.T.);
#4078=ORIENTED_EDGE('',*,*,#3109,.F.);
#4079=ORIENTED_EDGE('',*,*,#3112,.F.);
#4080=ORIENTED_EDGE('',*,*,#3113,.F.);
#4081=ORIENTED_EDGE('',*,*,#3114,.T.);
#4082=ORIENTED_EDGE('',*,*,#3115,.F.);
#4083=ORIENTED_EDGE('',*,*,#3113,.T.);
#4084=ORIENTED_EDGE('',*,*,#3116,.F.);
#4085=ORIENTED_EDGE('',*,*,#3114,.F.);
#4086=ORIENTED_EDGE('',*,*,#3112,.T.);
#4087=ORIENTED_EDGE('',*,*,#3117,.F.);
#4088=ORIENTED_EDGE('',*,*,#3077,.F.);
#4089=ORIENTED_EDGE('',*,*,#3118,.T.);
#4090=ORIENTED_EDGE('',*,*,#3116,.T.);
#4091=ORIENTED_EDGE('',*,*,#3118,.F.);
#4092=ORIENTED_EDGE('',*,*,#3080,.F.);
#4093=ORIENTED_EDGE('',*,*,#3119,.T.);
#4094=ORIENTED_EDGE('',*,*,#3115,.T.);
#4095=ORIENTED_EDGE('',*,*,#3119,.F.);
#4096=ORIENTED_EDGE('',*,*,#3079,.F.);
#4097=ORIENTED_EDGE('',*,*,#3120,.T.);
#4098=ORIENTED_EDGE('',*,*,#3111,.T.);
#4099=ORIENTED_EDGE('',*,*,#3120,.F.);
#4100=ORIENTED_EDGE('',*,*,#3078,.F.);
#4101=ORIENTED_EDGE('',*,*,#3117,.T.);
#4102=ORIENTED_EDGE('',*,*,#3121,.F.);
#4103=ORIENTED_EDGE('',*,*,#3122,.F.);
#4104=ORIENTED_EDGE('',*,*,#3123,.T.);
#4105=ORIENTED_EDGE('',*,*,#3124,.F.);
#4106=ORIENTED_EDGE('',*,*,#3125,.F.);
#4107=ORIENTED_EDGE('',*,*,#3126,.T.);
#4108=ORIENTED_EDGE('',*,*,#3127,.F.);
#4109=ORIENTED_EDGE('',*,*,#3126,.F.);
#4110=ORIENTED_EDGE('',*,*,#3125,.T.);
#4111=ORIENTED_EDGE('',*,*,#3128,.F.);
#4112=ORIENTED_EDGE('',*,*,#3123,.F.);
#4113=ORIENTED_EDGE('',*,*,#3122,.T.);
#4114=ORIENTED_EDGE('',*,*,#3129,.F.);
#4115=ORIENTED_EDGE('',*,*,#3130,.T.);
#4116=ORIENTED_EDGE('',*,*,#3131,.F.);
#4117=ORIENTED_EDGE('',*,*,#3130,.F.);
#4118=ORIENTED_EDGE('',*,*,#3129,.T.);
#4119=ORIENTED_EDGE('',*,*,#3132,.F.);
#4120=ORIENTED_EDGE('',*,*,#3133,.F.);
#4121=ORIENTED_EDGE('',*,*,#3134,.T.);
#4122=ORIENTED_EDGE('',*,*,#3135,.F.);
#4123=ORIENTED_EDGE('',*,*,#3134,.F.);
#4124=ORIENTED_EDGE('',*,*,#3133,.T.);
#4125=ORIENTED_EDGE('',*,*,#3136,.F.);
#4126=ORIENTED_EDGE('',*,*,#3135,.T.);
#4127=ORIENTED_EDGE('',*,*,#3137,.F.);
#4128=ORIENTED_EDGE('',*,*,#3073,.F.);
#4129=ORIENTED_EDGE('',*,*,#3138,.T.);
#4130=ORIENTED_EDGE('',*,*,#3131,.T.);
#4131=ORIENTED_EDGE('',*,*,#3138,.F.);
#4132=ORIENTED_EDGE('',*,*,#3076,.F.);
#4133=ORIENTED_EDGE('',*,*,#3139,.T.);
#4134=ORIENTED_EDGE('',*,*,#3136,.T.);
#4135=ORIENTED_EDGE('',*,*,#3140,.F.);
#4136=ORIENTED_EDGE('',*,*,#3074,.F.);
#4137=ORIENTED_EDGE('',*,*,#3137,.T.);
#4138=ORIENTED_EDGE('',*,*,#3132,.T.);
#4139=ORIENTED_EDGE('',*,*,#3139,.F.);
#4140=ORIENTED_EDGE('',*,*,#3075,.F.);
#4141=ORIENTED_EDGE('',*,*,#3140,.T.);
#4142=ORIENTED_EDGE('',*,*,#3141,.T.);
#4143=ORIENTED_EDGE('',*,*,#3142,.T.);
#4144=ORIENTED_EDGE('',*,*,#3143,.T.);
#4145=ORIENTED_EDGE('',*,*,#3144,.T.);
#4146=ORIENTED_EDGE('',*,*,#3143,.F.);
#4147=ORIENTED_EDGE('',*,*,#3145,.F.);
#4148=ORIENTED_EDGE('',*,*,#3146,.F.);
#4149=ORIENTED_EDGE('',*,*,#3147,.F.);
#4150=ORIENTED_EDGE('',*,*,#3067,.F.);
#4151=ORIENTED_EDGE('',*,*,#3148,.T.);
#4152=ORIENTED_EDGE('',*,*,#3124,.T.);
#4153=ORIENTED_EDGE('',*,*,#3127,.T.);
#4154=ORIENTED_EDGE('',*,*,#3121,.T.);
#4155=ORIENTED_EDGE('',*,*,#3128,.T.);
#4156=ORIENTED_EDGE('',*,*,#3142,.F.);
#4157=ORIENTED_EDGE('',*,*,#3149,.T.);
#4158=ORIENTED_EDGE('',*,*,#3150,.T.);
#4159=ORIENTED_EDGE('',*,*,#3151,.T.);
#4160=ORIENTED_EDGE('',*,*,#3152,.T.);
#4161=ORIENTED_EDGE('',*,*,#3153,.T.);
#4162=ORIENTED_EDGE('',*,*,#3154,.T.);
#4163=ORIENTED_EDGE('',*,*,#3145,.T.);
#4164=ORIENTED_EDGE('',*,*,#3155,.F.);
#4165=ORIENTED_EDGE('',*,*,#3156,.T.);
#4166=ORIENTED_EDGE('',*,*,#3150,.F.);
#4167=ORIENTED_EDGE('',*,*,#3157,.F.);
#4168=ORIENTED_EDGE('',*,*,#3158,.F.);
#4169=ORIENTED_EDGE('',*,*,#3146,.T.);
#4170=ORIENTED_EDGE('',*,*,#3154,.F.);
#4171=ORIENTED_EDGE('',*,*,#3159,.F.);
#4172=ORIENTED_EDGE('',*,*,#3160,.F.);
#4173=ORIENTED_EDGE('',*,*,#3159,.T.);
#4174=ORIENTED_EDGE('',*,*,#3153,.F.);
#4175=ORIENTED_EDGE('',*,*,#3161,.F.);
#4176=ORIENTED_EDGE('',*,*,#3162,.F.);
#4177=ORIENTED_EDGE('',*,*,#3161,.T.);
#4178=ORIENTED_EDGE('',*,*,#3152,.F.);
#4179=ORIENTED_EDGE('',*,*,#3163,.F.);
#4180=ORIENTED_EDGE('',*,*,#3046,.T.);
#4181=ORIENTED_EDGE('',*,*,#3048,.T.);
#4182=ORIENTED_EDGE('',*,*,#3039,.T.);
#4183=ORIENTED_EDGE('',*,*,#3049,.T.);
#4184=ORIENTED_EDGE('',*,*,#3164,.F.);
#4185=ORIENTED_EDGE('',*,*,#3163,.T.);
#4186=ORIENTED_EDGE('',*,*,#3151,.F.);
#4187=ORIENTED_EDGE('',*,*,#3156,.F.);
#4188=ORIENTED_EDGE('',*,*,#3158,.T.);
#4189=ORIENTED_EDGE('',*,*,#3160,.T.);
#4190=ORIENTED_EDGE('',*,*,#3162,.T.);
#4191=ORIENTED_EDGE('',*,*,#3164,.T.);
#4192=ORIENTED_EDGE('',*,*,#3155,.T.);
#4193=ORIENTED_EDGE('',*,*,#3165,.T.);
#4194=ORIENTED_EDGE('',*,*,#3166,.T.);
#4195=ORIENTED_EDGE('',*,*,#3167,.T.);
#4196=ORIENTED_EDGE('',*,*,#3168,.T.);
#4197=ORIENTED_EDGE('',*,*,#3169,.T.);
#4198=ORIENTED_EDGE('',*,*,#3170,.T.);
#4199=ORIENTED_EDGE('',*,*,#3171,.T.);
#4200=ORIENTED_EDGE('',*,*,#3172,.T.);
#4201=ORIENTED_EDGE('',*,*,#3173,.T.);
#4202=ORIENTED_EDGE('',*,*,#3095,.T.);
#4203=ORIENTED_EDGE('',*,*,#3174,.T.);
#4204=ORIENTED_EDGE('',*,*,#3054,.T.);
#4205=ORIENTED_EDGE('',*,*,#3059,.T.);
#4206=ORIENTED_EDGE('',*,*,#3175,.F.);
#4207=ORIENTED_EDGE('',*,*,#3176,.T.);
#4208=ORIENTED_EDGE('',*,*,#3170,.F.);
#4209=ORIENTED_EDGE('',*,*,#3177,.F.);
#4210=ORIENTED_EDGE('',*,*,#3178,.F.);
#4211=ORIENTED_EDGE('',*,*,#3179,.F.);
#4212=ORIENTED_EDGE('',*,*,#3171,.F.);
#4213=ORIENTED_EDGE('',*,*,#3176,.F.);
#4214=ORIENTED_EDGE('',*,*,#3180,.F.);
#4215=ORIENTED_EDGE('',*,*,#3177,.T.);
#4216=ORIENTED_EDGE('',*,*,#3169,.F.);
#4217=ORIENTED_EDGE('',*,*,#3181,.F.);
#4218=ORIENTED_EDGE('',*,*,#3180,.T.);
#4219=ORIENTED_EDGE('',*,*,#3182,.F.);
#4220=ORIENTED_EDGE('',*,*,#3178,.T.);
#4221=ORIENTED_EDGE('',*,*,#3175,.T.);
#4222=ORIENTED_EDGE('',*,*,#3062,.F.);
#4223=ORIENTED_EDGE('',*,*,#3072,.F.);
#4224=ORIENTED_EDGE('',*,*,#3183,.T.);
#4225=ORIENTED_EDGE('',*,*,#3167,.F.);
#4226=ORIENTED_EDGE('',*,*,#3184,.F.);
#4227=ORIENTED_EDGE('',*,*,#3099,.T.);
#4228=ORIENTED_EDGE('',*,*,#3100,.F.);
#4229=ORIENTED_EDGE('',*,*,#3097,.T.);
#4230=ORIENTED_EDGE('',*,*,#3184,.T.);
#4231=ORIENTED_EDGE('',*,*,#3166,.F.);
#4232=ORIENTED_EDGE('',*,*,#3185,.F.);
#4233=ORIENTED_EDGE('',*,*,#3064,.T.);
#4234=ORIENTED_EDGE('',*,*,#3083,.T.);
#4235=ORIENTED_EDGE('',*,*,#3185,.T.);
#4236=ORIENTED_EDGE('',*,*,#3165,.F.);
#4237=ORIENTED_EDGE('',*,*,#3186,.F.);
#4238=ORIENTED_EDGE('',*,*,#3141,.F.);
#4239=ORIENTED_EDGE('',*,*,#3187,.F.);
#4240=ORIENTED_EDGE('',*,*,#3065,.F.);
#4241=ORIENTED_EDGE('',*,*,#3186,.T.);
#4242=ORIENTED_EDGE('',*,*,#3157,.T.);
#4243=ORIENTED_EDGE('',*,*,#3149,.F.);
#4244=ORIENTED_EDGE('',*,*,#3104,.T.);
#4245=ORIENTED_EDGE('',*,*,#3107,.T.);
#4246=ORIENTED_EDGE('',*,*,#3101,.T.);
#4247=ORIENTED_EDGE('',*,*,#3108,.T.);
#4248=ORIENTED_EDGE('',*,*,#3144,.F.);
#4249=ORIENTED_EDGE('',*,*,#3148,.F.);
#4250=ORIENTED_EDGE('',*,*,#3066,.F.);
#4251=ORIENTED_EDGE('',*,*,#3187,.T.);
#4252=ORIENTED_EDGE('',*,*,#3068,.T.);
#4253=ORIENTED_EDGE('',*,*,#3147,.T.);
#4254=ORIENTED_EDGE('',*,*,#3174,.F.);
#4255=ORIENTED_EDGE('',*,*,#3094,.F.);
#4256=ORIENTED_EDGE('',*,*,#3090,.F.);
#4257=ORIENTED_EDGE('',*,*,#3086,.F.);
#4258=ORIENTED_EDGE('',*,*,#3089,.F.);
#4259=ORIENTED_EDGE('',*,*,#3093,.F.);
#4260=ORIENTED_EDGE('',*,*,#3096,.T.);
#4261=ORIENTED_EDGE('',*,*,#3173,.F.);
#4262=ORIENTED_EDGE('',*,*,#3188,.F.);
#4263=ORIENTED_EDGE('',*,*,#3070,.F.);
#4264=ORIENTED_EDGE('',*,*,#3181,.T.);
#4265=ORIENTED_EDGE('',*,*,#3168,.F.);
#4266=ORIENTED_EDGE('',*,*,#3183,.F.);
#4267=ORIENTED_EDGE('',*,*,#3071,.F.);
#4268=ORIENTED_EDGE('',*,*,#3188,.T.);
#4269=ORIENTED_EDGE('',*,*,#3172,.F.);
#4270=ORIENTED_EDGE('',*,*,#3179,.T.);
#4271=ORIENTED_EDGE('',*,*,#3182,.T.);
#4272=ORIENTED_EDGE('',*,*,#3189,.T.);
#4273=ORIENTED_EDGE('',*,*,#3190,.T.);
#4274=ORIENTED_EDGE('',*,*,#3191,.T.);
#4275=ORIENTED_EDGE('',*,*,#3190,.F.);
#4276=ORIENTED_EDGE('',*,*,#3191,.F.);
#4277=ORIENTED_EDGE('',*,*,#3192,.T.);
#4278=ORIENTED_EDGE('',*,*,#3193,.F.);
#4279=ORIENTED_EDGE('',*,*,#3192,.F.);
#4280=ORIENTED_EDGE('',*,*,#3189,.F.);
#4281=ORIENTED_EDGE('',*,*,#3194,.T.);
#4282=ORIENTED_EDGE('',*,*,#3195,.T.);
#4283=ORIENTED_EDGE('',*,*,#3196,.T.);
#4284=ORIENTED_EDGE('',*,*,#3197,.T.);
#4285=ORIENTED_EDGE('',*,*,#3198,.T.);
#4286=ORIENTED_EDGE('',*,*,#3196,.F.);
#4287=ORIENTED_EDGE('',*,*,#3199,.T.);
#4288=ORIENTED_EDGE('',*,*,#3200,.F.);
#4289=ORIENTED_EDGE('',*,*,#3201,.T.);
#4290=ORIENTED_EDGE('',*,*,#3195,.F.);
#4291=ORIENTED_EDGE('',*,*,#3202,.F.);
#4292=ORIENTED_EDGE('',*,*,#3203,.F.);
#4293=ORIENTED_EDGE('',*,*,#3204,.T.);
#4294=ORIENTED_EDGE('',*,*,#3205,.F.);
#4295=ORIENTED_EDGE('',*,*,#3199,.F.);
#4296=ORIENTED_EDGE('',*,*,#3206,.T.);
#4297=ORIENTED_EDGE('',*,*,#3200,.T.);
#4298=ORIENTED_EDGE('',*,*,#3205,.T.);
#4299=ORIENTED_EDGE('',*,*,#3207,.T.);
#4300=ORIENTED_EDGE('',*,*,#3207,.F.);
#4301=ORIENTED_EDGE('',*,*,#3204,.F.);
#4302=ORIENTED_EDGE('',*,*,#3208,.F.);
#4303=ORIENTED_EDGE('',*,*,#3209,.T.);
#4304=ORIENTED_EDGE('',*,*,#3210,.T.);
#4305=ORIENTED_EDGE('',*,*,#3211,.F.);
#4306=ORIENTED_EDGE('',*,*,#3212,.T.);
#4307=ORIENTED_EDGE('',*,*,#3213,.F.);
#4308=ORIENTED_EDGE('',*,*,#3214,.T.);
#4309=ORIENTED_EDGE('',*,*,#3215,.T.);
#4310=ORIENTED_EDGE('',*,*,#3216,.F.);
#4311=ORIENTED_EDGE('',*,*,#3217,.T.);
#4312=ORIENTED_EDGE('',*,*,#3218,.T.);
#4313=ORIENTED_EDGE('',*,*,#3219,.T.);
#4314=ORIENTED_EDGE('',*,*,#3220,.T.);
#4315=ORIENTED_EDGE('',*,*,#3221,.T.);
#4316=ORIENTED_EDGE('',*,*,#3222,.T.);
#4317=ORIENTED_EDGE('',*,*,#3223,.T.);
#4318=ORIENTED_EDGE('',*,*,#3224,.T.);
#4319=ORIENTED_EDGE('',*,*,#3225,.T.);
#4320=ORIENTED_EDGE('',*,*,#3226,.T.);
#4321=ORIENTED_EDGE('',*,*,#3227,.T.);
#4322=ORIENTED_EDGE('',*,*,#3198,.F.);
#4323=ORIENTED_EDGE('',*,*,#3228,.F.);
#4324=ORIENTED_EDGE('',*,*,#3229,.F.);
#4325=ORIENTED_EDGE('',*,*,#3202,.T.);
#4326=ORIENTED_EDGE('',*,*,#3197,.F.);
#4327=ORIENTED_EDGE('',*,*,#3201,.F.);
#4328=ORIENTED_EDGE('',*,*,#3206,.F.);
#4329=ORIENTED_EDGE('',*,*,#3217,.F.);
#4330=ORIENTED_EDGE('',*,*,#3230,.F.);
#4331=ORIENTED_EDGE('',*,*,#3228,.T.);
#4332=ORIENTED_EDGE('',*,*,#3231,.F.);
#4333=ORIENTED_EDGE('',*,*,#3232,.T.);
#4334=ORIENTED_EDGE('',*,*,#3233,.T.);
#4335=ORIENTED_EDGE('',*,*,#3234,.F.);
#4336=ORIENTED_EDGE('',*,*,#3235,.F.);
#4337=ORIENTED_EDGE('',*,*,#3234,.T.);
#4338=ORIENTED_EDGE('',*,*,#3236,.T.);
#4339=ORIENTED_EDGE('',*,*,#3237,.F.);
#4340=ORIENTED_EDGE('',*,*,#3238,.F.);
#4341=ORIENTED_EDGE('',*,*,#3237,.T.);
#4342=ORIENTED_EDGE('',*,*,#3239,.T.);
#4343=ORIENTED_EDGE('',*,*,#3240,.F.);
#4344=ORIENTED_EDGE('',*,*,#3241,.F.);
#4345=ORIENTED_EDGE('',*,*,#3240,.T.);
#4346=ORIENTED_EDGE('',*,*,#3242,.T.);
#4347=ORIENTED_EDGE('',*,*,#3243,.F.);
#4348=ORIENTED_EDGE('',*,*,#3244,.F.);
#4349=ORIENTED_EDGE('',*,*,#3243,.T.);
#4350=ORIENTED_EDGE('',*,*,#3245,.T.);
#4351=ORIENTED_EDGE('',*,*,#3246,.F.);
#4352=ORIENTED_EDGE('',*,*,#3247,.F.);
#4353=ORIENTED_EDGE('',*,*,#3248,.T.);
#4354=ORIENTED_EDGE('',*,*,#3249,.T.);
#4355=ORIENTED_EDGE('',*,*,#3232,.F.);
#4356=ORIENTED_EDGE('',*,*,#3250,.F.);
#4357=ORIENTED_EDGE('',*,*,#3251,.T.);
#4358=ORIENTED_EDGE('',*,*,#3252,.T.);
#4359=ORIENTED_EDGE('',*,*,#3248,.F.);
#4360=ORIENTED_EDGE('',*,*,#3253,.F.);
#4361=ORIENTED_EDGE('',*,*,#3246,.T.);
#4362=ORIENTED_EDGE('',*,*,#3254,.T.);
#4363=ORIENTED_EDGE('',*,*,#3251,.F.);
#4364=ORIENTED_EDGE('',*,*,#3254,.F.);
#4365=ORIENTED_EDGE('',*,*,#3245,.F.);
#4366=ORIENTED_EDGE('',*,*,#3242,.F.);
#4367=ORIENTED_EDGE('',*,*,#3239,.F.);
#4368=ORIENTED_EDGE('',*,*,#3236,.F.);
#4369=ORIENTED_EDGE('',*,*,#3233,.F.);
#4370=ORIENTED_EDGE('',*,*,#3249,.F.);
#4371=ORIENTED_EDGE('',*,*,#3252,.F.);
#4372=ORIENTED_EDGE('',*,*,#3255,.F.);
#4373=ORIENTED_EDGE('',*,*,#3220,.F.);
#4374=ORIENTED_EDGE('',*,*,#3256,.T.);
#4375=ORIENTED_EDGE('',*,*,#3257,.T.);
#4376=ORIENTED_EDGE('',*,*,#3258,.F.);
#4377=ORIENTED_EDGE('',*,*,#3227,.F.);
#4378=ORIENTED_EDGE('',*,*,#3259,.T.);
#4379=ORIENTED_EDGE('',*,*,#3260,.T.);
#4380=ORIENTED_EDGE('',*,*,#3256,.F.);
#4381=ORIENTED_EDGE('',*,*,#3226,.F.);
#4382=ORIENTED_EDGE('',*,*,#3261,.T.);
#4383=ORIENTED_EDGE('',*,*,#3262,.T.);
#4384=ORIENTED_EDGE('',*,*,#3259,.F.);
#4385=ORIENTED_EDGE('',*,*,#3225,.F.);
#4386=ORIENTED_EDGE('',*,*,#3263,.T.);
#4387=ORIENTED_EDGE('',*,*,#3264,.T.);
#4388=ORIENTED_EDGE('',*,*,#3261,.F.);
#4389=ORIENTED_EDGE('',*,*,#3224,.F.);
#4390=ORIENTED_EDGE('',*,*,#3265,.T.);
#4391=ORIENTED_EDGE('',*,*,#3266,.T.);
#4392=ORIENTED_EDGE('',*,*,#3263,.F.);
#4393=ORIENTED_EDGE('',*,*,#3223,.F.);
#4394=ORIENTED_EDGE('',*,*,#3267,.T.);
#4395=ORIENTED_EDGE('',*,*,#3268,.T.);
#4396=ORIENTED_EDGE('',*,*,#3265,.F.);
#4397=ORIENTED_EDGE('',*,*,#3222,.F.);
#4398=ORIENTED_EDGE('',*,*,#3269,.T.);
#4399=ORIENTED_EDGE('',*,*,#3270,.T.);
#4400=ORIENTED_EDGE('',*,*,#3267,.F.);
#4401=ORIENTED_EDGE('',*,*,#3221,.F.);
#4402=ORIENTED_EDGE('',*,*,#3258,.T.);
#4403=ORIENTED_EDGE('',*,*,#3271,.T.);
#4404=ORIENTED_EDGE('',*,*,#3269,.F.);
#4405=ORIENTED_EDGE('',*,*,#3271,.F.);
#4406=ORIENTED_EDGE('',*,*,#3257,.F.);
#4407=ORIENTED_EDGE('',*,*,#3260,.F.);
#4408=ORIENTED_EDGE('',*,*,#3262,.F.);
#4409=ORIENTED_EDGE('',*,*,#3264,.F.);
#4410=ORIENTED_EDGE('',*,*,#3266,.F.);
#4411=ORIENTED_EDGE('',*,*,#3268,.F.);
#4412=ORIENTED_EDGE('',*,*,#3270,.F.);
#4413=ORIENTED_EDGE('',*,*,#3244,.T.);
#4414=ORIENTED_EDGE('',*,*,#3253,.T.);
#4415=ORIENTED_EDGE('',*,*,#3250,.T.);
#4416=ORIENTED_EDGE('',*,*,#3247,.T.);
#4417=ORIENTED_EDGE('',*,*,#3231,.T.);
#4418=ORIENTED_EDGE('',*,*,#3235,.T.);
#4419=ORIENTED_EDGE('',*,*,#3238,.T.);
#4420=ORIENTED_EDGE('',*,*,#3241,.T.);
#4421=ORIENTED_EDGE('',*,*,#3219,.F.);
#4422=ORIENTED_EDGE('',*,*,#3272,.T.);
#4423=ORIENTED_EDGE('',*,*,#3273,.T.);
#4424=ORIENTED_EDGE('',*,*,#3272,.F.);
#4425=ORIENTED_EDGE('',*,*,#3273,.F.);
#4426=ORIENTED_EDGE('',*,*,#3218,.F.);
#4427=ORIENTED_EDGE('',*,*,#3274,.T.);
#4428=ORIENTED_EDGE('',*,*,#3275,.T.);
#4429=ORIENTED_EDGE('',*,*,#3274,.F.);
#4430=ORIENTED_EDGE('',*,*,#3275,.F.);
#4431=ORIENTED_EDGE('',*,*,#3194,.F.);
#4432=ORIENTED_EDGE('',*,*,#3276,.T.);
#4433=ORIENTED_EDGE('',*,*,#3255,.T.);
#4434=ORIENTED_EDGE('',*,*,#3276,.F.);
#4435=ORIENTED_EDGE('',*,*,#3212,.F.);
#4436=ORIENTED_EDGE('',*,*,#3277,.T.);
#4437=ORIENTED_EDGE('',*,*,#3278,.F.);
#4438=ORIENTED_EDGE('',*,*,#3279,.F.);
#4439=ORIENTED_EDGE('',*,*,#3213,.T.);
#4440=ORIENTED_EDGE('',*,*,#3279,.T.);
#4441=ORIENTED_EDGE('',*,*,#3280,.F.);
#4442=ORIENTED_EDGE('',*,*,#3281,.F.);
#4443=ORIENTED_EDGE('',*,*,#3214,.F.);
#4444=ORIENTED_EDGE('',*,*,#3281,.T.);
#4445=ORIENTED_EDGE('',*,*,#3282,.F.);
#4446=ORIENTED_EDGE('',*,*,#3283,.F.);
#4447=ORIENTED_EDGE('',*,*,#3215,.F.);
#4448=ORIENTED_EDGE('',*,*,#3283,.T.);
#4449=ORIENTED_EDGE('',*,*,#3284,.F.);
#4450=ORIENTED_EDGE('',*,*,#3285,.F.);
#4451=ORIENTED_EDGE('',*,*,#3230,.T.);
#4452=ORIENTED_EDGE('',*,*,#3216,.T.);
#4453=ORIENTED_EDGE('',*,*,#3285,.T.);
#4454=ORIENTED_EDGE('',*,*,#3286,.F.);
#4455=ORIENTED_EDGE('',*,*,#3287,.F.);
#4456=ORIENTED_EDGE('',*,*,#3208,.T.);
#4457=ORIENTED_EDGE('',*,*,#3203,.T.);
#4458=ORIENTED_EDGE('',*,*,#3229,.T.);
#4459=ORIENTED_EDGE('',*,*,#3209,.F.);
#4460=ORIENTED_EDGE('',*,*,#3287,.T.);
#4461=ORIENTED_EDGE('',*,*,#3288,.F.);
#4462=ORIENTED_EDGE('',*,*,#3289,.F.);
#4463=ORIENTED_EDGE('',*,*,#3210,.F.);
#4464=ORIENTED_EDGE('',*,*,#3289,.T.);
#4465=ORIENTED_EDGE('',*,*,#3290,.F.);
#4466=ORIENTED_EDGE('',*,*,#3291,.F.);
#4467=ORIENTED_EDGE('',*,*,#3211,.T.);
#4468=ORIENTED_EDGE('',*,*,#3291,.T.);
#4469=ORIENTED_EDGE('',*,*,#3292,.F.);
#4470=ORIENTED_EDGE('',*,*,#3277,.F.);
#4471=ORIENTED_EDGE('',*,*,#3292,.T.);
#4472=ORIENTED_EDGE('',*,*,#3290,.T.);
#4473=ORIENTED_EDGE('',*,*,#3288,.T.);
#4474=ORIENTED_EDGE('',*,*,#3286,.T.);
#4475=ORIENTED_EDGE('',*,*,#3284,.T.);
#4476=ORIENTED_EDGE('',*,*,#3282,.T.);
#4477=ORIENTED_EDGE('',*,*,#3280,.T.);
#4478=ORIENTED_EDGE('',*,*,#3278,.T.);
#4479=ORIENTED_EDGE('',*,*,#3193,.T.);
#4480=ORIENTED_EDGE('',*,*,#3293,.F.);
#4481=ORIENTED_EDGE('',*,*,#3294,.T.);
#4482=ORIENTED_EDGE('',*,*,#3295,.T.);
#4483=ORIENTED_EDGE('',*,*,#3296,.T.);
#4484=ORIENTED_EDGE('',*,*,#3297,.T.);
#4485=ORIENTED_EDGE('',*,*,#3298,.T.);
#4486=ORIENTED_EDGE('',*,*,#3299,.T.);
#4487=ORIENTED_EDGE('',*,*,#3300,.T.);
#4488=ORIENTED_EDGE('',*,*,#3301,.T.);
#4489=ORIENTED_EDGE('',*,*,#3302,.T.);
#4490=ORIENTED_EDGE('',*,*,#3303,.F.);
#4491=ORIENTED_EDGE('',*,*,#3304,.T.);
#4492=ORIENTED_EDGE('',*,*,#3293,.T.);
#4493=ORIENTED_EDGE('',*,*,#3304,.F.);
#4494=ORIENTED_EDGE('',*,*,#3303,.T.);
#4495=ORIENTED_EDGE('',*,*,#3305,.T.);
#4496=ORIENTED_EDGE('',*,*,#3306,.T.);
#4497=ORIENTED_EDGE('',*,*,#3295,.F.);
#4498=ORIENTED_EDGE('',*,*,#3307,.F.);
#4499=ORIENTED_EDGE('',*,*,#3308,.T.);
#4500=ORIENTED_EDGE('',*,*,#3307,.T.);
#4501=ORIENTED_EDGE('',*,*,#3302,.F.);
#4502=ORIENTED_EDGE('',*,*,#3309,.F.);
#4503=ORIENTED_EDGE('',*,*,#3310,.T.);
#4504=ORIENTED_EDGE('',*,*,#3309,.T.);
#4505=ORIENTED_EDGE('',*,*,#3301,.F.);
#4506=ORIENTED_EDGE('',*,*,#3311,.F.);
#4507=ORIENTED_EDGE('',*,*,#3312,.T.);
#4508=ORIENTED_EDGE('',*,*,#3311,.T.);
#4509=ORIENTED_EDGE('',*,*,#3300,.F.);
#4510=ORIENTED_EDGE('',*,*,#3313,.F.);
#4511=ORIENTED_EDGE('',*,*,#3314,.T.);
#4512=ORIENTED_EDGE('',*,*,#3313,.T.);
#4513=ORIENTED_EDGE('',*,*,#3299,.F.);
#4514=ORIENTED_EDGE('',*,*,#3315,.F.);
#4515=ORIENTED_EDGE('',*,*,#3316,.T.);
#4516=ORIENTED_EDGE('',*,*,#3315,.T.);
#4517=ORIENTED_EDGE('',*,*,#3298,.F.);
#4518=ORIENTED_EDGE('',*,*,#3317,.F.);
#4519=ORIENTED_EDGE('',*,*,#3318,.T.);
#4520=ORIENTED_EDGE('',*,*,#3317,.T.);
#4521=ORIENTED_EDGE('',*,*,#3297,.F.);
#4522=ORIENTED_EDGE('',*,*,#3319,.F.);
#4523=ORIENTED_EDGE('',*,*,#3320,.T.);
#4524=ORIENTED_EDGE('',*,*,#3319,.T.);
#4525=ORIENTED_EDGE('',*,*,#3296,.F.);
#4526=ORIENTED_EDGE('',*,*,#3306,.F.);
#4527=ORIENTED_EDGE('',*,*,#3294,.F.);
#4528=ORIENTED_EDGE('',*,*,#3321,.T.);
#4529=ORIENTED_EDGE('',*,*,#3322,.T.);
#4530=ORIENTED_EDGE('',*,*,#3321,.F.);
#4531=ORIENTED_EDGE('',*,*,#3322,.F.);
#4532=ORIENTED_EDGE('',*,*,#3320,.F.);
#4533=ORIENTED_EDGE('',*,*,#3305,.F.);
#4534=ORIENTED_EDGE('',*,*,#3308,.F.);
#4535=ORIENTED_EDGE('',*,*,#3310,.F.);
#4536=ORIENTED_EDGE('',*,*,#3312,.F.);
#4537=ORIENTED_EDGE('',*,*,#3314,.F.);
#4538=ORIENTED_EDGE('',*,*,#3316,.F.);
#4539=ORIENTED_EDGE('',*,*,#3318,.F.);
#4540=ORIENTED_EDGE('',*,*,#3323,.F.);
#4541=ORIENTED_EDGE('',*,*,#3324,.F.);
#4542=ORIENTED_EDGE('',*,*,#3325,.F.);
#4543=ORIENTED_EDGE('',*,*,#3326,.F.);
#4544=ORIENTED_EDGE('',*,*,#3327,.F.);
#4545=ORIENTED_EDGE('',*,*,#3328,.F.);
#4546=ORIENTED_EDGE('',*,*,#3324,.T.);
#4547=ORIENTED_EDGE('',*,*,#3329,.T.);
#4548=ORIENTED_EDGE('',*,*,#3327,.T.);
#4549=ORIENTED_EDGE('',*,*,#3330,.T.);
#4550=ORIENTED_EDGE('',*,*,#3331,.F.);
#4551=ORIENTED_EDGE('',*,*,#3332,.F.);
#4552=ORIENTED_EDGE('',*,*,#3333,.F.);
#4553=ORIENTED_EDGE('',*,*,#3332,.T.);
#4554=ORIENTED_EDGE('',*,*,#3334,.T.);
#4555=ORIENTED_EDGE('',*,*,#3323,.T.);
#4556=ORIENTED_EDGE('',*,*,#3335,.T.);
#4557=ORIENTED_EDGE('',*,*,#3336,.F.);
#4558=ORIENTED_EDGE('',*,*,#3337,.T.);
#4559=ORIENTED_EDGE('',*,*,#3338,.T.);
#4560=ORIENTED_EDGE('',*,*,#3339,.T.);
#4561=ORIENTED_EDGE('',*,*,#3340,.T.);
#4562=ORIENTED_EDGE('',*,*,#3341,.T.);
#4563=ORIENTED_EDGE('',*,*,#3333,.T.);
#4564=ORIENTED_EDGE('',*,*,#3342,.T.);
#4565=ORIENTED_EDGE('',*,*,#3336,.T.);
#4566=ORIENTED_EDGE('',*,*,#3343,.T.);
#4567=ORIENTED_EDGE('',*,*,#3328,.T.);
#4568=ORIENTED_EDGE('',*,*,#3344,.T.);
#4569=ORIENTED_EDGE('',*,*,#3331,.T.);
#4570=ORIENTED_EDGE('',*,*,#3345,.T.);
#4571=ORIENTED_EDGE('',*,*,#3346,.T.);
#4572=ORIENTED_EDGE('',*,*,#3347,.T.);
#4573=ORIENTED_EDGE('',*,*,#3326,.T.);
#4574=ORIENTED_EDGE('',*,*,#3348,.T.);
#4575=ORIENTED_EDGE('',*,*,#3349,.T.);
#4576=ORIENTED_EDGE('',*,*,#3350,.T.);
#4577=ORIENTED_EDGE('',*,*,#3351,.T.);
#4578=ORIENTED_EDGE('',*,*,#3352,.T.);
#4579=ORIENTED_EDGE('',*,*,#3353,.F.);
#4580=ORIENTED_EDGE('',*,*,#3354,.T.);
#4581=ORIENTED_EDGE('',*,*,#3325,.T.);
#4582=ORIENTED_EDGE('',*,*,#3355,.T.);
#4583=ORIENTED_EDGE('',*,*,#3356,.T.);
#4584=ORIENTED_EDGE('',*,*,#3357,.T.);
#4585=ORIENTED_EDGE('',*,*,#3348,.F.);
#4586=ORIENTED_EDGE('',*,*,#3345,.F.);
#4587=ORIENTED_EDGE('',*,*,#3341,.F.);
#4588=ORIENTED_EDGE('',*,*,#3358,.F.);
#4589=ORIENTED_EDGE('',*,*,#3359,.T.);
#4590=ORIENTED_EDGE('',*,*,#3360,.F.);
#4591=ORIENTED_EDGE('',*,*,#3339,.F.);
#4592=ORIENTED_EDGE('',*,*,#3361,.F.);
#4593=ORIENTED_EDGE('',*,*,#3362,.F.);
#4594=ORIENTED_EDGE('',*,*,#3363,.F.);
#4595=ORIENTED_EDGE('',*,*,#3364,.F.);
#4596=ORIENTED_EDGE('',*,*,#3365,.F.);
#4597=ORIENTED_EDGE('',*,*,#3366,.F.);
#4598=ORIENTED_EDGE('',*,*,#3367,.F.);
#4599=ORIENTED_EDGE('',*,*,#3368,.F.);
#4600=ORIENTED_EDGE('',*,*,#3369,.F.);
#4601=ORIENTED_EDGE('',*,*,#3370,.F.);
#4602=ORIENTED_EDGE('',*,*,#3371,.F.);
#4603=ORIENTED_EDGE('',*,*,#3372,.F.);
#4604=ORIENTED_EDGE('',*,*,#3373,.F.);
#4605=ORIENTED_EDGE('',*,*,#3374,.F.);
#4606=ORIENTED_EDGE('',*,*,#3375,.F.);
#4607=ORIENTED_EDGE('',*,*,#3376,.F.);
#4608=ORIENTED_EDGE('',*,*,#3377,.F.);
#4609=ORIENTED_EDGE('',*,*,#3378,.F.);
#4610=ORIENTED_EDGE('',*,*,#3379,.F.);
#4611=ORIENTED_EDGE('',*,*,#3380,.F.);
#4612=ORIENTED_EDGE('',*,*,#3381,.F.);
#4613=ORIENTED_EDGE('',*,*,#3382,.F.);
#4614=ORIENTED_EDGE('',*,*,#3383,.F.);
#4615=ORIENTED_EDGE('',*,*,#3384,.F.);
#4616=ORIENTED_EDGE('',*,*,#3385,.F.);
#4617=ORIENTED_EDGE('',*,*,#3386,.F.);
#4618=ORIENTED_EDGE('',*,*,#3387,.F.);
#4619=ORIENTED_EDGE('',*,*,#3388,.F.);
#4620=ORIENTED_EDGE('',*,*,#3389,.F.);
#4621=ORIENTED_EDGE('',*,*,#3390,.F.);
#4622=ORIENTED_EDGE('',*,*,#3343,.F.);
#4623=ORIENTED_EDGE('',*,*,#3338,.F.);
#4624=ORIENTED_EDGE('',*,*,#3391,.F.);
#4625=ORIENTED_EDGE('',*,*,#3361,.T.);
#4626=ORIENTED_EDGE('',*,*,#3337,.F.);
#4627=ORIENTED_EDGE('',*,*,#3342,.F.);
#4628=ORIENTED_EDGE('',*,*,#3335,.F.);
#4629=ORIENTED_EDGE('',*,*,#3354,.F.);
#4630=ORIENTED_EDGE('',*,*,#3392,.F.);
#4631=ORIENTED_EDGE('',*,*,#3393,.T.);
#4632=ORIENTED_EDGE('',*,*,#3362,.T.);
#4633=ORIENTED_EDGE('',*,*,#3391,.T.);
#4634=ORIENTED_EDGE('',*,*,#3394,.F.);
#4635=ORIENTED_EDGE('',*,*,#3395,.F.);
#4636=ORIENTED_EDGE('',*,*,#3396,.F.);
#4637=ORIENTED_EDGE('',*,*,#3397,.T.);
#4638=ORIENTED_EDGE('',*,*,#3398,.F.);
#4639=ORIENTED_EDGE('',*,*,#3399,.F.);
#4640=ORIENTED_EDGE('',*,*,#3329,.F.);
#4641=ORIENTED_EDGE('',*,*,#3334,.F.);
#4642=ORIENTED_EDGE('',*,*,#3344,.F.);
#4643=ORIENTED_EDGE('',*,*,#3400,.F.);
#4644=ORIENTED_EDGE('',*,*,#3401,.F.);
#4645=ORIENTED_EDGE('',*,*,#3402,.F.);
#4646=ORIENTED_EDGE('',*,*,#3403,.F.);
#4647=ORIENTED_EDGE('',*,*,#3404,.F.);
#4648=ORIENTED_EDGE('',*,*,#3405,.F.);
#4649=ORIENTED_EDGE('',*,*,#3406,.F.);
#4650=ORIENTED_EDGE('',*,*,#3407,.F.);
#4651=ORIENTED_EDGE('',*,*,#3408,.F.);
#4652=ORIENTED_EDGE('',*,*,#3407,.T.);
#4653=ORIENTED_EDGE('',*,*,#3409,.T.);
#4654=ORIENTED_EDGE('',*,*,#3404,.T.);
#4655=ORIENTED_EDGE('',*,*,#3410,.T.);
#4656=ORIENTED_EDGE('',*,*,#3411,.T.);
#4657=ORIENTED_EDGE('',*,*,#3412,.T.);
#4658=ORIENTED_EDGE('',*,*,#3349,.F.);
#4659=ORIENTED_EDGE('',*,*,#3413,.T.);
#4660=ORIENTED_EDGE('',*,*,#3408,.T.);
#4661=ORIENTED_EDGE('',*,*,#3414,.T.);
#4662=ORIENTED_EDGE('',*,*,#3415,.T.);
#4663=ORIENTED_EDGE('',*,*,#3416,.T.);
#4664=ORIENTED_EDGE('',*,*,#3401,.T.);
#4665=ORIENTED_EDGE('',*,*,#3417,.T.);
#4666=ORIENTED_EDGE('',*,*,#3406,.T.);
#4667=ORIENTED_EDGE('',*,*,#3418,.T.);
#4668=ORIENTED_EDGE('',*,*,#3405,.T.);
#4669=ORIENTED_EDGE('',*,*,#3419,.T.);
#4670=ORIENTED_EDGE('',*,*,#3400,.T.);
#4671=ORIENTED_EDGE('',*,*,#3420,.T.);
#4672=ORIENTED_EDGE('',*,*,#3421,.T.);
#4673=ORIENTED_EDGE('',*,*,#3422,.T.);
#4674=ORIENTED_EDGE('',*,*,#3403,.T.);
#4675=ORIENTED_EDGE('',*,*,#3423,.T.);
#4676=ORIENTED_EDGE('',*,*,#3424,.T.);
#4677=ORIENTED_EDGE('',*,*,#3425,.T.);
#4678=ORIENTED_EDGE('',*,*,#3426,.T.);
#4679=ORIENTED_EDGE('',*,*,#3427,.T.);
#4680=ORIENTED_EDGE('',*,*,#3428,.T.);
#4681=ORIENTED_EDGE('',*,*,#3429,.T.);
#4682=ORIENTED_EDGE('',*,*,#3430,.T.);
#4683=ORIENTED_EDGE('',*,*,#3427,.F.);
#4684=ORIENTED_EDGE('',*,*,#3431,.T.);
#4685=ORIENTED_EDGE('',*,*,#3402,.T.);
#4686=ORIENTED_EDGE('',*,*,#3432,.T.);
#4687=ORIENTED_EDGE('',*,*,#3433,.F.);
#4688=ORIENTED_EDGE('',*,*,#3390,.T.);
#4689=ORIENTED_EDGE('',*,*,#3421,.F.);
#4690=ORIENTED_EDGE('',*,*,#3434,.T.);
#4691=ORIENTED_EDGE('',*,*,#3435,.T.);
#4692=ORIENTED_EDGE('',*,*,#3426,.F.);
#4693=ORIENTED_EDGE('',*,*,#3436,.F.);
#4694=ORIENTED_EDGE('',*,*,#3437,.F.);
#4695=ORIENTED_EDGE('',*,*,#3438,.T.);
#4696=ORIENTED_EDGE('',*,*,#3434,.F.);
#4697=ORIENTED_EDGE('',*,*,#3425,.F.);
#4698=ORIENTED_EDGE('',*,*,#3439,.F.);
#4699=ORIENTED_EDGE('',*,*,#3440,.F.);
#4700=ORIENTED_EDGE('',*,*,#3441,.F.);
#4701=ORIENTED_EDGE('',*,*,#3442,.T.);
#4702=ORIENTED_EDGE('',*,*,#3436,.T.);
#4703=ORIENTED_EDGE('',*,*,#3423,.F.);
#4704=ORIENTED_EDGE('',*,*,#3420,.F.);
#4705=ORIENTED_EDGE('',*,*,#3431,.F.);
#4706=ORIENTED_EDGE('',*,*,#3429,.F.);
#4707=ORIENTED_EDGE('',*,*,#3443,.T.);
#4708=ORIENTED_EDGE('',*,*,#3388,.T.);
#4709=ORIENTED_EDGE('',*,*,#3444,.F.);
#4710=ORIENTED_EDGE('',*,*,#3445,.T.);
#4711=ORIENTED_EDGE('',*,*,#3428,.F.);
#4712=ORIENTED_EDGE('',*,*,#3430,.F.);
#4713=ORIENTED_EDGE('',*,*,#3389,.T.);
#4714=ORIENTED_EDGE('',*,*,#3443,.F.);
#4715=ORIENTED_EDGE('',*,*,#3409,.F.);
#4716=ORIENTED_EDGE('',*,*,#3417,.F.);
#4717=ORIENTED_EDGE('',*,*,#3419,.F.);
#4718=ORIENTED_EDGE('',*,*,#3446,.F.);
#4719=ORIENTED_EDGE('',*,*,#3447,.F.);
#4720=ORIENTED_EDGE('',*,*,#3448,.F.);
#4721=ORIENTED_EDGE('',*,*,#3449,.F.);
#4722=ORIENTED_EDGE('',*,*,#3450,.F.);
#4723=ORIENTED_EDGE('',*,*,#3451,.F.);
#4724=ORIENTED_EDGE('',*,*,#3452,.F.);
#4725=ORIENTED_EDGE('',*,*,#3453,.F.);
#4726=ORIENTED_EDGE('',*,*,#3454,.F.);
#4727=ORIENTED_EDGE('',*,*,#3453,.T.);
#4728=ORIENTED_EDGE('',*,*,#3455,.T.);
#4729=ORIENTED_EDGE('',*,*,#3447,.T.);
#4730=ORIENTED_EDGE('',*,*,#3456,.T.);
#4731=ORIENTED_EDGE('',*,*,#3457,.T.);
#4732=ORIENTED_EDGE('',*,*,#3458,.T.);
#4733=ORIENTED_EDGE('',*,*,#3459,.T.);
#4734=ORIENTED_EDGE('',*,*,#3460,.T.);
#4735=ORIENTED_EDGE('',*,*,#3457,.F.);
#4736=ORIENTED_EDGE('',*,*,#3461,.T.);
#4737=ORIENTED_EDGE('',*,*,#3454,.T.);
#4738=ORIENTED_EDGE('',*,*,#3462,.T.);
#4739=ORIENTED_EDGE('',*,*,#3463,.F.);
#4740=ORIENTED_EDGE('',*,*,#3370,.T.);
#4741=ORIENTED_EDGE('',*,*,#3450,.T.);
#4742=ORIENTED_EDGE('',*,*,#3464,.T.);
#4743=ORIENTED_EDGE('',*,*,#3452,.T.);
#4744=ORIENTED_EDGE('',*,*,#3465,.T.);
#4745=ORIENTED_EDGE('',*,*,#3466,.T.);
#4746=ORIENTED_EDGE('',*,*,#3467,.T.);
#4747=ORIENTED_EDGE('',*,*,#3451,.T.);
#4748=ORIENTED_EDGE('',*,*,#3468,.T.);
#4749=ORIENTED_EDGE('',*,*,#3469,.T.);
#4750=ORIENTED_EDGE('',*,*,#3470,.T.);
#4751=ORIENTED_EDGE('',*,*,#3471,.T.);
#4752=ORIENTED_EDGE('',*,*,#3448,.T.);
#4753=ORIENTED_EDGE('',*,*,#3472,.T.);
#4754=ORIENTED_EDGE('',*,*,#3449,.T.);
#4755=ORIENTED_EDGE('',*,*,#3473,.T.);
#4756=ORIENTED_EDGE('',*,*,#3474,.T.);
#4757=ORIENTED_EDGE('',*,*,#3475,.F.);
#4758=ORIENTED_EDGE('',*,*,#3476,.T.);
#4759=ORIENTED_EDGE('',*,*,#3446,.T.);
#4760=ORIENTED_EDGE('',*,*,#3477,.T.);
#4761=ORIENTED_EDGE('',*,*,#3478,.T.);
#4762=ORIENTED_EDGE('',*,*,#3479,.T.);
#4763=ORIENTED_EDGE('',*,*,#3468,.F.);
#4764=ORIENTED_EDGE('',*,*,#3465,.F.);
#4765=ORIENTED_EDGE('',*,*,#3461,.F.);
#4766=ORIENTED_EDGE('',*,*,#3459,.F.);
#4767=ORIENTED_EDGE('',*,*,#3480,.T.);
#4768=ORIENTED_EDGE('',*,*,#3368,.T.);
#4769=ORIENTED_EDGE('',*,*,#3481,.F.);
#4770=ORIENTED_EDGE('',*,*,#3482,.T.);
#4771=ORIENTED_EDGE('',*,*,#3458,.F.);
#4772=ORIENTED_EDGE('',*,*,#3460,.F.);
#4773=ORIENTED_EDGE('',*,*,#3369,.T.);
#4774=ORIENTED_EDGE('',*,*,#3480,.F.);
#4775=ORIENTED_EDGE('',*,*,#3462,.F.);
#4776=ORIENTED_EDGE('',*,*,#3456,.F.);
#4777=ORIENTED_EDGE('',*,*,#3476,.F.);
#4778=ORIENTED_EDGE('',*,*,#3483,.F.);
#4779=ORIENTED_EDGE('',*,*,#3484,.T.);
#4780=ORIENTED_EDGE('',*,*,#3485,.F.);
#4781=ORIENTED_EDGE('',*,*,#3486,.F.);
#4782=ORIENTED_EDGE('',*,*,#3487,.F.);
#4783=ORIENTED_EDGE('',*,*,#3488,.T.);
#4784=ORIENTED_EDGE('',*,*,#3489,.F.);
#4785=ORIENTED_EDGE('',*,*,#3490,.F.);
#4786=ORIENTED_EDGE('',*,*,#3455,.F.);
#4787=ORIENTED_EDGE('',*,*,#3464,.F.);
#4788=ORIENTED_EDGE('',*,*,#3472,.F.);
#4789=ORIENTED_EDGE('',*,*,#3491,.F.);
#4790=ORIENTED_EDGE('',*,*,#3492,.F.);
#4791=ORIENTED_EDGE('',*,*,#3493,.F.);
#4792=ORIENTED_EDGE('',*,*,#3494,.F.);
#4793=ORIENTED_EDGE('',*,*,#3495,.F.);
#4794=ORIENTED_EDGE('',*,*,#3496,.F.);
#4795=ORIENTED_EDGE('',*,*,#3497,.F.);
#4796=ORIENTED_EDGE('',*,*,#3498,.F.);
#4797=ORIENTED_EDGE('',*,*,#3499,.F.);
#4798=ORIENTED_EDGE('',*,*,#3498,.T.);
#4799=ORIENTED_EDGE('',*,*,#3500,.T.);
#4800=ORIENTED_EDGE('',*,*,#3495,.T.);
#4801=ORIENTED_EDGE('',*,*,#3501,.T.);
#4802=ORIENTED_EDGE('',*,*,#3502,.T.);
#4803=ORIENTED_EDGE('',*,*,#3503,.T.);
#4804=ORIENTED_EDGE('',*,*,#3469,.F.);
#4805=ORIENTED_EDGE('',*,*,#3504,.T.);
#4806=ORIENTED_EDGE('',*,*,#3499,.T.);
#4807=ORIENTED_EDGE('',*,*,#3505,.T.);
#4808=ORIENTED_EDGE('',*,*,#3506,.T.);
#4809=ORIENTED_EDGE('',*,*,#3507,.T.);
#4810=ORIENTED_EDGE('',*,*,#3492,.T.);
#4811=ORIENTED_EDGE('',*,*,#3508,.T.);
#4812=ORIENTED_EDGE('',*,*,#3497,.T.);
#4813=ORIENTED_EDGE('',*,*,#3509,.T.);
#4814=ORIENTED_EDGE('',*,*,#3496,.T.);
#4815=ORIENTED_EDGE('',*,*,#3510,.T.);
#4816=ORIENTED_EDGE('',*,*,#3491,.T.);
#4817=ORIENTED_EDGE('',*,*,#3511,.T.);
#4818=ORIENTED_EDGE('',*,*,#3512,.T.);
#4819=ORIENTED_EDGE('',*,*,#3513,.T.);
#4820=ORIENTED_EDGE('',*,*,#3494,.T.);
#4821=ORIENTED_EDGE('',*,*,#3514,.T.);
#4822=ORIENTED_EDGE('',*,*,#3353,.T.);
#4823=ORIENTED_EDGE('',*,*,#3515,.T.);
#4824=ORIENTED_EDGE('',*,*,#3394,.T.);
#4825=ORIENTED_EDGE('',*,*,#3399,.T.);
#4826=ORIENTED_EDGE('',*,*,#3516,.F.);
#4827=ORIENTED_EDGE('',*,*,#3517,.T.);
#4828=ORIENTED_EDGE('',*,*,#3518,.T.);
#4829=ORIENTED_EDGE('',*,*,#3364,.T.);
#4830=ORIENTED_EDGE('',*,*,#3519,.T.);
#4831=ORIENTED_EDGE('',*,*,#3520,.T.);
#4832=ORIENTED_EDGE('',*,*,#3493,.T.);
#4833=ORIENTED_EDGE('',*,*,#3521,.T.);
#4834=ORIENTED_EDGE('',*,*,#3516,.T.);
#4835=ORIENTED_EDGE('',*,*,#3522,.T.);
#4836=ORIENTED_EDGE('',*,*,#3505,.F.);
#4837=ORIENTED_EDGE('',*,*,#3501,.F.);
#4838=ORIENTED_EDGE('',*,*,#3513,.F.);
#4839=ORIENTED_EDGE('',*,*,#3523,.F.);
#4840=ORIENTED_EDGE('',*,*,#3524,.T.);
#4841=ORIENTED_EDGE('',*,*,#3525,.F.);
#4842=ORIENTED_EDGE('',*,*,#3526,.T.);
#4843=ORIENTED_EDGE('',*,*,#3527,.F.);
#4844=ORIENTED_EDGE('',*,*,#3528,.T.);
#4845=ORIENTED_EDGE('',*,*,#3529,.F.);
#4846=ORIENTED_EDGE('',*,*,#3530,.T.);
#4847=ORIENTED_EDGE('',*,*,#3531,.F.);
#4848=ORIENTED_EDGE('',*,*,#3512,.F.);
#4849=ORIENTED_EDGE('',*,*,#3398,.T.);
#4850=ORIENTED_EDGE('',*,*,#3523,.T.);
#4851=ORIENTED_EDGE('',*,*,#3352,.F.);
#4852=ORIENTED_EDGE('',*,*,#3532,.F.);
#4853=ORIENTED_EDGE('',*,*,#3533,.T.);
#4854=ORIENTED_EDGE('',*,*,#3395,.T.);
#4855=ORIENTED_EDGE('',*,*,#3515,.F.);
#4856=ORIENTED_EDGE('',*,*,#3514,.F.);
#4857=ORIENTED_EDGE('',*,*,#3511,.F.);
#4858=ORIENTED_EDGE('',*,*,#3520,.F.);
#4859=ORIENTED_EDGE('',*,*,#3534,.F.);
#4860=ORIENTED_EDGE('',*,*,#3392,.T.);
#4861=ORIENTED_EDGE('',*,*,#3500,.F.);
#4862=ORIENTED_EDGE('',*,*,#3508,.F.);
#4863=ORIENTED_EDGE('',*,*,#3510,.F.);
#4864=ORIENTED_EDGE('',*,*,#3535,.F.);
#4865=ORIENTED_EDGE('',*,*,#3536,.F.);
#4866=ORIENTED_EDGE('',*,*,#3537,.F.);
#4867=ORIENTED_EDGE('',*,*,#3538,.F.);
#4868=ORIENTED_EDGE('',*,*,#3539,.F.);
#4869=ORIENTED_EDGE('',*,*,#3540,.F.);
#4870=ORIENTED_EDGE('',*,*,#3541,.F.);
#4871=ORIENTED_EDGE('',*,*,#3542,.F.);
#4872=ORIENTED_EDGE('',*,*,#3543,.F.);
#4873=ORIENTED_EDGE('',*,*,#3542,.T.);
#4874=ORIENTED_EDGE('',*,*,#3544,.T.);
#4875=ORIENTED_EDGE('',*,*,#3536,.T.);
#4876=ORIENTED_EDGE('',*,*,#3545,.T.);
#4877=ORIENTED_EDGE('',*,*,#3546,.T.);
#4878=ORIENTED_EDGE('',*,*,#3547,.T.);
#4879=ORIENTED_EDGE('',*,*,#3548,.T.);
#4880=ORIENTED_EDGE('',*,*,#3549,.T.);
#4881=ORIENTED_EDGE('',*,*,#3546,.F.);
#4882=ORIENTED_EDGE('',*,*,#3550,.T.);
#4883=ORIENTED_EDGE('',*,*,#3543,.T.);
#4884=ORIENTED_EDGE('',*,*,#3551,.T.);
#4885=ORIENTED_EDGE('',*,*,#3552,.F.);
#4886=ORIENTED_EDGE('',*,*,#3378,.T.);
#4887=ORIENTED_EDGE('',*,*,#3539,.T.);
#4888=ORIENTED_EDGE('',*,*,#3553,.T.);
#4889=ORIENTED_EDGE('',*,*,#3541,.T.);
#4890=ORIENTED_EDGE('',*,*,#3554,.T.);
#4891=ORIENTED_EDGE('',*,*,#3555,.T.);
#4892=ORIENTED_EDGE('',*,*,#3556,.T.);
#4893=ORIENTED_EDGE('',*,*,#3540,.T.);
#4894=ORIENTED_EDGE('',*,*,#3557,.T.);
#4895=ORIENTED_EDGE('',*,*,#3558,.T.);
#4896=ORIENTED_EDGE('',*,*,#3559,.T.);
#4897=ORIENTED_EDGE('',*,*,#3560,.T.);
#4898=ORIENTED_EDGE('',*,*,#3537,.T.);
#4899=ORIENTED_EDGE('',*,*,#3561,.T.);
#4900=ORIENTED_EDGE('',*,*,#3538,.T.);
#4901=ORIENTED_EDGE('',*,*,#3562,.T.);
#4902=ORIENTED_EDGE('',*,*,#3563,.T.);
#4903=ORIENTED_EDGE('',*,*,#3564,.F.);
#4904=ORIENTED_EDGE('',*,*,#3565,.T.);
#4905=ORIENTED_EDGE('',*,*,#3535,.T.);
#4906=ORIENTED_EDGE('',*,*,#3566,.T.);
#4907=ORIENTED_EDGE('',*,*,#3567,.T.);
#4908=ORIENTED_EDGE('',*,*,#3568,.T.);
#4909=ORIENTED_EDGE('',*,*,#3557,.F.);
#4910=ORIENTED_EDGE('',*,*,#3554,.F.);
#4911=ORIENTED_EDGE('',*,*,#3550,.F.);
#4912=ORIENTED_EDGE('',*,*,#3548,.F.);
#4913=ORIENTED_EDGE('',*,*,#3569,.T.);
#4914=ORIENTED_EDGE('',*,*,#3376,.T.);
#4915=ORIENTED_EDGE('',*,*,#3570,.F.);
#4916=ORIENTED_EDGE('',*,*,#3571,.T.);
#4917=ORIENTED_EDGE('',*,*,#3547,.F.);
#4918=ORIENTED_EDGE('',*,*,#3549,.F.);
#4919=ORIENTED_EDGE('',*,*,#3377,.T.);
#4920=ORIENTED_EDGE('',*,*,#3569,.F.);
#4921=ORIENTED_EDGE('',*,*,#3551,.F.);
#4922=ORIENTED_EDGE('',*,*,#3545,.F.);
#4923=ORIENTED_EDGE('',*,*,#3565,.F.);
#4924=ORIENTED_EDGE('',*,*,#3572,.F.);
#4925=ORIENTED_EDGE('',*,*,#3573,.T.);
#4926=ORIENTED_EDGE('',*,*,#3574,.F.);
#4927=ORIENTED_EDGE('',*,*,#3575,.F.);
#4928=ORIENTED_EDGE('',*,*,#3576,.F.);
#4929=ORIENTED_EDGE('',*,*,#3577,.T.);
#4930=ORIENTED_EDGE('',*,*,#3578,.F.);
#4931=ORIENTED_EDGE('',*,*,#3579,.F.);
#4932=ORIENTED_EDGE('',*,*,#3544,.F.);
#4933=ORIENTED_EDGE('',*,*,#3553,.F.);
#4934=ORIENTED_EDGE('',*,*,#3561,.F.);
#4935=ORIENTED_EDGE('',*,*,#3580,.F.);
#4936=ORIENTED_EDGE('',*,*,#3581,.F.);
#4937=ORIENTED_EDGE('',*,*,#3582,.F.);
#4938=ORIENTED_EDGE('',*,*,#3583,.F.);
#4939=ORIENTED_EDGE('',*,*,#3584,.F.);
#4940=ORIENTED_EDGE('',*,*,#3585,.F.);
#4941=ORIENTED_EDGE('',*,*,#3584,.T.);
#4942=ORIENTED_EDGE('',*,*,#3586,.T.);
#4943=ORIENTED_EDGE('',*,*,#3580,.T.);
#4944=ORIENTED_EDGE('',*,*,#3587,.T.);
#4945=ORIENTED_EDGE('',*,*,#3588,.T.);
#4946=ORIENTED_EDGE('',*,*,#3589,.T.);
#4947=ORIENTED_EDGE('',*,*,#3585,.T.);
#4948=ORIENTED_EDGE('',*,*,#3590,.T.);
#4949=ORIENTED_EDGE('',*,*,#3475,.T.);
#4950=ORIENTED_EDGE('',*,*,#3591,.T.);
#4951=ORIENTED_EDGE('',*,*,#3485,.T.);
#4952=ORIENTED_EDGE('',*,*,#3490,.T.);
#4953=ORIENTED_EDGE('',*,*,#3592,.F.);
#4954=ORIENTED_EDGE('',*,*,#3593,.F.);
#4955=ORIENTED_EDGE('',*,*,#3594,.F.);
#4956=ORIENTED_EDGE('',*,*,#3581,.T.);
#4957=ORIENTED_EDGE('',*,*,#3595,.T.);
#4958=ORIENTED_EDGE('',*,*,#3593,.T.);
#4959=ORIENTED_EDGE('',*,*,#3596,.T.);
#4960=ORIENTED_EDGE('',*,*,#3594,.T.);
#4961=ORIENTED_EDGE('',*,*,#3597,.T.);
#4962=ORIENTED_EDGE('',*,*,#3583,.T.);
#4963=ORIENTED_EDGE('',*,*,#3598,.T.);
#4964=ORIENTED_EDGE('',*,*,#3599,.T.);
#4965=ORIENTED_EDGE('',*,*,#3600,.T.);
#4966=ORIENTED_EDGE('',*,*,#3558,.F.);
#4967=ORIENTED_EDGE('',*,*,#3601,.T.);
#4968=ORIENTED_EDGE('',*,*,#3592,.T.);
#4969=ORIENTED_EDGE('',*,*,#3602,.T.);
#4970=ORIENTED_EDGE('',*,*,#3603,.T.);
#4971=ORIENTED_EDGE('',*,*,#3604,.T.);
#4972=ORIENTED_EDGE('',*,*,#3605,.T.);
#4973=ORIENTED_EDGE('',*,*,#3606,.T.);
#4974=ORIENTED_EDGE('',*,*,#3607,.T.);
#4975=ORIENTED_EDGE('',*,*,#3608,.T.);
#4976=ORIENTED_EDGE('',*,*,#3605,.F.);
#4977=ORIENTED_EDGE('',*,*,#3609,.T.);
#4978=ORIENTED_EDGE('',*,*,#3582,.T.);
#4979=ORIENTED_EDGE('',*,*,#3610,.T.);
#4980=ORIENTED_EDGE('',*,*,#3611,.F.);
#4981=ORIENTED_EDGE('',*,*,#3374,.T.);
#4982=ORIENTED_EDGE('',*,*,#3588,.F.);
#4983=ORIENTED_EDGE('',*,*,#3489,.T.);
#4984=ORIENTED_EDGE('',*,*,#3612,.T.);
#4985=ORIENTED_EDGE('',*,*,#3474,.F.);
#4986=ORIENTED_EDGE('',*,*,#3613,.F.);
#4987=ORIENTED_EDGE('',*,*,#3614,.T.);
#4988=ORIENTED_EDGE('',*,*,#3486,.T.);
#4989=ORIENTED_EDGE('',*,*,#3591,.F.);
#4990=ORIENTED_EDGE('',*,*,#3590,.F.);
#4991=ORIENTED_EDGE('',*,*,#3587,.F.);
#4992=ORIENTED_EDGE('',*,*,#3609,.F.);
#4993=ORIENTED_EDGE('',*,*,#3607,.F.);
#4994=ORIENTED_EDGE('',*,*,#3615,.T.);
#4995=ORIENTED_EDGE('',*,*,#3372,.T.);
#4996=ORIENTED_EDGE('',*,*,#3616,.F.);
#4997=ORIENTED_EDGE('',*,*,#3483,.T.);
#4998=ORIENTED_EDGE('',*,*,#3606,.F.);
#4999=ORIENTED_EDGE('',*,*,#3608,.F.);
#5000=ORIENTED_EDGE('',*,*,#3373,.T.);
#5001=ORIENTED_EDGE('',*,*,#3615,.F.);
#5002=ORIENTED_EDGE('',*,*,#3586,.F.);
#5003=ORIENTED_EDGE('',*,*,#3597,.F.);
#5004=ORIENTED_EDGE('',*,*,#3595,.F.);
#5005=ORIENTED_EDGE('',*,*,#3617,.F.);
#5006=ORIENTED_EDGE('',*,*,#3618,.F.);
#5007=ORIENTED_EDGE('',*,*,#3619,.F.);
#5008=ORIENTED_EDGE('',*,*,#3620,.F.);
#5009=ORIENTED_EDGE('',*,*,#3621,.F.);
#5010=ORIENTED_EDGE('',*,*,#3622,.F.);
#5011=ORIENTED_EDGE('',*,*,#3623,.F.);
#5012=ORIENTED_EDGE('',*,*,#3624,.F.);
#5013=ORIENTED_EDGE('',*,*,#3625,.F.);
#5014=ORIENTED_EDGE('',*,*,#3624,.T.);
#5015=ORIENTED_EDGE('',*,*,#3626,.T.);
#5016=ORIENTED_EDGE('',*,*,#3621,.T.);
#5017=ORIENTED_EDGE('',*,*,#3627,.T.);
#5018=ORIENTED_EDGE('',*,*,#3440,.T.);
#5019=ORIENTED_EDGE('',*,*,#3439,.T.);
#5020=ORIENTED_EDGE('',*,*,#3424,.F.);
#5021=ORIENTED_EDGE('',*,*,#3628,.T.);
#5022=ORIENTED_EDGE('',*,*,#3625,.T.);
#5023=ORIENTED_EDGE('',*,*,#3629,.T.);
#5024=ORIENTED_EDGE('',*,*,#3630,.T.);
#5025=ORIENTED_EDGE('',*,*,#3631,.T.);
#5026=ORIENTED_EDGE('',*,*,#3618,.T.);
#5027=ORIENTED_EDGE('',*,*,#3632,.T.);
#5028=ORIENTED_EDGE('',*,*,#3623,.T.);
#5029=ORIENTED_EDGE('',*,*,#3633,.T.);
#5030=ORIENTED_EDGE('',*,*,#3622,.T.);
#5031=ORIENTED_EDGE('',*,*,#3634,.T.);
#5032=ORIENTED_EDGE('',*,*,#3617,.T.);
#5033=ORIENTED_EDGE('',*,*,#3635,.T.);
#5034=ORIENTED_EDGE('',*,*,#3636,.T.);
#5035=ORIENTED_EDGE('',*,*,#3637,.T.);
#5036=ORIENTED_EDGE('',*,*,#3620,.T.);
#5037=ORIENTED_EDGE('',*,*,#3638,.T.);
#5038=ORIENTED_EDGE('',*,*,#3639,.T.);
#5039=ORIENTED_EDGE('',*,*,#3640,.T.);
#5040=ORIENTED_EDGE('',*,*,#3641,.T.);
#5041=ORIENTED_EDGE('',*,*,#3642,.F.);
#5042=ORIENTED_EDGE('',*,*,#3643,.T.);
#5043=ORIENTED_EDGE('',*,*,#3644,.T.);
#5044=ORIENTED_EDGE('',*,*,#3384,.T.);
#5045=ORIENTED_EDGE('',*,*,#3645,.T.);
#5046=ORIENTED_EDGE('',*,*,#3646,.T.);
#5047=ORIENTED_EDGE('',*,*,#3619,.T.);
#5048=ORIENTED_EDGE('',*,*,#3647,.T.);
#5049=ORIENTED_EDGE('',*,*,#3642,.T.);
#5050=ORIENTED_EDGE('',*,*,#3648,.T.);
#5051=ORIENTED_EDGE('',*,*,#3629,.F.);
#5052=ORIENTED_EDGE('',*,*,#3627,.F.);
#5053=ORIENTED_EDGE('',*,*,#3637,.F.);
#5054=ORIENTED_EDGE('',*,*,#3649,.F.);
#5055=ORIENTED_EDGE('',*,*,#3650,.T.);
#5056=ORIENTED_EDGE('',*,*,#3651,.F.);
#5057=ORIENTED_EDGE('',*,*,#3652,.T.);
#5058=ORIENTED_EDGE('',*,*,#3653,.F.);
#5059=ORIENTED_EDGE('',*,*,#3654,.T.);
#5060=ORIENTED_EDGE('',*,*,#3655,.F.);
#5061=ORIENTED_EDGE('',*,*,#3656,.T.);
#5062=ORIENTED_EDGE('',*,*,#3657,.F.);
#5063=ORIENTED_EDGE('',*,*,#3636,.F.);
#5064=ORIENTED_EDGE('',*,*,#3658,.T.);
#5065=ORIENTED_EDGE('',*,*,#3649,.T.);
#5066=ORIENTED_EDGE('',*,*,#3641,.F.);
#5067=ORIENTED_EDGE('',*,*,#3659,.F.);
#5068=ORIENTED_EDGE('',*,*,#3660,.F.);
#5069=ORIENTED_EDGE('',*,*,#3661,.T.);
#5070=ORIENTED_EDGE('',*,*,#3658,.F.);
#5071=ORIENTED_EDGE('',*,*,#3640,.F.);
#5072=ORIENTED_EDGE('',*,*,#3662,.F.);
#5073=ORIENTED_EDGE('',*,*,#3663,.F.);
#5074=ORIENTED_EDGE('',*,*,#3664,.F.);
#5075=ORIENTED_EDGE('',*,*,#3665,.T.);
#5076=ORIENTED_EDGE('',*,*,#3659,.T.);
#5077=ORIENTED_EDGE('',*,*,#3638,.F.);
#5078=ORIENTED_EDGE('',*,*,#3635,.F.);
#5079=ORIENTED_EDGE('',*,*,#3646,.F.);
#5080=ORIENTED_EDGE('',*,*,#3666,.F.);
#5081=ORIENTED_EDGE('',*,*,#3667,.T.);
#5082=ORIENTED_EDGE('',*,*,#3626,.F.);
#5083=ORIENTED_EDGE('',*,*,#3632,.F.);
#5084=ORIENTED_EDGE('',*,*,#3634,.F.);
#5085=ORIENTED_EDGE('',*,*,#3668,.F.);
#5086=ORIENTED_EDGE('',*,*,#3669,.F.);
#5087=ORIENTED_EDGE('',*,*,#3670,.F.);
#5088=ORIENTED_EDGE('',*,*,#3671,.F.);
#5089=ORIENTED_EDGE('',*,*,#3672,.F.);
#5090=ORIENTED_EDGE('',*,*,#3673,.F.);
#5091=ORIENTED_EDGE('',*,*,#3674,.F.);
#5092=ORIENTED_EDGE('',*,*,#3675,.F.);
#5093=ORIENTED_EDGE('',*,*,#3676,.F.);
#5094=ORIENTED_EDGE('',*,*,#3675,.T.);
#5095=ORIENTED_EDGE('',*,*,#3677,.T.);
#5096=ORIENTED_EDGE('',*,*,#3672,.T.);
#5097=ORIENTED_EDGE('',*,*,#3678,.T.);
#5098=ORIENTED_EDGE('',*,*,#3663,.T.);
#5099=ORIENTED_EDGE('',*,*,#3662,.T.);
#5100=ORIENTED_EDGE('',*,*,#3639,.F.);
#5101=ORIENTED_EDGE('',*,*,#3679,.T.);
#5102=ORIENTED_EDGE('',*,*,#3676,.T.);
#5103=ORIENTED_EDGE('',*,*,#3680,.T.);
#5104=ORIENTED_EDGE('',*,*,#3681,.T.);
#5105=ORIENTED_EDGE('',*,*,#3682,.T.);
#5106=ORIENTED_EDGE('',*,*,#3669,.T.);
#5107=ORIENTED_EDGE('',*,*,#3683,.T.);
#5108=ORIENTED_EDGE('',*,*,#3674,.T.);
#5109=ORIENTED_EDGE('',*,*,#3684,.T.);
#5110=ORIENTED_EDGE('',*,*,#3673,.T.);
#5111=ORIENTED_EDGE('',*,*,#3685,.T.);
#5112=ORIENTED_EDGE('',*,*,#3668,.T.);
#5113=ORIENTED_EDGE('',*,*,#3686,.T.);
#5114=ORIENTED_EDGE('',*,*,#3687,.T.);
#5115=ORIENTED_EDGE('',*,*,#3688,.T.);
#5116=ORIENTED_EDGE('',*,*,#3671,.T.);
#5117=ORIENTED_EDGE('',*,*,#3689,.T.);
#5118=ORIENTED_EDGE('',*,*,#3564,.T.);
#5119=ORIENTED_EDGE('',*,*,#3690,.T.);
#5120=ORIENTED_EDGE('',*,*,#3574,.T.);
#5121=ORIENTED_EDGE('',*,*,#3579,.T.);
#5122=ORIENTED_EDGE('',*,*,#3691,.T.);
#5123=ORIENTED_EDGE('',*,*,#3692,.T.);
#5124=ORIENTED_EDGE('',*,*,#3693,.T.);
#5125=ORIENTED_EDGE('',*,*,#3694,.T.);
#5126=ORIENTED_EDGE('',*,*,#3691,.F.);
#5127=ORIENTED_EDGE('',*,*,#3695,.T.);
#5128=ORIENTED_EDGE('',*,*,#3670,.T.);
#5129=ORIENTED_EDGE('',*,*,#3696,.T.);
#5130=ORIENTED_EDGE('',*,*,#3697,.F.);
#5131=ORIENTED_EDGE('',*,*,#3382,.T.);
#5132=ORIENTED_EDGE('',*,*,#3687,.F.);
#5133=ORIENTED_EDGE('',*,*,#3578,.T.);
#5134=ORIENTED_EDGE('',*,*,#3698,.T.);
#5135=ORIENTED_EDGE('',*,*,#3563,.F.);
#5136=ORIENTED_EDGE('',*,*,#3699,.F.);
#5137=ORIENTED_EDGE('',*,*,#3700,.T.);
#5138=ORIENTED_EDGE('',*,*,#3575,.T.);
#5139=ORIENTED_EDGE('',*,*,#3690,.F.);
#5140=ORIENTED_EDGE('',*,*,#3689,.F.);
#5141=ORIENTED_EDGE('',*,*,#3686,.F.);
#5142=ORIENTED_EDGE('',*,*,#3695,.F.);
#5143=ORIENTED_EDGE('',*,*,#3693,.F.);
#5144=ORIENTED_EDGE('',*,*,#3701,.T.);
#5145=ORIENTED_EDGE('',*,*,#3380,.T.);
#5146=ORIENTED_EDGE('',*,*,#3702,.F.);
#5147=ORIENTED_EDGE('',*,*,#3572,.T.);
#5148=ORIENTED_EDGE('',*,*,#3692,.F.);
#5149=ORIENTED_EDGE('',*,*,#3694,.F.);
#5150=ORIENTED_EDGE('',*,*,#3381,.T.);
#5151=ORIENTED_EDGE('',*,*,#3701,.F.);
#5152=ORIENTED_EDGE('',*,*,#3677,.F.);
#5153=ORIENTED_EDGE('',*,*,#3683,.F.);
#5154=ORIENTED_EDGE('',*,*,#3685,.F.);
#5155=ORIENTED_EDGE('',*,*,#3703,.F.);
#5156=ORIENTED_EDGE('',*,*,#3704,.F.);
#5157=ORIENTED_EDGE('',*,*,#3705,.F.);
#5158=ORIENTED_EDGE('',*,*,#3706,.F.);
#5159=ORIENTED_EDGE('',*,*,#3707,.F.);
#5160=ORIENTED_EDGE('',*,*,#3708,.F.);
#5161=ORIENTED_EDGE('',*,*,#3709,.F.);
#5162=ORIENTED_EDGE('',*,*,#3710,.F.);
#5163=ORIENTED_EDGE('',*,*,#3711,.F.);
#5164=ORIENTED_EDGE('',*,*,#3712,.F.);
#5165=ORIENTED_EDGE('',*,*,#3713,.T.);
#5166=ORIENTED_EDGE('',*,*,#3703,.T.);
#5167=ORIENTED_EDGE('',*,*,#3713,.F.);
#5168=ORIENTED_EDGE('',*,*,#3704,.T.);
#5169=ORIENTED_EDGE('',*,*,#3714,.T.);
#5170=ORIENTED_EDGE('',*,*,#3715,.F.);
#5171=ORIENTED_EDGE('',*,*,#3716,.F.);
#5172=ORIENTED_EDGE('',*,*,#3711,.T.);
#5173=ORIENTED_EDGE('',*,*,#3717,.T.);
#5174=ORIENTED_EDGE('',*,*,#3718,.F.);
#5175=ORIENTED_EDGE('',*,*,#3714,.F.);
#5176=ORIENTED_EDGE('',*,*,#3710,.T.);
#5177=ORIENTED_EDGE('',*,*,#3719,.T.);
#5178=ORIENTED_EDGE('',*,*,#3720,.F.);
#5179=ORIENTED_EDGE('',*,*,#3717,.F.);
#5180=ORIENTED_EDGE('',*,*,#3709,.T.);
#5181=ORIENTED_EDGE('',*,*,#3721,.T.);
#5182=ORIENTED_EDGE('',*,*,#3722,.F.);
#5183=ORIENTED_EDGE('',*,*,#3719,.F.);
#5184=ORIENTED_EDGE('',*,*,#3708,.T.);
#5185=ORIENTED_EDGE('',*,*,#3723,.T.);
#5186=ORIENTED_EDGE('',*,*,#3724,.F.);
#5187=ORIENTED_EDGE('',*,*,#3721,.F.);
#5188=ORIENTED_EDGE('',*,*,#3707,.T.);
#5189=ORIENTED_EDGE('',*,*,#3725,.T.);
#5190=ORIENTED_EDGE('',*,*,#3726,.F.);
#5191=ORIENTED_EDGE('',*,*,#3723,.F.);
#5192=ORIENTED_EDGE('',*,*,#3706,.T.);
#5193=ORIENTED_EDGE('',*,*,#3727,.T.);
#5194=ORIENTED_EDGE('',*,*,#3728,.F.);
#5195=ORIENTED_EDGE('',*,*,#3725,.F.);
#5196=ORIENTED_EDGE('',*,*,#3705,.T.);
#5197=ORIENTED_EDGE('',*,*,#3716,.T.);
#5198=ORIENTED_EDGE('',*,*,#3729,.F.);
#5199=ORIENTED_EDGE('',*,*,#3727,.F.);
#5200=ORIENTED_EDGE('',*,*,#3730,.T.);
#5201=ORIENTED_EDGE('',*,*,#3731,.T.);
#5202=ORIENTED_EDGE('',*,*,#3526,.F.);
#5203=ORIENTED_EDGE('',*,*,#3732,.F.);
#5204=ORIENTED_EDGE('',*,*,#3733,.F.);
#5205=ORIENTED_EDGE('',*,*,#3734,.T.);
#5206=ORIENTED_EDGE('',*,*,#3735,.F.);
#5207=ORIENTED_EDGE('',*,*,#3731,.F.);
#5208=ORIENTED_EDGE('',*,*,#3736,.T.);
#5209=ORIENTED_EDGE('',*,*,#3737,.T.);
#5210=ORIENTED_EDGE('',*,*,#3528,.F.);
#5211=ORIENTED_EDGE('',*,*,#3734,.F.);
#5212=ORIENTED_EDGE('',*,*,#3738,.F.);
#5213=ORIENTED_EDGE('',*,*,#3739,.T.);
#5214=ORIENTED_EDGE('',*,*,#3740,.F.);
#5215=ORIENTED_EDGE('',*,*,#3737,.F.);
#5216=ORIENTED_EDGE('',*,*,#3741,.T.);
#5217=ORIENTED_EDGE('',*,*,#3742,.T.);
#5218=ORIENTED_EDGE('',*,*,#3530,.F.);
#5219=ORIENTED_EDGE('',*,*,#3739,.F.);
#5220=ORIENTED_EDGE('',*,*,#3507,.F.);
#5221=ORIENTED_EDGE('',*,*,#3743,.F.);
#5222=ORIENTED_EDGE('',*,*,#3742,.F.);
#5223=ORIENTED_EDGE('',*,*,#3744,.F.);
#5224=ORIENTED_EDGE('',*,*,#3745,.T.);
#5225=ORIENTED_EDGE('',*,*,#3503,.F.);
#5226=ORIENTED_EDGE('',*,*,#3502,.F.);
#5227=ORIENTED_EDGE('',*,*,#3745,.F.);
#5228=ORIENTED_EDGE('',*,*,#3746,.T.);
#5229=ORIENTED_EDGE('',*,*,#3747,.T.);
#5230=ORIENTED_EDGE('',*,*,#3470,.F.);
#5231=ORIENTED_EDGE('',*,*,#3471,.F.);
#5232=ORIENTED_EDGE('',*,*,#3747,.F.);
#5233=ORIENTED_EDGE('',*,*,#3748,.F.);
#5234=ORIENTED_EDGE('',*,*,#3749,.T.);
#5235=ORIENTED_EDGE('',*,*,#3750,.F.);
#5236=ORIENTED_EDGE('',*,*,#3751,.T.);
#5237=ORIENTED_EDGE('',*,*,#3752,.T.);
#5238=ORIENTED_EDGE('',*,*,#3753,.F.);
#5239=ORIENTED_EDGE('',*,*,#3749,.F.);
#5240=ORIENTED_EDGE('',*,*,#3754,.F.);
#5241=ORIENTED_EDGE('',*,*,#3755,.T.);
#5242=ORIENTED_EDGE('',*,*,#3756,.F.);
#5243=ORIENTED_EDGE('',*,*,#3752,.F.);
#5244=ORIENTED_EDGE('',*,*,#3757,.T.);
#5245=ORIENTED_EDGE('',*,*,#3758,.T.);
#5246=ORIENTED_EDGE('',*,*,#3759,.F.);
#5247=ORIENTED_EDGE('',*,*,#3755,.F.);
#5248=ORIENTED_EDGE('',*,*,#3760,.F.);
#5249=ORIENTED_EDGE('',*,*,#3761,.T.);
#5250=ORIENTED_EDGE('',*,*,#3762,.F.);
#5251=ORIENTED_EDGE('',*,*,#3758,.F.);
#5252=ORIENTED_EDGE('',*,*,#3763,.T.);
#5253=ORIENTED_EDGE('',*,*,#3764,.T.);
#5254=ORIENTED_EDGE('',*,*,#3765,.F.);
#5255=ORIENTED_EDGE('',*,*,#3761,.F.);
#5256=ORIENTED_EDGE('',*,*,#3766,.F.);
#5257=ORIENTED_EDGE('',*,*,#3767,.T.);
#5258=ORIENTED_EDGE('',*,*,#3768,.F.);
#5259=ORIENTED_EDGE('',*,*,#3764,.F.);
#5260=ORIENTED_EDGE('',*,*,#3769,.T.);
#5261=ORIENTED_EDGE('',*,*,#3770,.T.);
#5262=ORIENTED_EDGE('',*,*,#3771,.F.);
#5263=ORIENTED_EDGE('',*,*,#3767,.F.);
#5264=ORIENTED_EDGE('',*,*,#3479,.F.);
#5265=ORIENTED_EDGE('',*,*,#3772,.F.);
#5266=ORIENTED_EDGE('',*,*,#3770,.F.);
#5267=ORIENTED_EDGE('',*,*,#3773,.F.);
#5268=ORIENTED_EDGE('',*,*,#3613,.T.);
#5269=ORIENTED_EDGE('',*,*,#3774,.T.);
#5270=ORIENTED_EDGE('',*,*,#3775,.T.);
#5271=ORIENTED_EDGE('',*,*,#3776,.F.);
#5272=ORIENTED_EDGE('',*,*,#3488,.F.);
#5273=ORIENTED_EDGE('',*,*,#3777,.F.);
#5274=ORIENTED_EDGE('',*,*,#3778,.T.);
#5275=ORIENTED_EDGE('',*,*,#3779,.F.);
#5276=ORIENTED_EDGE('',*,*,#3775,.F.);
#5277=ORIENTED_EDGE('',*,*,#3780,.T.);
#5278=ORIENTED_EDGE('',*,*,#3781,.T.);
#5279=ORIENTED_EDGE('',*,*,#3782,.F.);
#5280=ORIENTED_EDGE('',*,*,#3778,.F.);
#5281=ORIENTED_EDGE('',*,*,#3783,.F.);
#5282=ORIENTED_EDGE('',*,*,#3784,.T.);
#5283=ORIENTED_EDGE('',*,*,#3785,.F.);
#5284=ORIENTED_EDGE('',*,*,#3781,.F.);
#5285=ORIENTED_EDGE('',*,*,#3786,.T.);
#5286=ORIENTED_EDGE('',*,*,#3787,.T.);
#5287=ORIENTED_EDGE('',*,*,#3788,.F.);
#5288=ORIENTED_EDGE('',*,*,#3784,.F.);
#5289=ORIENTED_EDGE('',*,*,#3789,.F.);
#5290=ORIENTED_EDGE('',*,*,#3790,.T.);
#5291=ORIENTED_EDGE('',*,*,#3791,.F.);
#5292=ORIENTED_EDGE('',*,*,#3787,.F.);
#5293=ORIENTED_EDGE('',*,*,#3792,.T.);
#5294=ORIENTED_EDGE('',*,*,#3793,.T.);
#5295=ORIENTED_EDGE('',*,*,#3794,.F.);
#5296=ORIENTED_EDGE('',*,*,#3790,.F.);
#5297=ORIENTED_EDGE('',*,*,#3604,.F.);
#5298=ORIENTED_EDGE('',*,*,#3795,.F.);
#5299=ORIENTED_EDGE('',*,*,#3793,.F.);
#5300=ORIENTED_EDGE('',*,*,#3796,.F.);
#5301=ORIENTED_EDGE('',*,*,#3797,.T.);
#5302=ORIENTED_EDGE('',*,*,#3600,.F.);
#5303=ORIENTED_EDGE('',*,*,#3599,.F.);
#5304=ORIENTED_EDGE('',*,*,#3797,.F.);
#5305=ORIENTED_EDGE('',*,*,#3798,.T.);
#5306=ORIENTED_EDGE('',*,*,#3799,.T.);
#5307=ORIENTED_EDGE('',*,*,#3559,.F.);
#5308=ORIENTED_EDGE('',*,*,#3560,.F.);
#5309=ORIENTED_EDGE('',*,*,#3799,.F.);
#5310=ORIENTED_EDGE('',*,*,#3800,.F.);
#5311=ORIENTED_EDGE('',*,*,#3801,.T.);
#5312=ORIENTED_EDGE('',*,*,#3802,.F.);
#5313=ORIENTED_EDGE('',*,*,#3803,.T.);
#5314=ORIENTED_EDGE('',*,*,#3804,.T.);
#5315=ORIENTED_EDGE('',*,*,#3805,.F.);
#5316=ORIENTED_EDGE('',*,*,#3801,.F.);
#5317=ORIENTED_EDGE('',*,*,#3806,.F.);
#5318=ORIENTED_EDGE('',*,*,#3807,.T.);
#5319=ORIENTED_EDGE('',*,*,#3808,.F.);
#5320=ORIENTED_EDGE('',*,*,#3804,.F.);
#5321=ORIENTED_EDGE('',*,*,#3809,.T.);
#5322=ORIENTED_EDGE('',*,*,#3810,.T.);
#5323=ORIENTED_EDGE('',*,*,#3811,.F.);
#5324=ORIENTED_EDGE('',*,*,#3807,.F.);
#5325=ORIENTED_EDGE('',*,*,#3812,.F.);
#5326=ORIENTED_EDGE('',*,*,#3813,.T.);
#5327=ORIENTED_EDGE('',*,*,#3814,.F.);
#5328=ORIENTED_EDGE('',*,*,#3810,.F.);
#5329=ORIENTED_EDGE('',*,*,#3815,.T.);
#5330=ORIENTED_EDGE('',*,*,#3816,.T.);
#5331=ORIENTED_EDGE('',*,*,#3817,.F.);
#5332=ORIENTED_EDGE('',*,*,#3813,.F.);
#5333=ORIENTED_EDGE('',*,*,#3818,.F.);
#5334=ORIENTED_EDGE('',*,*,#3819,.T.);
#5335=ORIENTED_EDGE('',*,*,#3820,.F.);
#5336=ORIENTED_EDGE('',*,*,#3816,.F.);
#5337=ORIENTED_EDGE('',*,*,#3821,.T.);
#5338=ORIENTED_EDGE('',*,*,#3822,.T.);
#5339=ORIENTED_EDGE('',*,*,#3823,.F.);
#5340=ORIENTED_EDGE('',*,*,#3819,.F.);
#5341=ORIENTED_EDGE('',*,*,#3568,.F.);
#5342=ORIENTED_EDGE('',*,*,#3824,.F.);
#5343=ORIENTED_EDGE('',*,*,#3822,.F.);
#5344=ORIENTED_EDGE('',*,*,#3825,.F.);
#5345=ORIENTED_EDGE('',*,*,#3699,.T.);
#5346=ORIENTED_EDGE('',*,*,#3826,.T.);
#5347=ORIENTED_EDGE('',*,*,#3827,.T.);
#5348=ORIENTED_EDGE('',*,*,#3828,.F.);
#5349=ORIENTED_EDGE('',*,*,#3577,.F.);
#5350=ORIENTED_EDGE('',*,*,#3829,.F.);
#5351=ORIENTED_EDGE('',*,*,#3830,.T.);
#5352=ORIENTED_EDGE('',*,*,#3831,.F.);
#5353=ORIENTED_EDGE('',*,*,#3827,.F.);
#5354=ORIENTED_EDGE('',*,*,#3832,.T.);
#5355=ORIENTED_EDGE('',*,*,#3833,.T.);
#5356=ORIENTED_EDGE('',*,*,#3834,.F.);
#5357=ORIENTED_EDGE('',*,*,#3830,.F.);
#5358=ORIENTED_EDGE('',*,*,#3835,.F.);
#5359=ORIENTED_EDGE('',*,*,#3836,.T.);
#5360=ORIENTED_EDGE('',*,*,#3837,.F.);
#5361=ORIENTED_EDGE('',*,*,#3833,.F.);
#5362=ORIENTED_EDGE('',*,*,#3838,.T.);
#5363=ORIENTED_EDGE('',*,*,#3839,.T.);
#5364=ORIENTED_EDGE('',*,*,#3840,.F.);
#5365=ORIENTED_EDGE('',*,*,#3836,.F.);
#5366=ORIENTED_EDGE('',*,*,#3841,.F.);
#5367=ORIENTED_EDGE('',*,*,#3842,.T.);
#5368=ORIENTED_EDGE('',*,*,#3843,.F.);
#5369=ORIENTED_EDGE('',*,*,#3839,.F.);
#5370=ORIENTED_EDGE('',*,*,#3844,.T.);
#5371=ORIENTED_EDGE('',*,*,#3845,.T.);
#5372=ORIENTED_EDGE('',*,*,#3846,.F.);
#5373=ORIENTED_EDGE('',*,*,#3842,.F.);
#5374=ORIENTED_EDGE('',*,*,#3682,.F.);
#5375=ORIENTED_EDGE('',*,*,#3847,.F.);
#5376=ORIENTED_EDGE('',*,*,#3845,.F.);
#5377=ORIENTED_EDGE('',*,*,#3848,.F.);
#5378=ORIENTED_EDGE('',*,*,#3664,.T.);
#5379=ORIENTED_EDGE('',*,*,#3849,.T.);
#5380=ORIENTED_EDGE('',*,*,#3850,.T.);
#5381=ORIENTED_EDGE('',*,*,#3650,.F.);
#5382=ORIENTED_EDGE('',*,*,#3661,.F.);
#5383=ORIENTED_EDGE('',*,*,#3851,.F.);
#5384=ORIENTED_EDGE('',*,*,#3852,.T.);
#5385=ORIENTED_EDGE('',*,*,#3853,.F.);
#5386=ORIENTED_EDGE('',*,*,#3850,.F.);
#5387=ORIENTED_EDGE('',*,*,#3854,.T.);
#5388=ORIENTED_EDGE('',*,*,#3855,.T.);
#5389=ORIENTED_EDGE('',*,*,#3652,.F.);
#5390=ORIENTED_EDGE('',*,*,#3852,.F.);
#5391=ORIENTED_EDGE('',*,*,#3856,.F.);
#5392=ORIENTED_EDGE('',*,*,#3857,.T.);
#5393=ORIENTED_EDGE('',*,*,#3858,.F.);
#5394=ORIENTED_EDGE('',*,*,#3855,.F.);
#5395=ORIENTED_EDGE('',*,*,#3859,.T.);
#5396=ORIENTED_EDGE('',*,*,#3860,.T.);
#5397=ORIENTED_EDGE('',*,*,#3654,.F.);
#5398=ORIENTED_EDGE('',*,*,#3857,.F.);
#5399=ORIENTED_EDGE('',*,*,#3861,.F.);
#5400=ORIENTED_EDGE('',*,*,#3862,.T.);
#5401=ORIENTED_EDGE('',*,*,#3863,.F.);
#5402=ORIENTED_EDGE('',*,*,#3860,.F.);
#5403=ORIENTED_EDGE('',*,*,#3864,.T.);
#5404=ORIENTED_EDGE('',*,*,#3865,.T.);
#5405=ORIENTED_EDGE('',*,*,#3656,.F.);
#5406=ORIENTED_EDGE('',*,*,#3862,.F.);
#5407=ORIENTED_EDGE('',*,*,#3631,.F.);
#5408=ORIENTED_EDGE('',*,*,#3866,.F.);
#5409=ORIENTED_EDGE('',*,*,#3865,.F.);
#5410=ORIENTED_EDGE('',*,*,#3867,.F.);
#5411=ORIENTED_EDGE('',*,*,#3441,.T.);
#5412=ORIENTED_EDGE('',*,*,#3868,.T.);
#5413=ORIENTED_EDGE('',*,*,#3869,.T.);
#5414=ORIENTED_EDGE('',*,*,#3870,.F.);
#5415=ORIENTED_EDGE('',*,*,#3438,.F.);
#5416=ORIENTED_EDGE('',*,*,#3871,.F.);
#5417=ORIENTED_EDGE('',*,*,#3872,.T.);
#5418=ORIENTED_EDGE('',*,*,#3873,.F.);
#5419=ORIENTED_EDGE('',*,*,#3869,.F.);
#5420=ORIENTED_EDGE('',*,*,#3874,.T.);
#5421=ORIENTED_EDGE('',*,*,#3875,.T.);
#5422=ORIENTED_EDGE('',*,*,#3876,.F.);
#5423=ORIENTED_EDGE('',*,*,#3872,.F.);
#5424=ORIENTED_EDGE('',*,*,#3877,.F.);
#5425=ORIENTED_EDGE('',*,*,#3878,.T.);
#5426=ORIENTED_EDGE('',*,*,#3879,.F.);
#5427=ORIENTED_EDGE('',*,*,#3875,.F.);
#5428=ORIENTED_EDGE('',*,*,#3880,.T.);
#5429=ORIENTED_EDGE('',*,*,#3881,.T.);
#5430=ORIENTED_EDGE('',*,*,#3882,.F.);
#5431=ORIENTED_EDGE('',*,*,#3878,.F.);
#5432=ORIENTED_EDGE('',*,*,#3883,.F.);
#5433=ORIENTED_EDGE('',*,*,#3884,.T.);
#5434=ORIENTED_EDGE('',*,*,#3885,.F.);
#5435=ORIENTED_EDGE('',*,*,#3881,.F.);
#5436=ORIENTED_EDGE('',*,*,#3886,.T.);
#5437=ORIENTED_EDGE('',*,*,#3887,.T.);
#5438=ORIENTED_EDGE('',*,*,#3888,.F.);
#5439=ORIENTED_EDGE('',*,*,#3884,.F.);
#5440=ORIENTED_EDGE('',*,*,#3416,.F.);
#5441=ORIENTED_EDGE('',*,*,#3889,.F.);
#5442=ORIENTED_EDGE('',*,*,#3887,.F.);
#5443=ORIENTED_EDGE('',*,*,#3890,.F.);
#5444=ORIENTED_EDGE('',*,*,#3891,.T.);
#5445=ORIENTED_EDGE('',*,*,#3412,.F.);
#5446=ORIENTED_EDGE('',*,*,#3411,.F.);
#5447=ORIENTED_EDGE('',*,*,#3891,.F.);
#5448=ORIENTED_EDGE('',*,*,#3892,.T.);
#5449=ORIENTED_EDGE('',*,*,#3893,.T.);
#5450=ORIENTED_EDGE('',*,*,#3350,.F.);
#5451=ORIENTED_EDGE('',*,*,#3351,.F.);
#5452=ORIENTED_EDGE('',*,*,#3893,.F.);
#5453=ORIENTED_EDGE('',*,*,#3894,.F.);
#5454=ORIENTED_EDGE('',*,*,#3895,.T.);
#5455=ORIENTED_EDGE('',*,*,#3896,.F.);
#5456=ORIENTED_EDGE('',*,*,#3897,.T.);
#5457=ORIENTED_EDGE('',*,*,#3898,.T.);
#5458=ORIENTED_EDGE('',*,*,#3899,.F.);
#5459=ORIENTED_EDGE('',*,*,#3895,.F.);
#5460=ORIENTED_EDGE('',*,*,#3900,.F.);
#5461=ORIENTED_EDGE('',*,*,#3901,.T.);
#5462=ORIENTED_EDGE('',*,*,#3902,.F.);
#5463=ORIENTED_EDGE('',*,*,#3898,.F.);
#5464=ORIENTED_EDGE('',*,*,#3903,.T.);
#5465=ORIENTED_EDGE('',*,*,#3904,.T.);
#5466=ORIENTED_EDGE('',*,*,#3905,.F.);
#5467=ORIENTED_EDGE('',*,*,#3901,.F.);
#5468=ORIENTED_EDGE('',*,*,#3906,.F.);
#5469=ORIENTED_EDGE('',*,*,#3907,.T.);
#5470=ORIENTED_EDGE('',*,*,#3908,.F.);
#5471=ORIENTED_EDGE('',*,*,#3904,.F.);
#5472=ORIENTED_EDGE('',*,*,#3909,.T.);
#5473=ORIENTED_EDGE('',*,*,#3910,.T.);
#5474=ORIENTED_EDGE('',*,*,#3911,.F.);
#5475=ORIENTED_EDGE('',*,*,#3907,.F.);
#5476=ORIENTED_EDGE('',*,*,#3912,.F.);
#5477=ORIENTED_EDGE('',*,*,#3913,.T.);
#5478=ORIENTED_EDGE('',*,*,#3914,.F.);
#5479=ORIENTED_EDGE('',*,*,#3910,.F.);
#5480=ORIENTED_EDGE('',*,*,#3915,.T.);
#5481=ORIENTED_EDGE('',*,*,#3916,.T.);
#5482=ORIENTED_EDGE('',*,*,#3917,.F.);
#5483=ORIENTED_EDGE('',*,*,#3913,.F.);
#5484=ORIENTED_EDGE('',*,*,#3357,.F.);
#5485=ORIENTED_EDGE('',*,*,#3918,.F.);
#5486=ORIENTED_EDGE('',*,*,#3916,.F.);
#5487=ORIENTED_EDGE('',*,*,#3919,.F.);
#5488=ORIENTED_EDGE('',*,*,#3532,.T.);
#5489=ORIENTED_EDGE('',*,*,#3920,.T.);
#5490=ORIENTED_EDGE('',*,*,#3921,.T.);
#5491=ORIENTED_EDGE('',*,*,#3524,.F.);
#5492=ORIENTED_EDGE('',*,*,#3397,.F.);
#5493=ORIENTED_EDGE('',*,*,#3922,.F.);
#5494=ORIENTED_EDGE('',*,*,#3732,.T.);
#5495=ORIENTED_EDGE('',*,*,#3923,.F.);
#5496=ORIENTED_EDGE('',*,*,#3921,.F.);
#5497=ORIENTED_EDGE('',*,*,#3729,.T.);
#5498=ORIENTED_EDGE('',*,*,#3715,.T.);
#5499=ORIENTED_EDGE('',*,*,#3718,.T.);
#5500=ORIENTED_EDGE('',*,*,#3720,.T.);
#5501=ORIENTED_EDGE('',*,*,#3722,.T.);
#5502=ORIENTED_EDGE('',*,*,#3724,.T.);
#5503=ORIENTED_EDGE('',*,*,#3726,.T.);
#5504=ORIENTED_EDGE('',*,*,#3728,.T.);
#5505=ORIENTED_EDGE('',*,*,#3730,.F.);
#5506=ORIENTED_EDGE('',*,*,#3922,.T.);
#5507=ORIENTED_EDGE('',*,*,#3920,.F.);
#5508=ORIENTED_EDGE('',*,*,#3396,.T.);
#5509=ORIENTED_EDGE('',*,*,#3533,.F.);
#5510=ORIENTED_EDGE('',*,*,#3919,.T.);
#5511=ORIENTED_EDGE('',*,*,#3915,.F.);
#5512=ORIENTED_EDGE('',*,*,#3912,.T.);
#5513=ORIENTED_EDGE('',*,*,#3909,.F.);
#5514=ORIENTED_EDGE('',*,*,#3906,.T.);
#5515=ORIENTED_EDGE('',*,*,#3903,.F.);
#5516=ORIENTED_EDGE('',*,*,#3900,.T.);
#5517=ORIENTED_EDGE('',*,*,#3897,.F.);
#5518=ORIENTED_EDGE('',*,*,#3894,.T.);
#5519=ORIENTED_EDGE('',*,*,#3892,.F.);
#5520=ORIENTED_EDGE('',*,*,#3890,.T.);
#5521=ORIENTED_EDGE('',*,*,#3886,.F.);
#5522=ORIENTED_EDGE('',*,*,#3883,.T.);
#5523=ORIENTED_EDGE('',*,*,#3880,.F.);
#5524=ORIENTED_EDGE('',*,*,#3877,.T.);
#5525=ORIENTED_EDGE('',*,*,#3874,.F.);
#5526=ORIENTED_EDGE('',*,*,#3871,.T.);
#5527=ORIENTED_EDGE('',*,*,#3868,.F.);
#5528=ORIENTED_EDGE('',*,*,#3437,.T.);
#5529=ORIENTED_EDGE('',*,*,#3442,.F.);
#5530=ORIENTED_EDGE('',*,*,#3867,.T.);
#5531=ORIENTED_EDGE('',*,*,#3864,.F.);
#5532=ORIENTED_EDGE('',*,*,#3861,.T.);
#5533=ORIENTED_EDGE('',*,*,#3859,.F.);
#5534=ORIENTED_EDGE('',*,*,#3856,.T.);
#5535=ORIENTED_EDGE('',*,*,#3854,.F.);
#5536=ORIENTED_EDGE('',*,*,#3851,.T.);
#5537=ORIENTED_EDGE('',*,*,#3849,.F.);
#5538=ORIENTED_EDGE('',*,*,#3660,.T.);
#5539=ORIENTED_EDGE('',*,*,#3665,.F.);
#5540=ORIENTED_EDGE('',*,*,#3848,.T.);
#5541=ORIENTED_EDGE('',*,*,#3844,.F.);
#5542=ORIENTED_EDGE('',*,*,#3841,.T.);
#5543=ORIENTED_EDGE('',*,*,#3838,.F.);
#5544=ORIENTED_EDGE('',*,*,#3835,.T.);
#5545=ORIENTED_EDGE('',*,*,#3832,.F.);
#5546=ORIENTED_EDGE('',*,*,#3829,.T.);
#5547=ORIENTED_EDGE('',*,*,#3826,.F.);
#5548=ORIENTED_EDGE('',*,*,#3576,.T.);
#5549=ORIENTED_EDGE('',*,*,#3700,.F.);
#5550=ORIENTED_EDGE('',*,*,#3825,.T.);
#5551=ORIENTED_EDGE('',*,*,#3821,.F.);
#5552=ORIENTED_EDGE('',*,*,#3818,.T.);
#5553=ORIENTED_EDGE('',*,*,#3815,.F.);
#5554=ORIENTED_EDGE('',*,*,#3812,.T.);
#5555=ORIENTED_EDGE('',*,*,#3809,.F.);
#5556=ORIENTED_EDGE('',*,*,#3806,.T.);
#5557=ORIENTED_EDGE('',*,*,#3803,.F.);
#5558=ORIENTED_EDGE('',*,*,#3800,.T.);
#5559=ORIENTED_EDGE('',*,*,#3798,.F.);
#5560=ORIENTED_EDGE('',*,*,#3796,.T.);
#5561=ORIENTED_EDGE('',*,*,#3792,.F.);
#5562=ORIENTED_EDGE('',*,*,#3789,.T.);
#5563=ORIENTED_EDGE('',*,*,#3786,.F.);
#5564=ORIENTED_EDGE('',*,*,#3783,.T.);
#5565=ORIENTED_EDGE('',*,*,#3780,.F.);
#5566=ORIENTED_EDGE('',*,*,#3777,.T.);
#5567=ORIENTED_EDGE('',*,*,#3774,.F.);
#5568=ORIENTED_EDGE('',*,*,#3487,.T.);
#5569=ORIENTED_EDGE('',*,*,#3614,.F.);
#5570=ORIENTED_EDGE('',*,*,#3773,.T.);
#5571=ORIENTED_EDGE('',*,*,#3769,.F.);
#5572=ORIENTED_EDGE('',*,*,#3766,.T.);
#5573=ORIENTED_EDGE('',*,*,#3763,.F.);
#5574=ORIENTED_EDGE('',*,*,#3760,.T.);
#5575=ORIENTED_EDGE('',*,*,#3757,.F.);
#5576=ORIENTED_EDGE('',*,*,#3754,.T.);
#5577=ORIENTED_EDGE('',*,*,#3751,.F.);
#5578=ORIENTED_EDGE('',*,*,#3748,.T.);
#5579=ORIENTED_EDGE('',*,*,#3746,.F.);
#5580=ORIENTED_EDGE('',*,*,#3744,.T.);
#5581=ORIENTED_EDGE('',*,*,#3741,.F.);
#5582=ORIENTED_EDGE('',*,*,#3738,.T.);
#5583=ORIENTED_EDGE('',*,*,#3736,.F.);
#5584=ORIENTED_EDGE('',*,*,#3733,.T.);
#5585=ORIENTED_EDGE('',*,*,#3712,.T.);
#5586=ORIENTED_EDGE('',*,*,#3831,.T.);
#5587=ORIENTED_EDGE('',*,*,#3924,.T.);
#5588=ORIENTED_EDGE('',*,*,#3837,.T.);
#5589=ORIENTED_EDGE('',*,*,#3925,.T.);
#5590=ORIENTED_EDGE('',*,*,#3567,.F.);
#5591=ORIENTED_EDGE('',*,*,#3926,.T.);
#5592=ORIENTED_EDGE('',*,*,#3824,.T.);
#5593=ORIENTED_EDGE('',*,*,#3843,.T.);
#5594=ORIENTED_EDGE('',*,*,#3927,.T.);
#5595=ORIENTED_EDGE('',*,*,#3820,.T.);
#5596=ORIENTED_EDGE('',*,*,#3928,.T.);
#5597=ORIENTED_EDGE('',*,*,#3681,.F.);
#5598=ORIENTED_EDGE('',*,*,#3929,.T.);
#5599=ORIENTED_EDGE('',*,*,#3847,.T.);
#5600=ORIENTED_EDGE('',*,*,#3814,.T.);
#5601=ORIENTED_EDGE('',*,*,#3930,.T.);
#5602=ORIENTED_EDGE('',*,*,#3808,.T.);
#5603=ORIENTED_EDGE('',*,*,#3931,.T.);
#5604=ORIENTED_EDGE('',*,*,#3853,.T.);
#5605=ORIENTED_EDGE('',*,*,#3651,.T.);
#5606=ORIENTED_EDGE('',*,*,#3555,.F.);
#5607=ORIENTED_EDGE('',*,*,#3802,.T.);
#5608=ORIENTED_EDGE('',*,*,#3932,.T.);
#5609=ORIENTED_EDGE('',*,*,#3858,.T.);
#5610=ORIENTED_EDGE('',*,*,#3653,.T.);
#5611=ORIENTED_EDGE('',*,*,#3863,.T.);
#5612=ORIENTED_EDGE('',*,*,#3655,.T.);
#5613=ORIENTED_EDGE('',*,*,#3603,.F.);
#5614=ORIENTED_EDGE('',*,*,#3933,.T.);
#5615=ORIENTED_EDGE('',*,*,#3795,.T.);
#5616=ORIENTED_EDGE('',*,*,#3630,.F.);
#5617=ORIENTED_EDGE('',*,*,#3657,.T.);
#5618=ORIENTED_EDGE('',*,*,#3866,.T.);
#5619=ORIENTED_EDGE('',*,*,#3791,.T.);
#5620=ORIENTED_EDGE('',*,*,#3934,.T.);
#5621=ORIENTED_EDGE('',*,*,#3785,.T.);
#5622=ORIENTED_EDGE('',*,*,#3935,.T.);
#5623=ORIENTED_EDGE('',*,*,#3873,.T.);
#5624=ORIENTED_EDGE('',*,*,#3936,.T.);
#5625=ORIENTED_EDGE('',*,*,#3779,.T.);
#5626=ORIENTED_EDGE('',*,*,#3937,.T.);
#5627=ORIENTED_EDGE('',*,*,#3879,.T.);
#5628=ORIENTED_EDGE('',*,*,#3938,.T.);
#5629=ORIENTED_EDGE('',*,*,#3885,.T.);
#5630=ORIENTED_EDGE('',*,*,#3939,.T.);
#5631=ORIENTED_EDGE('',*,*,#3478,.F.);
#5632=ORIENTED_EDGE('',*,*,#3940,.T.);
#5633=ORIENTED_EDGE('',*,*,#3772,.T.);
#5634=ORIENTED_EDGE('',*,*,#3415,.F.);
#5635=ORIENTED_EDGE('',*,*,#3941,.T.);
#5636=ORIENTED_EDGE('',*,*,#3889,.T.);
#5637=ORIENTED_EDGE('',*,*,#3768,.T.);
#5638=ORIENTED_EDGE('',*,*,#3942,.T.);
#5639=ORIENTED_EDGE('',*,*,#3346,.F.);
#5640=ORIENTED_EDGE('',*,*,#3896,.T.);
#5641=ORIENTED_EDGE('',*,*,#3943,.T.);
#5642=ORIENTED_EDGE('',*,*,#3762,.T.);
#5643=ORIENTED_EDGE('',*,*,#3944,.T.);
#5644=ORIENTED_EDGE('',*,*,#3902,.T.);
#5645=ORIENTED_EDGE('',*,*,#3945,.T.);
#5646=ORIENTED_EDGE('',*,*,#3756,.T.);
#5647=ORIENTED_EDGE('',*,*,#3946,.T.);
#5648=ORIENTED_EDGE('',*,*,#3908,.T.);
#5649=ORIENTED_EDGE('',*,*,#3947,.T.);
#5650=ORIENTED_EDGE('',*,*,#3466,.F.);
#5651=ORIENTED_EDGE('',*,*,#3750,.T.);
#5652=ORIENTED_EDGE('',*,*,#3948,.T.);
#5653=ORIENTED_EDGE('',*,*,#3914,.T.);
#5654=ORIENTED_EDGE('',*,*,#3949,.T.);
#5655=ORIENTED_EDGE('',*,*,#3506,.F.);
#5656=ORIENTED_EDGE('',*,*,#3531,.T.);
#5657=ORIENTED_EDGE('',*,*,#3743,.T.);
#5658=ORIENTED_EDGE('',*,*,#3356,.F.);
#5659=ORIENTED_EDGE('',*,*,#3950,.T.);
#5660=ORIENTED_EDGE('',*,*,#3918,.T.);
#5661=ORIENTED_EDGE('',*,*,#3740,.T.);
#5662=ORIENTED_EDGE('',*,*,#3529,.T.);
#5663=ORIENTED_EDGE('',*,*,#3923,.T.);
#5664=ORIENTED_EDGE('',*,*,#3525,.T.);
#5665=ORIENTED_EDGE('',*,*,#3735,.T.);
#5666=ORIENTED_EDGE('',*,*,#3527,.T.);
#5667=ORIENTED_EDGE('',*,*,#3688,.F.);
#5668=ORIENTED_EDGE('',*,*,#3698,.F.);
#5669=ORIENTED_EDGE('',*,*,#3828,.T.);
#5670=ORIENTED_EDGE('',*,*,#3924,.F.);
#5671=ORIENTED_EDGE('',*,*,#3834,.T.);
#5672=ORIENTED_EDGE('',*,*,#3925,.F.);
#5673=ORIENTED_EDGE('',*,*,#3840,.T.);
#5674=ORIENTED_EDGE('',*,*,#3927,.F.);
#5675=ORIENTED_EDGE('',*,*,#3846,.T.);
#5676=ORIENTED_EDGE('',*,*,#3929,.F.);
#5677=ORIENTED_EDGE('',*,*,#3680,.F.);
#5678=ORIENTED_EDGE('',*,*,#3678,.F.);
#5679=ORIENTED_EDGE('',*,*,#3379,.T.);
#5680=ORIENTED_EDGE('',*,*,#3552,.T.);
#5681=ORIENTED_EDGE('',*,*,#3573,.F.);
#5682=ORIENTED_EDGE('',*,*,#3702,.T.);
#5683=ORIENTED_EDGE('',*,*,#3601,.F.);
#5684=ORIENTED_EDGE('',*,*,#3571,.F.);
#5685=ORIENTED_EDGE('',*,*,#3951,.T.);
#5686=ORIENTED_EDGE('',*,*,#3610,.F.);
#5687=ORIENTED_EDGE('',*,*,#3596,.F.);
#5688=ORIENTED_EDGE('',*,*,#3375,.T.);
#5689=ORIENTED_EDGE('',*,*,#3611,.T.);
#5690=ORIENTED_EDGE('',*,*,#3951,.F.);
#5691=ORIENTED_EDGE('',*,*,#3570,.T.);
#5692=ORIENTED_EDGE('',*,*,#3347,.F.);
#5693=ORIENTED_EDGE('',*,*,#3943,.F.);
#5694=ORIENTED_EDGE('',*,*,#3899,.T.);
#5695=ORIENTED_EDGE('',*,*,#3945,.F.);
#5696=ORIENTED_EDGE('',*,*,#3905,.T.);
#5697=ORIENTED_EDGE('',*,*,#3947,.F.);
#5698=ORIENTED_EDGE('',*,*,#3911,.T.);
#5699=ORIENTED_EDGE('',*,*,#3949,.F.);
#5700=ORIENTED_EDGE('',*,*,#3917,.T.);
#5701=ORIENTED_EDGE('',*,*,#3950,.F.);
#5702=ORIENTED_EDGE('',*,*,#3355,.F.);
#5703=ORIENTED_EDGE('',*,*,#3330,.F.);
#5704=ORIENTED_EDGE('',*,*,#3371,.T.);
#5705=ORIENTED_EDGE('',*,*,#3463,.T.);
#5706=ORIENTED_EDGE('',*,*,#3484,.F.);
#5707=ORIENTED_EDGE('',*,*,#3616,.T.);
#5708=ORIENTED_EDGE('',*,*,#3367,.T.);
#5709=ORIENTED_EDGE('',*,*,#3952,.F.);
#5710=ORIENTED_EDGE('',*,*,#3481,.T.);
#5711=ORIENTED_EDGE('',*,*,#3422,.F.);
#5712=ORIENTED_EDGE('',*,*,#3435,.F.);
#5713=ORIENTED_EDGE('',*,*,#3870,.T.);
#5714=ORIENTED_EDGE('',*,*,#3936,.F.);
#5715=ORIENTED_EDGE('',*,*,#3876,.T.);
#5716=ORIENTED_EDGE('',*,*,#3938,.F.);
#5717=ORIENTED_EDGE('',*,*,#3882,.T.);
#5718=ORIENTED_EDGE('',*,*,#3939,.F.);
#5719=ORIENTED_EDGE('',*,*,#3888,.T.);
#5720=ORIENTED_EDGE('',*,*,#3941,.F.);
#5721=ORIENTED_EDGE('',*,*,#3414,.F.);
#5722=ORIENTED_EDGE('',*,*,#3410,.F.);
#5723=ORIENTED_EDGE('',*,*,#3383,.T.);
#5724=ORIENTED_EDGE('',*,*,#3697,.T.);
#5725=ORIENTED_EDGE('',*,*,#3953,.F.);
#5726=ORIENTED_EDGE('',*,*,#3666,.T.);
#5727=ORIENTED_EDGE('',*,*,#3645,.F.);
#5728=ORIENTED_EDGE('',*,*,#3387,.T.);
#5729=ORIENTED_EDGE('',*,*,#3954,.F.);
#5730=ORIENTED_EDGE('',*,*,#3444,.T.);
#5731=ORIENTED_EDGE('',*,*,#3360,.T.);
#5732=ORIENTED_EDGE('',*,*,#3433,.T.);
#5733=ORIENTED_EDGE('',*,*,#3955,.F.);
#5734=ORIENTED_EDGE('',*,*,#3358,.T.);
#5735=ORIENTED_EDGE('',*,*,#3340,.F.);
#5736=ORIENTED_EDGE('',*,*,#3363,.T.);
#5737=ORIENTED_EDGE('',*,*,#3393,.F.);
#5738=ORIENTED_EDGE('',*,*,#3534,.T.);
#5739=ORIENTED_EDGE('',*,*,#3519,.F.);
#5740=ORIENTED_EDGE('',*,*,#3518,.F.);
#5741=ORIENTED_EDGE('',*,*,#3956,.F.);
#5742=ORIENTED_EDGE('',*,*,#3365,.T.);
#5743=ORIENTED_EDGE('',*,*,#3522,.F.);
#5744=ORIENTED_EDGE('',*,*,#3644,.F.);
#5745=ORIENTED_EDGE('',*,*,#3957,.F.);
#5746=ORIENTED_EDGE('',*,*,#3385,.T.);
#5747=ORIENTED_EDGE('',*,*,#3648,.F.);
#5748=ORIENTED_EDGE('',*,*,#3556,.F.);
#5749=ORIENTED_EDGE('',*,*,#3932,.F.);
#5750=ORIENTED_EDGE('',*,*,#3805,.T.);
#5751=ORIENTED_EDGE('',*,*,#3931,.F.);
#5752=ORIENTED_EDGE('',*,*,#3811,.T.);
#5753=ORIENTED_EDGE('',*,*,#3930,.F.);
#5754=ORIENTED_EDGE('',*,*,#3817,.T.);
#5755=ORIENTED_EDGE('',*,*,#3928,.F.);
#5756=ORIENTED_EDGE('',*,*,#3823,.T.);
#5757=ORIENTED_EDGE('',*,*,#3926,.F.);
#5758=ORIENTED_EDGE('',*,*,#3566,.F.);
#5759=ORIENTED_EDGE('',*,*,#3562,.F.);
#5760=ORIENTED_EDGE('',*,*,#3589,.F.);
#5761=ORIENTED_EDGE('',*,*,#3612,.F.);
#5762=ORIENTED_EDGE('',*,*,#3776,.T.);
#5763=ORIENTED_EDGE('',*,*,#3937,.F.);
#5764=ORIENTED_EDGE('',*,*,#3782,.T.);
#5765=ORIENTED_EDGE('',*,*,#3935,.F.);
#5766=ORIENTED_EDGE('',*,*,#3788,.T.);
#5767=ORIENTED_EDGE('',*,*,#3934,.F.);
#5768=ORIENTED_EDGE('',*,*,#3794,.T.);
#5769=ORIENTED_EDGE('',*,*,#3933,.F.);
#5770=ORIENTED_EDGE('',*,*,#3602,.F.);
#5771=ORIENTED_EDGE('',*,*,#3598,.F.);
#5772=ORIENTED_EDGE('',*,*,#3467,.F.);
#5773=ORIENTED_EDGE('',*,*,#3948,.F.);
#5774=ORIENTED_EDGE('',*,*,#3753,.T.);
#5775=ORIENTED_EDGE('',*,*,#3946,.F.);
#5776=ORIENTED_EDGE('',*,*,#3759,.T.);
#5777=ORIENTED_EDGE('',*,*,#3944,.F.);
#5778=ORIENTED_EDGE('',*,*,#3765,.T.);
#5779=ORIENTED_EDGE('',*,*,#3942,.F.);
#5780=ORIENTED_EDGE('',*,*,#3771,.T.);
#5781=ORIENTED_EDGE('',*,*,#3940,.F.);
#5782=ORIENTED_EDGE('',*,*,#3477,.F.);
#5783=ORIENTED_EDGE('',*,*,#3473,.F.);
#5784=ORIENTED_EDGE('',*,*,#3504,.F.);
#5785=ORIENTED_EDGE('',*,*,#3482,.F.);
#5786=ORIENTED_EDGE('',*,*,#3952,.T.);
#5787=ORIENTED_EDGE('',*,*,#3366,.T.);
#5788=ORIENTED_EDGE('',*,*,#3956,.T.);
#5789=ORIENTED_EDGE('',*,*,#3517,.F.);
#5790=ORIENTED_EDGE('',*,*,#3521,.F.);
#5791=ORIENTED_EDGE('',*,*,#3509,.F.);
#5792=ORIENTED_EDGE('',*,*,#3679,.F.);
#5793=ORIENTED_EDGE('',*,*,#3667,.F.);
#5794=ORIENTED_EDGE('',*,*,#3953,.T.);
#5795=ORIENTED_EDGE('',*,*,#3696,.F.);
#5796=ORIENTED_EDGE('',*,*,#3684,.F.);
#5797=ORIENTED_EDGE('',*,*,#3628,.F.);
#5798=ORIENTED_EDGE('',*,*,#3445,.F.);
#5799=ORIENTED_EDGE('',*,*,#3954,.T.);
#5800=ORIENTED_EDGE('',*,*,#3386,.T.);
#5801=ORIENTED_EDGE('',*,*,#3957,.T.);
#5802=ORIENTED_EDGE('',*,*,#3643,.F.);
#5803=ORIENTED_EDGE('',*,*,#3647,.F.);
#5804=ORIENTED_EDGE('',*,*,#3633,.F.);
#5805=ORIENTED_EDGE('',*,*,#3413,.F.);
#5806=ORIENTED_EDGE('',*,*,#3359,.F.);
#5807=ORIENTED_EDGE('',*,*,#3955,.T.);
#5808=ORIENTED_EDGE('',*,*,#3432,.F.);
#5809=ORIENTED_EDGE('',*,*,#3418,.F.);
#5810=CYLINDRICAL_SURFACE('',#6344,0.2);
#5811=CYLINDRICAL_SURFACE('',#6350,0.2);
#5812=CYLINDRICAL_SURFACE('',#6358,1.2);
#5813=CYLINDRICAL_SURFACE('',#6363,1.2);
#5814=CYLINDRICAL_SURFACE('',#6377,0.4);
#5815=CYLINDRICAL_SURFACE('',#6380,0.4);
#5816=CYLINDRICAL_SURFACE('',#6383,0.4);
#5817=CYLINDRICAL_SURFACE('',#6384,0.4);
#5818=CYLINDRICAL_SURFACE('',#6387,0.4);
#5819=CYLINDRICAL_SURFACE('',#6390,0.4);
#5820=CYLINDRICAL_SURFACE('',#6395,0.4);
#5821=CYLINDRICAL_SURFACE('',#6398,0.4);
#5822=CYLINDRICAL_SURFACE('',#6401,0.4);
#5823=CYLINDRICAL_SURFACE('',#6402,0.4);
#5824=CYLINDRICAL_SURFACE('',#6405,0.4);
#5825=CYLINDRICAL_SURFACE('',#6408,0.4);
#5826=CYLINDRICAL_SURFACE('',#6430,2.65);
#5827=CYLINDRICAL_SURFACE('',#6433,2.65);
#5828=CYLINDRICAL_SURFACE('',#6441,5.75);
#5829=CYLINDRICAL_SURFACE('',#6445,0.2);
#5830=CYLINDRICAL_SURFACE('',#6451,0.2);
#5831=CYLINDRICAL_SURFACE('',#6479,0.95);
#5832=CYLINDRICAL_SURFACE('',#6482,0.95);
#5833=CYLINDRICAL_SURFACE('',#6485,2.75);
#5834=CYLINDRICAL_SURFACE('',#6487,2.65);
#5835=CYLINDRICAL_SURFACE('',#6494,2.65000010807792);
#5836=CYLINDRICAL_SURFACE('',#6506,2.95);
#5837=CYLINDRICAL_SURFACE('',#6510,0.5);
#5838=CYLINDRICAL_SURFACE('',#6513,0.5);
#5839=CYLINDRICAL_SURFACE('',#6516,0.5);
#5840=CYLINDRICAL_SURFACE('',#6519,0.5);
#5841=CYLINDRICAL_SURFACE('',#6521,1.75);
#5842=CYLINDRICAL_SURFACE('',#6540,0.5);
#5843=CYLINDRICAL_SURFACE('',#6543,0.5);
#5844=CYLINDRICAL_SURFACE('',#6546,0.5);
#5845=CYLINDRICAL_SURFACE('',#6564,1.5);
#5846=CYLINDRICAL_SURFACE('',#6567,0.25);
#5847=CYLINDRICAL_SURFACE('',#6586,0.5);
#5848=CYLINDRICAL_SURFACE('',#6587,0.5);
#5849=CYLINDRICAL_SURFACE('',#6590,0.5);
#5850=CYLINDRICAL_SURFACE('',#6595,0.25);
#5851=CYLINDRICAL_SURFACE('',#6597,5.);
#5852=CYLINDRICAL_SURFACE('',#6601,1.5);
#5853=CYLINDRICAL_SURFACE('',#6615,0.5);
#5854=CYLINDRICAL_SURFACE('',#6618,0.5);
#5855=CYLINDRICAL_SURFACE('',#6620,0.5);
#5856=CYLINDRICAL_SURFACE('',#6626,1.5);
#5857=CYLINDRICAL_SURFACE('',#6628,0.25);
#5858=CYLINDRICAL_SURFACE('',#6647,0.5);
#5859=CYLINDRICAL_SURFACE('',#6648,0.5);
#5860=CYLINDRICAL_SURFACE('',#6651,0.5);
#5861=CYLINDRICAL_SURFACE('',#6664,5.);
#5862=CYLINDRICAL_SURFACE('',#6680,0.5);
#5863=CYLINDRICAL_SURFACE('',#6683,0.5);
#5864=CYLINDRICAL_SURFACE('',#6685,0.5);
#5865=CYLINDRICAL_SURFACE('',#6691,1.5);
#5866=CYLINDRICAL_SURFACE('',#6693,0.25);
#5867=CYLINDRICAL_SURFACE('',#6705,0.5);
#5868=CYLINDRICAL_SURFACE('',#6710,0.5);
#5869=CYLINDRICAL_SURFACE('',#6716,0.5);
#5870=CYLINDRICAL_SURFACE('',#6720,5.);
#5871=CYLINDRICAL_SURFACE('',#6724,1.5);
#5872=CYLINDRICAL_SURFACE('',#6741,0.5);
#5873=CYLINDRICAL_SURFACE('',#6742,0.5);
#5874=CYLINDRICAL_SURFACE('',#6745,0.5);
#5875=CYLINDRICAL_SURFACE('',#6759,0.25);
#5876=CYLINDRICAL_SURFACE('',#6761,5.);
#5877=CYLINDRICAL_SURFACE('',#6780,0.5);
#5878=CYLINDRICAL_SURFACE('',#6781,0.5);
#5879=CYLINDRICAL_SURFACE('',#6784,0.5);
#5880=CYLINDRICAL_SURFACE('',#6788,5.);
#5881=CYLINDRICAL_SURFACE('',#6792,1.5);
#5882=CYLINDRICAL_SURFACE('',#6800,1.75);
#5883=CYLINDRICAL_SURFACE('',#6802,0.5);
#5884=CYLINDRICAL_SURFACE('',#6805,0.5);
#5885=CYLINDRICAL_SURFACE('',#6808,0.5);
#5886=CYLINDRICAL_SURFACE('',#6811,0.5);
#5887=CYLINDRICAL_SURFACE('',#6814,5.);
#5888=CYLINDRICAL_SURFACE('',#6816,0.25);
#5889=CYLINDRICAL_SURFACE('',#6819,5.);
#5890=CYLINDRICAL_SURFACE('',#6821,0.25);
#5891=CYLINDRICAL_SURFACE('',#6824,5.);
#5892=CYLINDRICAL_SURFACE('',#6826,0.25);
#5893=CYLINDRICAL_SURFACE('',#6829,5.);
#5894=CYLINDRICAL_SURFACE('',#6831,0.25);
#5895=CYLINDRICAL_SURFACE('',#6834,5.);
#5896=CYLINDRICAL_SURFACE('',#6837,0.25);
#5897=CYLINDRICAL_SURFACE('',#6840,5.);
#5898=CYLINDRICAL_SURFACE('',#6843,0.25);
#5899=CYLINDRICAL_SURFACE('',#6846,5.);
#5900=CYLINDRICAL_SURFACE('',#6849,0.25);
#5901=CYLINDRICAL_SURFACE('',#6852,5.);
#5902=CYLINDRICAL_SURFACE('',#6855,0.25);
#5903=CYLINDRICAL_SURFACE('',#6858,5.);
#5904=CYLINDRICAL_SURFACE('',#6861,0.25);
#5905=CYLINDRICAL_SURFACE('',#6864,5.);
#5906=CYLINDRICAL_SURFACE('',#6867,0.25);
#5907=CYLINDRICAL_SURFACE('',#6870,5.);
#5908=CYLINDRICAL_SURFACE('',#6873,0.25);
#5909=CYLINDRICAL_SURFACE('',#6876,5.);
#5910=CYLINDRICAL_SURFACE('',#6879,0.25);
#5911=CYLINDRICAL_SURFACE('',#6882,5.);
#5912=CYLINDRICAL_SURFACE('',#6884,0.25);
#5913=CYLINDRICAL_SURFACE('',#6887,5.);
#5914=CYLINDRICAL_SURFACE('',#6890,0.25);
#5915=CYLINDRICAL_SURFACE('',#6893,5.);
#5916=CYLINDRICAL_SURFACE('',#6896,0.25);
#5917=CYLINDRICAL_SURFACE('',#6899,5.);
#5918=CYLINDRICAL_SURFACE('',#6902,0.25);
#5919=CYLINDRICAL_SURFACE('',#6905,5.);
#5920=CYLINDRICAL_SURFACE('',#6908,0.25);
#5921=CYLINDRICAL_SURFACE('',#6911,5.);
#5922=CYLINDRICAL_SURFACE('',#6914,0.25);
#5923=CYLINDRICAL_SURFACE('',#6917,5.);
#5924=CYLINDRICAL_SURFACE('',#6920,0.25);
#5925=CYLINDRICAL_SURFACE('',#6923,5.);
#5926=CYLINDRICAL_SURFACE('',#6926,0.25);
#5927=CYLINDRICAL_SURFACE('',#6929,5.);
#5928=CYLINDRICAL_SURFACE('',#6932,0.25);
#5929=CYLINDRICAL_SURFACE('',#6935,5.);
#5930=CYLINDRICAL_SURFACE('',#6937,0.25);
#5931=CYLINDRICAL_SURFACE('',#6940,5.);
#5932=CYLINDRICAL_SURFACE('',#6942,0.25);
#5933=CYLINDRICAL_SURFACE('',#6945,5.);
#5934=CYLINDRICAL_SURFACE('',#6947,0.25);
#5935=CYLINDRICAL_SURFACE('',#6950,5.);
#5936=CYLINDRICAL_SURFACE('',#6952,0.25);
#5937=CYLINDRICAL_SURFACE('',#6955,5.);
#5938=CYLINDRICAL_SURFACE('',#6958,0.25);
#5939=CYLINDRICAL_SURFACE('',#6961,5.);
#5940=CYLINDRICAL_SURFACE('',#6964,0.25);
#5941=CYLINDRICAL_SURFACE('',#6967,5.);
#5942=CYLINDRICAL_SURFACE('',#6970,0.25);
#5943=CYLINDRICAL_SURFACE('',#6973,5.);
#5944=CYLINDRICAL_SURFACE('',#6976,0.25);
#5945=CYLINDRICAL_SURFACE('',#6979,5.);
#5946=CYLINDRICAL_SURFACE('',#6981,0.25);
#5947=CYLINDRICAL_SURFACE('',#6984,5.);
#5948=CYLINDRICAL_SURFACE('',#6987,0.25);
#5949=CYLINDRICAL_SURFACE('',#6990,5.);
#5950=CYLINDRICAL_SURFACE('',#6993,0.25);
#5951=CYLINDRICAL_SURFACE('',#6996,5.);
#5952=CYLINDRICAL_SURFACE('',#6999,0.25);
#5953=CYLINDRICAL_SURFACE('',#7002,5.);
#5954=CYLINDRICAL_SURFACE('',#7005,0.25);
#5955=CYLINDRICAL_SURFACE('',#7008,5.);
#5956=CYLINDRICAL_SURFACE('',#7010,0.25);
#5957=CYLINDRICAL_SURFACE('',#7089,1.5);
#5958=CYLINDRICAL_SURFACE('',#7091,1.5);
#5959=ADVANCED_FACE('',(#479),#5810,.F.);
#5960=ADVANCED_FACE('',(#480),#308,.F.);
#5961=ADVANCED_FACE('',(#481),#309,.F.);
#5962=ADVANCED_FACE('',(#482),#5811,.F.);
#5963=ADVANCED_FACE('',(#483),#310,.F.);
#5964=ADVANCED_FACE('',(#484),#311,.T.);
#5965=ADVANCED_FACE('',(#485),#312,.F.);
#5966=ADVANCED_FACE('',(#486),#298,.F.);
#5967=ADVANCED_FACE('',(#487),#5812,.F.);
#5968=ADVANCED_FACE('',(#488),#299,.F.);
#5969=ADVANCED_FACE('',(#489),#5813,.F.);
#5970=ADVANCED_FACE('',(#490),#313,.T.);
#5971=ADVANCED_FACE('',(#491,#278,#279,#280,#281),#314,.F.);
#5972=ADVANCED_FACE('',(#492),#315,.T.);
#5973=ADVANCED_FACE('',(#493),#316,.T.);
#5974=ADVANCED_FACE('',(#494),#317,.T.);
#5975=ADVANCED_FACE('',(#495),#318,.T.);
#5976=ADVANCED_FACE('',(#496),#319,.T.);
#5977=ADVANCED_FACE('',(#497),#320,.T.);
#5978=ADVANCED_FACE('',(#498),#321,.T.);
#5979=ADVANCED_FACE('',(#499),#322,.T.);
#5980=ADVANCED_FACE('',(#500),#5814,.F.);
#5981=ADVANCED_FACE('',(#501),#5815,.F.);
#5982=ADVANCED_FACE('',(#502),#5816,.F.);
#5983=ADVANCED_FACE('',(#503),#5817,.F.);
#5984=ADVANCED_FACE('',(#504),#5818,.F.);
#5985=ADVANCED_FACE('',(#505),#5819,.F.);
#5986=ADVANCED_FACE('',(#506),#323,.F.);
#5987=ADVANCED_FACE('',(#507),#324,.F.);
#5988=ADVANCED_FACE('',(#508),#325,.F.);
#5989=ADVANCED_FACE('',(#509),#326,.F.);
#5990=ADVANCED_FACE('',(#510),#5820,.F.);
#5991=ADVANCED_FACE('',(#511),#5821,.F.);
#5992=ADVANCED_FACE('',(#512),#5822,.F.);
#5993=ADVANCED_FACE('',(#513),#5823,.F.);
#5994=ADVANCED_FACE('',(#514),#5824,.F.);
#5995=ADVANCED_FACE('',(#515),#5825,.F.);
#5996=ADVANCED_FACE('',(#516),#327,.F.);
#5997=ADVANCED_FACE('',(#517),#328,.F.);
#5998=ADVANCED_FACE('',(#518),#329,.F.);
#5999=ADVANCED_FACE('',(#519),#330,.F.);
#6000=ADVANCED_FACE('',(#520),#331,.T.);
#6001=ADVANCED_FACE('',(#521,#282),#332,.T.);
#6002=ADVANCED_FACE('',(#522),#333,.T.);
#6003=ADVANCED_FACE('',(#523),#334,.T.);
#6004=ADVANCED_FACE('',(#524),#335,.T.);
#6005=ADVANCED_FACE('',(#525),#336,.T.);
#6006=ADVANCED_FACE('',(#526,#283),#337,.T.);
#6007=ADVANCED_FACE('',(#527),#338,.T.);
#6008=ADVANCED_FACE('',(#528,#284,#285),#339,.T.);
#6009=ADVANCED_FACE('',(#529),#340,.F.);
#6010=ADVANCED_FACE('',(#530),#341,.F.);
#6011=ADVANCED_FACE('',(#531),#342,.F.);
#6012=ADVANCED_FACE('',(#532),#343,.T.);
#6013=ADVANCED_FACE('',(#533),#344,.T.);
#6014=ADVANCED_FACE('',(#534),#345,.T.);
#6015=ADVANCED_FACE('',(#535),#5826,.T.);
#6016=ADVANCED_FACE('',(#536,#286),#346,.T.);
#6017=ADVANCED_FACE('',(#537),#347,.T.);
#6018=ADVANCED_FACE('',(#538),#5827,.T.);
#6019=ADVANCED_FACE('',(#539),#348,.T.);
#6020=ADVANCED_FACE('',(#540),#349,.T.);
#6021=ADVANCED_FACE('',(#541),#171,.T.);
#6022=ADVANCED_FACE('',(#542),#5828,.T.);
#6023=ADVANCED_FACE('',(#543,#287),#350,.T.);
#6024=ADVANCED_FACE('',(#544),#5829,.T.);
#6025=ADVANCED_FACE('',(#545),#351,.T.);
#6026=ADVANCED_FACE('',(#546),#352,.T.);
#6027=ADVANCED_FACE('',(#547),#5830,.T.);
#6028=ADVANCED_FACE('',(#548,#288,#289,#290),#353,.F.);
#6029=ADVANCED_FACE('',(#549),#354,.T.);
#6030=ADVANCED_FACE('',(#550),#355,.T.);
#6031=ADVANCED_FACE('',(#551),#356,.F.);
#6032=ADVANCED_FACE('',(#552),#357,.F.);
#6033=ADVANCED_FACE('',(#553),#358,.F.);
#6034=ADVANCED_FACE('',(#554),#359,.F.);
#6035=ADVANCED_FACE('',(#555),#360,.F.);
#6036=ADVANCED_FACE('',(#556),#361,.F.);
#6037=ADVANCED_FACE('',(#557),#362,.F.);
#6038=ADVANCED_FACE('',(#558),#363,.F.);
#6039=ADVANCED_FACE('',(#559,#291),#364,.F.);
#6040=ADVANCED_FACE('',(#560),#365,.F.);
#6041=ADVANCED_FACE('',(#561),#366,.F.);
#6042=ADVANCED_FACE('',(#562),#367,.F.);
#6043=ADVANCED_FACE('',(#563),#368,.F.);
#6044=ADVANCED_FACE('',(#564),#369,.F.);
#6045=ADVANCED_FACE('',(#565),#370,.F.);
#6046=ADVANCED_FACE('',(#566),#371,.F.);
#6047=ADVANCED_FACE('',(#567),#372,.F.);
#6048=ADVANCED_FACE('',(#568,#292),#373,.F.);
#6049=ADVANCED_FACE('',(#569),#5831,.F.);
#6050=ADVANCED_FACE('',(#570),#374,.F.);
#6051=ADVANCED_FACE('',(#571),#5832,.F.);
#6052=ADVANCED_FACE('',(#572),#375,.F.);
#6053=ADVANCED_FACE('',(#573),#5833,.F.);
#6054=ADVANCED_FACE('',(#574),#376,.T.);
#6055=ADVANCED_FACE('',(#575),#5834,.T.);
#6056=ADVANCED_FACE('',(#576),#377,.T.);
#6057=ADVANCED_FACE('',(#577),#378,.T.);
#6058=ADVANCED_FACE('',(#578),#379,.T.);
#6059=ADVANCED_FACE('',(#579),#380,.T.);
#6060=ADVANCED_FACE('',(#580),#381,.T.);
#6061=ADVANCED_FACE('',(#581),#5835,.T.);
#6062=ADVANCED_FACE('',(#582,#293),#382,.T.);
#6063=ADVANCED_FACE('',(#583,#294),#383,.F.);
#6064=ADVANCED_FACE('',(#584),#384,.F.);
#6065=ADVANCED_FACE('',(#585),#5836,.T.);
#6066=ADVANCED_FACE('',(#586),#385,.T.);
#6067=ADVANCED_FACE('',(#587),#386,.T.);
#6068=ADVANCED_FACE('',(#588),#5837,.F.);
#6069=ADVANCED_FACE('',(#589),#387,.T.);
#6070=ADVANCED_FACE('',(#590),#5838,.F.);
#6071=ADVANCED_FACE('',(#591),#388,.T.);
#6072=ADVANCED_FACE('',(#592),#5839,.F.);
#6073=ADVANCED_FACE('',(#593),#389,.T.);
#6074=ADVANCED_FACE('',(#594),#5840,.F.);
#6075=ADVANCED_FACE('',(#595),#5841,.T.);
#6076=ADVANCED_FACE('',(#596,#295),#390,.F.);
#6077=ADVANCED_FACE('',(#597),#147,.T.);
#6078=ADVANCED_FACE('',(#598),#148,.T.);
#6079=ADVANCED_FACE('',(#599),#172,.T.);
#6080=ADVANCED_FACE('',(#600),#149,.T.);
#6081=ADVANCED_FACE('',(#601),#5842,.T.);
#6082=ADVANCED_FACE('',(#602),#391,.T.);
#6083=ADVANCED_FACE('',(#603),#5843,.T.);
#6084=ADVANCED_FACE('',(#604),#5844,.T.);
#6085=ADVANCED_FACE('',(#605),#27,.F.);
#6086=ADVANCED_FACE('',(#606),#28,.F.);
#6087=ADVANCED_FACE('',(#607),#392,.F.);
#6088=ADVANCED_FACE('',(#608),#393,.T.);
#6089=ADVANCED_FACE('',(#609),#5845,.F.);
#6090=ADVANCED_FACE('',(#610),#394,.F.);
#6091=ADVANCED_FACE('',(#611),#5846,.F.);
#6092=ADVANCED_FACE('',(#612),#395,.T.);
#6093=ADVANCED_FACE('',(#613),#150,.T.);
#6094=ADVANCED_FACE('',(#614),#151,.T.);
#6095=ADVANCED_FACE('',(#615),#152,.T.);
#6096=ADVANCED_FACE('',(#616),#173,.T.);
#6097=ADVANCED_FACE('',(#617),#29,.F.);
#6098=ADVANCED_FACE('',(#618),#5847,.T.);
#6099=ADVANCED_FACE('',(#619),#5848,.T.);
#6100=ADVANCED_FACE('',(#620),#30,.F.);
#6101=ADVANCED_FACE('',(#621),#396,.T.);
#6102=ADVANCED_FACE('',(#622),#5849,.T.);
#6103=ADVANCED_FACE('',(#623),#397,.F.);
#6104=ADVANCED_FACE('',(#624),#5850,.F.);
#6105=ADVANCED_FACE('',(#625),#5851,.T.);
#6106=ADVANCED_FACE('',(#626),#398,.F.);
#6107=ADVANCED_FACE('',(#627),#5852,.F.);
#6108=ADVANCED_FACE('',(#628),#399,.T.);
#6109=ADVANCED_FACE('',(#629),#153,.T.);
#6110=ADVANCED_FACE('',(#630),#154,.T.);
#6111=ADVANCED_FACE('',(#631),#155,.T.);
#6112=ADVANCED_FACE('',(#632),#5853,.T.);
#6113=ADVANCED_FACE('',(#633),#400,.T.);
#6114=ADVANCED_FACE('',(#634),#5854,.T.);
#6115=ADVANCED_FACE('',(#635),#5855,.T.);
#6116=ADVANCED_FACE('',(#636),#31,.F.);
#6117=ADVANCED_FACE('',(#637),#174,.T.);
#6118=ADVANCED_FACE('',(#638),#32,.F.);
#6119=ADVANCED_FACE('',(#639),#401,.F.);
#6120=ADVANCED_FACE('',(#640),#5856,.F.);
#6121=ADVANCED_FACE('',(#641),#402,.F.);
#6122=ADVANCED_FACE('',(#642),#5857,.F.);
#6123=ADVANCED_FACE('',(#643),#403,.T.);
#6124=ADVANCED_FACE('',(#644),#156,.T.);
#6125=ADVANCED_FACE('',(#645),#157,.T.);
#6126=ADVANCED_FACE('',(#646),#158,.T.);
#6127=ADVANCED_FACE('',(#647),#175,.T.);
#6128=ADVANCED_FACE('',(#648),#33,.F.);
#6129=ADVANCED_FACE('',(#649),#5858,.T.);
#6130=ADVANCED_FACE('',(#650),#5859,.T.);
#6131=ADVANCED_FACE('',(#651),#34,.F.);
#6132=ADVANCED_FACE('',(#652),#404,.T.);
#6133=ADVANCED_FACE('',(#653),#5860,.T.);
#6134=ADVANCED_FACE('',(#654),#300,.T.);
#6135=ADVANCED_FACE('',(#655),#405,.F.);
#6136=ADVANCED_FACE('',(#656),#5861,.T.);
#6137=ADVANCED_FACE('',(#657),#406,.F.);
#6138=ADVANCED_FACE('',(#658),#407,.T.);
#6139=ADVANCED_FACE('',(#659),#159,.T.);
#6140=ADVANCED_FACE('',(#660),#160,.T.);
#6141=ADVANCED_FACE('',(#661),#161,.T.);
#6142=ADVANCED_FACE('',(#662),#5862,.T.);
#6143=ADVANCED_FACE('',(#663),#408,.T.);
#6144=ADVANCED_FACE('',(#664),#5863,.T.);
#6145=ADVANCED_FACE('',(#665),#5864,.T.);
#6146=ADVANCED_FACE('',(#666),#35,.F.);
#6147=ADVANCED_FACE('',(#667),#176,.T.);
#6148=ADVANCED_FACE('',(#668),#36,.F.);
#6149=ADVANCED_FACE('',(#669),#409,.F.);
#6150=ADVANCED_FACE('',(#670),#5865,.F.);
#6151=ADVANCED_FACE('',(#671),#410,.F.);
#6152=ADVANCED_FACE('',(#672),#5866,.F.);
#6153=ADVANCED_FACE('',(#673),#411,.T.);
#6154=ADVANCED_FACE('',(#674),#162,.T.);
#6155=ADVANCED_FACE('',(#675),#163,.T.);
#6156=ADVANCED_FACE('',(#676),#5867,.T.);
#6157=ADVANCED_FACE('',(#677),#37,.F.);
#6158=ADVANCED_FACE('',(#678),#164,.T.);
#6159=ADVANCED_FACE('',(#679),#5868,.T.);
#6160=ADVANCED_FACE('',(#680),#177,.T.);
#6161=ADVANCED_FACE('',(#681),#38,.F.);
#6162=ADVANCED_FACE('',(#682),#412,.T.);
#6163=ADVANCED_FACE('',(#683),#5869,.T.);
#6164=ADVANCED_FACE('',(#684),#413,.F.);
#6165=ADVANCED_FACE('',(#685),#5870,.T.);
#6166=ADVANCED_FACE('',(#686),#414,.F.);
#6167=ADVANCED_FACE('',(#687),#5871,.F.);
#6168=ADVANCED_FACE('',(#688),#415,.T.);
#6169=ADVANCED_FACE('',(#689),#165,.T.);
#6170=ADVANCED_FACE('',(#690),#166,.T.);
#6171=ADVANCED_FACE('',(#691),#167,.T.);
#6172=ADVANCED_FACE('',(#692),#178,.T.);
#6173=ADVANCED_FACE('',(#693),#39,.F.);
#6174=ADVANCED_FACE('',(#694),#5872,.T.);
#6175=ADVANCED_FACE('',(#695),#5873,.T.);
#6176=ADVANCED_FACE('',(#696),#40,.F.);
#6177=ADVANCED_FACE('',(#697),#416,.T.);
#6178=ADVANCED_FACE('',(#698),#5874,.T.);
#6179=ADVANCED_FACE('',(#699),#301,.T.);
#6180=ADVANCED_FACE('',(#700),#417,.F.);
#6181=ADVANCED_FACE('',(#701),#5875,.F.);
#6182=ADVANCED_FACE('',(#702),#5876,.T.);
#6183=ADVANCED_FACE('',(#703),#418,.F.);
#6184=ADVANCED_FACE('',(#704),#419,.T.);
#6185=ADVANCED_FACE('',(#705),#168,.T.);
#6186=ADVANCED_FACE('',(#706),#169,.T.);
#6187=ADVANCED_FACE('',(#707),#170,.T.);
#6188=ADVANCED_FACE('',(#708),#179,.T.);
#6189=ADVANCED_FACE('',(#709),#41,.F.);
#6190=ADVANCED_FACE('',(#710),#5877,.T.);
#6191=ADVANCED_FACE('',(#711),#5878,.T.);
#6192=ADVANCED_FACE('',(#712),#42,.F.);
#6193=ADVANCED_FACE('',(#713),#420,.T.);
#6194=ADVANCED_FACE('',(#714),#5879,.T.);
#6195=ADVANCED_FACE('',(#715),#421,.F.);
#6196=ADVANCED_FACE('',(#716),#5880,.T.);
#6197=ADVANCED_FACE('',(#717),#422,.F.);
#6198=ADVANCED_FACE('',(#718),#5881,.F.);
#6199=ADVANCED_FACE('',(#719),#423,.T.);
#6200=ADVANCED_FACE('',(#720,#296),#424,.F.);
#6201=ADVANCED_FACE('',(#721),#5882,.T.);
#6202=ADVANCED_FACE('',(#722),#5883,.F.);
#6203=ADVANCED_FACE('',(#723),#425,.T.);
#6204=ADVANCED_FACE('',(#724),#5884,.F.);
#6205=ADVANCED_FACE('',(#725),#426,.T.);
#6206=ADVANCED_FACE('',(#726),#5885,.F.);
#6207=ADVANCED_FACE('',(#727),#427,.T.);
#6208=ADVANCED_FACE('',(#728),#5886,.F.);
#6209=ADVANCED_FACE('',(#729),#428,.T.);
#6210=ADVANCED_FACE('',(#730),#5887,.T.);
#6211=ADVANCED_FACE('',(#731),#5888,.F.);
#6212=ADVANCED_FACE('',(#732),#5889,.T.);
#6213=ADVANCED_FACE('',(#733),#5890,.F.);
#6214=ADVANCED_FACE('',(#734),#5891,.T.);
#6215=ADVANCED_FACE('',(#735),#5892,.F.);
#6216=ADVANCED_FACE('',(#736),#5893,.T.);
#6217=ADVANCED_FACE('',(#737),#5894,.F.);
#6218=ADVANCED_FACE('',(#738),#5895,.T.);
#6219=ADVANCED_FACE('',(#739),#5896,.F.);
#6220=ADVANCED_FACE('',(#740),#5897,.T.);
#6221=ADVANCED_FACE('',(#741),#5898,.F.);
#6222=ADVANCED_FACE('',(#742),#5899,.T.);
#6223=ADVANCED_FACE('',(#743),#5900,.F.);
#6224=ADVANCED_FACE('',(#744),#5901,.T.);
#6225=ADVANCED_FACE('',(#745),#5902,.F.);
#6226=ADVANCED_FACE('',(#746),#5903,.T.);
#6227=ADVANCED_FACE('',(#747),#5904,.F.);
#6228=ADVANCED_FACE('',(#748),#5905,.T.);
#6229=ADVANCED_FACE('',(#749),#5906,.F.);
#6230=ADVANCED_FACE('',(#750),#5907,.T.);
#6231=ADVANCED_FACE('',(#751),#5908,.F.);
#6232=ADVANCED_FACE('',(#752),#5909,.T.);
#6233=ADVANCED_FACE('',(#753),#5910,.F.);
#6234=ADVANCED_FACE('',(#754),#5911,.T.);
#6235=ADVANCED_FACE('',(#755),#5912,.F.);
#6236=ADVANCED_FACE('',(#756),#5913,.T.);
#6237=ADVANCED_FACE('',(#757),#5914,.F.);
#6238=ADVANCED_FACE('',(#758),#5915,.T.);
#6239=ADVANCED_FACE('',(#759),#5916,.F.);
#6240=ADVANCED_FACE('',(#760),#5917,.T.);
#6241=ADVANCED_FACE('',(#761),#5918,.F.);
#6242=ADVANCED_FACE('',(#762),#5919,.T.);
#6243=ADVANCED_FACE('',(#763),#5920,.F.);
#6244=ADVANCED_FACE('',(#764),#5921,.T.);
#6245=ADVANCED_FACE('',(#765),#5922,.F.);
#6246=ADVANCED_FACE('',(#766),#5923,.T.);
#6247=ADVANCED_FACE('',(#767),#5924,.F.);
#6248=ADVANCED_FACE('',(#768),#5925,.T.);
#6249=ADVANCED_FACE('',(#769),#5926,.F.);
#6250=ADVANCED_FACE('',(#770),#5927,.T.);
#6251=ADVANCED_FACE('',(#771),#5928,.F.);
#6252=ADVANCED_FACE('',(#772),#5929,.T.);
#6253=ADVANCED_FACE('',(#773),#5930,.F.);
#6254=ADVANCED_FACE('',(#774),#5931,.T.);
#6255=ADVANCED_FACE('',(#775),#5932,.F.);
#6256=ADVANCED_FACE('',(#776),#5933,.T.);
#6257=ADVANCED_FACE('',(#777),#5934,.F.);
#6258=ADVANCED_FACE('',(#778),#5935,.T.);
#6259=ADVANCED_FACE('',(#779),#5936,.F.);
#6260=ADVANCED_FACE('',(#780),#5937,.T.);
#6261=ADVANCED_FACE('',(#781),#5938,.F.);
#6262=ADVANCED_FACE('',(#782),#5939,.T.);
#6263=ADVANCED_FACE('',(#783),#5940,.F.);
#6264=ADVANCED_FACE('',(#784),#5941,.T.);
#6265=ADVANCED_FACE('',(#785),#5942,.F.);
#6266=ADVANCED_FACE('',(#786),#5943,.T.);
#6267=ADVANCED_FACE('',(#787),#5944,.F.);
#6268=ADVANCED_FACE('',(#788),#5945,.T.);
#6269=ADVANCED_FACE('',(#789),#5946,.F.);
#6270=ADVANCED_FACE('',(#790),#5947,.T.);
#6271=ADVANCED_FACE('',(#791),#5948,.F.);
#6272=ADVANCED_FACE('',(#792),#5949,.T.);
#6273=ADVANCED_FACE('',(#793),#5950,.F.);
#6274=ADVANCED_FACE('',(#794),#5951,.T.);
#6275=ADVANCED_FACE('',(#795),#5952,.F.);
#6276=ADVANCED_FACE('',(#796),#5953,.T.);
#6277=ADVANCED_FACE('',(#797),#5954,.F.);
#6278=ADVANCED_FACE('',(#798),#5955,.T.);
#6279=ADVANCED_FACE('',(#799),#5956,.F.);
#6280=ADVANCED_FACE('',(#800),#429,.F.);
#6281=ADVANCED_FACE('',(#801,#297),#430,.F.);
#6282=ADVANCED_FACE('',(#802),#431,.F.);
#6283=ADVANCED_FACE('',(#803),#432,.F.);
#6284=ADVANCED_FACE('',(#804),#433,.F.);
#6285=ADVANCED_FACE('',(#805),#434,.F.);
#6286=ADVANCED_FACE('',(#806),#435,.F.);
#6287=ADVANCED_FACE('',(#807),#436,.F.);
#6288=ADVANCED_FACE('',(#808),#437,.F.);
#6289=ADVANCED_FACE('',(#809),#438,.F.);
#6290=ADVANCED_FACE('',(#810),#439,.F.);
#6291=ADVANCED_FACE('',(#811),#440,.F.);
#6292=ADVANCED_FACE('',(#812),#441,.F.);
#6293=ADVANCED_FACE('',(#813),#442,.F.);
#6294=ADVANCED_FACE('',(#814),#443,.F.);
#6295=ADVANCED_FACE('',(#815),#444,.F.);
#6296=ADVANCED_FACE('',(#816),#445,.F.);
#6297=ADVANCED_FACE('',(#817),#446,.F.);
#6298=ADVANCED_FACE('',(#818),#447,.F.);
#6299=ADVANCED_FACE('',(#819),#448,.F.);
#6300=ADVANCED_FACE('',(#820),#449,.F.);
#6301=ADVANCED_FACE('',(#821),#450,.F.);
#6302=ADVANCED_FACE('',(#822),#451,.F.);
#6303=ADVANCED_FACE('',(#823),#452,.F.);
#6304=ADVANCED_FACE('',(#824),#453,.F.);
#6305=ADVANCED_FACE('',(#825),#454,.F.);
#6306=ADVANCED_FACE('',(#826),#455,.F.);
#6307=ADVANCED_FACE('',(#827),#456,.F.);
#6308=ADVANCED_FACE('',(#828),#457,.F.);
#6309=ADVANCED_FACE('',(#829),#458,.F.);
#6310=ADVANCED_FACE('',(#830),#459,.F.);
#6311=ADVANCED_FACE('',(#831),#460,.F.);
#6312=ADVANCED_FACE('',(#832),#461,.F.);
#6313=ADVANCED_FACE('',(#833),#462,.F.);
#6314=ADVANCED_FACE('',(#834),#463,.F.);
#6315=ADVANCED_FACE('',(#835),#464,.F.);
#6316=ADVANCED_FACE('',(#836),#465,.F.);
#6317=ADVANCED_FACE('',(#837),#302,.T.);
#6318=ADVANCED_FACE('',(#838),#466,.T.);
#6319=ADVANCED_FACE('',(#839),#467,.F.);
#6320=ADVANCED_FACE('',(#840),#468,.T.);
#6321=ADVANCED_FACE('',(#841),#303,.T.);
#6322=ADVANCED_FACE('',(#842),#469,.T.);
#6323=ADVANCED_FACE('',(#843),#470,.T.);
#6324=ADVANCED_FACE('',(#844),#304,.T.);
#6325=ADVANCED_FACE('',(#845),#471,.T.);
#6326=ADVANCED_FACE('',(#846),#472,.T.);
#6327=ADVANCED_FACE('',(#847),#473,.T.);
#6328=ADVANCED_FACE('',(#848),#474,.T.);
#6329=ADVANCED_FACE('',(#849),#5957,.F.);
#6330=ADVANCED_FACE('',(#850),#5958,.F.);
#6331=ADVANCED_FACE('',(#851),#305,.T.);
#6332=ADVANCED_FACE('',(#852),#306,.T.);
#6333=ADVANCED_FACE('',(#853),#307,.T.);
#6334=ADVANCED_FACE('',(#854),#475,.F.);
#6335=ADVANCED_FACE('',(#855),#476,.F.);
#6336=ADVANCED_FACE('',(#856),#477,.F.);
#6337=ADVANCED_FACE('',(#857),#478,.F.);
#6338=CLOSED_SHELL('',(#5959,#5960,#5961,#5962,#5963,#5964,#5965,#5966,
#5967,#5968,#5969,#5970,#5971,#5972,#5973,#5974,#5975,#5976,#5977,#5978,
#5979,#5980,#5981,#5982,#5983,#5984,#5985,#5986,#5987,#5988,#5989,#5990,
#5991,#5992,#5993,#5994,#5995,#5996,#5997,#5998,#5999,#6000,#6001,#6002,
#6003,#6004,#6005,#6006,#6007,#6008,#6009,#6010,#6011,#6012,#6013,#6014,
#6015,#6016,#6017,#6018,#6019,#6020));
#6339=CLOSED_SHELL('',(#6021,#6022,#6023,#6024,#6025,#6026,#6027,#6028,
#6029,#6030,#6031,#6032,#6033,#6034,#6035,#6036,#6037,#6038,#6039,#6040,
#6041,#6042,#6043,#6044,#6045,#6046,#6047,#6048,#6049,#6050,#6051,#6052,
#6053,#6054,#6055,#6056,#6057,#6058,#6059,#6060,#6061,#6062));
#6340=CLOSED_SHELL('',(#6063,#6064,#6065,#6066,#6067,#6068,#6069,#6070,
#6071,#6072,#6073,#6074,#6075,#6076));
#6341=CLOSED_SHELL('',(#6077,#6078,#6079,#6080,#6081,#6082,#6083,#6084,
#6085,#6086,#6087,#6088,#6089,#6090,#6091,#6092,#6093,#6094,#6095,#6096,
#6097,#6098,#6099,#6100,#6101,#6102,#6103,#6104,#6105,#6106,#6107,#6108,
#6109,#6110,#6111,#6112,#6113,#6114,#6115,#6116,#6117,#6118,#6119,#6120,
#6121,#6122,#6123,#6124,#6125,#6126,#6127,#6128,#6129,#6130,#6131,#6132,
#6133,#6134,#6135,#6136,#6137,#6138,#6139,#6140,#6141,#6142,#6143,#6144,
#6145,#6146,#6147,#6148,#6149,#6150,#6151,#6152,#6153,#6154,#6155,#6156,
#6157,#6158,#6159,#6160,#6161,#6162,#6163,#6164,#6165,#6166,#6167,#6168,
#6169,#6170,#6171,#6172,#6173,#6174,#6175,#6176,#6177,#6178,#6179,#6180,
#6181,#6182,#6183,#6184,#6185,#6186,#6187,#6188,#6189,#6190,#6191,#6192,
#6193,#6194,#6195,#6196,#6197,#6198,#6199,#6200,#6201,#6202,#6203,#6204,
#6205,#6206,#6207,#6208,#6209,#6210,#6211,#6212,#6213,#6214,#6215,#6216,
#6217,#6218,#6219,#6220,#6221,#6222,#6223,#6224,#6225,#6226,#6227,#6228,
#6229,#6230,#6231,#6232,#6233,#6234,#6235,#6236,#6237,#6238,#6239,#6240,
#6241,#6242,#6243,#6244,#6245,#6246,#6247,#6248,#6249,#6250,#6251,#6252,
#6253,#6254,#6255,#6256,#6257,#6258,#6259,#6260,#6261,#6262,#6263,#6264,
#6265,#6266,#6267,#6268,#6269,#6270,#6271,#6272,#6273,#6274,#6275,#6276,
#6277,#6278,#6279,#6280,#6281,#6282,#6283,#6284,#6285,#6286,#6287,#6288,
#6289,#6290,#6291,#6292,#6293,#6294,#6295,#6296,#6297,#6298,#6299,#6300,
#6301,#6302,#6303,#6304,#6305,#6306,#6307,#6308,#6309,#6310,#6311,#6312,
#6313,#6314,#6315,#6316,#6317,#6318,#6319,#6320,#6321,#6322,#6323,#6324,
#6325,#6326,#6327,#6328,#6329,#6330,#6331,#6332,#6333,#6334,#6335,#6336,
#6337));
#6342=AXIS2_PLACEMENT_3D('',#9060,#7104,#7105);
#6343=AXIS2_PLACEMENT_3D('',#9061,#7106,#7107);
#6344=AXIS2_PLACEMENT_3D('',#9062,#7108,#7109);
#6345=AXIS2_PLACEMENT_3D('',#9065,#7110,#7111);
#6346=AXIS2_PLACEMENT_3D('',#9069,#7113,#7114);
#6347=AXIS2_PLACEMENT_3D('',#9071,#7116,#7117);
#6348=AXIS2_PLACEMENT_3D('',#9075,#7119,#7120);
#6349=AXIS2_PLACEMENT_3D('',#9081,#7124,#7125);
#6350=AXIS2_PLACEMENT_3D('',#9085,#7128,#7129);
#6351=AXIS2_PLACEMENT_3D('',#9087,#7130,#7131);
#6352=AXIS2_PLACEMENT_3D('',#9089,#7133,#7134);
#6353=AXIS2_PLACEMENT_3D('',#9095,#7138,#7139);
#6354=AXIS2_PLACEMENT_3D('',#9097,#7141,#7142);
#6355=AXIS2_PLACEMENT_3D('',#9099,#7144,#7145);
#6356=AXIS2_PLACEMENT_3D('',#9101,#7146,#7147);
#6357=AXIS2_PLACEMENT_3D('',#9104,#7149,#7150);
#6358=AXIS2_PLACEMENT_3D('',#9105,#7151,#7152);
#6359=AXIS2_PLACEMENT_3D('',#9108,#7154,#7155);
#6360=AXIS2_PLACEMENT_3D('',#9109,#7156,#7157);
#6361=AXIS2_PLACEMENT_3D('',#9111,#7158,#7159);
#6362=AXIS2_PLACEMENT_3D('',#9114,#7161,#7162);
#6363=AXIS2_PLACEMENT_3D('',#9115,#7163,#7164);
#6364=AXIS2_PLACEMENT_3D('',#9118,#7166,#7167);
#6365=AXIS2_PLACEMENT_3D('',#9119,#7168,#7169);
#6366=AXIS2_PLACEMENT_3D('',#9128,#7174,#7175);
#6367=AXIS2_PLACEMENT_3D('',#9130,#7176,#7177);
#6368=AXIS2_PLACEMENT_3D('',#9138,#7181,#7182);
#6369=AXIS2_PLACEMENT_3D('',#9162,#7195,#7196);
#6370=AXIS2_PLACEMENT_3D('',#9168,#7200,#7201);
#6371=AXIS2_PLACEMENT_3D('',#9174,#7205,#7206);
#6372=AXIS2_PLACEMENT_3D('',#9180,#7210,#7211);
#6373=AXIS2_PLACEMENT_3D('',#9184,#7214,#7215);
#6374=AXIS2_PLACEMENT_3D('',#9188,#7218,#7219);
#6375=AXIS2_PLACEMENT_3D('',#9194,#7223,#7224);
#6376=AXIS2_PLACEMENT_3D('',#9200,#7228,#7229);
#6377=AXIS2_PLACEMENT_3D('',#9202,#7231,#7232);
#6378=AXIS2_PLACEMENT_3D('',#9207,#7234,#7235);
#6379=AXIS2_PLACEMENT_3D('',#9208,#7236,#7237);
#6380=AXIS2_PLACEMENT_3D('',#9209,#7238,#7239);
#6381=AXIS2_PLACEMENT_3D('',#9214,#7241,#7242);
#6382=AXIS2_PLACEMENT_3D('',#9215,#7243,#7244);
#6383=AXIS2_PLACEMENT_3D('',#9216,#7245,#7246);
#6384=AXIS2_PLACEMENT_3D('',#9219,#7249,#7250);
#6385=AXIS2_PLACEMENT_3D('',#9222,#7251,#7252);
#6386=AXIS2_PLACEMENT_3D('',#9224,#7253,#7254);
#6387=AXIS2_PLACEMENT_3D('',#9226,#7256,#7257);
#6388=AXIS2_PLACEMENT_3D('',#9230,#7259,#7260);
#6389=AXIS2_PLACEMENT_3D('',#9232,#7261,#7262);
#6390=AXIS2_PLACEMENT_3D('',#9234,#7264,#7265);
#6391=AXIS2_PLACEMENT_3D('',#9236,#7267,#7268);
#6392=AXIS2_PLACEMENT_3D('',#9239,#7271,#7272);
#6393=AXIS2_PLACEMENT_3D('',#9241,#7274,#7275);
#6394=AXIS2_PLACEMENT_3D('',#9243,#7277,#7278);
#6395=AXIS2_PLACEMENT_3D('',#9244,#7279,#7280);
#6396=AXIS2_PLACEMENT_3D('',#9249,#7282,#7283);
#6397=AXIS2_PLACEMENT_3D('',#9250,#7284,#7285);
#6398=AXIS2_PLACEMENT_3D('',#9251,#7286,#7287);
#6399=AXIS2_PLACEMENT_3D('',#9256,#7289,#7290);
#6400=AXIS2_PLACEMENT_3D('',#9257,#7291,#7292);
#6401=AXIS2_PLACEMENT_3D('',#9258,#7293,#7294);
#6402=AXIS2_PLACEMENT_3D('',#9261,#7297,#7298);
#6403=AXIS2_PLACEMENT_3D('',#9264,#7299,#7300);
#6404=AXIS2_PLACEMENT_3D('',#9266,#7301,#7302);
#6405=AXIS2_PLACEMENT_3D('',#9268,#7304,#7305);
#6406=AXIS2_PLACEMENT_3D('',#9272,#7307,#7308);
#6407=AXIS2_PLACEMENT_3D('',#9274,#7309,#7310);
#6408=AXIS2_PLACEMENT_3D('',#9276,#7312,#7313);
#6409=AXIS2_PLACEMENT_3D('',#9278,#7315,#7316);
#6410=AXIS2_PLACEMENT_3D('',#9281,#7319,#7320);
#6411=AXIS2_PLACEMENT_3D('',#9283,#7322,#7323);
#6412=AXIS2_PLACEMENT_3D('',#9285,#7325,#7326);
#6413=AXIS2_PLACEMENT_3D('',#9286,#7327,#7328);
#6414=AXIS2_PLACEMENT_3D('',#9295,#7333,#7334);
#6415=AXIS2_PLACEMENT_3D('',#9302,#7339,#7340);
#6416=AXIS2_PLACEMENT_3D('',#9314,#7347,#7348);
#6417=AXIS2_PLACEMENT_3D('',#9320,#7352,#7353);
#6418=AXIS2_PLACEMENT_3D('',#9324,#7356,#7357);
#6419=AXIS2_PLACEMENT_3D('',#9328,#7360,#7361);
#6420=AXIS2_PLACEMENT_3D('',#9332,#7364,#7365);
#6421=AXIS2_PLACEMENT_3D('',#9334,#7367,#7368);
#6422=AXIS2_PLACEMENT_3D('',#9336,#7369,#7370);
#6423=AXIS2_PLACEMENT_3D('',#9352,#7379,#7380);
#6424=AXIS2_PLACEMENT_3D('',#9353,#7381,#7382);
#6425=AXIS2_PLACEMENT_3D('',#9359,#7386,#7387);
#6426=AXIS2_PLACEMENT_3D('',#9363,#7390,#7391);
#6427=AXIS2_PLACEMENT_3D('',#9367,#7394,#7395);
#6428=AXIS2_PLACEMENT_3D('',#9369,#7397,#7398);
#6429=AXIS2_PLACEMENT_3D('',#9372,#7401,#7402);
#6430=AXIS2_PLACEMENT_3D('',#9374,#7404,#7405);
#6431=AXIS2_PLACEMENT_3D('',#9376,#7407,#7408);
#6432=AXIS2_PLACEMENT_3D('',#9378,#7410,#7411);
#6433=AXIS2_PLACEMENT_3D('',#9379,#7412,#7413);
#6434=AXIS2_PLACEMENT_3D('',#9380,#7414,#7415);
#6435=AXIS2_PLACEMENT_3D('',#9382,#7417,#7418);
#6436=AXIS2_PLACEMENT_3D('',#9383,#7419,#7420);
#6437=AXIS2_PLACEMENT_3D('',#9384,#7421,#7422);
#6438=AXIS2_PLACEMENT_3D('',#9386,#7423,#7424);
#6439=AXIS2_PLACEMENT_3D('',#9388,#7425,#7426);
#6440=AXIS2_PLACEMENT_3D('',#9389,#7427,#7428);
#6441=AXIS2_PLACEMENT_3D('',#9390,#7429,#7430);
#6442=AXIS2_PLACEMENT_3D('',#9393,#7432,#7433);
#6443=AXIS2_PLACEMENT_3D('',#9394,#7434,#7435);
#6444=AXIS2_PLACEMENT_3D('',#9396,#7436,#7437);
#6445=AXIS2_PLACEMENT_3D('',#9397,#7438,#7439);
#6446=AXIS2_PLACEMENT_3D('',#9400,#7440,#7441);
#6447=AXIS2_PLACEMENT_3D('',#9404,#7443,#7444);
#6448=AXIS2_PLACEMENT_3D('',#9406,#7446,#7447);
#6449=AXIS2_PLACEMENT_3D('',#9412,#7451,#7452);
#6450=AXIS2_PLACEMENT_3D('',#9419,#7456,#7457);
#6451=AXIS2_PLACEMENT_3D('',#9420,#7458,#7459);
#6452=AXIS2_PLACEMENT_3D('',#9422,#7460,#7461);
#6453=AXIS2_PLACEMENT_3D('',#9424,#7463,#7464);
#6454=AXIS2_PLACEMENT_3D('',#9432,#7468,#7469);
#6455=AXIS2_PLACEMENT_3D('',#9436,#7471,#7472);
#6456=AXIS2_PLACEMENT_3D('',#9445,#7477,#7478);
#6457=AXIS2_PLACEMENT_3D('',#9447,#7479,#7480);
#6458=AXIS2_PLACEMENT_3D('',#9464,#7489,#7490);
#6459=AXIS2_PLACEMENT_3D('',#9468,#7493,#7494);
#6460=AXIS2_PLACEMENT_3D('',#9470,#7496,#7497);
#6461=AXIS2_PLACEMENT_3D('',#9479,#7502,#7503);
#6462=AXIS2_PLACEMENT_3D('',#9485,#7507,#7508);
#6463=AXIS2_PLACEMENT_3D('',#9491,#7512,#7513);
#6464=AXIS2_PLACEMENT_3D('',#9497,#7517,#7518);
#6465=AXIS2_PLACEMENT_3D('',#9503,#7522,#7523);
#6466=AXIS2_PLACEMENT_3D('',#9509,#7527,#7528);
#6467=AXIS2_PLACEMENT_3D('',#9515,#7532,#7533);
#6468=AXIS2_PLACEMENT_3D('',#9518,#7536,#7537);
#6469=AXIS2_PLACEMENT_3D('',#9520,#7538,#7539);
#6470=AXIS2_PLACEMENT_3D('',#9521,#7540,#7541);
#6471=AXIS2_PLACEMENT_3D('',#9527,#7545,#7546);
#6472=AXIS2_PLACEMENT_3D('',#9531,#7549,#7550);
#6473=AXIS2_PLACEMENT_3D('',#9535,#7553,#7554);
#6474=AXIS2_PLACEMENT_3D('',#9539,#7557,#7558);
#6475=AXIS2_PLACEMENT_3D('',#9543,#7561,#7562);
#6476=AXIS2_PLACEMENT_3D('',#9547,#7565,#7566);
#6477=AXIS2_PLACEMENT_3D('',#9551,#7569,#7570);
#6478=AXIS2_PLACEMENT_3D('',#9553,#7572,#7573);
#6479=AXIS2_PLACEMENT_3D('',#9554,#7574,#7575);
#6480=AXIS2_PLACEMENT_3D('',#9557,#7577,#7578);
#6481=AXIS2_PLACEMENT_3D('',#9558,#7579,#7580);
#6482=AXIS2_PLACEMENT_3D('',#9559,#7581,#7582);
#6483=AXIS2_PLACEMENT_3D('',#9562,#7584,#7585);
#6484=AXIS2_PLACEMENT_3D('',#9563,#7586,#7587);
#6485=AXIS2_PLACEMENT_3D('',#9564,#7588,#7589);
#6486=AXIS2_PLACEMENT_3D('',#9566,#7591,#7592);
#6487=AXIS2_PLACEMENT_3D('',#9572,#7596,#7597);
#6488=AXIS2_PLACEMENT_3D('',#9574,#7598,#7599);
#6489=AXIS2_PLACEMENT_3D('',#9576,#7601,#7602);
#6490=AXIS2_PLACEMENT_3D('',#9580,#7605,#7606);
#6491=AXIS2_PLACEMENT_3D('',#9584,#7609,#7610);
#6492=AXIS2_PLACEMENT_3D('',#9588,#7613,#7614);
#6493=AXIS2_PLACEMENT_3D('',#9592,#7617,#7618);
#6494=AXIS2_PLACEMENT_3D('',#9596,#7621,#7622);
#6495=AXIS2_PLACEMENT_3D('',#9597,#7623,#7624);
#6496=AXIS2_PLACEMENT_3D('',#9598,#7625,#7626);
#6497=AXIS2_PLACEMENT_3D('',#9599,#7627,#7628);
#6498=AXIS2_PLACEMENT_3D('',#9600,#7629,#7630);
#6499=AXIS2_PLACEMENT_3D('',#9602,#7631,#7632);
#6500=AXIS2_PLACEMENT_3D('',#9604,#7633,#7634);
#6501=AXIS2_PLACEMENT_3D('',#9605,#7635,#7636);
#6502=AXIS2_PLACEMENT_3D('',#9610,#7638,#7639);
#6503=AXIS2_PLACEMENT_3D('',#9614,#7641,#7642);
#6504=AXIS2_PLACEMENT_3D('',#9618,#7644,#7645);
#6505=AXIS2_PLACEMENT_3D('',#9621,#7647,#7648);
#6506=AXIS2_PLACEMENT_3D('',#9622,#7649,#7650);
#6507=AXIS2_PLACEMENT_3D('',#9624,#7651,#7652);
#6508=AXIS2_PLACEMENT_3D('',#9626,#7654,#7655);
#6509=AXIS2_PLACEMENT_3D('',#9627,#7656,#7657);
#6510=AXIS2_PLACEMENT_3D('',#9633,#7661,#7662);
#6511=AXIS2_PLACEMENT_3D('',#9635,#7663,#7664);
#6512=AXIS2_PLACEMENT_3D('',#9637,#7666,#7667);
#6513=AXIS2_PLACEMENT_3D('',#9641,#7670,#7671);
#6514=AXIS2_PLACEMENT_3D('',#9643,#7672,#7673);
#6515=AXIS2_PLACEMENT_3D('',#9645,#7675,#7676);
#6516=AXIS2_PLACEMENT_3D('',#9649,#7679,#7680);
#6517=AXIS2_PLACEMENT_3D('',#9651,#7681,#7682);
#6518=AXIS2_PLACEMENT_3D('',#9653,#7684,#7685);
#6519=AXIS2_PLACEMENT_3D('',#9657,#7688,#7689);
#6520=AXIS2_PLACEMENT_3D('',#9658,#7690,#7691);
#6521=AXIS2_PLACEMENT_3D('',#9659,#7692,#7693);
#6522=AXIS2_PLACEMENT_3D('',#9662,#7695,#7696);
#6523=AXIS2_PLACEMENT_3D('',#9663,#7697,#7698);
#6524=AXIS2_PLACEMENT_3D('',#9664,#7699,#7700);
#6525=AXIS2_PLACEMENT_3D('',#9665,#7701,#7702);
#6526=AXIS2_PLACEMENT_3D('',#9668,#7703,#7704);
#6527=AXIS2_PLACEMENT_3D('',#9670,#7705,#7706);
#6528=AXIS2_PLACEMENT_3D('',#9671,#7707,#7708);
#6529=AXIS2_PLACEMENT_3D('',#9672,#7709,#7710);
#6530=AXIS2_PLACEMENT_3D('',#9675,#7711,#7712);
#6531=AXIS2_PLACEMENT_3D('',#9677,#7713,#7714);
#6532=AXIS2_PLACEMENT_3D('',#9678,#7715,#7716);
#6533=AXIS2_PLACEMENT_3D('',#9679,#7717,#7718);
#6534=AXIS2_PLACEMENT_3D('',#9680,#7719,#7720);
#6535=AXIS2_PLACEMENT_3D('',#9681,#7721,#7722);
#6536=AXIS2_PLACEMENT_3D('',#9682,#7723,#7724);
#6537=AXIS2_PLACEMENT_3D('',#9685,#7725,#7726);
#6538=AXIS2_PLACEMENT_3D('',#9687,#7727,#7728);
#6539=AXIS2_PLACEMENT_3D('',#9688,#7729,#7730);
#6540=AXIS2_PLACEMENT_3D('',#9689,#7731,#7732);
#6541=AXIS2_PLACEMENT_3D('',#9692,#7735,#7736);
#6542=AXIS2_PLACEMENT_3D('',#9695,#7737,#7738);
#6543=AXIS2_PLACEMENT_3D('',#9699,#7741,#7742);
#6544=AXIS2_PLACEMENT_3D('',#9702,#7743,#7744);
#6545=AXIS2_PLACEMENT_3D('',#9704,#7745,#7746);
#6546=AXIS2_PLACEMENT_3D('',#9719,#7749,#7750);
#6547=AXIS2_PLACEMENT_3D('',#9870,#7753,#7754);
#6548=AXIS2_PLACEMENT_3D('',#9874,#7757,#7758);
#6549=AXIS2_PLACEMENT_3D('',#9878,#7760,#7761);
#6550=AXIS2_PLACEMENT_3D('',#9884,#7764,#7765);
#6551=AXIS2_PLACEMENT_3D('',#9886,#7766,#7767);
#6552=AXIS2_PLACEMENT_3D('',#9894,#7771,#7772);
#6553=AXIS2_PLACEMENT_3D('',#9896,#7773,#7774);
#6554=AXIS2_PLACEMENT_3D('',#9902,#7777,#7778);
#6555=AXIS2_PLACEMENT_3D('',#9904,#7779,#7780);
#6556=AXIS2_PLACEMENT_3D('',#9910,#7783,#7784);
#6557=AXIS2_PLACEMENT_3D('',#9912,#7785,#7786);
#6558=AXIS2_PLACEMENT_3D('',#9918,#7789,#7790);
#6559=AXIS2_PLACEMENT_3D('',#9920,#7791,#7792);
#6560=AXIS2_PLACEMENT_3D('',#9924,#7794,#7795);
#6561=AXIS2_PLACEMENT_3D('',#9926,#7796,#7797);
#6562=AXIS2_PLACEMENT_3D('',#9934,#7801,#7802);
#6563=AXIS2_PLACEMENT_3D('',#9935,#7803,#7804);
#6564=AXIS2_PLACEMENT_3D('',#9936,#7805,#7806);
#6565=AXIS2_PLACEMENT_3D('',#9937,#7807,#7808);
#6566=AXIS2_PLACEMENT_3D('',#9938,#7809,#7810);
#6567=AXIS2_PLACEMENT_3D('',#9942,#7813,#7814);
#6568=AXIS2_PLACEMENT_3D('',#9958,#7816,#7817);
#6569=AXIS2_PLACEMENT_3D('',#9962,#7819,#7820);
#6570=AXIS2_PLACEMENT_3D('',#9969,#7821,#7822);
#6571=AXIS2_PLACEMENT_3D('',#9970,#7823,#7824);
#6572=AXIS2_PLACEMENT_3D('',#9973,#7825,#7826);
#6573=AXIS2_PLACEMENT_3D('',#9975,#7827,#7828);
#6574=AXIS2_PLACEMENT_3D('',#9976,#7829,#7830);
#6575=AXIS2_PLACEMENT_3D('',#9977,#7831,#7832);
#6576=AXIS2_PLACEMENT_3D('',#9980,#7833,#7834);
#6577=AXIS2_PLACEMENT_3D('',#9982,#7835,#7836);
#6578=AXIS2_PLACEMENT_3D('',#9983,#7837,#7838);
#6579=AXIS2_PLACEMENT_3D('',#9984,#7839,#7840);
#6580=AXIS2_PLACEMENT_3D('',#9987,#7841,#7842);
#6581=AXIS2_PLACEMENT_3D('',#9989,#7843,#7844);
#6582=AXIS2_PLACEMENT_3D('',#9990,#7845,#7846);
#6583=AXIS2_PLACEMENT_3D('',#9991,#7847,#7848);
#6584=AXIS2_PLACEMENT_3D('',#9992,#7849,#7850);
#6585=AXIS2_PLACEMENT_3D('',#9993,#7851,#7852);
#6586=AXIS2_PLACEMENT_3D('',#10053,#7853,#7854);
#6587=AXIS2_PLACEMENT_3D('',#10056,#7857,#7858);
#6588=AXIS2_PLACEMENT_3D('',#10140,#7861,#7862);
#6589=AXIS2_PLACEMENT_3D('',#10143,#7863,#7864);
#6590=AXIS2_PLACEMENT_3D('',#10147,#7867,#7868);
#6591=AXIS2_PLACEMENT_3D('',#10163,#7871,#7872);
#6592=AXIS2_PLACEMENT_3D('',#10164,#7873,#7874);
#6593=AXIS2_PLACEMENT_3D('',#10166,#7875,#7876);
#6594=AXIS2_PLACEMENT_3D('',#10167,#7877,#7878);
#6595=AXIS2_PLACEMENT_3D('',#10168,#7879,#7880);
#6596=AXIS2_PLACEMENT_3D('',#10172,#7882,#7883);
#6597=AXIS2_PLACEMENT_3D('',#10174,#7885,#7886);
#6598=AXIS2_PLACEMENT_3D('',#10190,#7888,#7889);
#6599=AXIS2_PLACEMENT_3D('',#10191,#7890,#7891);
#6600=AXIS2_PLACEMENT_3D('',#10192,#7892,#7893);
#6601=AXIS2_PLACEMENT_3D('',#10196,#7896,#7897);
#6602=AXIS2_PLACEMENT_3D('',#10197,#7898,#7899);
#6603=AXIS2_PLACEMENT_3D('',#10198,#7900,#7901);
#6604=AXIS2_PLACEMENT_3D('',#10201,#7902,#7903);
#6605=AXIS2_PLACEMENT_3D('',#10203,#7904,#7905);
#6606=AXIS2_PLACEMENT_3D('',#10204,#7906,#7907);
#6607=AXIS2_PLACEMENT_3D('',#10205,#7908,#7909);
#6608=AXIS2_PLACEMENT_3D('',#10208,#7910,#7911);
#6609=AXIS2_PLACEMENT_3D('',#10210,#7912,#7913);
#6610=AXIS2_PLACEMENT_3D('',#10211,#7914,#7915);
#6611=AXIS2_PLACEMENT_3D('',#10212,#7916,#7917);
#6612=AXIS2_PLACEMENT_3D('',#10215,#7918,#7919);
#6613=AXIS2_PLACEMENT_3D('',#10217,#7920,#7921);
#6614=AXIS2_PLACEMENT_3D('',#10218,#7922,#7923);
#6615=AXIS2_PLACEMENT_3D('',#10219,#7924,#7925);
#6616=AXIS2_PLACEMENT_3D('',#10222,#7928,#7929);
#6617=AXIS2_PLACEMENT_3D('',#10225,#7930,#7931);
#6618=AXIS2_PLACEMENT_3D('',#10229,#7934,#7935);
#6619=AXIS2_PLACEMENT_3D('',#10245,#7938,#7939);
#6620=AXIS2_PLACEMENT_3D('',#10246,#7940,#7941);
#6621=AXIS2_PLACEMENT_3D('',#10330,#7944,#7945);
#6622=AXIS2_PLACEMENT_3D('',#10331,#7946,#7947);
#6623=AXIS2_PLACEMENT_3D('',#10332,#7948,#7949);
#6624=AXIS2_PLACEMENT_3D('',#10400,#7950,#7951);
#6625=AXIS2_PLACEMENT_3D('',#10401,#7952,#7953);
#6626=AXIS2_PLACEMENT_3D('',#10405,#7956,#7957);
#6627=AXIS2_PLACEMENT_3D('',#10406,#7958,#7959);
#6628=AXIS2_PLACEMENT_3D('',#10410,#7962,#7963);
#6629=AXIS2_PLACEMENT_3D('',#10426,#7965,#7966);
#6630=AXIS2_PLACEMENT_3D('',#10430,#7968,#7969);
#6631=AXIS2_PLACEMENT_3D('',#10437,#7970,#7971);
#6632=AXIS2_PLACEMENT_3D('',#10438,#7972,#7973);
#6633=AXIS2_PLACEMENT_3D('',#10441,#7974,#7975);
#6634=AXIS2_PLACEMENT_3D('',#10443,#7976,#7977);
#6635=AXIS2_PLACEMENT_3D('',#10444,#7978,#7979);
#6636=AXIS2_PLACEMENT_3D('',#10445,#7980,#7981);
#6637=AXIS2_PLACEMENT_3D('',#10448,#7982,#7983);
#6638=AXIS2_PLACEMENT_3D('',#10450,#7984,#7985);
#6639=AXIS2_PLACEMENT_3D('',#10451,#7986,#7987);
#6640=AXIS2_PLACEMENT_3D('',#10452,#7988,#7989);
#6641=AXIS2_PLACEMENT_3D('',#10455,#7990,#7991);
#6642=AXIS2_PLACEMENT_3D('',#10457,#7992,#7993);
#6643=AXIS2_PLACEMENT_3D('',#10458,#7994,#7995);
#6644=AXIS2_PLACEMENT_3D('',#10459,#7996,#7997);
#6645=AXIS2_PLACEMENT_3D('',#10460,#7998,#7999);
#6646=AXIS2_PLACEMENT_3D('',#10461,#8000,#8001);
#6647=AXIS2_PLACEMENT_3D('',#10521,#8002,#8003);
#6648=AXIS2_PLACEMENT_3D('',#10524,#8006,#8007);
#6649=AXIS2_PLACEMENT_3D('',#10588,#8010,#8011);
#6650=AXIS2_PLACEMENT_3D('',#10591,#8012,#8013);
#6651=AXIS2_PLACEMENT_3D('',#10595,#8016,#8017);
#6652=AXIS2_PLACEMENT_3D('',#10597,#8018,#8019);
#6653=AXIS2_PLACEMENT_3D('',#10612,#8022,#8023);
#6654=AXIS2_PLACEMENT_3D('',#10613,#8024,#8025);
#6655=AXIS2_PLACEMENT_3D('',#10615,#8026,#8027);
#6656=AXIS2_PLACEMENT_3D('',#10617,#8028,#8029);
#6657=AXIS2_PLACEMENT_3D('',#10619,#8030,#8031);
#6658=AXIS2_PLACEMENT_3D('',#10621,#8032,#8033);
#6659=AXIS2_PLACEMENT_3D('',#10623,#8034,#8035);
#6660=AXIS2_PLACEMENT_3D('',#10625,#8036,#8037);
#6661=AXIS2_PLACEMENT_3D('',#10627,#8038,#8039);
#6662=AXIS2_PLACEMENT_3D('',#10628,#8040,#8041);
#6663=AXIS2_PLACEMENT_3D('',#10629,#8042,#8043);
#6664=AXIS2_PLACEMENT_3D('',#10630,#8044,#8045);
#6665=AXIS2_PLACEMENT_3D('',#10633,#8047,#8048);
#6666=AXIS2_PLACEMENT_3D('',#10634,#8049,#8050);
#6667=AXIS2_PLACEMENT_3D('',#10636,#8052,#8053);
#6668=AXIS2_PLACEMENT_3D('',#10637,#8054,#8055);
#6669=AXIS2_PLACEMENT_3D('',#10640,#8056,#8057);
#6670=AXIS2_PLACEMENT_3D('',#10642,#8058,#8059);
#6671=AXIS2_PLACEMENT_3D('',#10643,#8060,#8061);
#6672=AXIS2_PLACEMENT_3D('',#10644,#8062,#8063);
#6673=AXIS2_PLACEMENT_3D('',#10647,#8064,#8065);
#6674=AXIS2_PLACEMENT_3D('',#10649,#8066,#8067);
#6675=AXIS2_PLACEMENT_3D('',#10650,#8068,#8069);
#6676=AXIS2_PLACEMENT_3D('',#10651,#8070,#8071);
#6677=AXIS2_PLACEMENT_3D('',#10654,#8072,#8073);
#6678=AXIS2_PLACEMENT_3D('',#10656,#8074,#8075);
#6679=AXIS2_PLACEMENT_3D('',#10657,#8076,#8077);
#6680=AXIS2_PLACEMENT_3D('',#10658,#8078,#8079);
#6681=AXIS2_PLACEMENT_3D('',#10661,#8082,#8083);
#6682=AXIS2_PLACEMENT_3D('',#10664,#8084,#8085);
#6683=AXIS2_PLACEMENT_3D('',#10668,#8088,#8089);
#6684=AXIS2_PLACEMENT_3D('',#10684,#8092,#8093);
#6685=AXIS2_PLACEMENT_3D('',#10685,#8094,#8095);
#6686=AXIS2_PLACEMENT_3D('',#10769,#8098,#8099);
#6687=AXIS2_PLACEMENT_3D('',#10770,#8100,#8101);
#6688=AXIS2_PLACEMENT_3D('',#10771,#8102,#8103);
#6689=AXIS2_PLACEMENT_3D('',#10839,#8104,#8105);
#6690=AXIS2_PLACEMENT_3D('',#10840,#8106,#8107);
#6691=AXIS2_PLACEMENT_3D('',#10844,#8110,#8111);
#6692=AXIS2_PLACEMENT_3D('',#10845,#8112,#8113);
#6693=AXIS2_PLACEMENT_3D('',#10849,#8116,#8117);
#6694=AXIS2_PLACEMENT_3D('',#10865,#8119,#8120);
#6695=AXIS2_PLACEMENT_3D('',#10869,#8122,#8123);
#6696=AXIS2_PLACEMENT_3D('',#10876,#8124,#8125);
#6697=AXIS2_PLACEMENT_3D('',#10877,#8126,#8127);
#6698=AXIS2_PLACEMENT_3D('',#10880,#8128,#8129);
#6699=AXIS2_PLACEMENT_3D('',#10882,#8130,#8131);
#6700=AXIS2_PLACEMENT_3D('',#10883,#8132,#8133);
#6701=AXIS2_PLACEMENT_3D('',#10884,#8134,#8135);
#6702=AXIS2_PLACEMENT_3D('',#10887,#8136,#8137);
#6703=AXIS2_PLACEMENT_3D('',#10889,#8138,#8139);
#6704=AXIS2_PLACEMENT_3D('',#10890,#8140,#8141);
#6705=AXIS2_PLACEMENT_3D('',#10891,#8142,#8143);
#6706=AXIS2_PLACEMENT_3D('',#10955,#8146,#8147);
#6707=AXIS2_PLACEMENT_3D('',#10958,#8148,#8149);
#6708=AXIS2_PLACEMENT_3D('',#10960,#8150,#8151);
#6709=AXIS2_PLACEMENT_3D('',#10961,#8152,#8153);
#6710=AXIS2_PLACEMENT_3D('',#10962,#8154,#8155);
#6711=AXIS2_PLACEMENT_3D('',#10965,#8158,#8159);
#6712=AXIS2_PLACEMENT_3D('',#10966,#8160,#8161);
#6713=AXIS2_PLACEMENT_3D('',#10967,#8162,#8163);
#6714=AXIS2_PLACEMENT_3D('',#11027,#8164,#8165);
#6715=AXIS2_PLACEMENT_3D('',#11030,#8166,#8167);
#6716=AXIS2_PLACEMENT_3D('',#11034,#8170,#8171);
#6717=AXIS2_PLACEMENT_3D('',#11050,#8174,#8175);
#6718=AXIS2_PLACEMENT_3D('',#11051,#8176,#8177);
#6719=AXIS2_PLACEMENT_3D('',#11052,#8178,#8179);
#6720=AXIS2_PLACEMENT_3D('',#11053,#8180,#8181);
#6721=AXIS2_PLACEMENT_3D('',#11056,#8183,#8184);
#6722=AXIS2_PLACEMENT_3D('',#11057,#8185,#8186);
#6723=AXIS2_PLACEMENT_3D('',#11058,#8187,#8188);
#6724=AXIS2_PLACEMENT_3D('',#11060,#8190,#8191);
#6725=AXIS2_PLACEMENT_3D('',#11061,#8192,#8193);
#6726=AXIS2_PLACEMENT_3D('',#11062,#8194,#8195);
#6727=AXIS2_PLACEMENT_3D('',#11065,#8196,#8197);
#6728=AXIS2_PLACEMENT_3D('',#11067,#8198,#8199);
#6729=AXIS2_PLACEMENT_3D('',#11068,#8200,#8201);
#6730=AXIS2_PLACEMENT_3D('',#11069,#8202,#8203);
#6731=AXIS2_PLACEMENT_3D('',#11072,#8204,#8205);
#6732=AXIS2_PLACEMENT_3D('',#11074,#8206,#8207);
#6733=AXIS2_PLACEMENT_3D('',#11075,#8208,#8209);
#6734=AXIS2_PLACEMENT_3D('',#11076,#8210,#8211);
#6735=AXIS2_PLACEMENT_3D('',#11079,#8212,#8213);
#6736=AXIS2_PLACEMENT_3D('',#11081,#8214,#8215);
#6737=AXIS2_PLACEMENT_3D('',#11082,#8216,#8217);
#6738=AXIS2_PLACEMENT_3D('',#11083,#8218,#8219);
#6739=AXIS2_PLACEMENT_3D('',#11084,#8220,#8221);
#6740=AXIS2_PLACEMENT_3D('',#11085,#8222,#8223);
#6741=AXIS2_PLACEMENT_3D('',#11132,#8224,#8225);
#6742=AXIS2_PLACEMENT_3D('',#11135,#8228,#8229);
#6743=AXIS2_PLACEMENT_3D('',#11219,#8232,#8233);
#6744=AXIS2_PLACEMENT_3D('',#11222,#8234,#8235);
#6745=AXIS2_PLACEMENT_3D('',#11226,#8238,#8239);
#6746=AXIS2_PLACEMENT_3D('',#11228,#8240,#8241);
#6747=AXIS2_PLACEMENT_3D('',#11243,#8244,#8245);
#6748=AXIS2_PLACEMENT_3D('',#11245,#8246,#8247);
#6749=AXIS2_PLACEMENT_3D('',#11247,#8248,#8249);
#6750=AXIS2_PLACEMENT_3D('',#11249,#8250,#8251);
#6751=AXIS2_PLACEMENT_3D('',#11251,#8252,#8253);
#6752=AXIS2_PLACEMENT_3D('',#11253,#8254,#8255);
#6753=AXIS2_PLACEMENT_3D('',#11255,#8256,#8257);
#6754=AXIS2_PLACEMENT_3D('',#11257,#8258,#8259);
#6755=AXIS2_PLACEMENT_3D('',#11259,#8260,#8261);
#6756=AXIS2_PLACEMENT_3D('',#11260,#8262,#8263);
#6757=AXIS2_PLACEMENT_3D('',#11261,#8264,#8265);
#6758=AXIS2_PLACEMENT_3D('',#11262,#8266,#8267);
#6759=AXIS2_PLACEMENT_3D('',#11263,#8268,#8269);
#6760=AXIS2_PLACEMENT_3D('',#11267,#8271,#8272);
#6761=AXIS2_PLACEMENT_3D('',#11269,#8274,#8275);
#6762=AXIS2_PLACEMENT_3D('',#11285,#8277,#8278);
#6763=AXIS2_PLACEMENT_3D('',#11286,#8279,#8280);
#6764=AXIS2_PLACEMENT_3D('',#11290,#8283,#8284);
#6765=AXIS2_PLACEMENT_3D('',#11291,#8285,#8286);
#6766=AXIS2_PLACEMENT_3D('',#11294,#8287,#8288);
#6767=AXIS2_PLACEMENT_3D('',#11296,#8289,#8290);
#6768=AXIS2_PLACEMENT_3D('',#11297,#8291,#8292);
#6769=AXIS2_PLACEMENT_3D('',#11298,#8293,#8294);
#6770=AXIS2_PLACEMENT_3D('',#11301,#8295,#8296);
#6771=AXIS2_PLACEMENT_3D('',#11303,#8297,#8298);
#6772=AXIS2_PLACEMENT_3D('',#11304,#8299,#8300);
#6773=AXIS2_PLACEMENT_3D('',#11305,#8301,#8302);
#6774=AXIS2_PLACEMENT_3D('',#11308,#8303,#8304);
#6775=AXIS2_PLACEMENT_3D('',#11310,#8305,#8306);
#6776=AXIS2_PLACEMENT_3D('',#11311,#8307,#8308);
#6777=AXIS2_PLACEMENT_3D('',#11312,#8309,#8310);
#6778=AXIS2_PLACEMENT_3D('',#11313,#8311,#8312);
#6779=AXIS2_PLACEMENT_3D('',#11314,#8313,#8314);
#6780=AXIS2_PLACEMENT_3D('',#11361,#8315,#8316);
#6781=AXIS2_PLACEMENT_3D('',#11364,#8319,#8320);
#6782=AXIS2_PLACEMENT_3D('',#11428,#8323,#8324);
#6783=AXIS2_PLACEMENT_3D('',#11431,#8325,#8326);
#6784=AXIS2_PLACEMENT_3D('',#11435,#8329,#8330);
#6785=AXIS2_PLACEMENT_3D('',#11451,#8333,#8334);
#6786=AXIS2_PLACEMENT_3D('',#11452,#8335,#8336);
#6787=AXIS2_PLACEMENT_3D('',#11453,#8337,#8338);
#6788=AXIS2_PLACEMENT_3D('',#11454,#8339,#8340);
#6789=AXIS2_PLACEMENT_3D('',#11457,#8342,#8343);
#6790=AXIS2_PLACEMENT_3D('',#11458,#8344,#8345);
#6791=AXIS2_PLACEMENT_3D('',#11459,#8346,#8347);
#6792=AXIS2_PLACEMENT_3D('',#11461,#8349,#8350);
#6793=AXIS2_PLACEMENT_3D('',#11462,#8351,#8352);
#6794=AXIS2_PLACEMENT_3D('',#11463,#8353,#8354);
#6795=AXIS2_PLACEMENT_3D('',#11465,#8355,#8356);
#6796=AXIS2_PLACEMENT_3D('',#11468,#8357,#8358);
#6797=AXIS2_PLACEMENT_3D('',#11472,#8360,#8361);
#6798=AXIS2_PLACEMENT_3D('',#11476,#8363,#8364);
#6799=AXIS2_PLACEMENT_3D('',#11480,#8366,#8367);
#6800=AXIS2_PLACEMENT_3D('',#11482,#8369,#8370);
#6801=AXIS2_PLACEMENT_3D('',#11484,#8371,#8372);
#6802=AXIS2_PLACEMENT_3D('',#11486,#8374,#8375);
#6803=AXIS2_PLACEMENT_3D('',#11490,#8377,#8378);
#6804=AXIS2_PLACEMENT_3D('',#11492,#8380,#8381);
#6805=AXIS2_PLACEMENT_3D('',#11496,#8384,#8385);
#6806=AXIS2_PLACEMENT_3D('',#11499,#8387,#8388);
#6807=AXIS2_PLACEMENT_3D('',#11500,#8389,#8390);
#6808=AXIS2_PLACEMENT_3D('',#11504,#8393,#8394);
#6809=AXIS2_PLACEMENT_3D('',#11507,#8396,#8397);
#6810=AXIS2_PLACEMENT_3D('',#11508,#8398,#8399);
#6811=AXIS2_PLACEMENT_3D('',#11512,#8402,#8403);
#6812=AXIS2_PLACEMENT_3D('',#11515,#8405,#8406);
#6813=AXIS2_PLACEMENT_3D('',#11516,#8407,#8408);
#6814=AXIS2_PLACEMENT_3D('',#11518,#8410,#8411);
#6815=AXIS2_PLACEMENT_3D('',#11521,#8412,#8413);
#6816=AXIS2_PLACEMENT_3D('',#11524,#8416,#8417);
#6817=AXIS2_PLACEMENT_3D('',#11526,#8418,#8419);
#6818=AXIS2_PLACEMENT_3D('',#11528,#8421,#8422);
#6819=AXIS2_PLACEMENT_3D('',#11529,#8423,#8424);
#6820=AXIS2_PLACEMENT_3D('',#11531,#8425,#8426);
#6821=AXIS2_PLACEMENT_3D('',#11533,#8428,#8429);
#6822=AXIS2_PLACEMENT_3D('',#11535,#8430,#8431);
#6823=AXIS2_PLACEMENT_3D('',#11537,#8433,#8434);
#6824=AXIS2_PLACEMENT_3D('',#11538,#8435,#8436);
#6825=AXIS2_PLACEMENT_3D('',#11540,#8437,#8438);
#6826=AXIS2_PLACEMENT_3D('',#11542,#8440,#8441);
#6827=AXIS2_PLACEMENT_3D('',#11543,#8442,#8443);
#6828=AXIS2_PLACEMENT_3D('',#11545,#8444,#8445);
#6829=AXIS2_PLACEMENT_3D('',#11547,#8447,#8448);
#6830=AXIS2_PLACEMENT_3D('',#11549,#8449,#8450);
#6831=AXIS2_PLACEMENT_3D('',#11551,#8452,#8453);
#6832=AXIS2_PLACEMENT_3D('',#11553,#8454,#8455);
#6833=AXIS2_PLACEMENT_3D('',#11556,#8457,#8458);
#6834=AXIS2_PLACEMENT_3D('',#11557,#8459,#8460);
#6835=AXIS2_PLACEMENT_3D('',#11559,#8461,#8462);
#6836=AXIS2_PLACEMENT_3D('',#11562,#8464,#8465);
#6837=AXIS2_PLACEMENT_3D('',#11563,#8466,#8467);
#6838=AXIS2_PLACEMENT_3D('',#11565,#8468,#8469);
#6839=AXIS2_PLACEMENT_3D('',#11568,#8471,#8472);
#6840=AXIS2_PLACEMENT_3D('',#11569,#8473,#8474);
#6841=AXIS2_PLACEMENT_3D('',#11571,#8475,#8476);
#6842=AXIS2_PLACEMENT_3D('',#11574,#8478,#8479);
#6843=AXIS2_PLACEMENT_3D('',#11575,#8480,#8481);
#6844=AXIS2_PLACEMENT_3D('',#11577,#8482,#8483);
#6845=AXIS2_PLACEMENT_3D('',#11580,#8485,#8486);
#6846=AXIS2_PLACEMENT_3D('',#11581,#8487,#8488);
#6847=AXIS2_PLACEMENT_3D('',#11583,#8489,#8490);
#6848=AXIS2_PLACEMENT_3D('',#11586,#8492,#8493);
#6849=AXIS2_PLACEMENT_3D('',#11587,#8494,#8495);
#6850=AXIS2_PLACEMENT_3D('',#11589,#8496,#8497);
#6851=AXIS2_PLACEMENT_3D('',#11592,#8499,#8500);
#6852=AXIS2_PLACEMENT_3D('',#11593,#8501,#8502);
#6853=AXIS2_PLACEMENT_3D('',#11595,#8503,#8504);
#6854=AXIS2_PLACEMENT_3D('',#11598,#8506,#8507);
#6855=AXIS2_PLACEMENT_3D('',#11599,#8508,#8509);
#6856=AXIS2_PLACEMENT_3D('',#11600,#8510,#8511);
#6857=AXIS2_PLACEMENT_3D('',#11601,#8512,#8513);
#6858=AXIS2_PLACEMENT_3D('',#11602,#8514,#8515);
#6859=AXIS2_PLACEMENT_3D('',#11604,#8516,#8517);
#6860=AXIS2_PLACEMENT_3D('',#11607,#8519,#8520);
#6861=AXIS2_PLACEMENT_3D('',#11608,#8521,#8522);
#6862=AXIS2_PLACEMENT_3D('',#11610,#8523,#8524);
#6863=AXIS2_PLACEMENT_3D('',#11613,#8526,#8527);
#6864=AXIS2_PLACEMENT_3D('',#11614,#8528,#8529);
#6865=AXIS2_PLACEMENT_3D('',#11616,#8530,#8531);
#6866=AXIS2_PLACEMENT_3D('',#11619,#8533,#8534);
#6867=AXIS2_PLACEMENT_3D('',#11620,#8535,#8536);
#6868=AXIS2_PLACEMENT_3D('',#11622,#8537,#8538);
#6869=AXIS2_PLACEMENT_3D('',#11625,#8540,#8541);
#6870=AXIS2_PLACEMENT_3D('',#11626,#8542,#8543);
#6871=AXIS2_PLACEMENT_3D('',#11628,#8544,#8545);
#6872=AXIS2_PLACEMENT_3D('',#11631,#8547,#8548);
#6873=AXIS2_PLACEMENT_3D('',#11632,#8549,#8550);
#6874=AXIS2_PLACEMENT_3D('',#11634,#8551,#8552);
#6875=AXIS2_PLACEMENT_3D('',#11637,#8554,#8555);
#6876=AXIS2_PLACEMENT_3D('',#11638,#8556,#8557);
#6877=AXIS2_PLACEMENT_3D('',#11640,#8558,#8559);
#6878=AXIS2_PLACEMENT_3D('',#11643,#8561,#8562);
#6879=AXIS2_PLACEMENT_3D('',#11644,#8563,#8564);
#6880=AXIS2_PLACEMENT_3D('',#11645,#8565,#8566);
#6881=AXIS2_PLACEMENT_3D('',#11647,#8567,#8568);
#6882=AXIS2_PLACEMENT_3D('',#11649,#8570,#8571);
#6883=AXIS2_PLACEMENT_3D('',#11651,#8572,#8573);
#6884=AXIS2_PLACEMENT_3D('',#11653,#8575,#8576);
#6885=AXIS2_PLACEMENT_3D('',#11655,#8577,#8578);
#6886=AXIS2_PLACEMENT_3D('',#11658,#8580,#8581);
#6887=AXIS2_PLACEMENT_3D('',#11659,#8582,#8583);
#6888=AXIS2_PLACEMENT_3D('',#11661,#8584,#8585);
#6889=AXIS2_PLACEMENT_3D('',#11664,#8587,#8588);
#6890=AXIS2_PLACEMENT_3D('',#11665,#8589,#8590);
#6891=AXIS2_PLACEMENT_3D('',#11667,#8591,#8592);
#6892=AXIS2_PLACEMENT_3D('',#11670,#8594,#8595);
#6893=AXIS2_PLACEMENT_3D('',#11671,#8596,#8597);
#6894=AXIS2_PLACEMENT_3D('',#11673,#8598,#8599);
#6895=AXIS2_PLACEMENT_3D('',#11676,#8601,#8602);
#6896=AXIS2_PLACEMENT_3D('',#11677,#8603,#8604);
#6897=AXIS2_PLACEMENT_3D('',#11679,#8605,#8606);
#6898=AXIS2_PLACEMENT_3D('',#11682,#8608,#8609);
#6899=AXIS2_PLACEMENT_3D('',#11683,#8610,#8611);
#6900=AXIS2_PLACEMENT_3D('',#11685,#8612,#8613);
#6901=AXIS2_PLACEMENT_3D('',#11688,#8615,#8616);
#6902=AXIS2_PLACEMENT_3D('',#11689,#8617,#8618);
#6903=AXIS2_PLACEMENT_3D('',#11691,#8619,#8620);
#6904=AXIS2_PLACEMENT_3D('',#11694,#8622,#8623);
#6905=AXIS2_PLACEMENT_3D('',#11695,#8624,#8625);
#6906=AXIS2_PLACEMENT_3D('',#11697,#8626,#8627);
#6907=AXIS2_PLACEMENT_3D('',#11700,#8629,#8630);
#6908=AXIS2_PLACEMENT_3D('',#11701,#8631,#8632);
#6909=AXIS2_PLACEMENT_3D('',#11702,#8633,#8634);
#6910=AXIS2_PLACEMENT_3D('',#11703,#8635,#8636);
#6911=AXIS2_PLACEMENT_3D('',#11704,#8637,#8638);
#6912=AXIS2_PLACEMENT_3D('',#11706,#8639,#8640);
#6913=AXIS2_PLACEMENT_3D('',#11709,#8642,#8643);
#6914=AXIS2_PLACEMENT_3D('',#11710,#8644,#8645);
#6915=AXIS2_PLACEMENT_3D('',#11712,#8646,#8647);
#6916=AXIS2_PLACEMENT_3D('',#11715,#8649,#8650);
#6917=AXIS2_PLACEMENT_3D('',#11716,#8651,#8652);
#6918=AXIS2_PLACEMENT_3D('',#11718,#8653,#8654);
#6919=AXIS2_PLACEMENT_3D('',#11721,#8656,#8657);
#6920=AXIS2_PLACEMENT_3D('',#11722,#8658,#8659);
#6921=AXIS2_PLACEMENT_3D('',#11724,#8660,#8661);
#6922=AXIS2_PLACEMENT_3D('',#11727,#8663,#8664);
#6923=AXIS2_PLACEMENT_3D('',#11728,#8665,#8666);
#6924=AXIS2_PLACEMENT_3D('',#11730,#8667,#8668);
#6925=AXIS2_PLACEMENT_3D('',#11733,#8670,#8671);
#6926=AXIS2_PLACEMENT_3D('',#11734,#8672,#8673);
#6927=AXIS2_PLACEMENT_3D('',#11736,#8674,#8675);
#6928=AXIS2_PLACEMENT_3D('',#11739,#8677,#8678);
#6929=AXIS2_PLACEMENT_3D('',#11740,#8679,#8680);
#6930=AXIS2_PLACEMENT_3D('',#11742,#8681,#8682);
#6931=AXIS2_PLACEMENT_3D('',#11745,#8684,#8685);
#6932=AXIS2_PLACEMENT_3D('',#11746,#8686,#8687);
#6933=AXIS2_PLACEMENT_3D('',#11747,#8688,#8689);
#6934=AXIS2_PLACEMENT_3D('',#11748,#8690,#8691);
#6935=AXIS2_PLACEMENT_3D('',#11749,#8692,#8693);
#6936=AXIS2_PLACEMENT_3D('',#11751,#8694,#8695);
#6937=AXIS2_PLACEMENT_3D('',#11753,#8697,#8698);
#6938=AXIS2_PLACEMENT_3D('',#11755,#8699,#8700);
#6939=AXIS2_PLACEMENT_3D('',#11757,#8702,#8703);
#6940=AXIS2_PLACEMENT_3D('',#11758,#8704,#8705);
#6941=AXIS2_PLACEMENT_3D('',#11760,#8706,#8707);
#6942=AXIS2_PLACEMENT_3D('',#11762,#8709,#8710);
#6943=AXIS2_PLACEMENT_3D('',#11764,#8711,#8712);
#6944=AXIS2_PLACEMENT_3D('',#11766,#8714,#8715);
#6945=AXIS2_PLACEMENT_3D('',#11767,#8716,#8717);
#6946=AXIS2_PLACEMENT_3D('',#11769,#8718,#8719);
#6947=AXIS2_PLACEMENT_3D('',#11771,#8721,#8722);
#6948=AXIS2_PLACEMENT_3D('',#11773,#8723,#8724);
#6949=AXIS2_PLACEMENT_3D('',#11775,#8726,#8727);
#6950=AXIS2_PLACEMENT_3D('',#11776,#8728,#8729);
#6951=AXIS2_PLACEMENT_3D('',#11778,#8730,#8731);
#6952=AXIS2_PLACEMENT_3D('',#11780,#8733,#8734);
#6953=AXIS2_PLACEMENT_3D('',#11781,#8735,#8736);
#6954=AXIS2_PLACEMENT_3D('',#11782,#8737,#8738);
#6955=AXIS2_PLACEMENT_3D('',#11783,#8739,#8740);
#6956=AXIS2_PLACEMENT_3D('',#11785,#8741,#8742);
#6957=AXIS2_PLACEMENT_3D('',#11788,#8744,#8745);
#6958=AXIS2_PLACEMENT_3D('',#11789,#8746,#8747);
#6959=AXIS2_PLACEMENT_3D('',#11791,#8748,#8749);
#6960=AXIS2_PLACEMENT_3D('',#11794,#8751,#8752);
#6961=AXIS2_PLACEMENT_3D('',#11795,#8753,#8754);
#6962=AXIS2_PLACEMENT_3D('',#11797,#8755,#8756);
#6963=AXIS2_PLACEMENT_3D('',#11800,#8758,#8759);
#6964=AXIS2_PLACEMENT_3D('',#11801,#8760,#8761);
#6965=AXIS2_PLACEMENT_3D('',#11803,#8762,#8763);
#6966=AXIS2_PLACEMENT_3D('',#11806,#8765,#8766);
#6967=AXIS2_PLACEMENT_3D('',#11807,#8767,#8768);
#6968=AXIS2_PLACEMENT_3D('',#11809,#8769,#8770);
#6969=AXIS2_PLACEMENT_3D('',#11812,#8772,#8773);
#6970=AXIS2_PLACEMENT_3D('',#11813,#8774,#8775);
#6971=AXIS2_PLACEMENT_3D('',#11815,#8776,#8777);
#6972=AXIS2_PLACEMENT_3D('',#11818,#8779,#8780);
#6973=AXIS2_PLACEMENT_3D('',#11819,#8781,#8782);
#6974=AXIS2_PLACEMENT_3D('',#11821,#8783,#8784);
#6975=AXIS2_PLACEMENT_3D('',#11824,#8786,#8787);
#6976=AXIS2_PLACEMENT_3D('',#11825,#8788,#8789);
#6977=AXIS2_PLACEMENT_3D('',#11826,#8790,#8791);
#6978=AXIS2_PLACEMENT_3D('',#11828,#8792,#8793);
#6979=AXIS2_PLACEMENT_3D('',#11830,#8795,#8796);
#6980=AXIS2_PLACEMENT_3D('',#11832,#8797,#8798);
#6981=AXIS2_PLACEMENT_3D('',#11834,#8800,#8801);
#6982=AXIS2_PLACEMENT_3D('',#11836,#8802,#8803);
#6983=AXIS2_PLACEMENT_3D('',#11839,#8805,#8806);
#6984=AXIS2_PLACEMENT_3D('',#11840,#8807,#8808);
#6985=AXIS2_PLACEMENT_3D('',#11842,#8809,#8810);
#6986=AXIS2_PLACEMENT_3D('',#11845,#8812,#8813);
#6987=AXIS2_PLACEMENT_3D('',#11846,#8814,#8815);
#6988=AXIS2_PLACEMENT_3D('',#11848,#8816,#8817);
#6989=AXIS2_PLACEMENT_3D('',#11851,#8819,#8820);
#6990=AXIS2_PLACEMENT_3D('',#11852,#8821,#8822);
#6991=AXIS2_PLACEMENT_3D('',#11854,#8823,#8824);
#6992=AXIS2_PLACEMENT_3D('',#11857,#8826,#8827);
#6993=AXIS2_PLACEMENT_3D('',#11858,#8828,#8829);
#6994=AXIS2_PLACEMENT_3D('',#11860,#8830,#8831);
#6995=AXIS2_PLACEMENT_3D('',#11863,#8833,#8834);
#6996=AXIS2_PLACEMENT_3D('',#11864,#8835,#8836);
#6997=AXIS2_PLACEMENT_3D('',#11866,#8837,#8838);
#6998=AXIS2_PLACEMENT_3D('',#11869,#8840,#8841);
#6999=AXIS2_PLACEMENT_3D('',#11870,#8842,#8843);
#7000=AXIS2_PLACEMENT_3D('',#11872,#8844,#8845);
#7001=AXIS2_PLACEMENT_3D('',#11875,#8847,#8848);
#7002=AXIS2_PLACEMENT_3D('',#11876,#8849,#8850);
#7003=AXIS2_PLACEMENT_3D('',#11878,#8851,#8852);
#7004=AXIS2_PLACEMENT_3D('',#11881,#8854,#8855);
#7005=AXIS2_PLACEMENT_3D('',#11882,#8856,#8857);
#7006=AXIS2_PLACEMENT_3D('',#11883,#8858,#8859);
#7007=AXIS2_PLACEMENT_3D('',#11884,#8860,#8861);
#7008=AXIS2_PLACEMENT_3D('',#11885,#8862,#8863);
#7009=AXIS2_PLACEMENT_3D('',#11887,#8864,#8865);
#7010=AXIS2_PLACEMENT_3D('',#11889,#8867,#8868);
#7011=AXIS2_PLACEMENT_3D('',#11890,#8869,#8870);
#7012=AXIS2_PLACEMENT_3D('',#11891,#8871,#8872);
#7013=AXIS2_PLACEMENT_3D('',#11892,#8873,#8874);
#7014=AXIS2_PLACEMENT_3D('',#11893,#8875,#8876);
#7015=AXIS2_PLACEMENT_3D('',#11894,#8877,#8878);
#7016=AXIS2_PLACEMENT_3D('',#11895,#8879,#8880);
#7017=AXIS2_PLACEMENT_3D('',#11896,#8881,#8882);
#7018=AXIS2_PLACEMENT_3D('',#11897,#8883,#8884);
#7019=AXIS2_PLACEMENT_3D('',#11898,#8885,#8886);
#7020=AXIS2_PLACEMENT_3D('',#11899,#8887,#8888);
#7021=AXIS2_PLACEMENT_3D('',#11900,#8889,#8890);
#7022=AXIS2_PLACEMENT_3D('',#11901,#8891,#8892);
#7023=AXIS2_PLACEMENT_3D('',#11902,#8893,#8894);
#7024=AXIS2_PLACEMENT_3D('',#11903,#8895,#8896);
#7025=AXIS2_PLACEMENT_3D('',#11904,#8897,#8898);
#7026=AXIS2_PLACEMENT_3D('',#11905,#8899,#8900);
#7027=AXIS2_PLACEMENT_3D('',#11906,#8901,#8902);
#7028=AXIS2_PLACEMENT_3D('',#11907,#8903,#8904);
#7029=AXIS2_PLACEMENT_3D('',#11908,#8905,#8906);
#7030=AXIS2_PLACEMENT_3D('',#11909,#8907,#8908);
#7031=AXIS2_PLACEMENT_3D('',#11910,#8909,#8910);
#7032=AXIS2_PLACEMENT_3D('',#11911,#8911,#8912);
#7033=AXIS2_PLACEMENT_3D('',#11912,#8913,#8914);
#7034=AXIS2_PLACEMENT_3D('',#11913,#8915,#8916);
#7035=AXIS2_PLACEMENT_3D('',#11914,#8917,#8918);
#7036=AXIS2_PLACEMENT_3D('',#11915,#8919,#8920);
#7037=AXIS2_PLACEMENT_3D('',#11916,#8921,#8922);
#7038=AXIS2_PLACEMENT_3D('',#11917,#8923,#8924);
#7039=AXIS2_PLACEMENT_3D('',#11918,#8925,#8926);
#7040=AXIS2_PLACEMENT_3D('',#11919,#8927,#8928);
#7041=AXIS2_PLACEMENT_3D('',#11920,#8929,#8930);
#7042=AXIS2_PLACEMENT_3D('',#11921,#8931,#8932);
#7043=AXIS2_PLACEMENT_3D('',#11922,#8933,#8934);
#7044=AXIS2_PLACEMENT_3D('',#11923,#8935,#8936);
#7045=AXIS2_PLACEMENT_3D('',#11924,#8937,#8938);
#7046=AXIS2_PLACEMENT_3D('',#11925,#8939,#8940);
#7047=AXIS2_PLACEMENT_3D('',#11926,#8941,#8942);
#7048=AXIS2_PLACEMENT_3D('',#11927,#8943,#8944);
#7049=AXIS2_PLACEMENT_3D('',#11928,#8945,#8946);
#7050=AXIS2_PLACEMENT_3D('',#11929,#8947,#8948);
#7051=AXIS2_PLACEMENT_3D('',#11930,#8949,#8950);
#7052=AXIS2_PLACEMENT_3D('',#11931,#8951,#8952);
#7053=AXIS2_PLACEMENT_3D('',#11932,#8953,#8954);
#7054=AXIS2_PLACEMENT_3D('',#11933,#8955,#8956);
#7055=AXIS2_PLACEMENT_3D('',#11934,#8957,#8958);
#7056=AXIS2_PLACEMENT_3D('',#11935,#8959,#8960);
#7057=AXIS2_PLACEMENT_3D('',#11936,#8961,#8962);
#7058=AXIS2_PLACEMENT_3D('',#11937,#8963,#8964);
#7059=AXIS2_PLACEMENT_3D('',#11938,#8965,#8966);
#7060=AXIS2_PLACEMENT_3D('',#11939,#8967,#8968);
#7061=AXIS2_PLACEMENT_3D('',#11940,#8969,#8970);
#7062=AXIS2_PLACEMENT_3D('',#11941,#8971,#8972);
#7063=AXIS2_PLACEMENT_3D('',#11942,#8973,#8974);
#7064=AXIS2_PLACEMENT_3D('',#11943,#8975,#8976);
#7065=AXIS2_PLACEMENT_3D('',#11944,#8977,#8978);
#7066=AXIS2_PLACEMENT_3D('',#11945,#8979,#8980);
#7067=AXIS2_PLACEMENT_3D('',#11946,#8981,#8982);
#7068=AXIS2_PLACEMENT_3D('',#11947,#8983,#8984);
#7069=AXIS2_PLACEMENT_3D('',#11948,#8985,#8986);
#7070=AXIS2_PLACEMENT_3D('',#11949,#8987,#8988);
#7071=AXIS2_PLACEMENT_3D('',#11950,#8989,#8990);
#7072=AXIS2_PLACEMENT_3D('',#11951,#8991,#8992);
#7073=AXIS2_PLACEMENT_3D('',#11952,#8993,#8994);
#7074=AXIS2_PLACEMENT_3D('',#11953,#8995,#8996);
#7075=AXIS2_PLACEMENT_3D('',#11954,#8997,#8998);
#7076=AXIS2_PLACEMENT_3D('',#11955,#8999,#9000);
#7077=AXIS2_PLACEMENT_3D('',#11956,#9001,#9002);
#7078=AXIS2_PLACEMENT_3D('',#11957,#9003,#9004);
#7079=AXIS2_PLACEMENT_3D('',#11958,#9005,#9006);
#7080=AXIS2_PLACEMENT_3D('',#11960,#9008,#9009);
#7081=AXIS2_PLACEMENT_3D('',#11961,#9010,#9011);
#7082=AXIS2_PLACEMENT_3D('',#11962,#9012,#9013);
#7083=AXIS2_PLACEMENT_3D('',#11963,#9014,#9015);
#7084=AXIS2_PLACEMENT_3D('',#11965,#9017,#9018);
#7085=AXIS2_PLACEMENT_3D('',#11966,#9019,#9020);
#7086=AXIS2_PLACEMENT_3D('',#11968,#9022,#9023);
#7087=AXIS2_PLACEMENT_3D('',#11970,#9025,#9026);
#7088=AXIS2_PLACEMENT_3D('',#11972,#9028,#9029);
#7089=AXIS2_PLACEMENT_3D('',#11973,#9030,#9031);
#7090=AXIS2_PLACEMENT_3D('',#11974,#9032,#9033);
#7091=AXIS2_PLACEMENT_3D('',#11975,#9034,#9035);
#7092=AXIS2_PLACEMENT_3D('',#11976,#9036,#9037);
#7093=AXIS2_PLACEMENT_3D('',#11977,#9038,#9039);
#7094=AXIS2_PLACEMENT_3D('',#11978,#9040,#9041);
#7095=AXIS2_PLACEMENT_3D('',#11979,#9042,#9043);
#7096=AXIS2_PLACEMENT_3D('',#11980,#9044,#9045);
#7097=AXIS2_PLACEMENT_3D('',#11981,#9046,#9047);
#7098=AXIS2_PLACEMENT_3D('',#11982,#9048,#9049);
#7099=AXIS2_PLACEMENT_3D('',#11983,#9050,#9051);
#7100=AXIS2_PLACEMENT_3D('',#11984,#9052,#9053);
#7101=AXIS2_PLACEMENT_3D('',#11985,#9054,#9055);
#7102=AXIS2_PLACEMENT_3D('',#11986,#9056,#9057);
#7103=AXIS2_PLACEMENT_3D('',#11987,#9058,#9059);
#7104=DIRECTION('axis',(0.,0.,1.));
#7105=DIRECTION('refdir',(1.,0.,0.));
#7106=DIRECTION('axis',(0.,0.,1.));
#7107=DIRECTION('refdir',(1.,0.,0.));
#7108=DIRECTION('center_axis',(-1.,0.,0.));
#7109=DIRECTION('ref_axis',(0.,-0.707106781186548,-0.707106781186548));
#7110=DIRECTION('center_axis',(1.,0.,0.));
#7111=DIRECTION('ref_axis',(0.,-0.707106781186548,-0.707106781186548));
#7112=DIRECTION('',(1.,0.,0.));
#7113=DIRECTION('center_axis',(-1.,0.,0.));
#7114=DIRECTION('ref_axis',(0.,-0.707106781186548,-0.707106781186548));
#7115=DIRECTION('',(-1.,0.,0.));
#7116=DIRECTION('center_axis',(1.,0.,0.));
#7117=DIRECTION('ref_axis',(0.,0.,1.));
#7118=DIRECTION('',(0.,0.,1.));
#7119=DIRECTION('center_axis',(-1.,0.,0.));
#7120=DIRECTION('ref_axis',(0.,-0.707106781186548,0.707106781186548));
#7121=DIRECTION('',(0.,-1.,0.));
#7122=DIRECTION('',(0.,0.,1.));
#7123=DIRECTION('',(0.,1.,0.));
#7124=DIRECTION('center_axis',(0.,-1.,0.));
#7125=DIRECTION('ref_axis',(0.,0.,-1.));
#7126=DIRECTION('',(0.,0.,-1.));
#7127=DIRECTION('',(-1.,0.,0.));
#7128=DIRECTION('center_axis',(-1.,0.,0.));
#7129=DIRECTION('ref_axis',(0.,-0.707106781186548,0.707106781186548));
#7130=DIRECTION('center_axis',(1.,0.,0.));
#7131=DIRECTION('ref_axis',(0.,-0.707106781186548,0.707106781186548));
#7132=DIRECTION('',(1.,0.,0.));
#7133=DIRECTION('center_axis',(-1.,0.,0.));
#7134=DIRECTION('ref_axis',(0.,0.,-1.));
#7135=DIRECTION('',(0.,-1.,0.));
#7136=DIRECTION('',(0.,0.,-1.));
#7137=DIRECTION('',(0.,-1.,0.));
#7138=DIRECTION('center_axis',(0.,0.,1.));
#7139=DIRECTION('ref_axis',(1.,0.,0.));
#7140=DIRECTION('',(-1.,1.24744160070242E-16,0.));
#7141=DIRECTION('center_axis',(0.,0.,1.));
#7142=DIRECTION('ref_axis',(-1.,0.,0.));
#7143=DIRECTION('',(-1.,1.24744160070242E-16,0.));
#7144=DIRECTION('center_axis',(0.,0.,-1.));
#7145=DIRECTION('ref_axis',(-1.,0.,0.));
#7146=DIRECTION('center_axis',(0.,0.,1.));
#7147=DIRECTION('ref_axis',(-1.,0.,0.));
#7148=DIRECTION('',(-0.707106781186547,-8.65956056235493E-17,0.707106781186548));
#7149=DIRECTION('center_axis',(0.,0.,1.));
#7150=DIRECTION('ref_axis',(-1.,0.,0.));
#7151=DIRECTION('center_axis',(0.,0.,1.));
#7152=DIRECTION('ref_axis',(-1.,0.,0.));
#7153=DIRECTION('',(0.,0.,1.));
#7154=DIRECTION('center_axis',(0.,0.,-1.));
#7155=DIRECTION('ref_axis',(-1.,0.,0.));
#7156=DIRECTION('center_axis',(0.,0.,-1.));
#7157=DIRECTION('ref_axis',(-1.,0.,0.));
#7158=DIRECTION('center_axis',(0.,0.,1.));
#7159=DIRECTION('ref_axis',(-1.,0.,0.));
#7160=DIRECTION('',(-0.707106781186547,-8.65956056235493E-17,0.707106781186548));
#7161=DIRECTION('center_axis',(0.,0.,1.));
#7162=DIRECTION('ref_axis',(-1.,0.,0.));
#7163=DIRECTION('center_axis',(0.,0.,1.));
#7164=DIRECTION('ref_axis',(-1.,0.,0.));
#7165=DIRECTION('',(0.,0.,1.));
#7166=DIRECTION('center_axis',(0.,0.,-1.));
#7167=DIRECTION('ref_axis',(-1.,0.,0.));
#7168=DIRECTION('center_axis',(0.,0.707106781186548,-0.707106781186547));
#7169=DIRECTION('ref_axis',(-1.,0.,0.));
#7170=DIRECTION('',(0.,-0.707106781186547,-0.707106781186548));
#7171=DIRECTION('',(-1.,0.,0.));
#7172=DIRECTION('',(0.,0.707106781186547,0.707106781186548));
#7173=DIRECTION('',(1.,0.,0.));
#7174=DIRECTION('center_axis',(0.,0.,1.));
#7175=DIRECTION('ref_axis',(1.,0.,0.));
#7176=DIRECTION('center_axis',(0.,0.,1.));
#7177=DIRECTION('ref_axis',(1.,-4.1895208476421E-16,0.));
#7178=DIRECTION('',(-6.21973683263394E-17,-1.,0.));
#7179=DIRECTION('',(-1.,-7.48464960421454E-16,0.));
#7180=DIRECTION('',(-1.24394736652679E-16,1.,0.));
#7181=DIRECTION('center_axis',(0.,0.,1.));
#7182=DIRECTION('ref_axis',(4.1895208476421E-16,1.,0.));
#7183=DIRECTION('',(-1.,0.,0.));
#7184=DIRECTION('',(0.,-1.,0.));
#7185=DIRECTION('',(1.,0.,0.));
#7186=DIRECTION('',(0.,1.,0.));
#7187=DIRECTION('',(-1.,0.,0.));
#7188=DIRECTION('',(3.70074341541639E-15,-1.,0.));
#7189=DIRECTION('',(1.,0.,0.));
#7190=DIRECTION('',(0.,1.,0.));
#7191=DIRECTION('',(-1.,0.,0.));
#7192=DIRECTION('',(2.77555756156229E-15,-1.,0.));
#7193=DIRECTION('',(1.,0.,0.));
#7194=DIRECTION('',(-1.8503717077082E-15,1.,0.));
#7195=DIRECTION('center_axis',(1.,0.,0.));
#7196=DIRECTION('ref_axis',(0.,0.,-1.));
#7197=DIRECTION('',(0.,0.,-1.));
#7198=DIRECTION('',(0.,1.,0.));
#7199=DIRECTION('',(0.,0.,1.));
#7200=DIRECTION('center_axis',(0.,0.707106781186548,-0.707106781186547));
#7201=DIRECTION('ref_axis',(-1.,0.,0.));
#7202=DIRECTION('',(0.,0.707106781186547,0.707106781186548));
#7203=DIRECTION('',(1.,0.,0.));
#7204=DIRECTION('',(0.,-0.707106781186547,-0.707106781186548));
#7205=DIRECTION('center_axis',(0.,1.,0.));
#7206=DIRECTION('ref_axis',(0.,0.,1.));
#7207=DIRECTION('',(0.,0.,1.));
#7208=DIRECTION('',(1.,0.,0.));
#7209=DIRECTION('',(0.,0.,-1.));
#7210=DIRECTION('center_axis',(-1.,0.,0.));
#7211=DIRECTION('ref_axis',(0.,0.,1.));
#7212=DIRECTION('',(0.,0.,1.));
#7213=DIRECTION('',(0.,1.,0.));
#7214=DIRECTION('center_axis',(0.,0.,1.));
#7215=DIRECTION('ref_axis',(1.,0.,0.));
#7216=DIRECTION('',(-1.,0.,0.));
#7217=DIRECTION('',(0.,1.,0.));
#7218=DIRECTION('center_axis',(0.,1.,0.));
#7219=DIRECTION('ref_axis',(-1.,0.,0.));
#7220=DIRECTION('',(0.,0.,1.));
#7221=DIRECTION('',(-1.,0.,0.));
#7222=DIRECTION('',(0.,0.,1.));
#7223=DIRECTION('center_axis',(0.,0.,1.));
#7224=DIRECTION('ref_axis',(1.,0.,0.));
#7225=DIRECTION('',(-1.,0.,0.));
#7226=DIRECTION('',(1.,0.,0.));
#7227=DIRECTION('',(0.,1.,0.));
#7228=DIRECTION('center_axis',(0.,1.,0.));
#7229=DIRECTION('ref_axis',(0.,0.,1.));
#7230=DIRECTION('',(0.,0.,1.));
#7231=DIRECTION('center_axis',(0.,0.,-1.));
#7232=DIRECTION('ref_axis',(-0.707106781186548,0.707106781186548,0.));
#7233=DIRECTION('',(0.,0.,-1.));
#7234=DIRECTION('center_axis',(0.,-0.707106781186547,0.707106781186548));
#7235=DIRECTION('ref_axis',(6.13317366673349E-17,-0.707106781186548,-0.707106781186547));
#7236=DIRECTION('center_axis',(0.,-0.707106781186547,-0.707106781186548));
#7237=DIRECTION('ref_axis',(6.13317366673349E-17,0.707106781186548,-0.707106781186547));
#7238=DIRECTION('center_axis',(0.,0.,1.));
#7239=DIRECTION('ref_axis',(-0.707106781186548,-0.707106781186548,0.));
#7240=DIRECTION('',(0.,0.,1.));
#7241=DIRECTION('center_axis',(0.,-0.707106781186547,0.707106781186548));
#7242=DIRECTION('ref_axis',(-6.13317366673349E-17,-0.707106781186548,-0.707106781186547));
#7243=DIRECTION('center_axis',(0.,-0.707106781186547,-0.707106781186548));
#7244=DIRECTION('ref_axis',(-6.13317366673349E-17,0.707106781186548,-0.707106781186547));
#7245=DIRECTION('center_axis',(0.,-1.,0.));
#7246=DIRECTION('ref_axis',(-0.707106781186548,0.,-0.707106781186547));
#7247=DIRECTION('',(0.,1.,0.));
#7248=DIRECTION('',(0.,-1.,0.));
#7249=DIRECTION('center_axis',(2.77555756156229E-15,-1.,0.));
#7250=DIRECTION('ref_axis',(-0.707106781186548,0.,0.707106781186547));
#7251=DIRECTION('center_axis',(0.707106781186548,0.707106781186548,0.));
#7252=DIRECTION('ref_axis',(0.707106781186548,-0.707106781186548,-1.2266347333467E-16));
#7253=DIRECTION('center_axis',(0.707106781186549,-0.707106781186546,0.));
#7254=DIRECTION('ref_axis',(-0.707106781186546,-0.707106781186549,0.));
#7255=DIRECTION('',(2.77555756156229E-15,-1.,0.));
#7256=DIRECTION('center_axis',(1.,0.,0.));
#7257=DIRECTION('ref_axis',(0.,-0.70710678118655,0.707106781186545));
#7258=DIRECTION('',(-1.,0.,0.));
#7259=DIRECTION('center_axis',(0.707106781186549,-0.707106781186547,0.));
#7260=DIRECTION('ref_axis',(-0.707106781186547,-0.707106781186548,0.));
#7261=DIRECTION('center_axis',(0.707106781186547,0.707106781186549,0.));
#7262=DIRECTION('ref_axis',(0.707106781186549,-0.707106781186547,0.));
#7263=DIRECTION('',(1.,0.,0.));
#7264=DIRECTION('center_axis',(-1.8503717077082E-15,1.,0.));
#7265=DIRECTION('ref_axis',(0.707106781186548,0.,0.707106781186547));
#7266=DIRECTION('',(-1.8503717077082E-15,1.,0.));
#7267=DIRECTION('center_axis',(0.,1.,0.));
#7268=DIRECTION('ref_axis',(-1.,0.,0.));
#7269=DIRECTION('',(0.,0.,1.));
#7270=DIRECTION('',(0.,0.,-1.));
#7271=DIRECTION('center_axis',(1.,1.8503717077082E-15,0.));
#7272=DIRECTION('ref_axis',(-1.8503717077082E-15,1.,0.));
#7273=DIRECTION('',(0.,0.,1.));
#7274=DIRECTION('center_axis',(0.,-1.,0.));
#7275=DIRECTION('ref_axis',(1.,0.,0.));
#7276=DIRECTION('',(0.,0.,-1.));
#7277=DIRECTION('center_axis',(-1.,-2.77555756156229E-15,0.));
#7278=DIRECTION('ref_axis',(2.77555756156229E-15,-1.,0.));
#7279=DIRECTION('center_axis',(0.,0.,1.));
#7280=DIRECTION('ref_axis',(0.707106781186548,0.707106781186548,0.));
#7281=DIRECTION('',(0.,0.,1.));
#7282=DIRECTION('center_axis',(0.,0.707106781186547,0.707106781186548));
#7283=DIRECTION('ref_axis',(6.13317366673349E-17,0.707106781186548,-0.707106781186547));
#7284=DIRECTION('center_axis',(0.,0.707106781186547,-0.707106781186548));
#7285=DIRECTION('ref_axis',(6.13317366673349E-17,-0.707106781186548,-0.707106781186547));
#7286=DIRECTION('center_axis',(0.,0.,-1.));
#7287=DIRECTION('ref_axis',(0.707106781186548,-0.707106781186548,0.));
#7288=DIRECTION('',(0.,0.,-1.));
#7289=DIRECTION('center_axis',(0.,0.707106781186547,0.707106781186548));
#7290=DIRECTION('ref_axis',(-6.13317366673349E-17,0.707106781186548,-0.707106781186547));
#7291=DIRECTION('center_axis',(0.,0.707106781186547,-0.707106781186548));
#7292=DIRECTION('ref_axis',(-6.13317366673349E-17,-0.707106781186548,-0.707106781186547));
#7293=DIRECTION('center_axis',(0.,1.,0.));
#7294=DIRECTION('ref_axis',(0.707106781186548,0.,-0.707106781186547));
#7295=DIRECTION('',(0.,1.,0.));
#7296=DIRECTION('',(0.,-1.,0.));
#7297=DIRECTION('center_axis',(0.,1.,0.));
#7298=DIRECTION('ref_axis',(0.707106781186548,0.,0.707106781186547));
#7299=DIRECTION('center_axis',(0.707106781186548,0.707106781186548,0.));
#7300=DIRECTION('ref_axis',(0.707106781186548,-0.707106781186548,-1.2266347333467E-16));
#7301=DIRECTION('center_axis',(0.707106781186548,-0.707106781186547,0.));
#7302=DIRECTION('ref_axis',(-0.707106781186547,-0.707106781186548,0.));
#7303=DIRECTION('',(0.,1.,0.));
#7304=DIRECTION('center_axis',(1.,0.,0.));
#7305=DIRECTION('ref_axis',(0.,-0.70710678118655,0.707106781186545));
#7306=DIRECTION('',(1.,0.,0.));
#7307=DIRECTION('center_axis',(0.707106781186549,-0.707106781186546,0.));
#7308=DIRECTION('ref_axis',(-0.707106781186546,-0.707106781186549,-1.2266347333467E-16));
#7309=DIRECTION('center_axis',(0.707106781186546,0.707106781186549,0.));
#7310=DIRECTION('ref_axis',(0.707106781186549,-0.707106781186546,-1.2266347333467E-16));
#7311=DIRECTION('',(-1.,0.,0.));
#7312=DIRECTION('center_axis',(3.70074341541639E-15,-1.,0.));
#7313=DIRECTION('ref_axis',(-0.707106781186548,0.,0.707106781186547));
#7314=DIRECTION('',(3.70074341541639E-15,-1.,0.));
#7315=DIRECTION('center_axis',(0.,1.,0.));
#7316=DIRECTION('ref_axis',(-1.,0.,0.));
#7317=DIRECTION('',(0.,0.,1.));
#7318=DIRECTION('',(0.,0.,-1.));
#7319=DIRECTION('center_axis',(1.,0.,0.));
#7320=DIRECTION('ref_axis',(0.,1.,0.));
#7321=DIRECTION('',(0.,0.,1.));
#7322=DIRECTION('center_axis',(-1.,-3.70074341541639E-15,0.));
#7323=DIRECTION('ref_axis',(3.70074341541639E-15,-1.,0.));
#7324=DIRECTION('',(0.,0.,-1.));
#7325=DIRECTION('center_axis',(0.,-1.,0.));
#7326=DIRECTION('ref_axis',(1.,0.,0.));
#7327=DIRECTION('center_axis',(5.29244648994531E-16,-0.707106781186547,
0.707106781186548));
#7328=DIRECTION('ref_axis',(1.,0.,-7.48464960421453E-16));
#7329=DIRECTION('',(4.3980180915512E-17,0.707106781186548,0.707106781186547));
#7330=DIRECTION('',(-1.,-7.48464960421454E-16,0.));
#7331=DIRECTION('',(8.79603618310239E-17,-0.707106781186548,-0.707106781186547));
#7332=DIRECTION('',(1.,7.48464960421454E-16,0.));
#7333=DIRECTION('center_axis',(-1.,-1.24394736652679E-16,0.));
#7334=DIRECTION('ref_axis',(1.24394736652679E-16,-1.,0.));
#7335=DIRECTION('',(1.24394736652679E-16,-1.,0.));
#7336=DIRECTION('',(0.,0.,1.));
#7337=DIRECTION('',(0.,0.,1.));
#7338=DIRECTION('',(0.,0.,1.));
#7339=DIRECTION('center_axis',(0.,0.,1.));
#7340=DIRECTION('ref_axis',(1.,0.,0.));
#7341=DIRECTION('',(6.21973683263394E-17,1.,0.));
#7342=DIRECTION('',(-1.,-6.23720800351211E-17,0.));
#7343=DIRECTION('',(7.55253758248407E-17,-1.,0.));
#7344=DIRECTION('',(-1.,1.24744160070242E-16,0.));
#7345=DIRECTION('',(-7.55253758248408E-17,1.,0.));
#7346=DIRECTION('',(-1.,-6.23720800351211E-17,0.));
#7347=DIRECTION('center_axis',(-6.23720800351211E-17,1.,0.));
#7348=DIRECTION('ref_axis',(-1.,-6.23720800351211E-17,0.));
#7349=DIRECTION('',(1.,6.23720800351211E-17,0.));
#7350=DIRECTION('',(0.,0.,1.));
#7351=DIRECTION('',(0.,0.,1.));
#7352=DIRECTION('center_axis',(-6.23720800351211E-17,1.,0.));
#7353=DIRECTION('ref_axis',(-1.,-6.23720800351211E-17,0.));
#7354=DIRECTION('',(1.,6.23720800351211E-17,0.));
#7355=DIRECTION('',(0.,0.,1.));
#7356=DIRECTION('center_axis',(1.,7.55253758248408E-17,0.));
#7357=DIRECTION('ref_axis',(-7.55253758248408E-17,1.,0.));
#7358=DIRECTION('',(7.55253758248408E-17,-1.,0.));
#7359=DIRECTION('',(0.,0.,1.));
#7360=DIRECTION('center_axis',(1.24744160070242E-16,1.,0.));
#7361=DIRECTION('ref_axis',(-1.,1.24744160070242E-16,0.));
#7362=DIRECTION('',(1.,-1.24744160070242E-16,0.));
#7363=DIRECTION('',(0.,0.,1.));
#7364=DIRECTION('center_axis',(-1.,-7.55253758248407E-17,0.));
#7365=DIRECTION('ref_axis',(7.55253758248407E-17,-1.,0.));
#7366=DIRECTION('',(-7.55253758248407E-17,1.,0.));
#7367=DIRECTION('center_axis',(0.,0.,1.));
#7368=DIRECTION('ref_axis',(1.,0.,0.));
#7369=DIRECTION('center_axis',(0.,0.,1.));
#7370=DIRECTION('ref_axis',(1.,-4.1895208476421E-16,0.));
#7371=DIRECTION('',(-1.,0.,0.));
#7372=DIRECTION('',(0.,-1.,0.));
#7373=DIRECTION('',(-1.,0.,0.));
#7374=DIRECTION('',(0.,-1.,0.));
#7375=DIRECTION('',(-1.,0.,0.));
#7376=DIRECTION('',(0.,1.,0.));
#7377=DIRECTION('',(-1.,0.,0.));
#7378=DIRECTION('',(0.,1.,0.));
#7379=DIRECTION('center_axis',(0.,0.,1.));
#7380=DIRECTION('ref_axis',(4.1895208476421E-16,1.,0.));
#7381=DIRECTION('center_axis',(0.,-1.,0.));
#7382=DIRECTION('ref_axis',(1.,0.,0.));
#7383=DIRECTION('',(1.,0.,0.));
#7384=DIRECTION('',(0.,0.,1.));
#7385=DIRECTION('',(0.,0.,1.));
#7386=DIRECTION('center_axis',(-1.,0.,0.));
#7387=DIRECTION('ref_axis',(0.,-1.,0.));
#7388=DIRECTION('',(0.,-1.,0.));
#7389=DIRECTION('',(0.,0.,-1.));
#7390=DIRECTION('center_axis',(1.,0.,0.));
#7391=DIRECTION('ref_axis',(0.,1.,0.));
#7392=DIRECTION('',(0.,1.,0.));
#7393=DIRECTION('',(0.,0.,1.));
#7394=DIRECTION('center_axis',(0.,0.,1.));
#7395=DIRECTION('ref_axis',(1.,0.,0.));
#7396=DIRECTION('',(1.,0.,0.));
#7397=DIRECTION('center_axis',(-1.,0.,0.));
#7398=DIRECTION('ref_axis',(0.,-1.,0.));
#7399=DIRECTION('',(0.,0.,1.));
#7400=DIRECTION('',(0.,0.,1.));
#7401=DIRECTION('center_axis',(0.,1.,0.));
#7402=DIRECTION('ref_axis',(-1.,0.,0.));
#7403=DIRECTION('',(0.,0.,1.));
#7404=DIRECTION('center_axis',(0.,0.,1.));
#7405=DIRECTION('ref_axis',(1.,-4.1895208476421E-16,0.));
#7406=DIRECTION('',(0.,0.,1.));
#7407=DIRECTION('center_axis',(1.,-6.21973683263394E-17,0.));
#7408=DIRECTION('ref_axis',(6.21973683263394E-17,1.,0.));
#7409=DIRECTION('',(0.,0.,1.));
#7410=DIRECTION('center_axis',(7.48464960421454E-16,-1.,0.));
#7411=DIRECTION('ref_axis',(1.,7.48464960421454E-16,0.));
#7412=DIRECTION('center_axis',(0.,0.,1.));
#7413=DIRECTION('ref_axis',(4.1895208476421E-16,1.,0.));
#7414=DIRECTION('center_axis',(1.,0.,0.));
#7415=DIRECTION('ref_axis',(0.,1.,0.));
#7416=DIRECTION('',(0.,0.,1.));
#7417=DIRECTION('center_axis',(0.,1.,0.));
#7418=DIRECTION('ref_axis',(-1.,0.,0.));
#7419=DIRECTION('axis',(0.,0.,1.));
#7420=DIRECTION('refdir',(1.,0.,0.));
#7421=DIRECTION('center_axis',(0.,0.,1.));
#7422=DIRECTION('ref_axis',(1.,0.,0.));
#7423=DIRECTION('center_axis',(0.,0.,-1.));
#7424=DIRECTION('ref_axis',(1.,0.,0.));
#7425=DIRECTION('center_axis',(1.44811698864151E-16,-1.,0.));
#7426=DIRECTION('ref_axis',(-1.,-1.44811698864151E-16,0.));
#7427=DIRECTION('center_axis',(0.,0.,1.));
#7428=DIRECTION('ref_axis',(1.,0.,0.));
#7429=DIRECTION('center_axis',(0.,0.,1.));
#7430=DIRECTION('ref_axis',(1.,0.,0.));
#7431=DIRECTION('',(0.,0.,-1.));
#7432=DIRECTION('center_axis',(0.,0.,-1.));
#7433=DIRECTION('ref_axis',(1.,0.,0.));
#7434=DIRECTION('center_axis',(0.,0.,1.));
#7435=DIRECTION('ref_axis',(1.,0.,0.));
#7436=DIRECTION('center_axis',(0.,0.,-1.));
#7437=DIRECTION('ref_axis',(1.,0.,0.));
#7438=DIRECTION('center_axis',(-1.,0.,0.));
#7439=DIRECTION('ref_axis',(0.,-0.707106781186548,0.707106781186548));
#7440=DIRECTION('center_axis',(1.,0.,0.));
#7441=DIRECTION('ref_axis',(0.,-0.707106781186548,0.707106781186548));
#7442=DIRECTION('',(1.,0.,0.));
#7443=DIRECTION('center_axis',(-1.,0.,0.));
#7444=DIRECTION('ref_axis',(0.,-0.707106781186548,0.707106781186548));
#7445=DIRECTION('',(-1.,0.,0.));
#7446=DIRECTION('center_axis',(0.,-1.,0.));
#7447=DIRECTION('ref_axis',(0.,0.,-1.));
#7448=DIRECTION('',(0.,0.,-1.));
#7449=DIRECTION('',(-1.,0.,0.));
#7450=DIRECTION('',(0.,0.,1.));
#7451=DIRECTION('center_axis',(-1.,0.,0.));
#7452=DIRECTION('ref_axis',(0.,0.,-1.));
#7453=DIRECTION('',(0.,-1.,0.));
#7454=DIRECTION('',(0.,0.,1.));
#7455=DIRECTION('',(0.,-1.,0.));
#7456=DIRECTION('center_axis',(1.,0.,0.));
#7457=DIRECTION('ref_axis',(0.,-0.707106781186548,-0.707106781186548));
#7458=DIRECTION('center_axis',(1.,0.,0.));
#7459=DIRECTION('ref_axis',(0.,-0.707106781186548,-0.707106781186548));
#7460=DIRECTION('center_axis',(-1.,0.,0.));
#7461=DIRECTION('ref_axis',(0.,-0.707106781186548,-0.707106781186548));
#7462=DIRECTION('',(1.,0.,0.));
#7463=DIRECTION('center_axis',(0.,0.,1.));
#7464=DIRECTION('ref_axis',(1.,0.,0.));
#7465=DIRECTION('',(-1.,-2.9968624135369E-8,0.));
#7466=DIRECTION('',(-2.9971770924872E-8,1.,0.));
#7467=DIRECTION('',(-0.999999993152965,0.000117021666658526,0.));
#7468=DIRECTION('center_axis',(0.,0.,1.));
#7469=DIRECTION('ref_axis',(-5.68188661691885E-6,0.999999999983858,0.));
#7470=DIRECTION('',(1.,2.99714283035974E-8,0.));
#7471=DIRECTION('center_axis',(0.,0.,1.));
#7472=DIRECTION('ref_axis',(0.999999634808303,-0.000854624631142435,0.));
#7473=DIRECTION('',(-0.999999993152965,0.000117021666658526,0.));
#7474=DIRECTION('',(2.85292190200437E-8,-1.,0.));
#7475=DIRECTION('',(-1.,-2.9968624135369E-8,0.));
#7476=DIRECTION('',(0.,-1.,0.));
#7477=DIRECTION('center_axis',(0.,0.,1.));
#7478=DIRECTION('ref_axis',(-1.,0.,0.));
#7479=DIRECTION('center_axis',(0.,0.,1.));
#7480=DIRECTION('ref_axis',(-1.,0.,0.));
#7481=DIRECTION('',(0.000117021666659529,0.999999993152965,0.));
#7482=DIRECTION('',(-0.70706540656906,0.707148153383242,0.));
#7483=DIRECTION('',(-1.,0.,0.));
#7484=DIRECTION('',(-0.707148152313149,-0.707065407639279,0.));
#7485=DIRECTION('',(-1.19386136680899E-15,-1.,0.));
#7486=DIRECTION('',(0.706999843118678,-0.70721370308427,0.));
#7487=DIRECTION('',(1.,1.33712473082607E-14,0.));
#7488=DIRECTION('',(0.707148153383241,0.707065406569061,0.));
#7489=DIRECTION('center_axis',(0.,0.,1.));
#7490=DIRECTION('ref_axis',(-1.,0.,0.));
#7491=DIRECTION('',(0.,-1.,0.));
#7492=DIRECTION('',(1.,2.9968624135369E-8,0.));
#7493=DIRECTION('center_axis',(1.,0.,0.));
#7494=DIRECTION('ref_axis',(0.,0.,1.));
#7495=DIRECTION('',(0.,0.,-1.));
#7496=DIRECTION('center_axis',(1.36350762553957E-14,-1.,0.));
#7497=DIRECTION('ref_axis',(1.,1.36350762553957E-14,0.));
#7498=DIRECTION('',(1.,1.36350762553957E-14,0.));
#7499=DIRECTION('',(0.,0.,1.));
#7500=DIRECTION('',(1.,1.36350762553957E-14,0.));
#7501=DIRECTION('',(0.,0.,1.));
#7502=DIRECTION('center_axis',(0.707065406569061,-0.707148153383241,0.));
#7503=DIRECTION('ref_axis',(0.707148153383241,0.707065406569061,0.));
#7504=DIRECTION('',(0.707148153383241,0.707065406569061,0.));
#7505=DIRECTION('',(0.707148153383241,0.707065406569061,0.));
#7506=DIRECTION('',(0.,0.,1.));
#7507=DIRECTION('center_axis',(0.999999993152965,-0.000117021666659644,
0.));
#7508=DIRECTION('ref_axis',(0.000117021666659644,0.999999993152965,0.));
#7509=DIRECTION('',(0.000117021666659644,0.999999993152965,0.));
#7510=DIRECTION('',(0.000117021666659644,0.999999993152965,0.));
#7511=DIRECTION('',(0.,0.,1.));
#7512=DIRECTION('center_axis',(0.707148153383242,0.707065406569061,0.));
#7513=DIRECTION('ref_axis',(-0.707065406569061,0.707148153383242,0.));
#7514=DIRECTION('',(-0.707065406569061,0.707148153383242,0.));
#7515=DIRECTION('',(-0.707065406569061,0.707148153383242,0.));
#7516=DIRECTION('',(0.,0.,1.));
#7517=DIRECTION('center_axis',(1.33676169216074E-16,1.,0.));
#7518=DIRECTION('ref_axis',(-1.,1.33676169216074E-16,0.));
#7519=DIRECTION('',(-1.,1.33676169216074E-16,0.));
#7520=DIRECTION('',(-1.,1.33676169216074E-16,0.));
#7521=DIRECTION('',(0.,0.,1.));
#7522=DIRECTION('center_axis',(-0.70721370308427,-0.706999843118677,0.));
#7523=DIRECTION('ref_axis',(0.706999843118677,-0.70721370308427,0.));
#7524=DIRECTION('',(0.706999843118677,-0.70721370308427,0.));
#7525=DIRECTION('',(0.,0.,1.));
#7526=DIRECTION('',(0.706999843118677,-0.70721370308427,0.));
#7527=DIRECTION('center_axis',(-1.,1.06940096238569E-15,0.));
#7528=DIRECTION('ref_axis',(-1.06940096238569E-15,-1.,0.));
#7529=DIRECTION('',(-1.06940096238569E-15,-1.,0.));
#7530=DIRECTION('',(0.,0.,1.));
#7531=DIRECTION('',(-1.06940096238569E-15,-1.,0.));
#7532=DIRECTION('center_axis',(-0.707065407639279,0.707148152313148,0.));
#7533=DIRECTION('ref_axis',(-0.707148152313148,-0.707065407639279,0.));
#7534=DIRECTION('',(-0.707148152313148,-0.707065407639279,0.));
#7535=DIRECTION('',(-0.707148152313148,-0.707065407639279,0.));
#7536=DIRECTION('center_axis',(0.,0.,1.));
#7537=DIRECTION('ref_axis',(1.,0.,0.));
#7538=DIRECTION('center_axis',(0.,0.,-1.));
#7539=DIRECTION('ref_axis',(1.,0.,0.));
#7540=DIRECTION('center_axis',(0.999999993152965,-0.000117021666659529,
0.));
#7541=DIRECTION('ref_axis',(0.000117021666659529,0.999999993152965,0.));
#7542=DIRECTION('',(0.,0.,1.));
#7543=DIRECTION('',(0.000117021666659529,0.999999993152965,0.));
#7544=DIRECTION('',(0.,0.,1.));
#7545=DIRECTION('center_axis',(0.707065406569061,-0.707148153383241,0.));
#7546=DIRECTION('ref_axis',(0.707148153383241,0.707065406569061,0.));
#7547=DIRECTION('',(0.,0.,1.));
#7548=DIRECTION('',(0.707148153383241,0.707065406569061,0.));
#7549=DIRECTION('center_axis',(1.33712473082607E-14,-1.,0.));
#7550=DIRECTION('ref_axis',(1.,1.33712473082607E-14,0.));
#7551=DIRECTION('',(0.,0.,1.));
#7552=DIRECTION('',(1.,1.33712473082607E-14,0.));
#7553=DIRECTION('center_axis',(-0.70721370308427,-0.706999843118678,0.));
#7554=DIRECTION('ref_axis',(0.706999843118678,-0.70721370308427,0.));
#7555=DIRECTION('',(0.,0.,1.));
#7556=DIRECTION('',(0.706999843118678,-0.70721370308427,0.));
#7557=DIRECTION('center_axis',(-1.,1.19386136680899E-15,0.));
#7558=DIRECTION('ref_axis',(-1.19386136680899E-15,-1.,0.));
#7559=DIRECTION('',(0.,0.,1.));
#7560=DIRECTION('',(-1.19386136680899E-15,-1.,0.));
#7561=DIRECTION('center_axis',(-0.707065407639279,0.707148152313149,0.));
#7562=DIRECTION('ref_axis',(-0.707148152313149,-0.707065407639279,0.));
#7563=DIRECTION('',(0.,0.,1.));
#7564=DIRECTION('',(-0.707148152313149,-0.707065407639279,0.));
#7565=DIRECTION('center_axis',(0.,1.,0.));
#7566=DIRECTION('ref_axis',(-1.,0.,0.));
#7567=DIRECTION('',(0.,0.,1.));
#7568=DIRECTION('',(-1.,0.,0.));
#7569=DIRECTION('center_axis',(0.707148153383242,0.70706540656906,0.));
#7570=DIRECTION('ref_axis',(-0.70706540656906,0.707148153383242,0.));
#7571=DIRECTION('',(-0.70706540656906,0.707148153383242,0.));
#7572=DIRECTION('center_axis',(0.,0.,1.));
#7573=DIRECTION('ref_axis',(1.,0.,0.));
#7574=DIRECTION('center_axis',(0.,0.,1.));
#7575=DIRECTION('ref_axis',(-1.,0.,0.));
#7576=DIRECTION('',(0.,0.,1.));
#7577=DIRECTION('center_axis',(0.,0.,1.));
#7578=DIRECTION('ref_axis',(-1.,0.,0.));
#7579=DIRECTION('center_axis',(0.,0.,1.));
#7580=DIRECTION('ref_axis',(-1.,0.,0.));
#7581=DIRECTION('center_axis',(0.,0.,1.));
#7582=DIRECTION('ref_axis',(-1.,0.,0.));
#7583=DIRECTION('',(0.,0.,1.));
#7584=DIRECTION('center_axis',(0.,0.,1.));
#7585=DIRECTION('ref_axis',(-1.,0.,0.));
#7586=DIRECTION('center_axis',(0.,0.,1.));
#7587=DIRECTION('ref_axis',(-1.,0.,0.));
#7588=DIRECTION('center_axis',(0.,0.,1.));
#7589=DIRECTION('ref_axis',(1.,0.,0.));
#7590=DIRECTION('',(0.,0.,-1.));
#7591=DIRECTION('center_axis',(-2.99714283035974E-8,1.,0.));
#7592=DIRECTION('ref_axis',(-1.,-2.99714283035974E-8,0.));
#7593=DIRECTION('',(0.,0.,1.));
#7594=DIRECTION('',(-1.,-2.99714283035974E-8,0.));
#7595=DIRECTION('',(0.,0.,1.));
#7596=DIRECTION('center_axis',(0.,0.,1.));
#7597=DIRECTION('ref_axis',(0.999999634808303,-0.000854624631142435,0.));
#7598=DIRECTION('center_axis',(0.,0.,1.));
#7599=DIRECTION('ref_axis',(0.999999634808303,-0.000854624631142435,0.));
#7600=DIRECTION('',(0.,0.,1.));
#7601=DIRECTION('center_axis',(-0.000117021666658526,-0.999999993152965,
0.));
#7602=DIRECTION('ref_axis',(0.999999993152965,-0.000117021666658526,0.));
#7603=DIRECTION('',(-0.999999993152965,0.000117021666658526,0.));
#7604=DIRECTION('',(0.,0.,-1.));
#7605=DIRECTION('center_axis',(1.,2.85292190200437E-8,0.));
#7606=DIRECTION('ref_axis',(-2.85292190200437E-8,1.,0.));
#7607=DIRECTION('',(2.85292190200437E-8,-1.,0.));
#7608=DIRECTION('',(0.,0.,-1.));
#7609=DIRECTION('center_axis',(2.9968624135369E-8,-1.,0.));
#7610=DIRECTION('ref_axis',(1.,2.9968624135369E-8,0.));
#7611=DIRECTION('',(-1.,-2.9968624135369E-8,0.));
#7612=DIRECTION('',(0.,0.,-1.));
#7613=DIRECTION('center_axis',(-1.,-2.9971770924872E-8,0.));
#7614=DIRECTION('ref_axis',(2.9971770924872E-8,-1.,0.));
#7615=DIRECTION('',(-2.9971770924872E-8,1.,0.));
#7616=DIRECTION('',(0.,0.,1.));
#7617=DIRECTION('center_axis',(-0.000117021666658526,-0.999999993152965,
0.));
#7618=DIRECTION('ref_axis',(0.999999993152965,-0.000117021666658526,0.));
#7619=DIRECTION('',(-0.999999993152965,0.000117021666658526,0.));
#7620=DIRECTION('',(0.,0.,-1.));
#7621=DIRECTION('center_axis',(0.,0.,1.));
#7622=DIRECTION('ref_axis',(-5.68188661691885E-6,0.999999999983858,0.));
#7623=DIRECTION('center_axis',(0.,0.,1.));
#7624=DIRECTION('ref_axis',(-5.68188661691885E-6,0.999999999983858,0.));
#7625=DIRECTION('center_axis',(0.,0.,1.));
#7626=DIRECTION('ref_axis',(1.,0.,0.));
#7627=DIRECTION('axis',(0.,0.,1.));
#7628=DIRECTION('refdir',(1.,0.,0.));
#7629=DIRECTION('center_axis',(0.,0.,1.));
#7630=DIRECTION('ref_axis',(-1.,0.,0.));
#7631=DIRECTION('center_axis',(0.,0.,1.));
#7632=DIRECTION('ref_axis',(-1.,0.,0.));
#7633=DIRECTION('center_axis',(0.,0.,1.));
#7634=DIRECTION('ref_axis',(-1.,0.,0.));
#7635=DIRECTION('center_axis',(0.,0.,1.));
#7636=DIRECTION('ref_axis',(-1.,0.,0.));
#7637=DIRECTION('',(-1.,0.,0.));
#7638=DIRECTION('center_axis',(0.,0.,-1.));
#7639=DIRECTION('ref_axis',(-1.,0.,0.));
#7640=DIRECTION('',(0.,1.,0.));
#7641=DIRECTION('center_axis',(0.,0.,-1.));
#7642=DIRECTION('ref_axis',(1.38777878078145E-16,1.,0.));
#7643=DIRECTION('',(1.,0.,0.));
#7644=DIRECTION('center_axis',(0.,0.,-1.));
#7645=DIRECTION('ref_axis',(1.,5.55111512312578E-16,0.));
#7646=DIRECTION('',(-1.38777878078145E-16,-1.,0.));
#7647=DIRECTION('center_axis',(0.,0.,-1.));
#7648=DIRECTION('ref_axis',(0.,-1.,0.));
#7649=DIRECTION('center_axis',(0.,0.,1.));
#7650=DIRECTION('ref_axis',(-1.,0.,0.));
#7651=DIRECTION('center_axis',(0.,0.,1.));
#7652=DIRECTION('ref_axis',(-1.,0.,0.));
#7653=DIRECTION('',(0.,0.,-1.));
#7654=DIRECTION('center_axis',(0.,0.,1.));
#7655=DIRECTION('ref_axis',(-1.,0.,0.));
#7656=DIRECTION('center_axis',(0.,1.,0.));
#7657=DIRECTION('ref_axis',(-1.,0.,0.));
#7658=DIRECTION('',(-1.,0.,0.));
#7659=DIRECTION('',(0.,0.,1.));
#7660=DIRECTION('',(0.,0.,1.));
#7661=DIRECTION('center_axis',(0.,0.,1.));
#7662=DIRECTION('ref_axis',(0.,-1.,0.));
#7663=DIRECTION('center_axis',(0.,0.,-1.));
#7664=DIRECTION('ref_axis',(0.,-1.,0.));
#7665=DIRECTION('',(0.,0.,1.));
#7666=DIRECTION('center_axis',(-1.,1.38777878078145E-16,0.));
#7667=DIRECTION('ref_axis',(-1.38777878078145E-16,-1.,0.));
#7668=DIRECTION('',(-1.38777878078145E-16,-1.,0.));
#7669=DIRECTION('',(0.,0.,1.));
#7670=DIRECTION('center_axis',(0.,0.,1.));
#7671=DIRECTION('ref_axis',(1.,5.55111512312578E-16,0.));
#7672=DIRECTION('center_axis',(0.,0.,-1.));
#7673=DIRECTION('ref_axis',(1.,5.55111512312578E-16,0.));
#7674=DIRECTION('',(0.,0.,1.));
#7675=DIRECTION('center_axis',(0.,-1.,0.));
#7676=DIRECTION('ref_axis',(1.,0.,0.));
#7677=DIRECTION('',(1.,0.,0.));
#7678=DIRECTION('',(0.,0.,1.));
#7679=DIRECTION('center_axis',(0.,0.,1.));
#7680=DIRECTION('ref_axis',(1.38777878078145E-16,1.,0.));
#7681=DIRECTION('center_axis',(0.,0.,-1.));
#7682=DIRECTION('ref_axis',(1.38777878078145E-16,1.,0.));
#7683=DIRECTION('',(0.,0.,1.));
#7684=DIRECTION('center_axis',(1.,0.,0.));
#7685=DIRECTION('ref_axis',(0.,1.,0.));
#7686=DIRECTION('',(0.,1.,0.));
#7687=DIRECTION('',(0.,0.,1.));
#7688=DIRECTION('center_axis',(0.,0.,1.));
#7689=DIRECTION('ref_axis',(-1.,0.,0.));
#7690=DIRECTION('center_axis',(0.,0.,-1.));
#7691=DIRECTION('ref_axis',(-1.,0.,0.));
#7692=DIRECTION('center_axis',(0.,0.,1.));
#7693=DIRECTION('ref_axis',(-1.,0.,0.));
#7694=DIRECTION('',(0.,0.,-1.));
#7695=DIRECTION('center_axis',(0.,0.,1.));
#7696=DIRECTION('ref_axis',(-1.,0.,0.));
#7697=DIRECTION('center_axis',(0.,0.,1.));
#7698=DIRECTION('ref_axis',(-1.,0.,0.));
#7699=DIRECTION('axis',(0.,0.,1.));
#7700=DIRECTION('refdir',(1.,0.,0.));
#7701=DIRECTION('center_axis',(0.0653985200139758,-0.871454091311526,-0.486097521405308));
#7702=DIRECTION('ref_axis',(-0.116196678844401,-0.49047708074527,0.863672718736171));
#7703=DIRECTION('center_axis',(-0.707106781191581,-0.707106781181514,0.));
#7704=DIRECTION('ref_axis',(0.,0.,1.));
#7705=DIRECTION('center_axis',(0.436317658024151,-0.899792699068135,3.84647332175593E-11));
#7706=DIRECTION('ref_axis',(-0.85575370976874,-0.414962751827814,0.309016994374951));
#7707=DIRECTION('center_axis',(-0.0183706610495688,0.62126235887219,0.783387260721774));
#7708=DIRECTION('ref_axis',(0.612372435695771,-0.612372435695773,0.500000000000055));
#7709=DIRECTION('center_axis',(-0.117731003933402,-0.964342828224921,0.237028100367855));
#7710=DIRECTION('ref_axis',(-0.428983129372068,0.264656210301516,0.863672718721037));
#7711=DIRECTION('center_axis',(0.426308807892056,-0.452288845882497,0.783387260685246));
#7712=DIRECTION('ref_axis',(-0.898532226959899,-0.311686275446894,0.309016994374948));
#7713=DIRECTION('center_axis',(-0.327726344406449,0.944772693922716,0.));
#7714=DIRECTION('ref_axis',(0.,0.,1.));
#7715=DIRECTION('center_axis',(-1.,-3.56132689518183E-12,6.16839912481736E-12));
#7716=DIRECTION('ref_axis',(0.,0.866025403784471,0.499999999999944));
#7717=DIRECTION('center_axis',(0.,0.,1.));
#7718=DIRECTION('ref_axis',(1.,0.,0.));
#7719=DIRECTION('center_axis',(0.,0.,-1.));
#7720=DIRECTION('ref_axis',(-0.923879532511301,-0.382683432365055,0.));
#7721=DIRECTION('center_axis',(0.,0.,1.));
#7722=DIRECTION('ref_axis',(-0.923879532511301,-0.382683432365055,0.));
#7723=DIRECTION('center_axis',(0.0352457988297461,-0.992726998099991,0.115112296946219));
#7724=DIRECTION('ref_axis',(0.290640704959118,0.120387321771778,0.94922856751021));
#7725=DIRECTION('center_axis',(1.,2.56395024851132E-15,0.));
#7726=DIRECTION('ref_axis',(0.,0.,1.));
#7727=DIRECTION('center_axis',(0.707106781186549,0.707106781186546,-3.92523114670943E-15));
#7728=DIRECTION('ref_axis',(0.612372435695772,-0.612372435695772,0.500000000000056));
#7729=DIRECTION('center_axis',(-0.770076152379148,-0.318975986375478,0.552482614796808));
#7730=DIRECTION('ref_axis',(0.,0.866025403784471,0.499999999999944));
#7731=DIRECTION('center_axis',(0.707106781186548,0.707106781186547,0.));
#7732=DIRECTION('ref_axis',(0.353553390593254,-0.353553390593254,0.866025403784455));
#7733=DIRECTION('',(-0.707106781186548,-0.707106781186547,0.));
#7734=DIRECTION('',(0.707106781186548,0.707106781186547,0.));
#7735=DIRECTION('center_axis',(-1.,6.12323399573677E-17,0.));
#7736=DIRECTION('ref_axis',(6.12323399573677E-17,1.,0.));
#7737=DIRECTION('center_axis',(1.,-6.12323399573677E-17,0.));
#7738=DIRECTION('ref_axis',(-7.48068355740234E-17,-0.499999999999944,0.866025403784471));
#7739=DIRECTION('',(3.87267321454074E-17,0.632455532033733,0.774596669241436));
#7740=DIRECTION('',(0.,0.,-1.));
#7741=DIRECTION('center_axis',(0.770076152379149,0.318975986375477,-0.552482614796807));
#7742=DIRECTION('ref_axis',(0.51042737987907,0.21142594335253,0.833524420966345));
#7743=DIRECTION('center_axis',(0.,0.,-1.));
#7744=DIRECTION('ref_axis',(0.923879532511293,0.382683432365076,0.));
#7745=DIRECTION('center_axis',(1.,-6.12323399573677E-17,0.));
#7746=DIRECTION('ref_axis',(-7.48068355740234E-17,-0.499999999999944,0.866025403784471));
#7747=DIRECTION('',(-0.770076152379149,-0.318975986375477,0.552482614796807));
#7748=DIRECTION('',(0.770076152379149,0.318975986375477,-0.552482614796807));
#7749=DIRECTION('center_axis',(-1.,6.12323399573677E-17,0.));
#7750=DIRECTION('ref_axis',(0.,0.500000000000029,0.866025403784422));
#7751=DIRECTION('',(1.,-6.12323399573677E-17,0.));
#7752=DIRECTION('',(-1.,6.12323399573677E-17,0.));
#7753=DIRECTION('center_axis',(-5.30287619362473E-17,-0.866025403784471,
-0.499999999999944));
#7754=DIRECTION('ref_axis',(-3.06161699786804E-17,-0.499999999999944,0.866025403784471));
#7755=DIRECTION('',(-3.06161699786804E-17,-0.499999999999944,0.866025403784471));
#7756=DIRECTION('',(-1.,6.12323399573677E-17,0.));
#7757=DIRECTION('center_axis',(0.,0.,1.));
#7758=DIRECTION('ref_axis',(-1.,0.,0.));
#7759=DIRECTION('',(6.12323399573677E-17,1.,0.));
#7760=DIRECTION('center_axis',(0.,0.,-1.));
#7761=DIRECTION('ref_axis',(-1.,0.,0.));
#7762=DIRECTION('',(-0.707106781186548,-0.707106781186547,0.));
#7763=DIRECTION('',(-0.707106781186547,0.707106781186548,0.));
#7764=DIRECTION('center_axis',(0.,0.,-1.));
#7765=DIRECTION('ref_axis',(0.382683432365104,0.923879532511281,0.));
#7766=DIRECTION('center_axis',(0.,0.,-1.));
#7767=DIRECTION('ref_axis',(-1.,0.,0.));
#7768=DIRECTION('',(-1.22464679914735E-16,-1.,0.));
#7769=DIRECTION('',(-1.,1.22464679914735E-16,0.));
#7770=DIRECTION('',(1.22464679914735E-16,1.,0.));
#7771=DIRECTION('center_axis',(0.,0.,-1.));
#7772=DIRECTION('ref_axis',(-1.,0.,0.));
#7773=DIRECTION('center_axis',(0.,0.,-1.));
#7774=DIRECTION('ref_axis',(-0.382683432365076,0.923879532511293,0.));
#7775=DIRECTION('',(-0.707106781186548,-0.707106781186547,0.));
#7776=DIRECTION('',(-0.707106781186547,0.707106781186548,0.));
#7777=DIRECTION('center_axis',(0.,0.,-1.));
#7778=DIRECTION('ref_axis',(-1.,0.,0.));
#7779=DIRECTION('center_axis',(0.,0.,-1.));
#7780=DIRECTION('ref_axis',(-0.923879532511281,0.382683432365103,0.));
#7781=DIRECTION('',(-1.83697019872103E-16,-1.,0.));
#7782=DIRECTION('',(-1.,1.83697019872103E-16,0.));
#7783=DIRECTION('center_axis',(0.,0.,-1.));
#7784=DIRECTION('ref_axis',(-1.,0.,0.));
#7785=DIRECTION('center_axis',(0.,0.,-1.));
#7786=DIRECTION('ref_axis',(-0.923879532511292,-0.382683432365076,-7.66723649565658E-17));
#7787=DIRECTION('',(0.707106781186547,-0.707106781186548,0.));
#7788=DIRECTION('',(-0.707106781186548,-0.707106781186547,0.));
#7789=DIRECTION('center_axis',(0.,0.,-1.));
#7790=DIRECTION('ref_axis',(-1.,0.,0.));
#7791=DIRECTION('center_axis',(0.,0.,-1.));
#7792=DIRECTION('ref_axis',(-0.382683432365104,-0.923879532511281,0.));
#7793=DIRECTION('',(1.,0.,0.));
#7794=DIRECTION('center_axis',(0.,0.,-1.));
#7795=DIRECTION('ref_axis',(0.382683432365076,-0.923879532511292,0.));
#7796=DIRECTION('center_axis',(0.,0.,-1.));
#7797=DIRECTION('ref_axis',(-1.,0.,0.));
#7798=DIRECTION('',(-0.707106781186547,0.707106781186548,0.));
#7799=DIRECTION('',(0.707106781186548,0.707106781186547,0.));
#7800=DIRECTION('',(0.707106781186547,-0.707106781186548,0.));
#7801=DIRECTION('center_axis',(0.,0.,-1.));
#7802=DIRECTION('ref_axis',(-1.,0.,0.));
#7803=DIRECTION('center_axis',(0.,0.,-1.));
#7804=DIRECTION('ref_axis',(0.923879532511281,-0.382683432365104,0.));
#7805=DIRECTION('center_axis',(0.,0.,-1.));
#7806=DIRECTION('ref_axis',(-1.,0.,0.));
#7807=DIRECTION('center_axis',(-0.612372435695771,0.612372435695771,-0.500000000000057));
#7808=DIRECTION('ref_axis',(-0.353553390593314,0.353553390593314,0.866025403784406));
#7809=DIRECTION('center_axis',(-0.612372435695771,0.612372435695771,-0.500000000000057));
#7810=DIRECTION('ref_axis',(0.353553390593314,-0.353553390593314,-0.866025403784406));
#7811=DIRECTION('',(-0.707106781186548,-0.707106781186547,0.));
#7812=DIRECTION('',(-0.353553390593314,0.353553390593314,0.866025403784406));
#7813=DIRECTION('center_axis',(0.,0.,1.));
#7814=DIRECTION('ref_axis',(0.660616093606664,0.750723901889284,0.));
#7815=DIRECTION('',(0.,0.,1.));
#7816=DIRECTION('center_axis',(0.,0.,1.));
#7817=DIRECTION('ref_axis',(-1.,0.,0.));
#7818=DIRECTION('',(0.,0.,1.));
#7819=DIRECTION('center_axis',(0.,0.,-1.));
#7820=DIRECTION('ref_axis',(-1.,0.,0.));
#7821=DIRECTION('center_axis',(0.,0.,1.));
#7822=DIRECTION('ref_axis',(1.,0.,0.));
#7823=DIRECTION('center_axis',(-0.0352457988297319,-0.992726998099997,-0.115112296946165));
#7824=DIRECTION('ref_axis',(0.290640704959138,-0.120387321771723,0.949228567510211));
#7825=DIRECTION('center_axis',(0.707106781186547,-0.707106781186549,1.17756934401283E-15));
#7826=DIRECTION('ref_axis',(-1.11022302462516E-15,5.55111512312578E-16,
1.));
#7827=DIRECTION('center_axis',(1.,1.2819751242559E-15,2.22044604925031E-15));
#7828=DIRECTION('ref_axis',(0.,-0.866025403784406,0.500000000000056));
#7829=DIRECTION('center_axis',(-0.770076152379109,0.318975986375572,0.552482614796807));
#7830=DIRECTION('ref_axis',(0.612372435695817,0.612372435695817,0.499999999999945));
#7831=DIRECTION('center_axis',(-0.0653985199987925,-0.871454091291433,0.486097521443372));
#7832=DIRECTION('ref_axis',(-0.116196678806289,0.490477080780969,0.863672718721025));
#7833=DIRECTION('center_axis',(-0.018370661038521,-0.621262358918566,0.783387260685254));
#7834=DIRECTION('ref_axis',(-0.855753709769271,0.414962751826721,0.309016994374947));
#7835=DIRECTION('center_axis',(0.436317658049379,0.899792699055902,0.));
#7836=DIRECTION('ref_axis',(0.,0.,1.));
#7837=DIRECTION('center_axis',(-0.707106781189084,0.707106781184011,6.21285585901169E-12));
#7838=DIRECTION('ref_axis',(0.612372435695818,0.612372435695817,0.499999999999944));
#7839=DIRECTION('center_axis',(0.117731003908912,-0.964342828239244,-0.237028100321747));
#7840=DIRECTION('ref_axis',(-0.428983129373796,-0.264656210249328,0.863672718736171));
#7841=DIRECTION('center_axis',(-1.,7.12008984011648E-12,0.));
#7842=DIRECTION('ref_axis',(0.,0.,1.));
#7843=DIRECTION('center_axis',(-0.327726344432916,-0.944772693913535,3.8464896737865E-11));
#7844=DIRECTION('ref_axis',(-0.898532226960298,0.311686275445744,0.30901699437495));
#7845=DIRECTION('center_axis',(0.426308807851452,0.452288845857505,0.783387260721771));
#7846=DIRECTION('ref_axis',(-1.11022302462516E-15,-0.866025403784407,0.500000000000056));
#7847=DIRECTION('center_axis',(0.,0.,1.));
#7848=DIRECTION('ref_axis',(1.,0.,0.));
#7849=DIRECTION('center_axis',(0.,0.,-1.));
#7850=DIRECTION('ref_axis',(-0.923879532511272,0.382683432365124,0.));
#7851=DIRECTION('center_axis',(-1.87685564849403E-16,-4.53113036121035E-16,
1.));
#7852=DIRECTION('ref_axis',(-0.923879532511272,0.382683432365124,0.));
#7853=DIRECTION('center_axis',(1.,-6.12323399573677E-17,0.));
#7854=DIRECTION('ref_axis',(0.,-0.499999999999972,0.866025403784455));
#7855=DIRECTION('',(-1.,6.12323399573677E-17,0.));
#7856=DIRECTION('',(1.,-6.12323399573677E-17,0.));
#7857=DIRECTION('center_axis',(-0.707106781186547,0.707106781186548,0.));
#7858=DIRECTION('ref_axis',(0.353553390593294,0.353553390593294,0.866025403784422));
#7859=DIRECTION('',(0.707106781186547,-0.707106781186548,0.));
#7860=DIRECTION('',(-0.707106781186547,0.707106781186548,0.));
#7861=DIRECTION('center_axis',(-1.,6.12323399573677E-17,0.));
#7862=DIRECTION('ref_axis',(6.12323399573677E-17,1.,0.));
#7863=DIRECTION('center_axis',(1.,-6.12323399573677E-17,0.));
#7864=DIRECTION('ref_axis',(-1.06998150131489E-17,0.500000000000057,0.866025403784406));
#7865=DIRECTION('',(0.,0.,1.));
#7866=DIRECTION('',(3.87267321454004E-17,0.632455532033619,-0.77459666924153));
#7867=DIRECTION('center_axis',(-0.770076152379109,0.318975986375573,0.552482614796807));
#7868=DIRECTION('ref_axis',(0.510427379879105,-0.211425943352434,0.833524420966348));
#7869=DIRECTION('',(-0.770076152379109,0.318975986375573,0.552482614796807));
#7870=DIRECTION('',(0.770076152379109,-0.318975986375573,-0.552482614796807));
#7871=DIRECTION('center_axis',(1.,-6.12323399573677E-17,0.));
#7872=DIRECTION('ref_axis',(-1.06998150131489E-17,0.500000000000057,0.866025403784406));
#7873=DIRECTION('center_axis',(0.,0.,1.));
#7874=DIRECTION('ref_axis',(1.,0.,0.));
#7875=DIRECTION('center_axis',(0.,0.,-1.));
#7876=DIRECTION('ref_axis',(-1.,0.,0.));
#7877=DIRECTION('center_axis',(0.,0.,-1.));
#7878=DIRECTION('ref_axis',(-1.,0.,0.));
#7879=DIRECTION('center_axis',(0.,0.,1.));
#7880=DIRECTION('ref_axis',(0.750723901889285,-0.660616093606663,0.));
#7881=DIRECTION('',(0.,0.,1.));
#7882=DIRECTION('center_axis',(0.,0.,1.));
#7883=DIRECTION('ref_axis',(-1.,0.,0.));
#7884=DIRECTION('',(0.,0.,1.));
#7885=DIRECTION('center_axis',(0.,0.,1.));
#7886=DIRECTION('ref_axis',(-1.,0.,0.));
#7887=DIRECTION('',(0.,0.,1.));
#7888=DIRECTION('center_axis',(0.,0.,1.));
#7889=DIRECTION('ref_axis',(-1.,0.,0.));
#7890=DIRECTION('center_axis',(-0.612372435695817,-0.612372435695817,-0.499999999999944));
#7891=DIRECTION('ref_axis',(-0.353553390593234,-0.353553390593234,0.866025403784471));
#7892=DIRECTION('center_axis',(-0.612372435695817,-0.612372435695817,-0.499999999999944));
#7893=DIRECTION('ref_axis',(-0.353553390593234,-0.353553390593234,0.866025403784471));
#7894=DIRECTION('',(-0.353553390593234,-0.353553390593234,0.866025403784471));
#7895=DIRECTION('',(-0.707106781186547,0.707106781186548,0.));
#7896=DIRECTION('center_axis',(0.,0.,-1.));
#7897=DIRECTION('ref_axis',(-1.,0.,0.));
#7898=DIRECTION('center_axis',(0.,0.,1.));
#7899=DIRECTION('ref_axis',(1.,0.,0.));
#7900=DIRECTION('center_axis',(-0.0573804904183465,-0.993226223894483,-0.101040326046867));
#7901=DIRECTION('ref_axis',(0.4904770807843,-0.116196678817886,0.863672718717573));
#7902=DIRECTION('center_axis',(-0.621262358872205,-0.0183706610495481,0.783387260721762));
#7903=DIRECTION('ref_axis',(0.612372435695772,0.61237243569577,0.500000000000058));
#7904=DIRECTION('center_axis',(0.707106781181461,-0.707106781191634,0.));
#7905=DIRECTION('ref_axis',(0.,0.,1.));
#7906=DIRECTION('center_axis',(0.899792699068138,0.436317658024147,3.84587846202558E-11));
#7907=DIRECTION('ref_axis',(0.414962751827811,-0.855753709768741,0.30901699437495));
#7908=DIRECTION('center_axis',(0.125685240885986,-0.903312501142509,-0.410158195703921));
#7909=DIRECTION('ref_axis',(-0.264656210302521,-0.428983129364856,0.863672718724311));
#7910=DIRECTION('center_axis',(-0.944772693922716,-0.327726344406448,0.));
#7911=DIRECTION('ref_axis',(0.,0.,1.));
#7912=DIRECTION('center_axis',(3.56260887030608E-12,-1.,6.17061957086662E-12));
#7913=DIRECTION('ref_axis',(-0.866025403784471,0.,0.499999999999944));
#7914=DIRECTION('center_axis',(0.452288845882492,0.426308807892054,0.783387260685249));
#7915=DIRECTION('ref_axis',(0.311686275446894,-0.8985322269599,0.309016994374948));
#7916=DIRECTION('center_axis',(-0.0365680144784246,-0.956832263576468,0.288331059194526));
#7917=DIRECTION('ref_axis',(-0.120387321771773,0.290640704959115,0.949228567510212));
#7918=DIRECTION('center_axis',(1.28197512425566E-15,1.,0.));
#7919=DIRECTION('ref_axis',(0.,0.,1.));
#7920=DIRECTION('center_axis',(-0.70710678118655,0.707106781186545,4.31775426138038E-15));
#7921=DIRECTION('ref_axis',(0.612372435695771,0.612372435695772,0.500000000000056));
#7922=DIRECTION('center_axis',(0.318975986375479,-0.770076152379147,0.552482614796808));
#7923=DIRECTION('ref_axis',(-0.866025403784471,0.,0.499999999999945));
#7924=DIRECTION('center_axis',(-0.707106781186547,0.707106781186548,0.));
#7925=DIRECTION('ref_axis',(0.353553390593254,0.353553390593254,0.866025403784455));
#7926=DIRECTION('',(0.707106781186547,-0.707106781186548,0.));
#7927=DIRECTION('',(-0.707106781186547,0.707106781186548,0.));
#7928=DIRECTION('center_axis',(0.707106781186547,-0.707106781186548,0.));
#7929=DIRECTION('ref_axis',(-0.707106781186548,-0.707106781186547,0.));
#7930=DIRECTION('center_axis',(-0.707106781186547,0.707106781186548,0.));
#7931=DIRECTION('ref_axis',(-0.353553390593314,-0.353553390593314,0.866025403784406));
#7932=DIRECTION('',(0.,0.,1.));
#7933=DIRECTION('',(-0.447213595499918,-0.447213595499918,-0.77459666924153));
#7934=DIRECTION('center_axis',(0.318975986375477,-0.770076152379149,0.552482614796807));
#7935=DIRECTION('ref_axis',(-0.211425943352528,0.510427379879067,0.833524420966347));
#7936=DIRECTION('',(0.318975986375477,-0.770076152379149,0.552482614796807));
#7937=DIRECTION('',(-0.318975986375477,0.770076152379149,-0.552482614796807));
#7938=DIRECTION('center_axis',(-0.707106781186547,0.707106781186548,0.));
#7939=DIRECTION('ref_axis',(-0.353553390593314,-0.353553390593314,0.866025403784406));
#7940=DIRECTION('center_axis',(-1.22464679914735E-16,-1.,0.));
#7941=DIRECTION('ref_axis',(-0.500000000000029,0.,0.866025403784422));
#7942=DIRECTION('',(1.22464679914735E-16,1.,0.));
#7943=DIRECTION('',(-1.22464679914735E-16,-1.,0.));
#7944=DIRECTION('center_axis',(0.,0.,1.));
#7945=DIRECTION('ref_axis',(1.,0.,0.));
#7946=DIRECTION('center_axis',(0.,0.,-1.));
#7947=DIRECTION('ref_axis',(0.382683432365057,-0.9238795325113,0.));
#7948=DIRECTION('center_axis',(0.,0.,1.));
#7949=DIRECTION('ref_axis',(0.382683432365057,-0.9238795325113,0.));
#7950=DIRECTION('center_axis',(0.866025403784471,-1.06057523872495E-16,
-0.499999999999944));
#7951=DIRECTION('ref_axis',(0.499999999999944,-6.12323399573608E-17,0.866025403784471));
#7952=DIRECTION('center_axis',(0.866025403784471,-1.06057523872495E-16,
-0.499999999999944));
#7953=DIRECTION('ref_axis',(-0.499999999999944,0.,-0.866025403784471));
#7954=DIRECTION('',(0.499999999999944,-6.12323399573608E-17,0.866025403784471));
#7955=DIRECTION('',(-1.22464679914735E-16,-1.,0.));
#7956=DIRECTION('center_axis',(0.,0.,-1.));
#7957=DIRECTION('ref_axis',(-1.,0.,0.));
#7958=DIRECTION('center_axis',(-0.612372435695771,-0.612372435695771,-0.500000000000057));
#7959=DIRECTION('ref_axis',(0.353553390593314,0.353553390593314,-0.866025403784406));
#7960=DIRECTION('',(0.707106781186547,-0.707106781186548,0.));
#7961=DIRECTION('',(-0.353553390593314,-0.353553390593314,0.866025403784406));
#7962=DIRECTION('center_axis',(0.,0.,1.));
#7963=DIRECTION('ref_axis',(-1.,0.,0.));
#7964=DIRECTION('',(0.,0.,1.));
#7965=DIRECTION('center_axis',(0.,0.,1.));
#7966=DIRECTION('ref_axis',(-1.,0.,0.));
#7967=DIRECTION('',(0.,0.,1.));
#7968=DIRECTION('center_axis',(0.,0.,-1.));
#7969=DIRECTION('ref_axis',(-1.,0.,0.));
#7970=DIRECTION('center_axis',(0.,0.,1.));
#7971=DIRECTION('ref_axis',(1.,0.,0.));
#7972=DIRECTION('center_axis',(0.0365680144784126,-0.956832263576462,0.288331059194551));
#7973=DIRECTION('ref_axis',(0.120387321771723,0.290640704959138,0.949228567510211));
#7974=DIRECTION('center_axis',(0.707106781186551,0.707106781186544,3.92523114670945E-16));
#7975=DIRECTION('ref_axis',(-5.55111512312578E-16,0.,1.));
#7976=DIRECTION('center_axis',(-1.92296268638385E-15,1.,3.33066907387547E-15));
#7977=DIRECTION('ref_axis',(0.866025403784406,0.,0.500000000000056));
#7978=DIRECTION('center_axis',(-0.318975986375573,-0.770076152379109,0.552482614796807));
#7979=DIRECTION('ref_axis',(-0.612372435695817,0.612372435695818,0.499999999999944));
#7980=DIRECTION('center_axis',(0.0573804904121443,-0.99322622389584,-0.10104032603704));
#7981=DIRECTION('ref_axis',(-0.490477080780956,-0.116196678806279,0.863672718721034));
#7982=DIRECTION('center_axis',(0.621262358918571,-0.0183706610385227,0.78338726068525));
#7983=DIRECTION('ref_axis',(-0.41496275182672,-0.855753709769271,0.309016994374948));
#7984=DIRECTION('center_axis',(-0.899792699055911,0.436317658049361,0.));
#7985=DIRECTION('ref_axis',(0.,0.,1.));
#7986=DIRECTION('center_axis',(-0.707106781184029,-0.707106781189066,6.16889327016855E-12));
#7987=DIRECTION('ref_axis',(-0.612372435695817,0.612372435695817,0.499999999999945));
#7988=DIRECTION('center_axis',(-0.125685240863935,-0.903312501138265,-0.410158195720025));
#7989=DIRECTION('ref_axis',(0.264656210249331,-0.428983129373793,0.863672718736171));
#7990=DIRECTION('center_axis',(-7.09957823812839E-12,-1.,0.));
#7991=DIRECTION('ref_axis',(0.,0.,1.));
#7992=DIRECTION('center_axis',(0.944772693913535,-0.327726344432916,3.84638117640082E-11));
#7993=DIRECTION('ref_axis',(-0.311686275445744,-0.898532226960299,0.309016994374946));
#7994=DIRECTION('center_axis',(-0.452288845857507,0.426308807851438,0.783387260721777));
#7995=DIRECTION('ref_axis',(0.866025403784408,0.,0.500000000000054));
#7996=DIRECTION('center_axis',(0.,0.,1.));
#7997=DIRECTION('ref_axis',(1.,0.,0.));
#7998=DIRECTION('center_axis',(0.,0.,-1.));
#7999=DIRECTION('ref_axis',(-0.382683432365124,-0.923879532511272,0.));
#8000=DIRECTION('center_axis',(-1.87685564849403E-16,-4.53113036121035E-16,
1.));
#8001=DIRECTION('ref_axis',(-0.382683432365124,-0.923879532511272,-4.90446016148222E-16));
#8002=DIRECTION('center_axis',(1.22464679914735E-16,1.,0.));
#8003=DIRECTION('ref_axis',(0.499999999999972,0.,0.866025403784455));
#8004=DIRECTION('',(-1.22464679914735E-16,-1.,0.));
#8005=DIRECTION('',(1.22464679914735E-16,1.,0.));
#8006=DIRECTION('center_axis',(-0.707106781186548,-0.707106781186547,0.));
#8007=DIRECTION('ref_axis',(-0.353553390593294,0.353553390593294,0.866025403784422));
#8008=DIRECTION('',(0.707106781186548,0.707106781186547,0.));
#8009=DIRECTION('',(-0.707106781186548,-0.707106781186547,0.));
#8010=DIRECTION('center_axis',(-0.707106781186548,-0.707106781186547,0.));
#8011=DIRECTION('ref_axis',(-0.707106781186547,0.707106781186548,0.));
#8012=DIRECTION('center_axis',(0.707106781186548,0.707106781186547,0.));
#8013=DIRECTION('ref_axis',(0.353553390593234,-0.353553390593234,0.866025403784471));
#8014=DIRECTION('',(-0.447213595499998,0.447213595499999,0.774596669241436));
#8015=DIRECTION('',(0.,0.,-1.));
#8016=DIRECTION('center_axis',(0.318975986375573,0.770076152379109,-0.552482614796807));
#8017=DIRECTION('ref_axis',(0.211425943352434,0.510427379879106,0.833524420966347));
#8018=DIRECTION('center_axis',(0.707106781186548,0.707106781186547,0.));
#8019=DIRECTION('ref_axis',(0.353553390593234,-0.353553390593234,0.866025403784471));
#8020=DIRECTION('',(-0.318975986375573,-0.770076152379109,0.552482614796807));
#8021=DIRECTION('',(0.318975986375573,0.770076152379109,-0.552482614796807));
#8022=DIRECTION('center_axis',(0.,0.,-1.));
#8023=DIRECTION('ref_axis',(-1.,0.,0.));
#8024=DIRECTION('center_axis',(0.,0.,-1.));
#8025=DIRECTION('ref_axis',(-1.,0.,0.));
#8026=DIRECTION('center_axis',(0.,0.,1.));
#8027=DIRECTION('ref_axis',(-1.,0.,0.));
#8028=DIRECTION('center_axis',(0.,0.,-1.));
#8029=DIRECTION('ref_axis',(-1.,0.,0.));
#8030=DIRECTION('center_axis',(0.,0.,1.));
#8031=DIRECTION('ref_axis',(-1.,0.,0.));
#8032=DIRECTION('center_axis',(0.,0.,-1.));
#8033=DIRECTION('ref_axis',(-1.,0.,0.));
#8034=DIRECTION('center_axis',(0.,0.,1.));
#8035=DIRECTION('ref_axis',(-1.,0.,0.));
#8036=DIRECTION('center_axis',(0.,0.,-1.));
#8037=DIRECTION('ref_axis',(-1.,0.,0.));
#8038=DIRECTION('center_axis',(0.,0.,1.));
#8039=DIRECTION('ref_axis',(-1.,0.,0.));
#8040=DIRECTION('center_axis',(0.,0.,-1.));
#8041=DIRECTION('ref_axis',(-1.,0.,0.));
#8042=DIRECTION('center_axis',(0.,0.,1.));
#8043=DIRECTION('ref_axis',(1.,0.,0.));
#8044=DIRECTION('center_axis',(0.,0.,1.));
#8045=DIRECTION('ref_axis',(-1.,0.,0.));
#8046=DIRECTION('',(0.,0.,1.));
#8047=DIRECTION('center_axis',(0.,0.,1.));
#8048=DIRECTION('ref_axis',(-1.,0.,0.));
#8049=DIRECTION('center_axis',(0.612372435695817,-0.612372435695817,-0.499999999999944));
#8050=DIRECTION('ref_axis',(0.353553390593234,-0.353553390593234,0.866025403784471));
#8051=DIRECTION('',(0.353553390593234,-0.353553390593234,0.866025403784471));
#8052=DIRECTION('center_axis',(0.,0.,1.));
#8053=DIRECTION('ref_axis',(1.,0.,0.));
#8054=DIRECTION('center_axis',(0.0653985200058864,-0.871454091289567,0.486097521445763));
#8055=DIRECTION('ref_axis',(0.116196678817858,0.490477080784286,0.863672718717585));
#8056=DIRECTION('center_axis',(0.0183706610495741,-0.621262358872187,0.783387260721776));
#8057=DIRECTION('ref_axis',(-0.61237243569577,0.612372435695774,0.500000000000056));
#8058=DIRECTION('center_axis',(0.70710678119157,0.707106781181525,0.));
#8059=DIRECTION('ref_axis',(0.,0.,1.));
#8060=DIRECTION('center_axis',(-0.436317658024153,0.899792699068135,3.84726948313825E-11));
#8061=DIRECTION('ref_axis',(0.85575370976874,0.414962751827813,0.30901699437495));
#8062=DIRECTION('center_axis',(-0.117731003931905,-0.964342828224645,-0.23702810036972));
#8063=DIRECTION('ref_axis',(0.428983129364857,-0.264656210302522,0.86367271872431));
#8064=DIRECTION('center_axis',(0.327726344406443,-0.944772693922718,0.));
#8065=DIRECTION('ref_axis',(0.,0.,1.));
#8066=DIRECTION('center_axis',(1.,3.56132689518183E-12,6.16839912481736E-12));
#8067=DIRECTION('ref_axis',(0.,-0.866025403784471,0.499999999999945));
#8068=DIRECTION('center_axis',(-0.426308807892056,0.452288845882501,0.783387260685244));
#8069=DIRECTION('ref_axis',(0.8985322269599,0.311686275446894,0.309016994374948));
#8070=DIRECTION('center_axis',(0.0352457988297452,-0.992726998099991,-0.115112296946219));
#8071=DIRECTION('ref_axis',(-0.290640704959119,-0.120387321771776,0.94922856751021));
#8072=DIRECTION('center_axis',(-1.,2.56395024851132E-15,0.));
#8073=DIRECTION('ref_axis',(0.,0.,1.));
#8074=DIRECTION('center_axis',(-0.707106781186548,-0.707106781186547,-1.17756934401283E-15));
#8075=DIRECTION('ref_axis',(-0.612372435695772,0.612372435695772,0.500000000000056));
#8076=DIRECTION('center_axis',(0.77007615237915,0.318975986375477,0.552482614796806));
#8077=DIRECTION('ref_axis',(0.,-0.866025403784471,0.499999999999944));
#8078=DIRECTION('center_axis',(-0.707106781186548,-0.707106781186547,0.));
#8079=DIRECTION('ref_axis',(-0.353553390593254,0.353553390593254,0.866025403784455));
#8080=DIRECTION('',(0.707106781186548,0.707106781186547,0.));
#8081=DIRECTION('',(-0.707106781186548,-0.707106781186547,0.));
#8082=DIRECTION('center_axis',(0.707106781186548,0.707106781186547,0.));
#8083=DIRECTION('ref_axis',(0.707106781186547,-0.707106781186548,0.));
#8084=DIRECTION('center_axis',(-0.707106781186548,-0.707106781186547,0.));
#8085=DIRECTION('ref_axis',(0.353553390593314,-0.353553390593314,0.866025403784406));
#8086=DIRECTION('',(0.,0.,1.));
#8087=DIRECTION('',(0.447213595499918,-0.447213595499918,-0.77459666924153));
#8088=DIRECTION('center_axis',(0.770076152379149,0.318975986375477,0.552482614796807));
#8089=DIRECTION('ref_axis',(-0.510427379879066,-0.211425943352529,0.833524420966347));
#8090=DIRECTION('',(0.770076152379149,0.318975986375477,0.552482614796807));
#8091=DIRECTION('',(-0.770076152379149,-0.318975986375477,-0.552482614796807));
#8092=DIRECTION('center_axis',(-0.707106781186548,-0.707106781186547,0.));
#8093=DIRECTION('ref_axis',(0.353553390593314,-0.353553390593314,0.866025403784406));
#8094=DIRECTION('center_axis',(1.,-1.83697019872103E-16,0.));
#8095=DIRECTION('ref_axis',(-1.60246890531967E-16,-0.500000000000029,0.866025403784422));
#8096=DIRECTION('',(-1.,1.83697019872103E-16,0.));
#8097=DIRECTION('',(1.,-1.83697019872103E-16,0.));
#8098=DIRECTION('center_axis',(0.,0.,1.));
#8099=DIRECTION('ref_axis',(1.,0.,0.));
#8100=DIRECTION('center_axis',(0.,0.,-1.));
#8101=DIRECTION('ref_axis',(0.923879532511301,0.382683432365057,0.));
#8102=DIRECTION('center_axis',(0.,0.,1.));
#8103=DIRECTION('ref_axis',(0.923879532511301,0.382683432365057,0.));
#8104=DIRECTION('center_axis',(1.59086285808742E-16,0.866025403784471,-0.499999999999944));
#8105=DIRECTION('ref_axis',(9.18485099360412E-17,0.499999999999944,0.866025403784471));
#8106=DIRECTION('center_axis',(1.59086285808742E-16,0.866025403784471,-0.499999999999944));
#8107=DIRECTION('ref_axis',(0.,0.499999999999944,0.866025403784471));
#8108=DIRECTION('',(9.18485099360412E-17,0.499999999999944,0.866025403784471));
#8109=DIRECTION('',(1.,-1.83697019872103E-16,0.));
#8110=DIRECTION('center_axis',(0.,0.,-1.));
#8111=DIRECTION('ref_axis',(-1.,0.,0.));
#8112=DIRECTION('center_axis',(0.612372435695771,-0.612372435695772,-0.500000000000057));
#8113=DIRECTION('ref_axis',(-0.353553390593314,0.353553390593314,-0.866025403784406));
#8114=DIRECTION('',(0.707106781186548,0.707106781186547,0.));
#8115=DIRECTION('',(0.353553390593314,-0.353553390593314,0.866025403784406));
#8116=DIRECTION('center_axis',(0.,0.,1.));
#8117=DIRECTION('ref_axis',(-1.,0.,0.));
#8118=DIRECTION('',(0.,0.,1.));
#8119=DIRECTION('center_axis',(0.,0.,1.));
#8120=DIRECTION('ref_axis',(-1.,0.,0.));
#8121=DIRECTION('',(0.,0.,1.));
#8122=DIRECTION('center_axis',(0.,0.,-1.));
#8123=DIRECTION('ref_axis',(-1.,0.,0.));
#8124=DIRECTION('center_axis',(0.,0.,1.));
#8125=DIRECTION('ref_axis',(1.,0.,0.));
#8126=DIRECTION('center_axis',(-0.0352457988297319,-0.992726998099997,0.115112296946165));
#8127=DIRECTION('ref_axis',(-0.290640704959141,0.120387321771722,0.94922856751021));
#8128=DIRECTION('center_axis',(-0.707106781186546,0.707106781186549,0.));
#8129=DIRECTION('ref_axis',(0.,0.,1.));
#8130=DIRECTION('center_axis',(-1.,6.40987562127951E-16,-1.11022302462516E-15));
#8131=DIRECTION('ref_axis',(0.,0.866025403784406,0.500000000000057));
#8132=DIRECTION('center_axis',(0.770076152379109,-0.318975986375574,0.552482614796807));
#8133=DIRECTION('ref_axis',(-0.612372435695818,-0.612372435695817,0.499999999999945));
#8134=DIRECTION('center_axis',(-0.0653985199947558,-0.871454091293907,-0.48609752143948));
#8135=DIRECTION('ref_axis',(0.116196678800487,-0.490477080776574,0.863672718724301));
#8136=DIRECTION('center_axis',(-0.436317658049357,-0.899792699055913,0.));
#8137=DIRECTION('ref_axis',(0.,0.,1.));
#8138=DIRECTION('center_axis',(0.707106781189056,-0.707106781184039,6.14534188328829E-12));
#8139=DIRECTION('ref_axis',(-0.612372435695817,-0.612372435695817,0.499999999999945));
#8140=DIRECTION('center_axis',(0.0183706610385293,0.621262358918579,0.783387260685244));
#8141=DIRECTION('ref_axis',(0.855753709769272,-0.414962751826719,0.309016994374946));
#8142=DIRECTION('center_axis',(0.707106781186547,-0.707106781186548,0.));
#8143=DIRECTION('ref_axis',(-0.353553390593294,-0.353553390593294,0.866025403784422));
#8144=DIRECTION('',(-0.707106781186547,0.707106781186548,0.));
#8145=DIRECTION('',(0.707106781186547,-0.707106781186548,0.));
#8146=DIRECTION('center_axis',(0.117731003933516,-0.964342828226522,0.237028100361286));
#8147=DIRECTION('ref_axis',(0.428983129382646,0.264656210295683,0.86367271871757));
#8148=DIRECTION('center_axis',(-0.426308807851469,-0.452288845857502,0.783387260721763));
#8149=DIRECTION('ref_axis',(1.11022302462516E-15,0.866025403784406,0.500000000000057));
#8150=DIRECTION('center_axis',(1.,-7.19957229782034E-12,0.));
#8151=DIRECTION('ref_axis',(0.,0.,1.));
#8152=DIRECTION('center_axis',(0.327726344432911,0.944772693913536,3.84780573065833E-11));
#8153=DIRECTION('ref_axis',(0.898532226960298,-0.311686275445744,0.309016994374951));
#8154=DIRECTION('center_axis',(-1.,1.83697019872103E-16,0.));
#8155=DIRECTION('ref_axis',(1.60246890531961E-16,0.499999999999971,0.866025403784455));
#8156=DIRECTION('',(1.,-1.83697019872103E-16,0.));
#8157=DIRECTION('',(-1.,1.83697019872103E-16,0.));
#8158=DIRECTION('center_axis',(0.,0.,1.));
#8159=DIRECTION('ref_axis',(1.,0.,0.));
#8160=DIRECTION('center_axis',(0.,0.,-1.));
#8161=DIRECTION('ref_axis',(0.923879532511273,-0.382683432365122,0.));
#8162=DIRECTION('center_axis',(1.87685564849402E-16,4.53113036121036E-16,
1.));
#8163=DIRECTION('ref_axis',(0.923879532511273,-0.382683432365122,0.));
#8164=DIRECTION('center_axis',(1.,-1.83697019872103E-16,0.));
#8165=DIRECTION('ref_axis',(-1.83697019872103E-16,-1.,0.));
#8166=DIRECTION('center_axis',(-1.,1.83697019872103E-16,0.));
#8167=DIRECTION('ref_axis',(-1.3891385613489E-16,-0.500000000000057,0.866025403784406));
#8168=DIRECTION('',(0.,0.,1.));
#8169=DIRECTION('',(-1.16180196436201E-16,-0.632455532033619,-0.77459666924153));
#8170=DIRECTION('center_axis',(0.770076152379109,-0.318975986375573,0.552482614796807));
#8171=DIRECTION('ref_axis',(-0.510427379879106,0.211425943352434,0.833524420966347));
#8172=DIRECTION('',(0.770076152379109,-0.318975986375573,0.552482614796807));
#8173=DIRECTION('',(-0.770076152379109,0.318975986375573,-0.552482614796807));
#8174=DIRECTION('center_axis',(-1.,1.83697019872103E-16,0.));
#8175=DIRECTION('ref_axis',(-1.3891385613489E-16,-0.500000000000057,0.866025403784406));
#8176=DIRECTION('center_axis',(0.,0.,1.));
#8177=DIRECTION('ref_axis',(1.,0.,0.));
#8178=DIRECTION('center_axis',(0.,0.,-1.));
#8179=DIRECTION('ref_axis',(-1.,0.,0.));
#8180=DIRECTION('center_axis',(0.,0.,1.));
#8181=DIRECTION('ref_axis',(-1.,0.,0.));
#8182=DIRECTION('',(0.,0.,1.));
#8183=DIRECTION('center_axis',(0.,0.,1.));
#8184=DIRECTION('ref_axis',(-1.,0.,0.));
#8185=DIRECTION('center_axis',(0.612372435695818,0.612372435695817,-0.499999999999944));
#8186=DIRECTION('ref_axis',(0.353553390593234,0.353553390593234,0.866025403784471));
#8187=DIRECTION('center_axis',(0.612372435695818,0.612372435695817,-0.499999999999944));
#8188=DIRECTION('ref_axis',(-0.353553390593234,-0.353553390593234,-0.866025403784471));
#8189=DIRECTION('',(0.353553390593234,0.353553390593234,0.866025403784471));
#8190=DIRECTION('center_axis',(0.,0.,-1.));
#8191=DIRECTION('ref_axis',(-1.,0.,0.));
#8192=DIRECTION('center_axis',(0.,0.,1.));
#8193=DIRECTION('ref_axis',(1.,0.,0.));
#8194=DIRECTION('center_axis',(-0.036568014478426,-0.956832263576468,-0.288331059194526));
#8195=DIRECTION('ref_axis',(0.120387321771777,-0.290640704959117,0.949228567510211));
#8196=DIRECTION('center_axis',(5.12790049702264E-15,-1.,0.));
#8197=DIRECTION('ref_axis',(0.,0.,1.));
#8198=DIRECTION('center_axis',(0.707106781186546,-0.707106781186549,-3.14018491736755E-15));
#8199=DIRECTION('ref_axis',(-0.612372435695772,-0.612372435695772,0.500000000000056));
#8200=DIRECTION('center_axis',(-0.318975986375478,0.770076152379148,0.552482614796808));
#8201=DIRECTION('ref_axis',(0.866025403784471,0.,0.499999999999944));
#8202=DIRECTION('center_axis',(0.125685240888099,-0.903312501139086,0.410158195710813));
#8203=DIRECTION('ref_axis',(0.264656210301521,0.428983129372065,0.863672718721037));
#8204=DIRECTION('center_axis',(-0.452288845882496,-0.426308807892053,0.783387260685248));
#8205=DIRECTION('ref_axis',(-0.311686275446894,0.8985322269599,0.309016994374946));
#8206=DIRECTION('center_axis',(0.944772693922717,0.327726344406446,0.));
#8207=DIRECTION('ref_axis',(0.,0.,1.));
#8208=DIRECTION('center_axis',(-3.55619899468481E-12,1.,6.15951734062036E-12));
#8209=DIRECTION('ref_axis',(0.866025403784471,0.,0.499999999999944));
#8210=DIRECTION('center_axis',(-0.0573804904270591,-0.99322622389138,0.101040326072422));
#8211=DIRECTION('ref_axis',(-0.490477080745273,0.116196678844412,0.863672718736168));
#8212=DIRECTION('center_axis',(-0.707106781181491,0.707106781191604,0.));
#8213=DIRECTION('ref_axis',(0.,0.,1.));
#8214=DIRECTION('center_axis',(-0.899792699068135,-0.436317658024153,3.84704396099078E-11));
#8215=DIRECTION('ref_axis',(-0.414962751827814,0.85575370976874,0.309016994374951));
#8216=DIRECTION('center_axis',(0.621262358872196,0.0183706610495595,0.783387260721769));
#8217=DIRECTION('ref_axis',(-0.612372435695773,-0.612372435695771,0.500000000000056));
#8218=DIRECTION('center_axis',(0.,0.,1.));
#8219=DIRECTION('ref_axis',(1.,0.,0.));
#8220=DIRECTION('center_axis',(0.,0.,-1.));
#8221=DIRECTION('ref_axis',(-0.382683432365056,0.923879532511301,0.));
#8222=DIRECTION('center_axis',(0.,0.,1.));
#8223=DIRECTION('ref_axis',(-0.382683432365056,0.923879532511301,0.));
#8224=DIRECTION('center_axis',(0.707106781186547,-0.707106781186548,0.));
#8225=DIRECTION('ref_axis',(-0.353553390593254,-0.353553390593254,0.866025403784455));
#8226=DIRECTION('',(-0.707106781186547,0.707106781186548,0.));
#8227=DIRECTION('',(0.707106781186547,-0.707106781186548,0.));
#8228=DIRECTION('center_axis',(0.,1.,0.));
#8229=DIRECTION('ref_axis',(0.500000000000029,0.,0.866025403784422));
#8230=DIRECTION('',(0.,-1.,0.));
#8231=DIRECTION('',(0.,1.,0.));
#8232=DIRECTION('center_axis',(0.,1.,0.));
#8233=DIRECTION('ref_axis',(1.,0.,0.));
#8234=DIRECTION('center_axis',(0.,-1.,0.));
#8235=DIRECTION('ref_axis',(-0.499999999999944,0.,0.866025403784471));
#8236=DIRECTION('',(0.632455532033733,0.,0.774596669241436));
#8237=DIRECTION('',(0.,0.,-1.));
#8238=DIRECTION('center_axis',(0.318975986375477,-0.770076152379149,-0.552482614796807));
#8239=DIRECTION('ref_axis',(0.21142594335253,-0.51042737987907,0.833524420966345));
#8240=DIRECTION('center_axis',(0.,-1.,0.));
#8241=DIRECTION('ref_axis',(-0.499999999999944,0.,0.866025403784471));
#8242=DIRECTION('',(-0.318975986375477,0.770076152379149,0.552482614796807));
#8243=DIRECTION('',(0.318975986375477,-0.770076152379149,-0.552482614796807));
#8244=DIRECTION('center_axis',(0.,0.,-1.));
#8245=DIRECTION('ref_axis',(-1.,0.,0.));
#8246=DIRECTION('center_axis',(0.,0.,-1.));
#8247=DIRECTION('ref_axis',(-1.,0.,0.));
#8248=DIRECTION('center_axis',(0.,0.,1.));
#8249=DIRECTION('ref_axis',(-1.,0.,0.));
#8250=DIRECTION('center_axis',(0.,0.,-1.));
#8251=DIRECTION('ref_axis',(-1.,0.,0.));
#8252=DIRECTION('center_axis',(0.,0.,1.));
#8253=DIRECTION('ref_axis',(-1.,0.,0.));
#8254=DIRECTION('center_axis',(0.,0.,-1.));
#8255=DIRECTION('ref_axis',(-1.,0.,0.));
#8256=DIRECTION('center_axis',(0.,0.,1.));
#8257=DIRECTION('ref_axis',(-1.,0.,0.));
#8258=DIRECTION('center_axis',(0.,0.,-1.));
#8259=DIRECTION('ref_axis',(-1.,0.,0.));
#8260=DIRECTION('center_axis',(0.,0.,1.));
#8261=DIRECTION('ref_axis',(-1.,0.,0.));
#8262=DIRECTION('center_axis',(0.,0.,-1.));
#8263=DIRECTION('ref_axis',(-1.,0.,0.));
#8264=DIRECTION('center_axis',(0.,0.,1.));
#8265=DIRECTION('ref_axis',(1.,0.,0.));
#8266=DIRECTION('center_axis',(0.,0.,-1.));
#8267=DIRECTION('ref_axis',(-1.,0.,0.));
#8268=DIRECTION('center_axis',(0.,0.,1.));
#8269=DIRECTION('ref_axis',(0.0637158422744972,-0.997968081374977,0.));
#8270=DIRECTION('',(0.,0.,1.));
#8271=DIRECTION('center_axis',(0.,0.,1.));
#8272=DIRECTION('ref_axis',(-1.,0.,0.));
#8273=DIRECTION('',(0.,0.,1.));
#8274=DIRECTION('center_axis',(0.,0.,1.));
#8275=DIRECTION('ref_axis',(-1.,0.,0.));
#8276=DIRECTION('',(0.,0.,1.));
#8277=DIRECTION('center_axis',(0.,0.,1.));
#8278=DIRECTION('ref_axis',(-1.,0.,0.));
#8279=DIRECTION('center_axis',(-0.866025403784471,0.,-0.499999999999944));
#8280=DIRECTION('ref_axis',(-0.499999999999944,0.,0.866025403784471));
#8281=DIRECTION('',(-0.499999999999944,0.,0.866025403784471));
#8282=DIRECTION('',(0.,1.,0.));
#8283=DIRECTION('center_axis',(0.,0.,1.));
#8284=DIRECTION('ref_axis',(1.,0.,0.));
#8285=DIRECTION('center_axis',(0.0365680144784122,-0.956832263576461,-0.288331059194551));
#8286=DIRECTION('ref_axis',(-0.120387321771722,-0.290640704959139,0.949228567510211));
#8287=DIRECTION('center_axis',(-0.707106781186549,-0.707106781186546,0.));
#8288=DIRECTION('ref_axis',(0.,0.,1.));
#8289=DIRECTION('center_axis',(6.4098756212795E-16,-1.,1.11022302462516E-15));
#8290=DIRECTION('ref_axis',(-0.866025403784406,0.,0.500000000000056));
#8291=DIRECTION('center_axis',(0.318975986375573,0.770076152379109,0.552482614796807));
#8292=DIRECTION('ref_axis',(0.612372435695817,-0.612372435695817,0.499999999999944));
#8293=DIRECTION('center_axis',(0.0573804904121435,-0.993226223895841,0.101040326037037));
#8294=DIRECTION('ref_axis',(0.490477080780952,0.116196678806277,0.863672718721036));
#8295=DIRECTION('center_axis',(-0.621262358918572,0.0183706610385248,0.78338726068525));
#8296=DIRECTION('ref_axis',(0.41496275182672,0.855753709769271,0.309016994374947));
#8297=DIRECTION('center_axis',(0.899792699055912,-0.436317658049359,0.));
#8298=DIRECTION('ref_axis',(0.,0.,1.));
#8299=DIRECTION('center_axis',(0.707106781184031,0.707106781189064,6.16496803902184E-12));
#8300=DIRECTION('ref_axis',(0.612372435695817,-0.612372435695818,0.499999999999944));
#8301=DIRECTION('center_axis',(-0.125685240863933,-0.903312501138264,0.410158195720027));
#8302=DIRECTION('ref_axis',(-0.264656210249326,0.428983129373793,0.863672718736172));
#8303=DIRECTION('center_axis',(7.11239798937094E-12,1.,0.));
#8304=DIRECTION('ref_axis',(0.,0.,1.));
#8305=DIRECTION('center_axis',(-0.944772693913536,0.327726344432914,3.84671617336694E-11));
#8306=DIRECTION('ref_axis',(0.311686275445743,0.898532226960298,0.30901699437495));
#8307=DIRECTION('center_axis',(0.452288845857505,-0.426308807851455,0.78338726072177));
#8308=DIRECTION('ref_axis',(-0.866025403784406,1.11022302462516E-15,0.500000000000056));
#8309=DIRECTION('center_axis',(0.,0.,1.));
#8310=DIRECTION('ref_axis',(1.,0.,0.));
#8311=DIRECTION('center_axis',(0.,0.,-1.));
#8312=DIRECTION('ref_axis',(0.382683432365124,0.923879532511273,0.));
#8313=DIRECTION('center_axis',(0.,0.,1.));
#8314=DIRECTION('ref_axis',(0.382683432365124,0.923879532511273,0.));
#8315=DIRECTION('center_axis',(0.,-1.,0.));
#8316=DIRECTION('ref_axis',(-0.499999999999972,0.,0.866025403784455));
#8317=DIRECTION('',(0.,1.,0.));
#8318=DIRECTION('',(0.,-1.,0.));
#8319=DIRECTION('center_axis',(0.707106781186548,0.707106781186547,0.));
#8320=DIRECTION('ref_axis',(0.353553390593294,-0.353553390593294,0.866025403784422));
#8321=DIRECTION('',(-0.707106781186548,-0.707106781186547,0.));
#8322=DIRECTION('',(0.707106781186548,0.707106781186547,-2.77555756156258E-17));
#8323=DIRECTION('center_axis',(0.,1.,0.));
#8324=DIRECTION('ref_axis',(1.,0.,0.));
#8325=DIRECTION('center_axis',(0.,-1.,0.));
#8326=DIRECTION('ref_axis',(0.500000000000057,4.27533252935842E-17,0.866025403784406));
#8327=DIRECTION('',(0.,0.,1.));
#8328=DIRECTION('',(0.632455532033619,0.,-0.774596669241529));
#8329=DIRECTION('center_axis',(0.318975986375573,0.770076152379109,0.552482614796807));
#8330=DIRECTION('ref_axis',(-0.211425943352435,-0.510427379879105,0.833524420966347));
#8331=DIRECTION('',(0.318975986375573,0.770076152379109,0.552482614796807));
#8332=DIRECTION('',(-0.318975986375573,-0.770076152379109,-0.552482614796807));
#8333=DIRECTION('center_axis',(0.,-1.,0.));
#8334=DIRECTION('ref_axis',(0.500000000000057,4.27533252935842E-17,0.866025403784406));
#8335=DIRECTION('center_axis',(0.,0.,1.));
#8336=DIRECTION('ref_axis',(1.,0.,0.));
#8337=DIRECTION('center_axis',(0.,0.,-1.));
#8338=DIRECTION('ref_axis',(-1.,0.,0.));
#8339=DIRECTION('center_axis',(0.,0.,1.));
#8340=DIRECTION('ref_axis',(-1.,0.,0.));
#8341=DIRECTION('',(0.,0.,1.));
#8342=DIRECTION('center_axis',(0.,0.,1.));
#8343=DIRECTION('ref_axis',(-1.,0.,0.));
#8344=DIRECTION('center_axis',(-0.612372435695817,0.612372435695818,-0.499999999999944));
#8345=DIRECTION('ref_axis',(-0.353553390593234,0.353553390593234,0.866025403784471));
#8346=DIRECTION('center_axis',(-0.612372435695817,0.612372435695818,-0.499999999999944));
#8347=DIRECTION('ref_axis',(-0.353553390593234,0.353553390593234,0.866025403784471));
#8348=DIRECTION('',(-0.353553390593234,0.353553390593234,0.866025403784471));
#8349=DIRECTION('center_axis',(0.,0.,-1.));
#8350=DIRECTION('ref_axis',(-1.,0.,0.));
#8351=DIRECTION('center_axis',(0.,0.,1.));
#8352=DIRECTION('ref_axis',(1.,0.,0.));
#8353=DIRECTION('center_axis',(0.,0.,1.));
#8354=DIRECTION('ref_axis',(-1.,0.,0.));
#8355=DIRECTION('center_axis',(0.,0.,1.));
#8356=DIRECTION('ref_axis',(-1.,0.,0.));
#8357=DIRECTION('center_axis',(0.,0.,-1.));
#8358=DIRECTION('ref_axis',(-1.,0.,0.));
#8359=DIRECTION('',(-1.,0.,0.));
#8360=DIRECTION('center_axis',(0.,0.,-1.));
#8361=DIRECTION('ref_axis',(0.,-1.,0.));
#8362=DIRECTION('',(-1.38777878078145E-16,-1.,0.));
#8363=DIRECTION('center_axis',(0.,0.,-1.));
#8364=DIRECTION('ref_axis',(1.,5.55111512312578E-16,0.));
#8365=DIRECTION('',(1.,0.,0.));
#8366=DIRECTION('center_axis',(0.,0.,-1.));
#8367=DIRECTION('ref_axis',(1.38777878078145E-16,1.,0.));
#8368=DIRECTION('',(0.,1.,0.));
#8369=DIRECTION('center_axis',(0.,0.,1.));
#8370=DIRECTION('ref_axis',(-1.,0.,0.));
#8371=DIRECTION('center_axis',(0.,0.,1.));
#8372=DIRECTION('ref_axis',(-1.,0.,0.));
#8373=DIRECTION('',(0.,0.,-1.));
#8374=DIRECTION('center_axis',(0.,0.,1.));
#8375=DIRECTION('ref_axis',(-1.,0.,0.));
#8376=DIRECTION('',(0.,0.,1.));
#8377=DIRECTION('center_axis',(0.,0.,-1.));
#8378=DIRECTION('ref_axis',(-1.,0.,0.));
#8379=DIRECTION('',(0.,0.,1.));
#8380=DIRECTION('center_axis',(1.,0.,0.));
#8381=DIRECTION('ref_axis',(0.,1.,0.));
#8382=DIRECTION('',(0.,0.,1.));
#8383=DIRECTION('',(0.,1.,0.));
#8384=DIRECTION('center_axis',(0.,0.,1.));
#8385=DIRECTION('ref_axis',(1.38777878078145E-16,1.,0.));
#8386=DIRECTION('',(0.,0.,1.));
#8387=DIRECTION('center_axis',(0.,0.,-1.));
#8388=DIRECTION('ref_axis',(1.38777878078145E-16,1.,0.));
#8389=DIRECTION('center_axis',(0.,-1.,0.));
#8390=DIRECTION('ref_axis',(1.,0.,0.));
#8391=DIRECTION('',(0.,0.,1.));
#8392=DIRECTION('',(1.,0.,0.));
#8393=DIRECTION('center_axis',(0.,0.,1.));
#8394=DIRECTION('ref_axis',(1.,5.55111512312578E-16,0.));
#8395=DIRECTION('',(0.,0.,1.));
#8396=DIRECTION('center_axis',(0.,0.,-1.));
#8397=DIRECTION('ref_axis',(1.,5.55111512312578E-16,0.));
#8398=DIRECTION('center_axis',(-1.,1.38777878078145E-16,0.));
#8399=DIRECTION('ref_axis',(-1.38777878078145E-16,-1.,0.));
#8400=DIRECTION('',(0.,0.,1.));
#8401=DIRECTION('',(-1.38777878078145E-16,-1.,0.));
#8402=DIRECTION('center_axis',(0.,0.,1.));
#8403=DIRECTION('ref_axis',(0.,-1.,0.));
#8404=DIRECTION('',(0.,0.,1.));
#8405=DIRECTION('center_axis',(0.,0.,-1.));
#8406=DIRECTION('ref_axis',(0.,-1.,0.));
#8407=DIRECTION('center_axis',(0.,1.,0.));
#8408=DIRECTION('ref_axis',(-1.,0.,0.));
#8409=DIRECTION('',(-1.,0.,0.));
#8410=DIRECTION('center_axis',(0.,0.,1.));
#8411=DIRECTION('ref_axis',(-1.,0.,0.));
#8412=DIRECTION('center_axis',(0.,0.,1.));
#8413=DIRECTION('ref_axis',(-1.,0.,0.));
#8414=DIRECTION('',(0.,0.,1.));
#8415=DIRECTION('',(0.,0.,1.));
#8416=DIRECTION('center_axis',(0.,0.,1.));
#8417=DIRECTION('ref_axis',(0.396296796826809,0.918122458512377,0.));
#8418=DIRECTION('center_axis',(0.,0.,1.));
#8419=DIRECTION('ref_axis',(-1.,0.,0.));
#8420=DIRECTION('',(0.,0.,1.));
#8421=DIRECTION('center_axis',(0.,0.,-1.));
#8422=DIRECTION('ref_axis',(-1.,0.,0.));
#8423=DIRECTION('center_axis',(0.,0.,1.));
#8424=DIRECTION('ref_axis',(-1.,0.,0.));
#8425=DIRECTION('center_axis',(0.,0.,1.));
#8426=DIRECTION('ref_axis',(-1.,0.,0.));
#8427=DIRECTION('',(0.,0.,1.));
#8428=DIRECTION('center_axis',(0.,0.,1.));
#8429=DIRECTION('ref_axis',(0.247791730002234,0.968813324919977,0.));
#8430=DIRECTION('center_axis',(0.,0.,1.));
#8431=DIRECTION('ref_axis',(-1.,0.,0.));
#8432=DIRECTION('',(0.,0.,1.));
#8433=DIRECTION('center_axis',(0.,0.,-1.));
#8434=DIRECTION('ref_axis',(-1.,0.,0.));
#8435=DIRECTION('center_axis',(0.,0.,1.));
#8436=DIRECTION('ref_axis',(-1.,0.,0.));
#8437=DIRECTION('center_axis',(0.,0.,1.));
#8438=DIRECTION('ref_axis',(-1.,0.,0.));
#8439=DIRECTION('',(0.,0.,1.));
#8440=DIRECTION('center_axis',(0.,0.,1.));
#8441=DIRECTION('ref_axis',(0.0931852084114007,0.995648791960962,0.));
#8442=DIRECTION('center_axis',(0.,0.,-1.));
#8443=DIRECTION('ref_axis',(-1.,0.,0.));
#8444=DIRECTION('center_axis',(0.,0.,1.));
#8445=DIRECTION('ref_axis',(-1.,0.,0.));
#8446=DIRECTION('',(0.,0.,1.));
#8447=DIRECTION('center_axis',(0.,0.,1.));
#8448=DIRECTION('ref_axis',(-1.,0.,0.));
#8449=DIRECTION('center_axis',(0.,0.,1.));
#8450=DIRECTION('ref_axis',(-1.,0.,0.));
#8451=DIRECTION('',(0.,0.,1.));
#8452=DIRECTION('center_axis',(0.,0.,1.));
#8453=DIRECTION('ref_axis',(-1.,0.,0.));
#8454=DIRECTION('center_axis',(0.,0.,1.));
#8455=DIRECTION('ref_axis',(-1.,0.,0.));
#8456=DIRECTION('',(0.,0.,1.));
#8457=DIRECTION('center_axis',(0.,0.,-1.));
#8458=DIRECTION('ref_axis',(-1.,0.,0.));
#8459=DIRECTION('center_axis',(0.,0.,1.));
#8460=DIRECTION('ref_axis',(-1.,0.,0.));
#8461=DIRECTION('center_axis',(0.,0.,1.));
#8462=DIRECTION('ref_axis',(-1.,0.,0.));
#8463=DIRECTION('',(0.,0.,1.));
#8464=DIRECTION('center_axis',(0.,0.,1.));
#8465=DIRECTION('ref_axis',(-1.,0.,0.));
#8466=DIRECTION('center_axis',(0.,0.,1.));
#8467=DIRECTION('ref_axis',(-1.,0.,0.));
#8468=DIRECTION('center_axis',(0.,0.,1.));
#8469=DIRECTION('ref_axis',(-1.,0.,0.));
#8470=DIRECTION('',(0.,0.,1.));
#8471=DIRECTION('center_axis',(0.,0.,-1.));
#8472=DIRECTION('ref_axis',(-1.,0.,0.));
#8473=DIRECTION('center_axis',(0.,0.,1.));
#8474=DIRECTION('ref_axis',(-1.,0.,0.));
#8475=DIRECTION('center_axis',(0.,0.,1.));
#8476=DIRECTION('ref_axis',(-1.,0.,0.));
#8477=DIRECTION('',(0.,0.,1.));
#8478=DIRECTION('center_axis',(0.,0.,1.));
#8479=DIRECTION('ref_axis',(-1.,0.,0.));
#8480=DIRECTION('center_axis',(0.,0.,1.));
#8481=DIRECTION('ref_axis',(-1.,0.,0.));
#8482=DIRECTION('center_axis',(0.,0.,1.));
#8483=DIRECTION('ref_axis',(-1.,0.,0.));
#8484=DIRECTION('',(0.,0.,1.));
#8485=DIRECTION('center_axis',(0.,0.,-1.));
#8486=DIRECTION('ref_axis',(-1.,0.,0.));
#8487=DIRECTION('center_axis',(0.,0.,1.));
#8488=DIRECTION('ref_axis',(-1.,0.,0.));
#8489=DIRECTION('center_axis',(0.,0.,1.));
#8490=DIRECTION('ref_axis',(-1.,0.,0.));
#8491=DIRECTION('',(0.,0.,1.));
#8492=DIRECTION('center_axis',(0.,0.,1.));
#8493=DIRECTION('ref_axis',(-1.,0.,0.));
#8494=DIRECTION('center_axis',(0.,0.,1.));
#8495=DIRECTION('ref_axis',(-1.,0.,0.));
#8496=DIRECTION('center_axis',(0.,0.,1.));
#8497=DIRECTION('ref_axis',(-1.,0.,0.));
#8498=DIRECTION('',(0.,0.,1.));
#8499=DIRECTION('center_axis',(0.,0.,-1.));
#8500=DIRECTION('ref_axis',(-1.,0.,0.));
#8501=DIRECTION('center_axis',(0.,0.,1.));
#8502=DIRECTION('ref_axis',(-1.,0.,0.));
#8503=DIRECTION('center_axis',(0.,0.,1.));
#8504=DIRECTION('ref_axis',(-1.,0.,0.));
#8505=DIRECTION('',(0.,0.,1.));
#8506=DIRECTION('center_axis',(0.,0.,1.));
#8507=DIRECTION('ref_axis',(-1.,0.,0.));
#8508=DIRECTION('center_axis',(0.,0.,1.));
#8509=DIRECTION('ref_axis',(-1.,0.,0.));
#8510=DIRECTION('center_axis',(0.,0.,-1.));
#8511=DIRECTION('ref_axis',(-1.,0.,0.));
#8512=DIRECTION('center_axis',(0.,0.,1.));
#8513=DIRECTION('ref_axis',(-1.,0.,0.));
#8514=DIRECTION('center_axis',(0.,0.,1.));
#8515=DIRECTION('ref_axis',(-1.,0.,0.));
#8516=DIRECTION('center_axis',(0.,0.,1.));
#8517=DIRECTION('ref_axis',(-1.,0.,0.));
#8518=DIRECTION('',(0.,0.,1.));
#8519=DIRECTION('center_axis',(0.,0.,1.));
#8520=DIRECTION('ref_axis',(-1.,0.,0.));
#8521=DIRECTION('center_axis',(0.,0.,1.));
#8522=DIRECTION('ref_axis',(-1.,0.,0.));
#8523=DIRECTION('center_axis',(0.,0.,1.));
#8524=DIRECTION('ref_axis',(-1.,0.,0.));
#8525=DIRECTION('',(0.,0.,1.));
#8526=DIRECTION('center_axis',(0.,0.,-1.));
#8527=DIRECTION('ref_axis',(-1.,0.,0.));
#8528=DIRECTION('center_axis',(0.,0.,1.));
#8529=DIRECTION('ref_axis',(-1.,0.,0.));
#8530=DIRECTION('center_axis',(0.,0.,1.));
#8531=DIRECTION('ref_axis',(-1.,0.,0.));
#8532=DIRECTION('',(0.,0.,1.));
#8533=DIRECTION('center_axis',(0.,0.,1.));
#8534=DIRECTION('ref_axis',(-1.,0.,0.));
#8535=DIRECTION('center_axis',(0.,0.,1.));
#8536=DIRECTION('ref_axis',(-1.,0.,0.));
#8537=DIRECTION('center_axis',(0.,0.,1.));
#8538=DIRECTION('ref_axis',(-1.,0.,0.));
#8539=DIRECTION('',(0.,0.,1.));
#8540=DIRECTION('center_axis',(0.,0.,-1.));
#8541=DIRECTION('ref_axis',(-1.,0.,0.));
#8542=DIRECTION('center_axis',(0.,0.,1.));
#8543=DIRECTION('ref_axis',(-1.,0.,0.));
#8544=DIRECTION('center_axis',(0.,0.,1.));
#8545=DIRECTION('ref_axis',(-1.,0.,0.));
#8546=DIRECTION('',(0.,0.,1.));
#8547=DIRECTION('center_axis',(0.,0.,1.));
#8548=DIRECTION('ref_axis',(-1.,0.,0.));
#8549=DIRECTION('center_axis',(0.,0.,1.));
#8550=DIRECTION('ref_axis',(-1.,0.,0.));
#8551=DIRECTION('center_axis',(0.,0.,1.));
#8552=DIRECTION('ref_axis',(-1.,0.,0.));
#8553=DIRECTION('',(0.,0.,1.));
#8554=DIRECTION('center_axis',(0.,0.,-1.));
#8555=DIRECTION('ref_axis',(-1.,0.,0.));
#8556=DIRECTION('center_axis',(0.,0.,1.));
#8557=DIRECTION('ref_axis',(-1.,0.,0.));
#8558=DIRECTION('center_axis',(0.,0.,1.));
#8559=DIRECTION('ref_axis',(-1.,0.,0.));
#8560=DIRECTION('',(0.,0.,1.));
#8561=DIRECTION('center_axis',(0.,0.,1.));
#8562=DIRECTION('ref_axis',(-1.,0.,0.));
#8563=DIRECTION('center_axis',(0.,0.,1.));
#8564=DIRECTION('ref_axis',(-1.,0.,0.));
#8565=DIRECTION('center_axis',(0.,0.,-1.));
#8566=DIRECTION('ref_axis',(-1.,0.,0.));
#8567=DIRECTION('center_axis',(0.,0.,1.));
#8568=DIRECTION('ref_axis',(-1.,0.,0.));
#8569=DIRECTION('',(0.,0.,1.));
#8570=DIRECTION('center_axis',(0.,0.,1.));
#8571=DIRECTION('ref_axis',(0.999890766203502,-0.0147802456330806,0.));
#8572=DIRECTION('center_axis',(0.,0.,1.));
#8573=DIRECTION('ref_axis',(-1.,0.,0.));
#8574=DIRECTION('',(0.,0.,1.));
#8575=DIRECTION('center_axis',(0.,0.,1.));
#8576=DIRECTION('ref_axis',(-1.,0.,0.));
#8577=DIRECTION('center_axis',(0.,0.,1.));
#8578=DIRECTION('ref_axis',(-1.,0.,0.));
#8579=DIRECTION('',(0.,0.,1.));
#8580=DIRECTION('center_axis',(0.,0.,-1.));
#8581=DIRECTION('ref_axis',(-1.,0.,0.));
#8582=DIRECTION('center_axis',(0.,0.,1.));
#8583=DIRECTION('ref_axis',(-1.,0.,0.));
#8584=DIRECTION('center_axis',(0.,0.,1.));
#8585=DIRECTION('ref_axis',(-1.,0.,0.));
#8586=DIRECTION('',(0.,0.,1.));
#8587=DIRECTION('center_axis',(0.,0.,1.));
#8588=DIRECTION('ref_axis',(-1.,0.,0.));
#8589=DIRECTION('center_axis',(0.,0.,1.));
#8590=DIRECTION('ref_axis',(-1.,0.,0.));
#8591=DIRECTION('center_axis',(0.,0.,1.));
#8592=DIRECTION('ref_axis',(-1.,0.,0.));
#8593=DIRECTION('',(0.,0.,1.));
#8594=DIRECTION('center_axis',(0.,0.,-1.));
#8595=DIRECTION('ref_axis',(-1.,0.,0.));
#8596=DIRECTION('center_axis',(0.,0.,1.));
#8597=DIRECTION('ref_axis',(-1.,0.,0.));
#8598=DIRECTION('center_axis',(0.,0.,1.));
#8599=DIRECTION('ref_axis',(-1.,0.,0.));
#8600=DIRECTION('',(0.,0.,1.));
#8601=DIRECTION('center_axis',(0.,0.,1.));
#8602=DIRECTION('ref_axis',(-1.,0.,0.));
#8603=DIRECTION('center_axis',(0.,0.,1.));
#8604=DIRECTION('ref_axis',(-1.,0.,0.));
#8605=DIRECTION('center_axis',(0.,0.,1.));
#8606=DIRECTION('ref_axis',(-1.,0.,0.));
#8607=DIRECTION('',(0.,0.,1.));
#8608=DIRECTION('center_axis',(0.,0.,-1.));
#8609=DIRECTION('ref_axis',(-1.,0.,0.));
#8610=DIRECTION('center_axis',(0.,0.,1.));
#8611=DIRECTION('ref_axis',(-1.,0.,0.));
#8612=DIRECTION('center_axis',(0.,0.,1.));
#8613=DIRECTION('ref_axis',(-1.,0.,0.));
#8614=DIRECTION('',(0.,0.,1.));
#8615=DIRECTION('center_axis',(0.,0.,1.));
#8616=DIRECTION('ref_axis',(-1.,0.,0.));
#8617=DIRECTION('center_axis',(0.,0.,1.));
#8618=DIRECTION('ref_axis',(-1.,0.,0.));
#8619=DIRECTION('center_axis',(0.,0.,1.));
#8620=DIRECTION('ref_axis',(-1.,0.,0.));
#8621=DIRECTION('',(0.,0.,1.));
#8622=DIRECTION('center_axis',(0.,0.,-1.));
#8623=DIRECTION('ref_axis',(-1.,0.,0.));
#8624=DIRECTION('center_axis',(0.,0.,1.));
#8625=DIRECTION('ref_axis',(-1.,0.,0.));
#8626=DIRECTION('center_axis',(0.,0.,1.));
#8627=DIRECTION('ref_axis',(-1.,0.,0.));
#8628=DIRECTION('',(0.,0.,1.));
#8629=DIRECTION('center_axis',(0.,0.,1.));
#8630=DIRECTION('ref_axis',(-1.,0.,0.));
#8631=DIRECTION('center_axis',(0.,0.,1.));
#8632=DIRECTION('ref_axis',(-1.,0.,0.));
#8633=DIRECTION('center_axis',(0.,0.,-1.));
#8634=DIRECTION('ref_axis',(-1.,0.,0.));
#8635=DIRECTION('center_axis',(0.,0.,1.));
#8636=DIRECTION('ref_axis',(-1.,0.,0.));
#8637=DIRECTION('center_axis',(0.,0.,1.));
#8638=DIRECTION('ref_axis',(-1.,0.,0.));
#8639=DIRECTION('center_axis',(0.,0.,1.));
#8640=DIRECTION('ref_axis',(-1.,0.,0.));
#8641=DIRECTION('',(0.,0.,1.));
#8642=DIRECTION('center_axis',(0.,0.,1.));
#8643=DIRECTION('ref_axis',(-1.,0.,0.));
#8644=DIRECTION('center_axis',(0.,0.,1.));
#8645=DIRECTION('ref_axis',(-1.,0.,0.));
#8646=DIRECTION('center_axis',(0.,0.,1.));
#8647=DIRECTION('ref_axis',(-1.,0.,0.));
#8648=DIRECTION('',(0.,0.,1.));
#8649=DIRECTION('center_axis',(0.,0.,-1.));
#8650=DIRECTION('ref_axis',(-1.,0.,0.));
#8651=DIRECTION('center_axis',(0.,0.,1.));
#8652=DIRECTION('ref_axis',(-1.,0.,0.));
#8653=DIRECTION('center_axis',(0.,0.,1.));
#8654=DIRECTION('ref_axis',(-1.,0.,0.));
#8655=DIRECTION('',(0.,0.,1.));
#8656=DIRECTION('center_axis',(0.,0.,1.));
#8657=DIRECTION('ref_axis',(-1.,0.,0.));
#8658=DIRECTION('center_axis',(0.,0.,1.));
#8659=DIRECTION('ref_axis',(-1.,0.,0.));
#8660=DIRECTION('center_axis',(0.,0.,1.));
#8661=DIRECTION('ref_axis',(-1.,0.,0.));
#8662=DIRECTION('',(0.,0.,1.));
#8663=DIRECTION('center_axis',(0.,0.,-1.));
#8664=DIRECTION('ref_axis',(-1.,0.,0.));
#8665=DIRECTION('center_axis',(0.,0.,1.));
#8666=DIRECTION('ref_axis',(-1.,0.,0.));
#8667=DIRECTION('center_axis',(0.,0.,1.));
#8668=DIRECTION('ref_axis',(-1.,0.,0.));
#8669=DIRECTION('',(0.,0.,1.));
#8670=DIRECTION('center_axis',(0.,0.,1.));
#8671=DIRECTION('ref_axis',(-1.,0.,0.));
#8672=DIRECTION('center_axis',(0.,0.,1.));
#8673=DIRECTION('ref_axis',(-1.,0.,0.));
#8674=DIRECTION('center_axis',(0.,0.,1.));
#8675=DIRECTION('ref_axis',(-1.,0.,0.));
#8676=DIRECTION('',(0.,0.,1.));
#8677=DIRECTION('center_axis',(0.,0.,-1.));
#8678=DIRECTION('ref_axis',(-1.,0.,0.));
#8679=DIRECTION('center_axis',(0.,0.,1.));
#8680=DIRECTION('ref_axis',(-1.,0.,0.));
#8681=DIRECTION('center_axis',(0.,0.,1.));
#8682=DIRECTION('ref_axis',(-1.,0.,0.));
#8683=DIRECTION('',(0.,0.,1.));
#8684=DIRECTION('center_axis',(0.,0.,1.));
#8685=DIRECTION('ref_axis',(-1.,0.,0.));
#8686=DIRECTION('center_axis',(0.,0.,1.));
#8687=DIRECTION('ref_axis',(-1.,0.,0.));
#8688=DIRECTION('center_axis',(0.,0.,-1.));
#8689=DIRECTION('ref_axis',(-1.,0.,0.));
#8690=DIRECTION('center_axis',(0.,0.,1.));
#8691=DIRECTION('ref_axis',(-1.,0.,0.));
#8692=DIRECTION('center_axis',(0.,0.,1.));
#8693=DIRECTION('ref_axis',(-1.,0.,0.));
#8694=DIRECTION('center_axis',(0.,0.,1.));
#8695=DIRECTION('ref_axis',(-1.,0.,0.));
#8696=DIRECTION('',(0.,0.,1.));
#8697=DIRECTION('center_axis',(0.,0.,1.));
#8698=DIRECTION('ref_axis',(0.219047997462841,-0.975714084559365,0.));
#8699=DIRECTION('center_axis',(0.,0.,1.));
#8700=DIRECTION('ref_axis',(-1.,0.,0.));
#8701=DIRECTION('',(0.,0.,1.));
#8702=DIRECTION('center_axis',(0.,0.,-1.));
#8703=DIRECTION('ref_axis',(-1.,0.,0.));
#8704=DIRECTION('center_axis',(0.,0.,1.));
#8705=DIRECTION('ref_axis',(-1.,0.,0.));
#8706=DIRECTION('center_axis',(0.,0.,1.));
#8707=DIRECTION('ref_axis',(-1.,0.,0.));
#8708=DIRECTION('',(0.,0.,1.));
#8709=DIRECTION('center_axis',(0.,0.,1.));
#8710=DIRECTION('ref_axis',(0.368986463975022,-0.92943476877251,0.));
#8711=DIRECTION('center_axis',(0.,0.,1.));
#8712=DIRECTION('ref_axis',(-1.,0.,0.));
#8713=DIRECTION('',(0.,0.,1.));
#8714=DIRECTION('center_axis',(0.,0.,-1.));
#8715=DIRECTION('ref_axis',(-1.,0.,0.));
#8716=DIRECTION('center_axis',(0.,0.,1.));
#8717=DIRECTION('ref_axis',(-1.,0.,0.));
#8718=DIRECTION('center_axis',(0.,0.,1.));
#8719=DIRECTION('ref_axis',(-1.,0.,0.));
#8720=DIRECTION('',(0.,0.,1.));
#8721=DIRECTION('center_axis',(0.,0.,1.));
#8722=DIRECTION('ref_axis',(0.509839259148276,-0.860269684361327,0.));
#8723=DIRECTION('center_axis',(0.,0.,1.));
#8724=DIRECTION('ref_axis',(-1.,0.,0.));
#8725=DIRECTION('',(0.,0.,1.));
#8726=DIRECTION('center_axis',(0.,0.,-1.));
#8727=DIRECTION('ref_axis',(-1.,0.,0.));
#8728=DIRECTION('center_axis',(0.,0.,1.));
#8729=DIRECTION('ref_axis',(-1.,0.,0.));
#8730=DIRECTION('center_axis',(0.,0.,1.));
#8731=DIRECTION('ref_axis',(-1.,0.,0.));
#8732=DIRECTION('',(0.,0.,1.));
#8733=DIRECTION('center_axis',(0.,0.,1.));
#8734=DIRECTION('ref_axis',(0.638138119701809,-0.769921905249773,0.));
#8735=DIRECTION('center_axis',(0.,0.,-1.));
#8736=DIRECTION('ref_axis',(-1.,0.,0.));
#8737=DIRECTION('center_axis',(0.,0.,1.));
#8738=DIRECTION('ref_axis',(-1.,0.,0.));
#8739=DIRECTION('center_axis',(0.,0.,1.));
#8740=DIRECTION('ref_axis',(-1.,0.,0.));
#8741=DIRECTION('center_axis',(0.,0.,1.));
#8742=DIRECTION('ref_axis',(-1.,0.,0.));
#8743=DIRECTION('',(0.,0.,1.));
#8744=DIRECTION('center_axis',(0.,0.,1.));
#8745=DIRECTION('ref_axis',(-1.,0.,0.));
#8746=DIRECTION('center_axis',(0.,0.,1.));
#8747=DIRECTION('ref_axis',(0.844824370102459,-0.535043721279843,0.));
#8748=DIRECTION('center_axis',(0.,0.,1.));
#8749=DIRECTION('ref_axis',(-1.,0.,0.));
#8750=DIRECTION('',(0.,0.,1.));
#8751=DIRECTION('center_axis',(0.,0.,-1.));
#8752=DIRECTION('ref_axis',(-1.,0.,0.));
#8753=DIRECTION('center_axis',(0.,0.,1.));
#8754=DIRECTION('ref_axis',(-1.,0.,0.));
#8755=DIRECTION('center_axis',(0.,0.,1.));
#8756=DIRECTION('ref_axis',(-1.,0.,0.));
#8757=DIRECTION('',(0.,0.,1.));
#8758=DIRECTION('center_axis',(0.,0.,1.));
#8759=DIRECTION('ref_axis',(-1.,0.,0.));
#8760=DIRECTION('center_axis',(0.,0.,1.));
#8761=DIRECTION('ref_axis',(0.918122458512377,-0.396296796826808,0.));
#8762=DIRECTION('center_axis',(0.,0.,1.));
#8763=DIRECTION('ref_axis',(-1.,0.,0.));
#8764=DIRECTION('',(0.,0.,1.));
#8765=DIRECTION('center_axis',(0.,0.,-1.));
#8766=DIRECTION('ref_axis',(-1.,0.,0.));
#8767=DIRECTION('center_axis',(0.,0.,1.));
#8768=DIRECTION('ref_axis',(-1.,0.,0.));
#8769=DIRECTION('center_axis',(0.,0.,1.));
#8770=DIRECTION('ref_axis',(-1.,0.,0.));
#8771=DIRECTION('',(0.,0.,1.));
#8772=DIRECTION('center_axis',(0.,0.,1.));
#8773=DIRECTION('ref_axis',(-1.,0.,0.));
#8774=DIRECTION('center_axis',(0.,0.,1.));
#8775=DIRECTION('ref_axis',(0.968813324919977,-0.247791730002234,0.));
#8776=DIRECTION('center_axis',(0.,0.,1.));
#8777=DIRECTION('ref_axis',(-1.,0.,0.));
#8778=DIRECTION('',(0.,0.,1.));
#8779=DIRECTION('center_axis',(0.,0.,-1.));
#8780=DIRECTION('ref_axis',(-1.,0.,0.));
#8781=DIRECTION('center_axis',(0.,0.,1.));
#8782=DIRECTION('ref_axis',(-1.,0.,0.));
#8783=DIRECTION('center_axis',(0.,0.,1.));
#8784=DIRECTION('ref_axis',(-1.,0.,0.));
#8785=DIRECTION('',(0.,0.,1.));
#8786=DIRECTION('center_axis',(0.,0.,1.));
#8787=DIRECTION('ref_axis',(-1.,0.,0.));
#8788=DIRECTION('center_axis',(0.,0.,1.));
#8789=DIRECTION('ref_axis',(0.995648791960962,-0.093185208411402,0.));
#8790=DIRECTION('center_axis',(0.,0.,-1.));
#8791=DIRECTION('ref_axis',(-1.,0.,0.));
#8792=DIRECTION('center_axis',(0.,0.,1.));
#8793=DIRECTION('ref_axis',(-1.,0.,0.));
#8794=DIRECTION('',(0.,0.,1.));
#8795=DIRECTION('center_axis',(0.,0.,1.));
#8796=DIRECTION('ref_axis',(-1.,0.,0.));
#8797=DIRECTION('center_axis',(0.,0.,1.));
#8798=DIRECTION('ref_axis',(-1.,0.,0.));
#8799=DIRECTION('',(0.,0.,1.));
#8800=DIRECTION('center_axis',(0.,0.,1.));
#8801=DIRECTION('ref_axis',(0.997968081374977,0.0637158422744972,0.));
#8802=DIRECTION('center_axis',(0.,0.,1.));
#8803=DIRECTION('ref_axis',(-1.,0.,0.));
#8804=DIRECTION('',(0.,0.,1.));
#8805=DIRECTION('center_axis',(0.,0.,-1.));
#8806=DIRECTION('ref_axis',(-1.,0.,0.));
#8807=DIRECTION('center_axis',(0.,0.,1.));
#8808=DIRECTION('ref_axis',(-1.,0.,0.));
#8809=DIRECTION('center_axis',(0.,0.,1.));
#8810=DIRECTION('ref_axis',(-1.,0.,0.));
#8811=DIRECTION('',(0.,0.,1.));
#8812=DIRECTION('center_axis',(0.,0.,1.));
#8813=DIRECTION('ref_axis',(-1.,0.,0.));
#8814=DIRECTION('center_axis',(0.,0.,1.));
#8815=DIRECTION('ref_axis',(0.975714084559365,0.21904799746284,0.));
#8816=DIRECTION('center_axis',(0.,0.,1.));
#8817=DIRECTION('ref_axis',(-1.,0.,0.));
#8818=DIRECTION('',(0.,0.,1.));
#8819=DIRECTION('center_axis',(0.,0.,-1.));
#8820=DIRECTION('ref_axis',(-1.,0.,0.));
#8821=DIRECTION('center_axis',(0.,0.,1.));
#8822=DIRECTION('ref_axis',(-1.,0.,0.));
#8823=DIRECTION('center_axis',(0.,0.,1.));
#8824=DIRECTION('ref_axis',(-1.,0.,0.));
#8825=DIRECTION('',(0.,0.,1.));
#8826=DIRECTION('center_axis',(0.,0.,1.));
#8827=DIRECTION('ref_axis',(-1.,0.,0.));
#8828=DIRECTION('center_axis',(0.,0.,1.));
#8829=DIRECTION('ref_axis',(0.92943476877251,0.368986463975024,0.));
#8830=DIRECTION('center_axis',(0.,0.,1.));
#8831=DIRECTION('ref_axis',(-1.,0.,0.));
#8832=DIRECTION('',(0.,0.,1.));
#8833=DIRECTION('center_axis',(0.,0.,-1.));
#8834=DIRECTION('ref_axis',(-1.,0.,0.));
#8835=DIRECTION('center_axis',(0.,0.,1.));
#8836=DIRECTION('ref_axis',(-1.,0.,0.));
#8837=DIRECTION('center_axis',(0.,0.,1.));
#8838=DIRECTION('ref_axis',(-1.,0.,0.));
#8839=DIRECTION('',(0.,0.,1.));
#8840=DIRECTION('center_axis',(0.,0.,1.));
#8841=DIRECTION('ref_axis',(-1.,0.,0.));
#8842=DIRECTION('center_axis',(0.,0.,1.));
#8843=DIRECTION('ref_axis',(0.860269684361327,0.509839259148276,0.));
#8844=DIRECTION('center_axis',(0.,0.,1.));
#8845=DIRECTION('ref_axis',(-1.,0.,0.));
#8846=DIRECTION('',(0.,0.,1.));
#8847=DIRECTION('center_axis',(0.,0.,-1.));
#8848=DIRECTION('ref_axis',(-1.,0.,0.));
#8849=DIRECTION('center_axis',(0.,0.,1.));
#8850=DIRECTION('ref_axis',(-1.,0.,0.));
#8851=DIRECTION('center_axis',(0.,0.,1.));
#8852=DIRECTION('ref_axis',(-1.,0.,0.));
#8853=DIRECTION('',(0.,0.,1.));
#8854=DIRECTION('center_axis',(0.,0.,1.));
#8855=DIRECTION('ref_axis',(-1.,0.,0.));
#8856=DIRECTION('center_axis',(0.,0.,1.));
#8857=DIRECTION('ref_axis',(0.769921905249775,0.638138119701806,0.));
#8858=DIRECTION('center_axis',(0.,0.,-1.));
#8859=DIRECTION('ref_axis',(-1.,0.,0.));
#8860=DIRECTION('center_axis',(0.,0.,1.));
#8861=DIRECTION('ref_axis',(-1.,0.,0.));
#8862=DIRECTION('center_axis',(0.,0.,1.));
#8863=DIRECTION('ref_axis',(-1.,0.,0.));
#8864=DIRECTION('center_axis',(0.,0.,1.));
#8865=DIRECTION('ref_axis',(-1.,0.,0.));
#8866=DIRECTION('',(0.,0.,1.));
#8867=DIRECTION('center_axis',(0.,0.,1.));
#8868=DIRECTION('ref_axis',(0.535043721279842,0.84482437010246,0.));
#8869=DIRECTION('center_axis',(0.,0.,1.));
#8870=DIRECTION('ref_axis',(-1.,0.,0.));
#8871=DIRECTION('center_axis',(0.,0.,-1.));
#8872=DIRECTION('ref_axis',(-1.,0.,0.));
#8873=DIRECTION('center_axis',(0.,0.,1.));
#8874=DIRECTION('ref_axis',(-1.,0.,0.));
#8875=DIRECTION('center_axis',(0.,0.,1.));
#8876=DIRECTION('ref_axis',(-1.,0.,0.));
#8877=DIRECTION('center_axis',(0.,0.,1.));
#8878=DIRECTION('ref_axis',(1.,0.,0.));
#8879=DIRECTION('center_axis',(0.,0.,-1.));
#8880=DIRECTION('ref_axis',(-1.,0.,0.));
#8881=DIRECTION('center_axis',(0.,0.,1.));
#8882=DIRECTION('ref_axis',(1.,0.,0.));
#8883=DIRECTION('center_axis',(0.,0.,-1.));
#8884=DIRECTION('ref_axis',(-1.,0.,0.));
#8885=DIRECTION('center_axis',(0.,0.,1.));
#8886=DIRECTION('ref_axis',(1.,0.,0.));
#8887=DIRECTION('center_axis',(0.,0.,-1.));
#8888=DIRECTION('ref_axis',(-1.,0.,0.));
#8889=DIRECTION('center_axis',(0.,0.,1.));
#8890=DIRECTION('ref_axis',(1.,0.,0.));
#8891=DIRECTION('center_axis',(0.,0.,-1.));
#8892=DIRECTION('ref_axis',(-1.,0.,0.));
#8893=DIRECTION('center_axis',(0.,0.,1.));
#8894=DIRECTION('ref_axis',(1.,0.,0.));
#8895=DIRECTION('center_axis',(0.,0.,-1.));
#8896=DIRECTION('ref_axis',(-1.,0.,0.));
#8897=DIRECTION('center_axis',(0.,0.,1.));
#8898=DIRECTION('ref_axis',(1.,0.,0.));
#8899=DIRECTION('center_axis',(0.,0.,-1.));
#8900=DIRECTION('ref_axis',(-1.,0.,0.));
#8901=DIRECTION('center_axis',(0.,0.,1.));
#8902=DIRECTION('ref_axis',(1.,0.,0.));
#8903=DIRECTION('center_axis',(0.,0.,-1.));
#8904=DIRECTION('ref_axis',(-1.,0.,0.));
#8905=DIRECTION('center_axis',(0.,0.,1.));
#8906=DIRECTION('ref_axis',(1.,0.,0.));
#8907=DIRECTION('center_axis',(0.,0.,-1.));
#8908=DIRECTION('ref_axis',(-1.,0.,0.));
#8909=DIRECTION('center_axis',(0.,0.,1.));
#8910=DIRECTION('ref_axis',(1.,0.,0.));
#8911=DIRECTION('center_axis',(0.,0.,1.));
#8912=DIRECTION('ref_axis',(1.,0.,0.));
#8913=DIRECTION('center_axis',(0.,0.,-1.));
#8914=DIRECTION('ref_axis',(-1.,0.,0.));
#8915=DIRECTION('center_axis',(0.,0.,1.));
#8916=DIRECTION('ref_axis',(1.,0.,0.));
#8917=DIRECTION('center_axis',(0.,0.,1.));
#8918=DIRECTION('ref_axis',(1.,0.,0.));
#8919=DIRECTION('center_axis',(0.,0.,1.));
#8920=DIRECTION('ref_axis',(1.,0.,0.));
#8921=DIRECTION('center_axis',(0.,0.,-1.));
#8922=DIRECTION('ref_axis',(-1.,0.,0.));
#8923=DIRECTION('center_axis',(0.,0.,1.));
#8924=DIRECTION('ref_axis',(1.,0.,0.));
#8925=DIRECTION('center_axis',(0.,0.,1.));
#8926=DIRECTION('ref_axis',(1.,0.,0.));
#8927=DIRECTION('center_axis',(0.,0.,-1.));
#8928=DIRECTION('ref_axis',(-1.,0.,0.));
#8929=DIRECTION('center_axis',(0.,0.,1.));
#8930=DIRECTION('ref_axis',(1.,0.,0.));
#8931=DIRECTION('center_axis',(0.,0.,-1.));
#8932=DIRECTION('ref_axis',(-1.,0.,0.));
#8933=DIRECTION('center_axis',(0.,0.,1.));
#8934=DIRECTION('ref_axis',(1.,0.,0.));
#8935=DIRECTION('center_axis',(0.,0.,-1.));
#8936=DIRECTION('ref_axis',(-1.,0.,0.));
#8937=DIRECTION('center_axis',(0.,0.,1.));
#8938=DIRECTION('ref_axis',(1.,0.,0.));
#8939=DIRECTION('center_axis',(0.,0.,-1.));
#8940=DIRECTION('ref_axis',(-1.,0.,0.));
#8941=DIRECTION('center_axis',(0.,0.,1.));
#8942=DIRECTION('ref_axis',(1.,0.,0.));
#8943=DIRECTION('center_axis',(0.,0.,-1.));
#8944=DIRECTION('ref_axis',(-1.,0.,0.));
#8945=DIRECTION('center_axis',(0.,0.,1.));
#8946=DIRECTION('ref_axis',(1.,0.,0.));
#8947=DIRECTION('center_axis',(0.,0.,-1.));
#8948=DIRECTION('ref_axis',(-1.,0.,0.));
#8949=DIRECTION('center_axis',(0.,0.,1.));
#8950=DIRECTION('ref_axis',(1.,0.,0.));
#8951=DIRECTION('center_axis',(0.,0.,-1.));
#8952=DIRECTION('ref_axis',(-1.,0.,0.));
#8953=DIRECTION('center_axis',(0.,0.,1.));
#8954=DIRECTION('ref_axis',(1.,0.,0.));
#8955=DIRECTION('center_axis',(0.,0.,-1.));
#8956=DIRECTION('ref_axis',(-1.,0.,0.));
#8957=DIRECTION('center_axis',(0.,0.,1.));
#8958=DIRECTION('ref_axis',(1.,0.,0.));
#8959=DIRECTION('center_axis',(0.,0.,-1.));
#8960=DIRECTION('ref_axis',(-1.,0.,0.));
#8961=DIRECTION('center_axis',(0.,0.,1.));
#8962=DIRECTION('ref_axis',(1.,0.,0.));
#8963=DIRECTION('center_axis',(0.,0.,-1.));
#8964=DIRECTION('ref_axis',(-1.,0.,0.));
#8965=DIRECTION('center_axis',(0.,0.,1.));
#8966=DIRECTION('ref_axis',(1.,0.,0.));
#8967=DIRECTION('center_axis',(0.,0.,-1.));
#8968=DIRECTION('ref_axis',(-1.,0.,0.));
#8969=DIRECTION('center_axis',(0.,0.,1.));
#8970=DIRECTION('ref_axis',(1.,0.,0.));
#8971=DIRECTION('center_axis',(0.,0.,-1.));
#8972=DIRECTION('ref_axis',(-1.,0.,0.));
#8973=DIRECTION('center_axis',(0.,0.,1.));
#8974=DIRECTION('ref_axis',(1.,0.,0.));
#8975=DIRECTION('center_axis',(0.,0.,-1.));
#8976=DIRECTION('ref_axis',(-1.,0.,0.));
#8977=DIRECTION('center_axis',(0.,0.,1.));
#8978=DIRECTION('ref_axis',(1.,0.,0.));
#8979=DIRECTION('center_axis',(0.,0.,-1.));
#8980=DIRECTION('ref_axis',(-1.,0.,0.));
#8981=DIRECTION('center_axis',(0.,0.,1.));
#8982=DIRECTION('ref_axis',(1.,0.,0.));
#8983=DIRECTION('center_axis',(0.,0.,-1.));
#8984=DIRECTION('ref_axis',(-1.,0.,0.));
#8985=DIRECTION('center_axis',(0.,0.,1.));
#8986=DIRECTION('ref_axis',(1.,0.,0.));
#8987=DIRECTION('center_axis',(0.,0.,-1.));
#8988=DIRECTION('ref_axis',(-1.,0.,0.));
#8989=DIRECTION('center_axis',(0.,0.,1.));
#8990=DIRECTION('ref_axis',(1.,0.,0.));
#8991=DIRECTION('center_axis',(0.,0.,1.));
#8992=DIRECTION('ref_axis',(1.,0.,0.));
#8993=DIRECTION('center_axis',(0.,0.,-1.));
#8994=DIRECTION('ref_axis',(-1.,0.,0.));
#8995=DIRECTION('center_axis',(0.,0.,1.));
#8996=DIRECTION('ref_axis',(1.,0.,0.));
#8997=DIRECTION('center_axis',(0.,0.,1.));
#8998=DIRECTION('ref_axis',(1.,0.,0.));
#8999=DIRECTION('center_axis',(0.,0.,1.));
#9000=DIRECTION('ref_axis',(1.,0.,0.));
#9001=DIRECTION('center_axis',(0.,0.,-1.));
#9002=DIRECTION('ref_axis',(-1.,0.,0.));
#9003=DIRECTION('center_axis',(0.707106781186548,0.707106781186547,0.));
#9004=DIRECTION('ref_axis',(0.707106781186547,-0.707106781186548,0.));
#9005=DIRECTION('center_axis',(-1.5908628580873E-16,-0.866025403784406,
-0.500000000000057));
#9006=DIRECTION('ref_axis',(9.18485099360619E-17,0.500000000000057,-0.866025403784406));
#9007=DIRECTION('',(-9.18485099360619E-17,-0.500000000000057,0.866025403784406));
#9008=DIRECTION('center_axis',(1.,-1.83697019872103E-16,0.));
#9009=DIRECTION('ref_axis',(-1.83697019872103E-16,-1.,0.));
#9010=DIRECTION('center_axis',(0.,0.,-1.));
#9011=DIRECTION('ref_axis',(-1.,0.,0.));
#9012=DIRECTION('center_axis',(0.707106781186547,-0.707106781186548,0.));
#9013=DIRECTION('ref_axis',(-0.707106781186548,-0.707106781186547,0.));
#9014=DIRECTION('center_axis',(-1.22464679914735E-16,-1.,0.));
#9015=DIRECTION('ref_axis',(-1.,1.22464679914735E-16,0.));
#9016=DIRECTION('',(-0.500000000000057,6.12323399573746E-17,0.866025403784406));
#9017=DIRECTION('center_axis',(0.,0.,-1.));
#9018=DIRECTION('ref_axis',(-1.,0.,0.));
#9019=DIRECTION('center_axis',(0.,1.,0.));
#9020=DIRECTION('ref_axis',(1.,0.,0.));
#9021=DIRECTION('',(0.500000000000057,0.,0.866025403784406));
#9022=DIRECTION('center_axis',(-0.707106781186547,0.707106781186548,0.));
#9023=DIRECTION('ref_axis',(0.707106781186548,0.707106781186547,0.));
#9024=DIRECTION('',(0.353553390593314,0.353553390593314,0.866025403784406));
#9025=DIRECTION('center_axis',(-1.,6.12323399573677E-17,0.));
#9026=DIRECTION('ref_axis',(6.12323399573677E-17,1.,0.));
#9027=DIRECTION('',(3.06161699786873E-17,0.500000000000057,0.866025403784406));
#9028=DIRECTION('center_axis',(-0.707106781186548,-0.707106781186547,0.));
#9029=DIRECTION('ref_axis',(-0.707106781186547,0.707106781186548,0.));
#9030=DIRECTION('center_axis',(0.,0.,-1.));
#9031=DIRECTION('ref_axis',(-1.,0.,0.));
#9032=DIRECTION('center_axis',(-0.866025403784406,1.06057523872487E-16,
-0.500000000000057));
#9033=DIRECTION('ref_axis',(-0.500000000000057,0.,0.866025403784406));
#9034=DIRECTION('center_axis',(0.,0.,-1.));
#9035=DIRECTION('ref_axis',(-1.,0.,0.));
#9036=DIRECTION('center_axis',(0.612372435695771,0.612372435695771,-0.500000000000057));
#9037=DIRECTION('ref_axis',(-0.353553390593314,-0.353553390593314,-0.866025403784406));
#9038=DIRECTION('center_axis',(0.,0.,-1.));
#9039=DIRECTION('ref_axis',(-1.,0.,0.));
#9040=DIRECTION('center_axis',(0.,0.,-1.));
#9041=DIRECTION('ref_axis',(-1.,0.,0.));
#9042=DIRECTION('center_axis',(0.,0.,-1.));
#9043=DIRECTION('ref_axis',(-1.,0.,0.));
#9044=DIRECTION('center_axis',(-0.866025403784406,1.06057523872487E-16,
-0.500000000000057));
#9045=DIRECTION('ref_axis',(0.500000000000057,-6.12323399573746E-17,-0.866025403784406));
#9046=DIRECTION('center_axis',(0.866025403784406,0.,-0.500000000000057));
#9047=DIRECTION('ref_axis',(-0.500000000000057,0.,-0.866025403784406));
#9048=DIRECTION('center_axis',(0.612372435695771,0.612372435695771,-0.500000000000057));
#9049=DIRECTION('ref_axis',(-0.353553390593314,-0.353553390593314,-0.866025403784406));
#9050=DIRECTION('center_axis',(5.30287619362433E-17,0.866025403784406,-0.500000000000057));
#9051=DIRECTION('ref_axis',(-3.06161699786873E-17,-0.500000000000057,-0.866025403784406));
#9052=DIRECTION('',(0.,0.,1.));
#9053=DIRECTION('',(1.,0.,0.));
#9054=DIRECTION('',(0.,0.,1.));
#9055=DIRECTION('',(1.,0.,0.));
#9056=DIRECTION('',(0.,0.,1.));
#9057=DIRECTION('',(1.,0.,0.));
#9058=DIRECTION('',(0.,0.,1.));
#9059=DIRECTION('',(1.,0.,0.));
#9060=CARTESIAN_POINT('',(0.,0.,0.));
#9061=CARTESIAN_POINT('',(0.,0.,0.));
#9062=CARTESIAN_POINT('Origin',(1.46409163126471E-7,-9.74999958950941,3.7));
#9063=CARTESIAN_POINT('',(-2.00000000067328,-9.94999958950941,3.7));
#9064=CARTESIAN_POINT('',(-2.00000000067328,-9.74999958950941,3.5));
#9065=CARTESIAN_POINT('Origin',(-2.00000000067328,-9.74999958950941,3.7));
#9066=CARTESIAN_POINT('',(1.99999999932672,-9.94999958950941,3.7));
#9067=CARTESIAN_POINT('',(1.46409163126471E-7,-9.94999958950941,3.7));
#9068=CARTESIAN_POINT('',(1.99999999932672,-9.74999958950941,3.5));
#9069=CARTESIAN_POINT('Origin',(1.99999999932672,-9.74999958950941,3.7));
#9070=CARTESIAN_POINT('',(1.46409163126471E-7,-9.74999958950941,3.5));
#9071=CARTESIAN_POINT('Origin',(1.99999999932672,-8.34999958950941,3.6));
#9072=CARTESIAN_POINT('',(1.99999999932672,-9.94999958950941,4.4));
#9073=CARTESIAN_POINT('',(1.99999999932672,-9.94999958950941,3.85));
#9074=CARTESIAN_POINT('',(1.99999999932672,-9.74999958950941,4.6));
#9075=CARTESIAN_POINT('Origin',(1.99999999932672,-9.74999958950941,4.4));
#9076=CARTESIAN_POINT('',(1.99999999932672,-8.44999999999997,4.6));
#9077=CARTESIAN_POINT('',(1.99999999932672,-8.34999958950941,4.6));
#9078=CARTESIAN_POINT('',(1.99999999932672,-8.44999999999997,3.5));
#9079=CARTESIAN_POINT('',(1.99999999932672,-8.44999999999997,1.8));
#9080=CARTESIAN_POINT('',(1.99999999932672,-4.06249960596982,3.5));
#9081=CARTESIAN_POINT('Origin',(-6.73276989715532E-10,-9.94999958950941,
4.1));
#9082=CARTESIAN_POINT('',(-2.00000000067328,-9.94999958950941,4.4));
#9083=CARTESIAN_POINT('',(-2.00000000067328,-9.94999958950941,4.35));
#9084=CARTESIAN_POINT('',(0.999999999326723,-9.94999958950941,4.4));
#9085=CARTESIAN_POINT('Origin',(0.999999999326723,-9.74999958950941,4.4));
#9086=CARTESIAN_POINT('',(-2.00000000067328,-9.74999958950941,4.6));
#9087=CARTESIAN_POINT('Origin',(-2.00000000067328,-9.74999958950941,4.4));
#9088=CARTESIAN_POINT('',(0.999999999326723,-9.74999958950941,4.6));
#9089=CARTESIAN_POINT('Origin',(-2.00000000067328,-8.34999958950941,4.6));
#9090=CARTESIAN_POINT('',(-2.00000000067328,-8.44999999999997,3.5));
#9091=CARTESIAN_POINT('',(-2.00000000067328,-4.06249960596982,3.5));
#9092=CARTESIAN_POINT('',(-2.00000000067328,-8.44999999999997,4.6));
#9093=CARTESIAN_POINT('',(-2.00000000067328,-8.44999999999997,2.3));
#9094=CARTESIAN_POINT('',(-2.00000000067328,-8.34999958950941,4.6));
#9095=CARTESIAN_POINT('Origin',(2.93491603242657E-7,0.225000377569781,3.5));
#9096=CARTESIAN_POINT('',(4.2250001467458,-8.44999999999997,3.5));
#9097=CARTESIAN_POINT('Origin',(1.99999999932672,-8.34999958950941,4.6));
#9098=CARTESIAN_POINT('',(5.22499999966336,-8.44999999999997,4.6));
#9099=CARTESIAN_POINT('Origin',(-6.25,6.25,0.5));
#9100=CARTESIAN_POINT('',(-4.05,6.25,-6.93889390390723E-17));
#9101=CARTESIAN_POINT('Origin',(-6.25,6.25,0.));
#9102=CARTESIAN_POINT('',(-5.05,6.25,1.));
#9103=CARTESIAN_POINT('',(-4.55,6.25,0.5));
#9104=CARTESIAN_POINT('Origin',(-6.25,6.25,1.));
#9105=CARTESIAN_POINT('Origin',(-6.25,6.25,1.5));
#9106=CARTESIAN_POINT('',(-5.05,6.25,2.));
#9107=CARTESIAN_POINT('',(-5.05,6.25,1.5));
#9108=CARTESIAN_POINT('Origin',(-6.25,6.25,2.));
#9109=CARTESIAN_POINT('Origin',(6.25,6.25,0.5));
#9110=CARTESIAN_POINT('',(8.45,6.25,-6.93889390390723E-17));
#9111=CARTESIAN_POINT('Origin',(6.25,6.25,0.));
#9112=CARTESIAN_POINT('',(7.45,6.25,1.));
#9113=CARTESIAN_POINT('',(7.95,6.25,0.5));
#9114=CARTESIAN_POINT('Origin',(6.25,6.25,1.));
#9115=CARTESIAN_POINT('Origin',(6.25,6.25,1.5));
#9116=CARTESIAN_POINT('',(7.45,6.25,2.));
#9117=CARTESIAN_POINT('',(7.45,6.25,1.5));
#9118=CARTESIAN_POINT('Origin',(6.25,6.25,2.));
#9119=CARTESIAN_POINT('Origin',(2.25,9.4,0.5));
#9120=CARTESIAN_POINT('',(6.25,9.9,1.));
#9121=CARTESIAN_POINT('',(6.25,8.9,0.));
#9122=CARTESIAN_POINT('',(6.25,9.6375,0.7375));
#9123=CARTESIAN_POINT('',(2.75,8.9,0.));
#9124=CARTESIAN_POINT('',(2.25,8.9,0.));
#9125=CARTESIAN_POINT('',(2.75,9.9,1.));
#9126=CARTESIAN_POINT('',(2.75,9.15,0.25));
#9127=CARTESIAN_POINT('',(2.25,9.9,1.));
#9128=CARTESIAN_POINT('Origin',(0.,-1.35,0.));
#9129=CARTESIAN_POINT('',(8.9,6.25,0.));
#9130=CARTESIAN_POINT('Origin',(6.25,6.25,0.));
#9131=CARTESIAN_POINT('',(8.9,-11.6,0.));
#9132=CARTESIAN_POINT('',(8.9,6.25,0.));
#9133=CARTESIAN_POINT('',(-8.9,-11.6,0.));
#9134=CARTESIAN_POINT('',(8.9,-11.6,0.));
#9135=CARTESIAN_POINT('',(-8.9,6.25,0.));
#9136=CARTESIAN_POINT('',(-8.9,-11.6,0.));
#9137=CARTESIAN_POINT('',(-6.25,8.9,0.));
#9138=CARTESIAN_POINT('Origin',(-6.25,6.25,0.));
#9139=CARTESIAN_POINT('',(-2.75,8.9,0.));
#9140=CARTESIAN_POINT('',(-2.25,8.9,0.));
#9141=CARTESIAN_POINT('',(-2.75,4.6,0.));
#9142=CARTESIAN_POINT('',(-2.75,8.9,0.));
#9143=CARTESIAN_POINT('',(2.75,4.6,0.));
#9144=CARTESIAN_POINT('',(-2.75,4.6,0.));
#9145=CARTESIAN_POINT('',(2.75,8.9,0.));
#9146=CARTESIAN_POINT('',(-4.34999999999945,-9.89999999999987,0.));
#9147=CARTESIAN_POINT('',(-7.14999999999945,-9.89999999999987,0.));
#9148=CARTESIAN_POINT('',(-2.22499999999972,-9.89999999999987,0.));
#9149=CARTESIAN_POINT('',(-7.14999999999944,-10.7,0.));
#9150=CARTESIAN_POINT('',(-7.14999999999946,-5.67499999999995,0.));
#9151=CARTESIAN_POINT('',(-4.34999999999945,-10.7,0.));
#9152=CARTESIAN_POINT('',(-3.52499999999972,-10.7,0.));
#9153=CARTESIAN_POINT('',(-4.34999999999945,-5.975,0.));
#9154=CARTESIAN_POINT('',(7.15000000000055,-9.89999999999987,0.));
#9155=CARTESIAN_POINT('',(4.35000000000055,-9.89999999999987,0.));
#9156=CARTESIAN_POINT('',(3.52500000000028,-9.89999999999987,0.));
#9157=CARTESIAN_POINT('',(4.35000000000056,-10.7,0.));
#9158=CARTESIAN_POINT('',(4.35000000000054,-5.67499999999993,0.));
#9159=CARTESIAN_POINT('',(7.15000000000055,-10.7,0.));
#9160=CARTESIAN_POINT('',(2.22500000000028,-10.7,0.));
#9161=CARTESIAN_POINT('',(7.15000000000055,-5.97499999999999,0.));
#9162=CARTESIAN_POINT('Origin',(6.25,8.9,1.95));
#9163=CARTESIAN_POINT('',(6.25,9.9,1.95));
#9164=CARTESIAN_POINT('',(6.25,9.9,1.95));
#9165=CARTESIAN_POINT('',(6.25,8.9,1.95));
#9166=CARTESIAN_POINT('',(6.25,8.9,1.95));
#9167=CARTESIAN_POINT('',(6.25,8.9,0.));
#9168=CARTESIAN_POINT('Origin',(-2.25,9.4,0.5));
#9169=CARTESIAN_POINT('',(-6.25,9.9,1.));
#9170=CARTESIAN_POINT('',(-6.25,9.15,0.25));
#9171=CARTESIAN_POINT('',(-2.75,9.9,1.));
#9172=CARTESIAN_POINT('',(-2.25,9.9,1.));
#9173=CARTESIAN_POINT('',(-2.75,8.075,-0.825));
#9174=CARTESIAN_POINT('Origin',(-4.5,9.9,0.975));
#9175=CARTESIAN_POINT('',(-6.25,9.9,1.95));
#9176=CARTESIAN_POINT('',(-6.25,9.9,1.95));
#9177=CARTESIAN_POINT('',(-2.75,9.9,1.95));
#9178=CARTESIAN_POINT('',(-2.75,9.9,1.95));
#9179=CARTESIAN_POINT('',(-2.75,9.9,0.));
#9180=CARTESIAN_POINT('Origin',(-6.25,8.9,0.));
#9181=CARTESIAN_POINT('',(-6.25,8.9,1.95));
#9182=CARTESIAN_POINT('',(-6.25,8.9,0.));
#9183=CARTESIAN_POINT('',(-6.25,8.9,1.95));
#9184=CARTESIAN_POINT('Origin',(-6.25,8.9,1.95));
#9185=CARTESIAN_POINT('',(-2.75,8.9,1.95));
#9186=CARTESIAN_POINT('',(-4.5,8.9,1.95));
#9187=CARTESIAN_POINT('',(-2.75,8.9,1.95));
#9188=CARTESIAN_POINT('Origin',(-2.75,8.9,0.));
#9189=CARTESIAN_POINT('',(-6.25,8.9,2.));
#9190=CARTESIAN_POINT('',(-6.25,8.9,0.));
#9191=CARTESIAN_POINT('',(-2.75,8.9,2.));
#9192=CARTESIAN_POINT('',(-6.25,8.9,2.));
#9193=CARTESIAN_POINT('',(-2.75,8.9,0.));
#9194=CARTESIAN_POINT('Origin',(2.75,8.9,1.95));
#9195=CARTESIAN_POINT('',(2.75,8.9,1.95));
#9196=CARTESIAN_POINT('',(4.5,8.9,1.95));
#9197=CARTESIAN_POINT('',(2.75,9.9,1.95));
#9198=CARTESIAN_POINT('',(2.75,9.9,1.95));
#9199=CARTESIAN_POINT('',(2.75,8.9,1.95));
#9200=CARTESIAN_POINT('Origin',(4.5,9.9,0.975));
#9201=CARTESIAN_POINT('',(2.75,9.9,0.));
#9202=CARTESIAN_POINT('Origin',(9.,-4.65,1.35));
#9203=CARTESIAN_POINT('',(8.9,-4.26270166537926,1.58729833462074));
#9204=CARTESIAN_POINT('',(8.9,-4.26270166537926,0.812701665379258));
#9205=CARTESIAN_POINT('',(8.9,-4.26270166537926,1.35));
#9206=CARTESIAN_POINT('',(8.6,-4.65,1.2));
#9207=CARTESIAN_POINT('Origin',(9.,-4.65,1.2));
#9208=CARTESIAN_POINT('Origin',(9.,-4.65,1.2));
#9209=CARTESIAN_POINT('Origin',(9.,-7.05,1.05));
#9210=CARTESIAN_POINT('',(8.9,-7.43729833462074,0.812701665379258));
#9211=CARTESIAN_POINT('',(8.9,-7.43729833462074,1.58729833462074));
#9212=CARTESIAN_POINT('',(8.9,-7.43729833462074,1.05));
#9213=CARTESIAN_POINT('',(8.6,-7.05,1.2));
#9214=CARTESIAN_POINT('Origin',(9.,-7.05,1.2));
#9215=CARTESIAN_POINT('Origin',(9.,-7.05,1.2));
#9216=CARTESIAN_POINT('Origin',(9.,-5.1,1.2));
#9217=CARTESIAN_POINT('',(8.9,-5.1,1.58729833462074));
#9218=CARTESIAN_POINT('',(8.9,-5.1,0.812701665379258));
#9219=CARTESIAN_POINT('Origin',(4.75000000000055,-10.1499999999999,0.1));
#9220=CARTESIAN_POINT('',(4.35000000000055,-9.89999999999987,0.1));
#9221=CARTESIAN_POINT('',(4.75000000000056,-10.3,0.5));
#9222=CARTESIAN_POINT('Origin',(4.75000000000056,-10.3,0.1));
#9223=CARTESIAN_POINT('',(4.35000000000056,-10.7,0.1));
#9224=CARTESIAN_POINT('Origin',(4.75000000000056,-10.3,0.1));
#9225=CARTESIAN_POINT('',(4.35000000000055,-10.1499999999999,0.1));
#9226=CARTESIAN_POINT('Origin',(5.10000000000056,-10.3,0.1));
#9227=CARTESIAN_POINT('',(7.15000000000055,-9.89999999999987,0.1));
#9228=CARTESIAN_POINT('',(6.40000000000055,-9.89999999999987,0.1));
#9229=CARTESIAN_POINT('',(6.75000000000056,-10.3,0.5));
#9230=CARTESIAN_POINT('Origin',(6.75000000000056,-10.3,0.1));
#9231=CARTESIAN_POINT('',(7.15000000000056,-10.7,0.1));
#9232=CARTESIAN_POINT('Origin',(6.75000000000056,-10.3,0.1));
#9233=CARTESIAN_POINT('',(5.10000000000056,-10.7,0.1));
#9234=CARTESIAN_POINT('Origin',(6.75000000000056,-10.45,0.1));
#9235=CARTESIAN_POINT('',(7.15000000000056,-10.45,0.1));
#9236=CARTESIAN_POINT('Origin',(7.05000000000055,-9.89999999999987,0.));
#9237=CARTESIAN_POINT('',(4.35000000000055,-9.89999999999987,0.));
#9238=CARTESIAN_POINT('',(7.15000000000055,-9.89999999999987,0.));
#9239=CARTESIAN_POINT('Origin',(7.15000000000056,-10.6,0.));
#9240=CARTESIAN_POINT('',(7.15000000000056,-10.7,0.));
#9241=CARTESIAN_POINT('Origin',(4.45000000000056,-10.7,0.));
#9242=CARTESIAN_POINT('',(4.35000000000056,-10.7,0.));
#9243=CARTESIAN_POINT('Origin',(4.35000000000055,-9.99999999999987,0.));
#9244=CARTESIAN_POINT('Origin',(-9.,-4.65,1.35));
#9245=CARTESIAN_POINT('',(-8.9,-4.26270166537926,0.812701665379258));
#9246=CARTESIAN_POINT('',(-8.9,-4.26270166537926,1.58729833462074));
#9247=CARTESIAN_POINT('',(-8.9,-4.26270166537926,1.35));
#9248=CARTESIAN_POINT('',(-8.6,-4.65,1.2));
#9249=CARTESIAN_POINT('Origin',(-9.,-4.65,1.2));
#9250=CARTESIAN_POINT('Origin',(-9.,-4.65,1.2));
#9251=CARTESIAN_POINT('Origin',(-9.,-7.05,1.05));
#9252=CARTESIAN_POINT('',(-8.9,-7.43729833462074,1.58729833462074));
#9253=CARTESIAN_POINT('',(-8.9,-7.43729833462074,0.812701665379258));
#9254=CARTESIAN_POINT('',(-8.9,-7.43729833462074,1.05));
#9255=CARTESIAN_POINT('',(-8.6,-7.05,1.2));
#9256=CARTESIAN_POINT('Origin',(-9.,-7.05,1.2));
#9257=CARTESIAN_POINT('Origin',(-9.,-7.05,1.2));
#9258=CARTESIAN_POINT('Origin',(-9.,-5.1,1.2));
#9259=CARTESIAN_POINT('',(-8.9,-5.1,0.812701665379258));
#9260=CARTESIAN_POINT('',(-8.9,-5.1,1.58729833462074));
#9261=CARTESIAN_POINT('Origin',(-4.74999999999945,-10.45,0.1));
#9262=CARTESIAN_POINT('',(-4.74999999999945,-10.2999999999999,0.5));
#9263=CARTESIAN_POINT('',(-4.34999999999945,-10.7,0.1));
#9264=CARTESIAN_POINT('Origin',(-4.74999999999945,-10.3,0.1));
#9265=CARTESIAN_POINT('',(-4.34999999999945,-9.89999999999987,0.1));
#9266=CARTESIAN_POINT('Origin',(-4.74999999999945,-10.3,0.1));
#9267=CARTESIAN_POINT('',(-4.34999999999945,-10.45,0.1));
#9268=CARTESIAN_POINT('Origin',(-6.39999999999945,-10.3,0.1));
#9269=CARTESIAN_POINT('',(-7.14999999999945,-10.7,0.1));
#9270=CARTESIAN_POINT('',(-6.39999999999945,-10.7,0.1));
#9271=CARTESIAN_POINT('',(-6.74999999999945,-10.2999999999999,0.5));
#9272=CARTESIAN_POINT('Origin',(-6.74999999999945,-10.3,0.1));
#9273=CARTESIAN_POINT('',(-7.14999999999945,-9.9,0.1));
#9274=CARTESIAN_POINT('Origin',(-6.74999999999945,-10.3,0.1));
#9275=CARTESIAN_POINT('',(-5.09999999999945,-9.89999999999987,0.1));
#9276=CARTESIAN_POINT('Origin',(-6.74999999999945,-10.1499999999999,0.1));
#9277=CARTESIAN_POINT('',(-7.14999999999945,-10.1499999999999,0.1));
#9278=CARTESIAN_POINT('Origin',(-4.44999999999945,-9.89999999999987,0.));
#9279=CARTESIAN_POINT('',(-7.14999999999945,-9.89999999999987,0.));
#9280=CARTESIAN_POINT('',(-4.34999999999945,-9.89999999999987,0.));
#9281=CARTESIAN_POINT('Origin',(-4.34999999999945,-10.6,0.));
#9282=CARTESIAN_POINT('',(-4.34999999999945,-10.7,0.));
#9283=CARTESIAN_POINT('Origin',(-7.14999999999945,-9.99999999999987,0.));
#9284=CARTESIAN_POINT('',(-7.14999999999945,-10.7,0.));
#9285=CARTESIAN_POINT('Origin',(-7.04999999999945,-10.7,0.));
#9286=CARTESIAN_POINT('Origin',(-4.45,-11.1,5.15));
#9287=CARTESIAN_POINT('',(8.9,-11.6,4.65));
#9288=CARTESIAN_POINT('',(8.9,-10.6,5.65));
#9289=CARTESIAN_POINT('',(8.9,-12.5125,3.7375));
#9290=CARTESIAN_POINT('',(-8.9,-10.6,5.65));
#9291=CARTESIAN_POINT('',(-4.45,-10.6,5.65));
#9292=CARTESIAN_POINT('',(-8.9,-11.6,4.65));
#9293=CARTESIAN_POINT('',(-8.9,-8.04999999999999,8.2));
#9294=CARTESIAN_POINT('',(-4.45,-11.6,4.65));
#9295=CARTESIAN_POINT('Origin',(-8.9,6.25,0.));
#9296=CARTESIAN_POINT('',(-8.9,6.25,5.65));
#9297=CARTESIAN_POINT('',(-8.9,-11.6,5.65));
#9298=CARTESIAN_POINT('',(-8.9,6.25,2.));
#9299=CARTESIAN_POINT('',(-8.9,6.25,0.));
#9300=CARTESIAN_POINT('',(-8.9,6.25,0.));
#9301=CARTESIAN_POINT('',(-8.9,-11.6,0.));
#9302=CARTESIAN_POINT('Origin',(0.,-2.675,5.65));
#9303=CARTESIAN_POINT('',(8.9,6.25,5.65));
#9304=CARTESIAN_POINT('',(8.9,6.25,5.65));
#9305=CARTESIAN_POINT('',(8.45,6.25,5.65));
#9306=CARTESIAN_POINT('',(-8.9,6.25,5.65));
#9307=CARTESIAN_POINT('',(8.45,-8.44999999999997,5.65));
#9308=CARTESIAN_POINT('',(8.45,6.25,5.65));
#9309=CARTESIAN_POINT('',(-8.45,-8.44999999999997,5.65));
#9310=CARTESIAN_POINT('',(-8.9,-8.44999999999997,5.65));
#9311=CARTESIAN_POINT('',(-8.45,6.25,5.65));
#9312=CARTESIAN_POINT('',(-8.45,-8.44999999999997,5.65));
#9313=CARTESIAN_POINT('',(-8.9,6.25,5.65));
#9314=CARTESIAN_POINT('Origin',(8.9,6.25,0.));
#9315=CARTESIAN_POINT('',(8.45,6.25,2.));
#9316=CARTESIAN_POINT('',(8.9,6.25,2.));
#9317=CARTESIAN_POINT('',(4.45,6.25,2.));
#9318=CARTESIAN_POINT('',(8.45,6.25,0.));
#9319=CARTESIAN_POINT('',(8.9,6.25,0.));
#9320=CARTESIAN_POINT('Origin',(-8.45,6.25,0.));
#9321=CARTESIAN_POINT('',(-8.45,6.25,2.));
#9322=CARTESIAN_POINT('',(-4.225,6.25,2.));
#9323=CARTESIAN_POINT('',(-8.45,6.25,0.));
#9324=CARTESIAN_POINT('Origin',(-8.45,-8.44999999999997,0.));
#9325=CARTESIAN_POINT('',(-8.45,-8.44999999999997,2.));
#9326=CARTESIAN_POINT('',(-8.45,-4.89999999999998,2.));
#9327=CARTESIAN_POINT('',(-8.45,-8.44999999999997,0.));
#9328=CARTESIAN_POINT('Origin',(8.45,-8.44999999999997,0.));
#9329=CARTESIAN_POINT('',(8.45,-8.44999999999997,2.));
#9330=CARTESIAN_POINT('',(4.225,-8.44999999999997,2.));
#9331=CARTESIAN_POINT('',(8.45,-8.44999999999997,0.));
#9332=CARTESIAN_POINT('Origin',(8.45,6.25,0.));
#9333=CARTESIAN_POINT('',(8.45,2.45,2.));
#9334=CARTESIAN_POINT('Origin',(0.,-1.35,2.));
#9335=CARTESIAN_POINT('',(6.25,8.9,2.));
#9336=CARTESIAN_POINT('Origin',(6.25,6.25,2.));
#9337=CARTESIAN_POINT('',(2.75,8.9,2.));
#9338=CARTESIAN_POINT('',(-6.25,8.9,2.));
#9339=CARTESIAN_POINT('',(2.75,4.6,2.));
#9340=CARTESIAN_POINT('',(2.75,4.6,2.));
#9341=CARTESIAN_POINT('',(2.,4.6,2.));
#9342=CARTESIAN_POINT('',(-2.75,4.6,2.));
#9343=CARTESIAN_POINT('',(2.,3.6,2.));
#9344=CARTESIAN_POINT('',(2.,1.125,2.));
#9345=CARTESIAN_POINT('',(-2.,3.6,2.));
#9346=CARTESIAN_POINT('',(-1.,3.6,2.));
#9347=CARTESIAN_POINT('',(-2.,4.6,2.));
#9348=CARTESIAN_POINT('',(-2.,1.625,2.));
#9349=CARTESIAN_POINT('',(-2.75,4.6,2.));
#9350=CARTESIAN_POINT('',(-2.75,4.6,2.));
#9351=CARTESIAN_POINT('',(-2.75,8.9,2.));
#9352=CARTESIAN_POINT('Origin',(-6.25,6.25,2.));
#9353=CARTESIAN_POINT('Origin',(-2.,3.6,1.));
#9354=CARTESIAN_POINT('',(-2.,3.6,1.));
#9355=CARTESIAN_POINT('',(2.,3.6,1.));
#9356=CARTESIAN_POINT('',(-2.,3.6,1.));
#9357=CARTESIAN_POINT('',(-2.,3.6,1.));
#9358=CARTESIAN_POINT('',(2.,3.6,1.));
#9359=CARTESIAN_POINT('Origin',(-2.,4.6,1.));
#9360=CARTESIAN_POINT('',(-2.,4.6,1.));
#9361=CARTESIAN_POINT('',(-2.,4.6,1.));
#9362=CARTESIAN_POINT('',(-2.,4.6,0.5));
#9363=CARTESIAN_POINT('Origin',(2.,3.6,1.));
#9364=CARTESIAN_POINT('',(2.,4.6,1.));
#9365=CARTESIAN_POINT('',(2.,3.6,1.));
#9366=CARTESIAN_POINT('',(2.,4.6,0.5));
#9367=CARTESIAN_POINT('Origin',(-1.11022302462516E-15,4.1,1.));
#9368=CARTESIAN_POINT('',(1.375,4.6,1.));
#9369=CARTESIAN_POINT('Origin',(2.75,8.9,0.));
#9370=CARTESIAN_POINT('',(2.75,4.6,0.));
#9371=CARTESIAN_POINT('',(2.75,8.9,0.));
#9372=CARTESIAN_POINT('Origin',(6.25,8.9,0.));
#9373=CARTESIAN_POINT('',(6.25,8.9,0.));
#9374=CARTESIAN_POINT('Origin',(6.25,6.25,0.));
#9375=CARTESIAN_POINT('',(8.9,6.25,0.));
#9376=CARTESIAN_POINT('Origin',(8.9,-11.6,0.));
#9377=CARTESIAN_POINT('',(8.9,-11.6,0.));
#9378=CARTESIAN_POINT('Origin',(-8.9,-11.6,0.));
#9379=CARTESIAN_POINT('Origin',(-6.25,6.25,0.));
#9380=CARTESIAN_POINT('Origin',(-2.75,4.6,0.));
#9381=CARTESIAN_POINT('',(-2.75,4.6,0.));
#9382=CARTESIAN_POINT('Origin',(2.75,4.6,0.));
#9383=CARTESIAN_POINT('',(0.,0.,0.));
#9384=CARTESIAN_POINT('Origin',(0.,-1.25,6.1));
#9385=CARTESIAN_POINT('',(-4.75,-1.25,7.1));
#9386=CARTESIAN_POINT('Origin',(0.,-1.25,7.1));
#9387=CARTESIAN_POINT('',(-5.75,-1.25,6.1));
#9388=CARTESIAN_POINT('Origin',(-4.75,-1.25,6.1));
#9389=CARTESIAN_POINT('Origin',(0.,-1.25,6.1));
#9390=CARTESIAN_POINT('Origin',(0.,-1.25,4.8));
#9391=CARTESIAN_POINT('',(-5.75,-1.25,5.6));
#9392=CARTESIAN_POINT('',(-5.75,-1.25,4.8));
#9393=CARTESIAN_POINT('Origin',(0.,-1.25,5.6));
#9394=CARTESIAN_POINT('Origin',(0.,-1.25,7.1));
#9395=CARTESIAN_POINT('',(-2.75,-1.25,7.1));
#9396=CARTESIAN_POINT('Origin',(0.,-1.25,7.1));
#9397=CARTESIAN_POINT('Origin',(0.999999999326723,-9.64999958950941,4.4));
#9398=CARTESIAN_POINT('',(-2.00000000067328,-9.64999958950941,4.6));
#9399=CARTESIAN_POINT('',(-2.00000000067328,-9.84999958950941,4.4));
#9400=CARTESIAN_POINT('Origin',(-2.00000000067328,-9.64999958950941,4.4));
#9401=CARTESIAN_POINT('',(1.99999999932672,-9.84999958950941,4.4));
#9402=CARTESIAN_POINT('',(0.999999999326723,-9.84999958950941,4.4));
#9403=CARTESIAN_POINT('',(1.99999999932672,-9.64999958950941,4.6));
#9404=CARTESIAN_POINT('Origin',(1.99999999932672,-9.64999958950941,4.4));
#9405=CARTESIAN_POINT('',(0.999999999326723,-9.64999958950941,4.6));
#9406=CARTESIAN_POINT('Origin',(-6.73276989715532E-10,-9.84999958950941,
4.1));
#9407=CARTESIAN_POINT('',(-2.00000000067328,-9.84999958950941,3.8));
#9408=CARTESIAN_POINT('',(-2.00000000067328,-9.84999958950941,2.6));
#9409=CARTESIAN_POINT('',(1.99999999932672,-9.84999958950941,3.8));
#9410=CARTESIAN_POINT('',(1.46409163126471E-7,-9.84999958950941,3.8));
#9411=CARTESIAN_POINT('',(1.99999999932672,-9.84999958950941,4.6));
#9412=CARTESIAN_POINT('Origin',(-2.00000000067328,-8.34999958950941,4.6));
#9413=CARTESIAN_POINT('',(-2.00000000067328,-8.34999958950941,4.6));
#9414=CARTESIAN_POINT('',(-2.00000000067328,-8.34999958950941,4.6));
#9415=CARTESIAN_POINT('',(-2.00000000067328,-8.34999958950941,3.6));
#9416=CARTESIAN_POINT('',(-2.00000000067328,-8.34999964944666,4.1));
#9417=CARTESIAN_POINT('',(-2.00000000067328,-9.64999958950941,3.6));
#9418=CARTESIAN_POINT('',(-2.00000000067328,-8.34999958950941,3.6));
#9419=CARTESIAN_POINT('Origin',(-2.00000000067328,-9.64999958950941,3.8));
#9420=CARTESIAN_POINT('Origin',(1.46409163126471E-7,-9.64999958950941,3.8));
#9421=CARTESIAN_POINT('',(1.99999999932672,-9.64999958950941,3.6));
#9422=CARTESIAN_POINT('Origin',(1.99999999932672,-9.64999958950941,3.8));
#9423=CARTESIAN_POINT('',(1.46409163126471E-7,-9.64999958950941,3.6));
#9424=CARTESIAN_POINT('Origin',(2.93491603242657E-7,0.225000377569781,3.6));
#9425=CARTESIAN_POINT('',(-8.34999974973572,-8.34999983974742,3.6));
#9426=CARTESIAN_POINT('',(-4.22499959963143,-8.34999971612684,3.6));
#9427=CARTESIAN_POINT('',(-8.35000019031339,6.34975446706006,3.6));
#9428=CARTESIAN_POINT('',(-8.35000009703011,3.23738314942221,3.6));
#9429=CARTESIAN_POINT('',(-8.89811957691393,6.34981860890464,3.6));
#9430=CARTESIAN_POINT('',(-4.44963578853943,6.34929803991406,3.6));
#9431=CARTESIAN_POINT('',(-6.25001514244131,8.90000022318756,3.6));
#9432=CARTESIAN_POINT('Origin',(-6.25000008544116,6.25000011515242,3.6));
#9433=CARTESIAN_POINT('',(6.24998521503544,8.90000059783813,3.6));
#9434=CARTESIAN_POINT('',(-6.25001514244131,8.90000022318756,3.6));
#9435=CARTESIAN_POINT('',(8.8981978616947,6.34773605416159,3.6));
#9436=CARTESIAN_POINT('Origin',(6.25000078050228,6.25000059788384,3.6));
#9437=CARTESIAN_POINT('',(8.34999980988925,6.34780020521345,3.6));
#9438=CARTESIAN_POINT('',(4.2253642114909,6.34828287694884,3.6));
#9439=CARTESIAN_POINT('',(8.35000022920599,-8.3499993392714,3.6));
#9440=CARTESIAN_POINT('',(8.35000010831343,-4.11249936166935,3.6));
#9441=CARTESIAN_POINT('',(1.99999999932672,-8.34999958950941,3.6));
#9442=CARTESIAN_POINT('',(-4.22499959963143,-8.34999971612684,3.6));
#9443=CARTESIAN_POINT('',(1.99999999932672,-8.34999958950941,3.6));
#9444=CARTESIAN_POINT('',(-5.30000008544116,6.25000011515242,3.6));
#9445=CARTESIAN_POINT('Origin',(-6.25000008544116,6.25000011515242,3.6));
#9446=CARTESIAN_POINT('',(7.20000078050228,6.25000059788384,3.6));
#9447=CARTESIAN_POINT('Origin',(6.25000078050228,6.25000059788384,3.6));
#9448=CARTESIAN_POINT('',(5.25877131352892,-3.57547291362537,3.6));
#9449=CARTESIAN_POINT('',(5.25931543092947,1.07424206957605,3.6));
#9450=CARTESIAN_POINT('',(5.25899364637973,-1.67554398912234,3.6));
#9451=CARTESIAN_POINT('',(2.32485750751909,4.00904340823806,3.6));
#9452=CARTESIAN_POINT('',(4.15695093157359,2.17673557701172,3.6));
#9453=CARTESIAN_POINT('',(-2.32485750751909,4.00904340823806,3.6));
#9454=CARTESIAN_POINT('',(1.16242890050535,4.00904340823806,3.6));
#9455=CARTESIAN_POINT('',(-5.2587713205678,1.07547289770781,3.6));
#9456=CARTESIAN_POINT('',(-2.68958579553205,3.64435779773637,3.6));
#9457=CARTESIAN_POINT('',(-5.25877132056781,-3.57424211733037,3.6));
#9458=CARTESIAN_POINT('',(-5.2587713205678,0.6502366376388,3.6));
#9459=CARTESIAN_POINT('',(-2.32485750751909,-6.50904340823812,3.6));
#9460=CARTESIAN_POINT('',(-4.89428661787132,-3.93883707278962,3.6));
#9461=CARTESIAN_POINT('',(2.32485750751909,-6.50904340823806,3.6));
#9462=CARTESIAN_POINT('',(-1.1624286070137,-6.5090434082381,3.6));
#9463=CARTESIAN_POINT('',(3.42708612427064,-5.40694376857016,3.6));
#9464=CARTESIAN_POINT('Origin',(1.99999999932672,-8.34999958950941,4.6));
#9465=CARTESIAN_POINT('',(1.99999999932672,-8.34999958950941,4.6));
#9466=CARTESIAN_POINT('',(1.99999999932672,-8.34999958950941,4.6));
#9467=CARTESIAN_POINT('',(-3.22499987520434,-8.34999968615822,4.6));
#9468=CARTESIAN_POINT('Origin',(1.99999999932672,-8.34999958950941,3.6));
#9469=CARTESIAN_POINT('',(1.99999999932672,-8.34999952957216,3.6));
#9470=CARTESIAN_POINT('Origin',(-2.07627621821135,-5.90904340823812,3.6));
#9471=CARTESIAN_POINT('',(-2.07627621821135,-5.90904340823812,4.6));
#9472=CARTESIAN_POINT('',(2.07634993475765,-5.90904340823806,4.6));
#9473=CARTESIAN_POINT('',(-1.03800208151523,-5.9090434082381,4.6));
#9474=CARTESIAN_POINT('',(-2.07627621821135,-5.90904340823812,6.1));
#9475=CARTESIAN_POINT('',(-2.07627621821135,-5.90904340823812,3.6));
#9476=CARTESIAN_POINT('',(2.07634993475765,-5.90904340823806,6.1));
#9477=CARTESIAN_POINT('',(-2.07627621821135,-5.90904340823812,6.1));
#9478=CARTESIAN_POINT('',(2.07634993475765,-5.90904340823806,3.6));
#9479=CARTESIAN_POINT('Origin',(2.07634993475765,-5.90904340823806,3.6));
#9480=CARTESIAN_POINT('',(4.65880039840748,-3.32689512956548,4.6));
#9481=CARTESIAN_POINT('',(2.7220305724244,-5.26343832477518,4.6));
#9482=CARTESIAN_POINT('',(4.65880039840748,-3.32689512956548,6.1));
#9483=CARTESIAN_POINT('',(2.07634993475765,-5.90904340823806,6.1));
#9484=CARTESIAN_POINT('',(4.65880039840748,-3.32689512956548,3.6));
#9485=CARTESIAN_POINT('Origin',(4.65880039840748,-3.32689512956548,3.6));
#9486=CARTESIAN_POINT('',(4.65928634945427,0.825763581693176,4.6));
#9487=CARTESIAN_POINT('',(4.65892188737431,-2.28872015337692,4.6));
#9488=CARTESIAN_POINT('',(4.65928634945427,0.825763581693176,6.1));
#9489=CARTESIAN_POINT('',(4.65880039840748,-3.32689512956548,6.1));
#9490=CARTESIAN_POINT('',(4.65928634945427,0.825763581693176,3.6));
#9491=CARTESIAN_POINT('Origin',(4.65928634945427,0.825763581693176,3.6));
#9492=CARTESIAN_POINT('',(2.0763088049344,3.40904340823805,4.6));
#9493=CARTESIAN_POINT('',(4.01360996916043,1.47151552453465,4.6));
#9494=CARTESIAN_POINT('',(2.0763088049344,3.40904340823805,6.1));
#9495=CARTESIAN_POINT('',(4.65928634945427,0.825763581693176,6.1));
#9496=CARTESIAN_POINT('',(2.0763088049344,3.40904340823805,3.6));
#9497=CARTESIAN_POINT('Origin',(2.0763088049344,3.40904340823805,3.6));
#9498=CARTESIAN_POINT('',(-2.07634993422574,3.40904340823806,4.6));
#9499=CARTESIAN_POINT('',(1.03829043005762,3.40904340823805,4.6));
#9500=CARTESIAN_POINT('',(-2.07634993422574,3.40904340823806,6.1));
#9501=CARTESIAN_POINT('',(2.0763088049344,3.40904340823805,6.1));
#9502=CARTESIAN_POINT('',(-2.07634993422574,3.40904340823806,3.6));
#9503=CARTESIAN_POINT('Origin',(-4.65877132056781,-3.32576712846117,3.6));
#9504=CARTESIAN_POINT('',(-4.65877132056781,-3.32576712846117,4.6));
#9505=CARTESIAN_POINT('',(-4.01330450954462,-3.97142918635936,4.6));
#9506=CARTESIAN_POINT('',(-4.65877132056781,-3.32576712846117,6.1));
#9507=CARTESIAN_POINT('',(-4.65877132056781,-3.32576712846117,3.6));
#9508=CARTESIAN_POINT('',(-4.65877132056781,-3.32576712846117,6.1));
#9509=CARTESIAN_POINT('Origin',(-4.6587713205678,0.826924195655064,3.6));
#9510=CARTESIAN_POINT('',(-4.6587713205678,0.826924195655064,4.6));
#9511=CARTESIAN_POINT('',(-4.6587713205678,-0.211537902172481,4.6));
#9512=CARTESIAN_POINT('',(-4.6587713205678,0.826924195655064,6.1));
#9513=CARTESIAN_POINT('',(-4.6587713205678,0.826924195655064,3.6));
#9514=CARTESIAN_POINT('',(-4.6587713205678,0.826924195655064,6.1));
#9515=CARTESIAN_POINT('Origin',(-2.07634993422574,3.40904340823806,3.6));
#9516=CARTESIAN_POINT('',(-2.72189453008873,2.76357434870628,4.6));
#9517=CARTESIAN_POINT('',(-2.07634993422574,3.40904340823806,6.1));
#9518=CARTESIAN_POINT('Origin',(0.000257514443231521,-1.25000000000003,
6.1));
#9519=CARTESIAN_POINT('',(-2.75,-1.25,6.1));
#9520=CARTESIAN_POINT('Origin',(0.,-1.25,6.1));
#9521=CARTESIAN_POINT('Origin',(5.25877131352892,-3.57547291362537,3.6));
#9522=CARTESIAN_POINT('',(5.25877131352892,-3.57547291362537,4.6));
#9523=CARTESIAN_POINT('',(5.25877131352892,-3.57547291362537,3.6));
#9524=CARTESIAN_POINT('',(5.25931543092947,1.07424206957605,4.6));
#9525=CARTESIAN_POINT('',(5.25877131352892,-3.57547291362537,4.6));
#9526=CARTESIAN_POINT('',(5.25931543092947,1.07424206957605,3.6));
#9527=CARTESIAN_POINT('Origin',(2.32485750751909,-6.50904340823806,3.6));
#9528=CARTESIAN_POINT('',(2.32485750751909,-6.50904340823806,4.6));
#9529=CARTESIAN_POINT('',(2.32485750751909,-6.50904340823806,3.6));
#9530=CARTESIAN_POINT('',(2.32485750751909,-6.50904340823806,4.6));
#9531=CARTESIAN_POINT('Origin',(-2.32485750751909,-6.50904340823812,3.6));
#9532=CARTESIAN_POINT('',(-2.32485750751909,-6.50904340823812,4.6));
#9533=CARTESIAN_POINT('',(-2.32485750751909,-6.50904340823812,3.6));
#9534=CARTESIAN_POINT('',(-2.32485750751909,-6.50904340823812,4.6));
#9535=CARTESIAN_POINT('Origin',(-5.25877132056781,-3.57424211733037,3.6));
#9536=CARTESIAN_POINT('',(-5.25877132056781,-3.57424211733037,4.6));
#9537=CARTESIAN_POINT('',(-5.25877132056781,-3.57424211733037,3.6));
#9538=CARTESIAN_POINT('',(-5.25877132056781,-3.57424211733037,4.6));
#9539=CARTESIAN_POINT('Origin',(-5.2587713205678,1.07547289770781,3.6));
#9540=CARTESIAN_POINT('',(-5.2587713205678,1.07547289770781,4.6));
#9541=CARTESIAN_POINT('',(-5.2587713205678,1.07547289770781,3.6));
#9542=CARTESIAN_POINT('',(-5.2587713205678,1.07547289770781,4.6));
#9543=CARTESIAN_POINT('Origin',(-2.32485750751909,4.00904340823806,3.6));
#9544=CARTESIAN_POINT('',(-2.32485750751909,4.00904340823806,4.6));
#9545=CARTESIAN_POINT('',(-2.32485750751909,4.00904340823806,3.6));
#9546=CARTESIAN_POINT('',(-2.32485750751909,4.00904340823806,4.6));
#9547=CARTESIAN_POINT('Origin',(2.32485750751909,4.00904340823806,3.6));
#9548=CARTESIAN_POINT('',(2.32485750751909,4.00904340823806,4.6));
#9549=CARTESIAN_POINT('',(2.32485750751909,4.00904340823806,3.6));
#9550=CARTESIAN_POINT('',(2.32485750751909,4.00904340823806,4.6));
#9551=CARTESIAN_POINT('Origin',(5.25931543092947,1.07424206957605,3.6));
#9552=CARTESIAN_POINT('',(5.25931543092947,1.07424206957605,4.6));
#9553=CARTESIAN_POINT('Origin',(0.000272055180832176,-1.25000000000003,
4.6));
#9554=CARTESIAN_POINT('Origin',(6.25000078050228,6.25000059788384,4.4));
#9555=CARTESIAN_POINT('',(7.20000078050228,6.25000059788384,5.2));
#9556=CARTESIAN_POINT('',(7.20000078050228,6.25000059788384,4.4));
#9557=CARTESIAN_POINT('Origin',(6.25000078050228,6.25000059788384,5.2));
#9558=CARTESIAN_POINT('Origin',(6.25000078050228,6.25000059788384,5.2));
#9559=CARTESIAN_POINT('Origin',(-6.25000008544116,6.25000011515242,4.4));
#9560=CARTESIAN_POINT('',(-5.30000008544116,6.25000011515242,5.2));
#9561=CARTESIAN_POINT('',(-5.30000008544116,6.25000011515242,4.4));
#9562=CARTESIAN_POINT('Origin',(-6.25000008544116,6.25000011515242,5.2));
#9563=CARTESIAN_POINT('Origin',(-6.25000008544116,6.25000011515242,5.2));
#9564=CARTESIAN_POINT('Origin',(0.,-1.25,3.6));
#9565=CARTESIAN_POINT('',(-2.75,-1.25,3.6));
#9566=CARTESIAN_POINT('Origin',(6.24998521503544,8.90000059783042,3.6));
#9567=CARTESIAN_POINT('',(-6.25001514244131,8.90000022318756,5.6));
#9568=CARTESIAN_POINT('',(-6.25001514244131,8.90000022318756,3.6));
#9569=CARTESIAN_POINT('',(6.24998521503544,8.90000059783813,5.6));
#9570=CARTESIAN_POINT('',(-6.25001514244131,8.90000022318756,5.6));
#9571=CARTESIAN_POINT('',(6.24998521503544,8.90000059783813,3.6));
#9572=CARTESIAN_POINT('Origin',(6.25000078050228,6.25000059788384,3.6));
#9573=CARTESIAN_POINT('',(8.8981978616947,6.34773605416159,5.6));
#9574=CARTESIAN_POINT('Origin',(6.25000078050228,6.25000059788384,5.6));
#9575=CARTESIAN_POINT('',(8.89819786164746,6.34773605416334,3.6));
#9576=CARTESIAN_POINT('Origin',(8.45001151490917,6.34778850167697,3.6));
#9577=CARTESIAN_POINT('',(8.34999980988925,6.34780020521345,5.6));
#9578=CARTESIAN_POINT('',(4.2253642114909,6.34828287694884,5.6));
#9579=CARTESIAN_POINT('',(8.34999980988925,6.34780020521346,3.6));
#9580=CARTESIAN_POINT('Origin',(8.35000023205892,-8.44999933912746,3.6));
#9581=CARTESIAN_POINT('',(8.35000022920599,-8.3499993392714,5.6));
#9582=CARTESIAN_POINT('',(8.35000010831343,-4.11249936166935,5.6));
#9583=CARTESIAN_POINT('',(8.350000229206,-8.3499993392714,3.6));
#9584=CARTESIAN_POINT('Origin',(-8.44999974973541,-8.34999984274428,3.6));
#9585=CARTESIAN_POINT('',(-8.34999974973572,-8.34999983974742,5.6));
#9586=CARTESIAN_POINT('',(-4.22499959963143,-8.34999971612684,5.6));
#9587=CARTESIAN_POINT('',(-8.34999974973572,-8.34999983974742,3.6));
#9588=CARTESIAN_POINT('Origin',(-8.35000018731656,6.24976617153893,3.6));
#9589=CARTESIAN_POINT('',(-8.35000019031339,6.34975446706006,5.6));
#9590=CARTESIAN_POINT('',(-8.35000009703011,3.23738314942221,5.6));
#9591=CARTESIAN_POINT('',(-8.35000019031339,6.34975446706006,3.6));
#9592=CARTESIAN_POINT('Origin',(-8.89998848515148,6.3498188276074,3.6));
#9593=CARTESIAN_POINT('',(-8.89811957691393,6.34981860890464,5.6));
#9594=CARTESIAN_POINT('',(-4.44963578853943,6.34929803991406,5.6));
#9595=CARTESIAN_POINT('',(-8.89811957691393,6.34981860890464,3.6));
#9596=CARTESIAN_POINT('Origin',(-6.25000008544116,6.25000011515242,3.6));
#9597=CARTESIAN_POINT('Origin',(-6.25000008544116,6.25000011515242,5.6));
#9598=CARTESIAN_POINT('Origin',(2.93491603242657E-7,0.225000377569781,5.6));
#9599=CARTESIAN_POINT('',(0.,0.,0.));
#9600=CARTESIAN_POINT('Origin',(-0.0394244602490029,-1.266002032004,8.540028244856));
#9601=CARTESIAN_POINT('',(2.910575539751,-1.266002032004,8.540028244856));
#9602=CARTESIAN_POINT('Origin',(-0.039424460249003,-1.266002032004,8.540028244856));
#9603=CARTESIAN_POINT('',(1.710575539751,-1.266002032004,8.540028244856));
#9604=CARTESIAN_POINT('Origin',(-0.039424460249003,-1.266002032004,8.540028244856));
#9605=CARTESIAN_POINT('Origin',(-0.0394244602490029,-1.266002032004,8.540028244856));
#9606=CARTESIAN_POINT('',(0.460575539750997,-2.266002032004,8.540028244856));
#9607=CARTESIAN_POINT('',(-0.539424460249003,-2.266002032004,8.540028244856));
#9608=CARTESIAN_POINT('',(-0.539424460249003,-2.266002032004,8.540028244856));
#9609=CARTESIAN_POINT('',(-1.039424460249,-1.766002032004,8.540028244856));
#9610=CARTESIAN_POINT('Origin',(-0.539424460249003,-1.766002032004,8.540028244856));
#9611=CARTESIAN_POINT('',(-1.039424460249,-0.766002032003997,8.540028244856));
#9612=CARTESIAN_POINT('',(-1.039424460249,-0.766002032003997,8.540028244856));
#9613=CARTESIAN_POINT('',(-0.539424460249003,-0.266002032003997,8.540028244856));
#9614=CARTESIAN_POINT('Origin',(-0.539424460249003,-0.766002032003997,8.540028244856));
#9615=CARTESIAN_POINT('',(0.460575539750997,-0.266002032003997,8.540028244856));
#9616=CARTESIAN_POINT('',(0.460575539750997,-0.266002032003997,8.540028244856));
#9617=CARTESIAN_POINT('',(0.960575539750997,-0.766002032003997,8.540028244856));
#9618=CARTESIAN_POINT('Origin',(0.460575539750997,-0.766002032003997,8.540028244856));
#9619=CARTESIAN_POINT('',(0.960575539750997,-1.766002032004,8.540028244856));
#9620=CARTESIAN_POINT('',(0.960575539750997,-1.766002032004,8.540028244856));
#9621=CARTESIAN_POINT('Origin',(0.460575539750997,-1.766002032004,8.540028244856));
#9622=CARTESIAN_POINT('Origin',(-0.039424460249003,-1.266002032004,8.540028244856));
#9623=CARTESIAN_POINT('',(2.910575539751,-1.266002032004,12.540028244856));
#9624=CARTESIAN_POINT('Origin',(-0.039424460249003,-1.266002032004,12.540028244856));
#9625=CARTESIAN_POINT('',(2.910575539751,-1.266002032004,8.540028244856));
#9626=CARTESIAN_POINT('Origin',(-0.0394244602490029,-1.266002032004,12.540028244856));
#9627=CARTESIAN_POINT('Origin',(0.460575539750997,-2.266002032004,6.740028244856));
#9628=CARTESIAN_POINT('',(0.460575539750997,-2.266002032004,6.740028244856));
#9629=CARTESIAN_POINT('',(-0.539424460249003,-2.266002032004,6.740028244856));
#9630=CARTESIAN_POINT('',(-0.539424460249003,-2.266002032004,6.740028244856));
#9631=CARTESIAN_POINT('',(-0.539424460249003,-2.266002032004,6.740028244856));
#9632=CARTESIAN_POINT('',(0.460575539750997,-2.266002032004,6.740028244856));
#9633=CARTESIAN_POINT('Origin',(0.460575539750997,-1.766002032004,6.740028244856));
#9634=CARTESIAN_POINT('',(0.960575539750997,-1.766002032004,6.740028244856));
#9635=CARTESIAN_POINT('Origin',(0.460575539750997,-1.766002032004,6.740028244856));
#9636=CARTESIAN_POINT('',(0.960575539750997,-1.766002032004,6.740028244856));
#9637=CARTESIAN_POINT('Origin',(0.960575539750997,-0.766002032003997,6.740028244856));
#9638=CARTESIAN_POINT('',(0.960575539750997,-0.766002032003997,6.740028244856));
#9639=CARTESIAN_POINT('',(0.960575539750997,-1.766002032004,6.740028244856));
#9640=CARTESIAN_POINT('',(0.960575539750997,-0.766002032003997,6.740028244856));
#9641=CARTESIAN_POINT('Origin',(0.460575539750997,-0.766002032003997,6.740028244856));
#9642=CARTESIAN_POINT('',(0.460575539750997,-0.266002032003997,6.740028244856));
#9643=CARTESIAN_POINT('Origin',(0.460575539750997,-0.766002032003997,6.740028244856));
#9644=CARTESIAN_POINT('',(0.460575539750997,-0.266002032003997,6.740028244856));
#9645=CARTESIAN_POINT('Origin',(-0.539424460249003,-0.266002032003997,6.740028244856));
#9646=CARTESIAN_POINT('',(-0.539424460249003,-0.266002032003997,6.740028244856));
#9647=CARTESIAN_POINT('',(0.460575539750997,-0.266002032003997,6.740028244856));
#9648=CARTESIAN_POINT('',(-0.539424460249003,-0.266002032003997,6.740028244856));
#9649=CARTESIAN_POINT('Origin',(-0.539424460249003,-0.766002032003997,6.740028244856));
#9650=CARTESIAN_POINT('',(-1.039424460249,-0.766002032003997,6.740028244856));
#9651=CARTESIAN_POINT('Origin',(-0.539424460249003,-0.766002032003997,6.740028244856));
#9652=CARTESIAN_POINT('',(-1.039424460249,-0.766002032003997,6.740028244856));
#9653=CARTESIAN_POINT('Origin',(-1.039424460249,-1.766002032004,6.740028244856));
#9654=CARTESIAN_POINT('',(-1.039424460249,-1.766002032004,6.740028244856));
#9655=CARTESIAN_POINT('',(-1.039424460249,-0.766002032003997,6.740028244856));
#9656=CARTESIAN_POINT('',(-1.039424460249,-1.766002032004,6.740028244856));
#9657=CARTESIAN_POINT('Origin',(-0.539424460249003,-1.766002032004,6.740028244856));
#9658=CARTESIAN_POINT('Origin',(-0.539424460249003,-1.766002032004,6.740028244856));
#9659=CARTESIAN_POINT('Origin',(-0.039424460249003,-1.266002032004,6.740028244856));
#9660=CARTESIAN_POINT('',(1.710575539751,-1.266002032004,6.740028244856));
#9661=CARTESIAN_POINT('',(1.710575539751,-1.266002032004,6.740028244856));
#9662=CARTESIAN_POINT('Origin',(-0.039424460249003,-1.266002032004,6.740028244856));
#9663=CARTESIAN_POINT('Origin',(-0.0394244602490029,-1.266002032004,6.740028244856));
#9664=CARTESIAN_POINT('',(0.,0.,0.));
#9665=CARTESIAN_POINT('Origin',(-3.68527045766406,-3.03390589331079,14.340028244856));
#9666=CARTESIAN_POINT('',(-3.68527045767245,-3.03390589329349,14.840028244856));
#9667=CARTESIAN_POINT('',(-3.37908423982675,-3.34009211114355,14.590028244856));
#9668=CARTESIAN_POINT('Origin',(-3.68527045767245,-3.03390589329349,14.340028244856));
#9669=CARTESIAN_POINT('',(-4.11314731255666,-3.2413872692219,14.4945367420245));
#9670=CARTESIAN_POINT('Origin',(-3.68527045766406,-3.03390589331079,14.340028244856));
#9671=CARTESIAN_POINT('Origin',(-3.68527045767238,-3.03390589329614,14.3400282448527));
#9672=CARTESIAN_POINT('Origin',(-3.86752369699273,-2.59390765114,14.340028244856));
#9673=CARTESIAN_POINT('',(-4.31678981047919,-2.74975078884467,14.4945367420435));
#9674=CARTESIAN_POINT('',(-3.86752369699455,-2.16089494924584,14.5900282448526));
#9675=CARTESIAN_POINT('Origin',(-3.86752369700308,-2.59390765112902,14.340028244837));
#9676=CARTESIAN_POINT('',(-3.86752369699273,-2.59390765114,14.840028244856));
#9677=CARTESIAN_POINT('Origin',(-3.86752369699273,-2.59390765114,14.340028244856));
#9678=CARTESIAN_POINT('Origin',(-3.86752369699581,-2.59390765114,14.340028244856));
#9679=CARTESIAN_POINT('Origin',(-0.039424460249003,-1.266002032004,14.340028244856));
#9680=CARTESIAN_POINT('Origin',(-0.039424460249003,-1.266002032004,14.840028244856));
#9681=CARTESIAN_POINT('Origin',(-0.0394244602490032,-1.266002032004,14.4945367420435));
#9682=CARTESIAN_POINT('Origin',(-3.24527221551897,-2.59390765114,14.340028244856));
#9683=CARTESIAN_POINT('',(-3.24527221551897,-2.59390765114,14.840028244856));
#9684=CARTESIAN_POINT('',(-3.24527221551897,-2.16089494924777,14.590028244856));
#9685=CARTESIAN_POINT('Origin',(-3.24527221551897,-2.59390765114,14.340028244856));
#9686=CARTESIAN_POINT('',(-2.93908599767108,-2.90009386898789,14.590028244856));
#9687=CARTESIAN_POINT('Origin',(-3.24527221551897,-2.59390765114,14.340028244856));
#9688=CARTESIAN_POINT('Origin',(-3.24527221551897,-2.59390765114,14.340028244856));
#9689=CARTESIAN_POINT('Origin',(-1.43801493608724,-0.78665037170827,14.340028244856));
#9690=CARTESIAN_POINT('',(-1.43801493608724,-0.78665037170827,14.840028244856));
#9691=CARTESIAN_POINT('',(-1.13182871823935,-1.09283658955616,14.590028244856));
#9692=CARTESIAN_POINT('Origin',(-1.339424460249,-1.26600203200374,14.540028244856));
#9693=CARTESIAN_POINT('',(-1.339424460249,-2.23749236498118,13.4423687747447));
#9694=CARTESIAN_POINT('',(-1.339424460249,-2.01433350935879,13.5788585097504));
#9695=CARTESIAN_POINT('Origin',(-1.339424460249,-1.804479663089,12.9726988606346));
#9696=CARTESIAN_POINT('',(-1.339424460249,-2.01433350935879,13.7156814386738));
#9697=CARTESIAN_POINT('',(-1.339424460249,-0.882630436581523,15.1017289729956));
#9698=CARTESIAN_POINT('',(-1.339424460249,-2.01433350935879,16.040028244856));
#9699=CARTESIAN_POINT('Origin',(-2.08670798362831,-2.11401463341061,13.508829155951));
#9700=CARTESIAN_POINT('',(-1.50148387476757,-1.60123667880775,13.540028244856));
#9701=CARTESIAN_POINT('',(-1.339424460249,-1.71143460943295,13.540028244856));
#9702=CARTESIAN_POINT('Origin',(-2.13019473542506,-2.13202743578837,13.540028244856));
#9703=CARTESIAN_POINT('',(-1.339424460249,-1.37146696119677,13.2226988606346));
#9704=CARTESIAN_POINT('Origin',(-1.339424460249,-1.804479663089,12.9726988606346));
#9705=CARTESIAN_POINT('',(-2.08670798362831,-1.68100193151837,13.758829155951));
#9706=CARTESIAN_POINT('',(-1.78052176578042,-2.42020085125849,13.758829155951));
#9707=CARTESIAN_POINT('Ctrl Pts',(-1.339424460249,-2.01433350935878,13.5788585097504));
#9708=CARTESIAN_POINT('Ctrl Pts',(-1.35394840646962,-1.98910253798024,13.5959223185355));
#9709=CARTESIAN_POINT('Ctrl Pts',(-1.36856220950739,-1.96198932898232,13.6095882950006));
#9710=CARTESIAN_POINT('Ctrl Pts',(-1.39764536135808,-1.90347159652349,13.6289794768846));
#9711=CARTESIAN_POINT('Ctrl Pts',(-1.41204217489409,-1.87189862398341,13.6341314154083));
#9712=CARTESIAN_POINT('Ctrl Pts',(-1.4384453431378,-1.80815573711982,13.6341314154083));
#9713=CARTESIAN_POINT('Ctrl Pts',(-1.45059072164432,-1.77565018965572,13.6289794768846));
#9714=CARTESIAN_POINT('Ctrl Pts',(-1.47205447160061,-1.71177146477082,13.6089823765405));
#9715=CARTESIAN_POINT('Ctrl Pts',(-1.48137489510664,-1.68039938112437,13.5941359234169));
#9716=CARTESIAN_POINT('Ctrl Pts',(-1.49378514872854,-1.63362399994312,13.5648397423113));
#9717=CARTESIAN_POINT('Ctrl Pts',(-1.49784794728506,-1.61709405529608,13.5529229817509));
#9718=CARTESIAN_POINT('Ctrl Pts',(-1.50148387476757,-1.60123667880775,13.540028244856));
#9719=CARTESIAN_POINT('Origin',(-0.689424460248998,-2.59390765114,14.340028244856));
#9720=CARTESIAN_POINT('',(-0.689424460248998,-2.59390765114,14.840028244856));
#9721=CARTESIAN_POINT('',(-0.689424460248998,-2.16089494924777,14.590028244856));
#9722=CARTESIAN_POINT('Ctrl Pts',(-3.86752369699446,-2.16089494924594,14.5900282448528));
#9723=CARTESIAN_POINT('Ctrl Pts',(-4.1732690355543,-1.83651693091347,14.0281890362424));
#9724=CARTESIAN_POINT('Ctrl Pts',(-4.45072971630619,-1.47314558811203,13.3988114084957));
#9725=CARTESIAN_POINT('Ctrl Pts',(-4.69382042124398,-1.07875044707964,12.7156989859692));
#9726=CARTESIAN_POINT('Ctrl Pts',(-4.01281385370072,-2.19513107626521,14.6493269563046));
#9727=CARTESIAN_POINT('Ctrl Pts',(-4.31534306234999,-1.86545482426163,14.0775606472029));
#9728=CARTESIAN_POINT('Ctrl Pts',(-4.58855234062223,-1.49718429423679,13.4409093419043));
#9729=CARTESIAN_POINT('Ctrl Pts',(-4.82665426874765,-1.09921892543408,12.7511514304327));
#9730=CARTESIAN_POINT('Ctrl Pts',(-4.26353407791089,-2.38065434956605,14.6786536174463));
#9731=CARTESIAN_POINT('Ctrl Pts',(-4.561725623292,-2.02864740495995,14.0982374633685));
#9732=CARTESIAN_POINT('Ctrl Pts',(-4.82717614440142,-1.64215489660145,13.4540894637242));
#9733=CARTESIAN_POINT('Ctrl Pts',(-5.0572999559098,-1.22781928616494,12.7589809839578));
#9734=CARTESIAN_POINT('Ctrl Pts',(-4.32936682405235,-2.64908813065399,14.5594985964377));
#9735=CARTESIAN_POINT('Ctrl Pts',(-4.6419030579279,-2.28088278666993,13.9911093513842));
#9736=CARTESIAN_POINT('Ctrl Pts',(-4.91914105844407,-1.87692027531355,13.3565184647186));
#9737=CARTESIAN_POINT('Ctrl Pts',(-5.15762085152287,-1.44540815590064,12.6690559383779));
#9738=CARTESIAN_POINT('Ctrl Pts',(-4.31678981047397,-2.74975078886289,14.4945367420403));
#9739=CARTESIAN_POINT('Ctrl Pts',(-4.63817626994822,-2.38028239500107,13.9326975334299));
#9740=CARTESIAN_POINT('Ctrl Pts',(-4.92340875045953,-1.97266455515558,13.3033199056832));
#9741=CARTESIAN_POINT('Ctrl Pts',(-5.16868716536282,-1.53683703233367,12.6202074831567));
#9742=CARTESIAN_POINT('',(-4.87650827863262,-1.38667867979402,13.040028244856));
#9743=CARTESIAN_POINT('',(-5.01023870994212,-1.8054514689746,13.040028244856));
#9744=CARTESIAN_POINT('Ctrl Pts',(-4.87636381709059,-1.38697204601682,13.0397898060486));
#9745=CARTESIAN_POINT('Ctrl Pts',(-4.87733021583801,-1.38791656706997,13.0397941056037));
#9746=CARTESIAN_POINT('Ctrl Pts',(-4.87829245192134,-1.38886612084342,13.0397984334119));
#9747=CARTESIAN_POINT('Ctrl Pts',(-4.87925049014966,-1.38982069956552,13.0398027936345));
#9748=CARTESIAN_POINT('Ctrl Pts',(-4.89776650032379,-1.40826984784357,13.0398870636808));
#9749=CARTESIAN_POINT('Ctrl Pts',(-4.91442441456576,-1.42829773710921,13.0399786131089));
#9750=CARTESIAN_POINT('Ctrl Pts',(-4.92914557103875,-1.44966836918199,13.0400362928784));
#9751=CARTESIAN_POINT('Ctrl Pts',(-4.93227788413408,-1.45421553304237,13.040048565766));
#9752=CARTESIAN_POINT('Ctrl Pts',(-4.93532251831112,-1.45882363875689,13.0400591917292));
#9753=CARTESIAN_POINT('Ctrl Pts',(-4.93827871011907,-1.46349064406477,13.0400675933838));
#9754=CARTESIAN_POINT('Ctrl Pts',(-4.95116373694279,-1.48383252053463,13.0401042133166));
#9755=CARTESIAN_POINT('Ctrl Pts',(-4.96237004917221,-1.50529086120377,13.0401009580234));
#9756=CARTESIAN_POINT('Ctrl Pts',(-4.97193437833888,-1.52762716316401,13.0400849919717));
#9757=CARTESIAN_POINT('Ctrl Pts',(-4.98188927702274,-1.55087559168539,13.0400683739295));
#9758=CARTESIAN_POINT('Ctrl Pts',(-4.98998175466032,-1.57488020629515,13.0400388197655));
#9759=CARTESIAN_POINT('Ctrl Pts',(-4.99630898080098,-1.59936597872892,13.0400202222644));
#9760=CARTESIAN_POINT('Ctrl Pts',(-5.00144228869001,-1.6192313993744,13.0400051340256));
#9761=CARTESIAN_POINT('Ctrl Pts',(-5.00541343103882,-1.63941465652762,13.039996409508));
#9762=CARTESIAN_POINT('Ctrl Pts',(-5.00826679858473,-1.65978725366004,13.0399917387985));
#9763=CARTESIAN_POINT('Ctrl Pts',(-5.0121316150031,-1.68738143723969,13.0399854124369));
#9764=CARTESIAN_POINT('Ctrl Pts',(-5.01393510757806,-1.71523940742795,13.03998740323));
#9765=CARTESIAN_POINT('Ctrl Pts',(-5.01378948137414,-1.74308522809846,13.039995679757));
#9766=CARTESIAN_POINT('Ctrl Pts',(-5.01368055046535,-1.76391438157584,13.0400018707417));
#9767=CARTESIAN_POINT('Ctrl Pts',(-5.01248062178047,-1.78473782725591,13.0400107258059));
#9768=CARTESIAN_POINT('Ctrl Pts',(-5.01022847276291,-1.80545277506196,13.0400102625456));
#9769=CARTESIAN_POINT('Ctrl Pts',(-5.01022502978333,-1.8054583473068,13.0400189452818));
#9770=CARTESIAN_POINT('Ctrl Pts',(-4.80299632773316,-2.14084457803218,13.5626216054313));
#9771=CARTESIAN_POINT('Ctrl Pts',(-4.57122274850106,-2.45725268825158,14.0497438880432));
#9772=CARTESIAN_POINT('Ctrl Pts',(-4.31678981047397,-2.74975078886289,14.4945367420403));
#9773=CARTESIAN_POINT('',(-4.57429705223862,-1.266002032004,13.040028244856));
#9774=CARTESIAN_POINT('Ctrl Pts',(-3.86752369699446,-2.16089494924594,14.5900282448528));
#9775=CARTESIAN_POINT('Ctrl Pts',(-4.12425547596991,-1.88851746640582,14.1182566057359));
#9776=CARTESIAN_POINT('Ctrl Pts',(-4.36104425443204,-1.58864649592372,13.5988648491459));
#9777=CARTESIAN_POINT('Ctrl Pts',(-4.57428721179367,-1.26600040636662,13.0400254291695));
#9778=CARTESIAN_POINT('',(-5.039424460249,-1.26600203200402,12.7305750354907));
#9779=CARTESIAN_POINT('Ctrl Pts',(-5.039424460249,-1.26600203200402,12.7305750354907));
#9780=CARTESIAN_POINT('Ctrl Pts',(-4.97745389783862,-1.26600203200402,12.8114327676531));
#9781=CARTESIAN_POINT('Ctrl Pts',(-4.91186438333872,-1.26600203200401,12.8786318435954));
#9782=CARTESIAN_POINT('Ctrl Pts',(-4.79757625237954,-1.26600203200401,12.9665301164452));
#9783=CARTESIAN_POINT('Ctrl Pts',(-4.74381786692108,-1.26600203202619,12.9991034382852));
#9784=CARTESIAN_POINT('Ctrl Pts',(-4.65077728209353,-1.2660020320248,13.0320674457835));
#9785=CARTESIAN_POINT('Ctrl Pts',(-4.61269272767212,-1.266002032004,13.040028244856));
#9786=CARTESIAN_POINT('Ctrl Pts',(-4.5742970522386,-1.266002032004,13.040028244856));
#9787=CARTESIAN_POINT('',(-5.03895154860571,-1.33476897746092,12.7919609258846));
#9788=CARTESIAN_POINT('Ctrl Pts',(-5.03940957063914,-1.26594568360078,12.7306022696766));
#9789=CARTESIAN_POINT('Ctrl Pts',(-5.03941187175109,-1.27401357574299,12.7381098727108));
#9790=CARTESIAN_POINT('Ctrl Pts',(-5.0393934560303,-1.28204845556604,12.7454856339493));
#9791=CARTESIAN_POINT('Ctrl Pts',(-5.03935454651767,-1.29004867137364,12.7527287817865));
#9792=CARTESIAN_POINT('Ctrl Pts',(-5.03928166369889,-1.30503416565032,12.7662961846004));
#9793=CARTESIAN_POINT('Ctrl Pts',(-5.03913687853509,-1.31989800051994,12.7793983112463));
#9794=CARTESIAN_POINT('Ctrl Pts',(-5.03892587591861,-1.33462617327412,12.7920334559201));
#9795=CARTESIAN_POINT('Ctrl Pts',(-5.03895154860571,-1.33476897746092,12.7919609258846));
#9796=CARTESIAN_POINT('Ctrl Pts',(-5.03767054397203,-1.33471930542493,12.7937520505826));
#9797=CARTESIAN_POINT('Ctrl Pts',(-5.03638677321328,-1.33467939400594,12.7955463950231));
#9798=CARTESIAN_POINT('Ctrl Pts',(-4.97735604158901,-1.33330113438066,12.8780387983613));
#9799=CARTESIAN_POINT('Ctrl Pts',(-4.92187377003963,-1.35191463306613,12.9564170357366));
#9800=CARTESIAN_POINT('Ctrl Pts',(-4.8769737087554,-1.38632007875965,13.0391686119427));
#9801=CARTESIAN_POINT('Ctrl Pts',(-4.87674083218268,-1.38649917687953,13.0395984193601));
#9802=CARTESIAN_POINT('Ctrl Pts',(-4.87650827863262,-1.38667867979402,13.040028244856));
#9803=CARTESIAN_POINT('Ctrl Pts',(-3.19817254110787,-4.6895638438388,12.7156989859692));
#9804=CARTESIAN_POINT('Ctrl Pts',(-3.30516093389419,-4.23879327924218,13.3988114084966));
#9805=CARTESIAN_POINT('Ctrl Pts',(-3.36590894560572,-3.78565660978543,14.028189036244));
#9806=CARTESIAN_POINT('Ctrl Pts',(-3.37908423982455,-3.34009211114219,14.590028244855));
#9807=CARTESIAN_POINT('Ctrl Pts',(-3.30657365529381,-4.76901815833475,12.7511514304327));
#9808=CARTESIAN_POINT('Ctrl Pts',(-3.41961417826077,-4.3192506593852,13.4409093419052));
#9809=CARTESIAN_POINT('Ctrl Pts',(-3.48683263400319,-3.8656559369434,14.0775606472046));
#9810=CARTESIAN_POINT('Ctrl Pts',(-3.50602849244811,-3.41861916861193,14.6493269563068));
#9811=CARTESIAN_POINT('Ctrl Pts',(-3.56059867238607,-4.84117338312016,12.7589798975086));
#9812=CARTESIAN_POINT('Ctrl Pts',(-3.69085608458298,-4.38547175566269,13.454088377276));
#9813=CARTESIAN_POINT('Ctrl Pts',(-3.77644500394402,-3.92447744907537,14.0982353556535));
#9814=CARTESIAN_POINT('Ctrl Pts',(-3.81449823766822,-3.46471768768745,14.6786515097319));
#9815=CARTESIAN_POINT('Ctrl Pts',(-3.78539512275693,-4.75825412092462,12.6690559383778));
#9816=CARTESIAN_POINT('Ctrl Pts',(-3.92188958969627,-4.28449829626088,13.3565184647195));
#9817=CARTESIAN_POINT('Ctrl Pts',(-4.01149735065404,-3.8028167949673,13.9911093513858));
#9818=CARTESIAN_POINT('Ctrl Pts',(-4.05086135591434,-3.32145980902641,14.5594985964398));
#9819=CARTESIAN_POINT('Ctrl Pts',(-3.85787016683796,-4.70142920796153,12.6202074831566));
#9820=CARTESIAN_POINT('Ctrl Pts',(-3.99260873319653,-4.2198145806889,13.303319905684));
#9821=CARTESIAN_POINT('Ctrl Pts',(-4.07914825069979,-3.72989542081658,13.9326975334315));
#9822=CARTESIAN_POINT('Ctrl Pts',(-4.11314731255775,-3.24138726920626,14.4945367420424));
#9823=CARTESIAN_POINT('',(-3.72473730699742,-4.6451245840271,12.9064732378527));
#9824=CARTESIAN_POINT('',(-3.57495836618172,-4.80153593793676,12.7305750354907));
#9825=CARTESIAN_POINT('Ctrl Pts',(-3.72451645149129,-4.64513116444863,12.9065039848842));
#9826=CARTESIAN_POINT('Ctrl Pts',(-3.69520565357086,-4.67714478520563,12.87669877666));
#9827=CARTESIAN_POINT('Ctrl Pts',(-3.66426766494558,-4.71012185466202,12.8420763976805));
#9828=CARTESIAN_POINT('Ctrl Pts',(-3.63187385365257,-4.74363358913253,12.8027291052921));
#9829=CARTESIAN_POINT('Ctrl Pts',(-3.61878660109416,-4.7571724879277,12.7868326135728));
#9830=CARTESIAN_POINT('Ctrl Pts',(-3.60546199188603,-4.770798228345,12.770164670702));
#9831=CARTESIAN_POINT('Ctrl Pts',(-3.59191270282838,-4.78448075779784,12.7527302884541));
#9832=CARTESIAN_POINT('Ctrl Pts',(-3.58628285121232,-4.79016597199795,12.7454861456318));
#9833=CARTESIAN_POINT('Ctrl Pts',(-3.5806142212777,-4.79586097714029,12.7381096706622));
#9834=CARTESIAN_POINT('Ctrl Pts',(-3.57490784491013,-4.80156440273571,12.7306017313647));
#9835=CARTESIAN_POINT('',(-3.24606362186186,-4.47264119361685,13.040028244856));
#9836=CARTESIAN_POINT('Ctrl Pts',(-3.24606362186186,-4.47264119361685,13.040028244856));
#9837=CARTESIAN_POINT('Ctrl Pts',(-3.27321159725953,-4.49978916901452,13.040028244856));
#9838=CARTESIAN_POINT('Ctrl Pts',(-3.30013960808276,-4.52671717980814,13.0320685379562));
#9839=CARTESIAN_POINT('Ctrl Pts',(-3.36592086937749,-4.5924984411009,12.9991106818085));
#9840=CARTESIAN_POINT('Ctrl Pts',(-3.40392771593685,-4.63050528769186,12.9665459166784));
#9841=CARTESIAN_POINT('Ctrl Pts',(-3.48474445428189,-4.7113220260369,12.8786539428103));
#9842=CARTESIAN_POINT('Ctrl Pts',(-3.53113112591445,-4.75770869766948,12.8114464876087));
#9843=CARTESIAN_POINT('Ctrl Pts',(-3.57495836618172,-4.80153593793675,12.7305750354907));
#9844=CARTESIAN_POINT('Ctrl Pts',(-3.24605551411733,-4.47263538487073,13.0400254291695));
#9845=CARTESIAN_POINT('Ctrl Pts',(-3.32341521077598,-4.09370460583025,13.5988648491467));
#9846=CARTESIAN_POINT('Ctrl Pts',(-3.36802105652547,-3.71422885816124,14.1182566057376));
#9847=CARTESIAN_POINT('Ctrl Pts',(-3.37908423982455,-3.34009211114219,14.590028244855));
#9848=CARTESIAN_POINT('',(-3.93576927921492,-4.39945014099153,13.040028244856));
#9849=CARTESIAN_POINT('Ctrl Pts',(-4.11314731255775,-3.24138726920626,14.4945367420424));
#9850=CARTESIAN_POINT('Ctrl Pts',(-4.08623117796752,-3.62812591546959,14.0497438880448));
#9851=CARTESIAN_POINT('Ctrl Pts',(-4.02638552718376,-4.01574890540376,13.5626216054321));
#9852=CARTESIAN_POINT('Ctrl Pts',(-3.93576446959721,-4.39943560394314,13.0400189452818));
#9853=CARTESIAN_POINT('',(-3.67298574085643,-4.58248275554381,13.040028244856));
#9854=CARTESIAN_POINT('Ctrl Pts',(-3.93576927921492,-4.39945014099152,13.040028244856));
#9855=CARTESIAN_POINT('Ctrl Pts',(-3.88872446425674,-4.45794889847717,13.040028244856));
#9856=CARTESIAN_POINT('Ctrl Pts',(-3.83141948032747,-4.50789926817586,13.040028244857));
#9857=CARTESIAN_POINT('Ctrl Pts',(-3.73609148768014,-4.55982658161101,13.040028244857));
#9858=CARTESIAN_POINT('Ctrl Pts',(-3.7050509059452,-4.57290958425969,13.040028244856));
#9859=CARTESIAN_POINT('Ctrl Pts',(-3.67298574085643,-4.58248275554381,13.040028244856));
#9860=CARTESIAN_POINT('Ctrl Pts',(-3.67284824552443,-4.58257720084,13.0400961811267));
#9861=CARTESIAN_POINT('Ctrl Pts',(-3.67804342836829,-4.59152075422346,13.0235876369292));
#9862=CARTESIAN_POINT('Ctrl Pts',(-3.68377912439889,-4.60011201560596,13.0070034524219));
#9863=CARTESIAN_POINT('Ctrl Pts',(-3.69000401026482,-4.60828799920135,12.9903077254121));
#9864=CARTESIAN_POINT('Ctrl Pts',(-3.69972287828905,-4.62105310160536,12.9642408109543));
#9865=CARTESIAN_POINT('Ctrl Pts',(-3.71023773462496,-4.63231459566832,12.9389175423237));
#9866=CARTESIAN_POINT('Ctrl Pts',(-3.72131800796363,-4.6422979921239,12.9137352231592));
#9867=CARTESIAN_POINT('Ctrl Pts',(-3.72237908567232,-4.64325402985982,12.9113236944269));
#9868=CARTESIAN_POINT('Ctrl Pts',(-3.72344530938474,-4.6441983531073,12.9089134579681));
#9869=CARTESIAN_POINT('Ctrl Pts',(-3.72451645149129,-4.64513116444863,12.9065039848842));
#9870=CARTESIAN_POINT('Origin',(-1.339424460249,-1.266002032004,13.040028244856));
#9871=CARTESIAN_POINT('',(-1.339424460249,-1.266002032004,13.040028244856));
#9872=CARTESIAN_POINT('',(-1.339424460249,-1.266002032004,13.040028244856));
#9873=CARTESIAN_POINT('',(-1.339424460249,-1.266002032004,13.040028244856));
#9874=CARTESIAN_POINT('Origin',(-0.0394244602490029,-1.266002032004,13.540028244856));
#9875=CARTESIAN_POINT('',(-1.339424460249,-0.820569454575023,13.540028244856));
#9876=CARTESIAN_POINT('',(-1.339424460249,-1.26600203200387,13.540028244856));
#9877=CARTESIAN_POINT('',(-1.28438160521403,-2.10271088650509,13.540028244856));
#9878=CARTESIAN_POINT('Origin',(-0.039424460249003,-1.266002032004,13.540028244856));
#9879=CARTESIAN_POINT('',(-1.16278742102348,-1.98111670231455,13.540028244856));
#9880=CARTESIAN_POINT('',(-0.703168013252221,-1.52149729454329,13.540028244856));
#9881=CARTESIAN_POINT('',(-0.643694879730108,-2.50020924360791,13.540028244856));
#9882=CARTESIAN_POINT('',(-0.958663275791607,-2.18524084754642,13.540028244856));
#9883=CARTESIAN_POINT('',(-0.836209894709102,-2.53688085055132,13.540028244856));
#9884=CARTESIAN_POINT('Origin',(-0.905449864033507,-3.35677230718,13.540028244856));
#9885=CARTESIAN_POINT('',(-0.32809959484386,-2.73796217639196,13.540028244856));
#9886=CARTESIAN_POINT('Origin',(-0.039424460249003,-1.266002032004,13.540028244856));
#9887=CARTESIAN_POINT('',(-0.32809959484386,-2.566002032004,13.540028244856));
#9888=CARTESIAN_POINT('',(-0.32809959484386,-1.916002032004,13.540028244856));
#9889=CARTESIAN_POINT('',(0.249250674345767,-2.566002032004,13.540028244856));
#9890=CARTESIAN_POINT('',(-0.0394244602491331,-2.566002032004,13.540028244856));
#9891=CARTESIAN_POINT('',(0.249250674345767,-2.73796217639198,13.540028244856));
#9892=CARTESIAN_POINT('',(0.249250674345767,-1.916002032004,13.540028244856));
#9893=CARTESIAN_POINT('',(0.757360974211041,-2.53688085055135,13.540028244856));
#9894=CARTESIAN_POINT('Origin',(-0.039424460249003,-1.266002032004,13.540028244856));
#9895=CARTESIAN_POINT('',(0.564845959232079,-2.50020924360794,13.540028244856));
#9896=CARTESIAN_POINT('Origin',(0.826600943535371,-3.35677230718005,13.540028244856));
#9897=CARTESIAN_POINT('',(1.08393850052541,-1.98111670231461,13.540028244856));
#9898=CARTESIAN_POINT('',(0.879814355293417,-2.1852408475466,13.540028244856));
#9899=CARTESIAN_POINT('',(1.20553268471597,-2.10271088650517,13.540028244856));
#9900=CARTESIAN_POINT('',(0.624319092754154,-1.52149729454335,13.540028244856));
#9901=CARTESIAN_POINT('',(1.42263495426955,-1.60123667880781,13.540028244856));
#9902=CARTESIAN_POINT('Origin',(-0.039424460249003,-1.266002032004,13.540028244856));
#9903=CARTESIAN_POINT('',(1.260575539751,-1.71143460943297,13.540028244856));
#9904=CARTESIAN_POINT('Origin',(2.051345814927,-2.1320274357885,13.540028244856));
#9905=CARTESIAN_POINT('',(1.260575539751,-0.977326897409227,13.540028244856));
#9906=CARTESIAN_POINT('',(1.260575539751,-1.26600203200413,13.540028244856));
#9907=CARTESIAN_POINT('',(1.43253568413898,-0.977326897409227,13.540028244856));
#9908=CARTESIAN_POINT('',(0.610575539750997,-0.977326897409227,13.540028244856));
#9909=CARTESIAN_POINT('',(1.23145435829835,-0.469216597543952,13.540028244856));
#9910=CARTESIAN_POINT('Origin',(-0.039424460249003,-1.266002032004,13.540028244856));
#9911=CARTESIAN_POINT('',(1.19478275135494,-0.661731612522914,13.540028244856));
#9912=CARTESIAN_POINT('Origin',(2.05134581492705,-0.399976628219622,13.540028244856));
#9913=CARTESIAN_POINT('',(0.675690210061608,-0.142639071229584,13.540028244856));
#9914=CARTESIAN_POINT('',(0.879814355293601,-0.346763216461577,13.540028244856));
#9915=CARTESIAN_POINT('',(0.797284394252168,-0.0210448870390231,13.540028244856));
#9916=CARTESIAN_POINT('',(0.216070802290352,-0.602258479000839,13.540028244856));
#9917=CARTESIAN_POINT('',(0.295810186554812,0.196057382514552,13.540028244856));
#9918=CARTESIAN_POINT('Origin',(-0.039424460249003,-1.266002032004,13.540028244856));
#9919=CARTESIAN_POINT('',(0.406008117179971,0.0339979679960034,13.540028244856));
#9920=CARTESIAN_POINT('Origin',(0.826600943535501,0.824768243172005,13.540028244856));
#9921=CARTESIAN_POINT('',(-0.484857037677952,0.0339979679960026,13.540028244856));
#9922=CARTESIAN_POINT('',(-0.0394244602488729,0.0339979679960034,13.540028244856));
#9923=CARTESIAN_POINT('',(-0.374659107052759,0.196057382514566,13.540028244856));
#9924=CARTESIAN_POINT('Origin',(-0.905449864033379,0.824768243172062,13.540028244856));
#9925=CARTESIAN_POINT('',(-0.876133314750101,-0.0210448870389736,13.540028244856));
#9926=CARTESIAN_POINT('Origin',(-0.039424460249003,-1.266002032004,13.540028244856));
#9927=CARTESIAN_POINT('',(-0.754539130559552,-0.142639071229522,13.540028244856));
#9928=CARTESIAN_POINT('',(-0.294919722788296,-0.602258479000778,13.540028244856));
#9929=CARTESIAN_POINT('',(-1.16278742102342,-0.550887361693386,13.540028244856));
#9930=CARTESIAN_POINT('',(-0.958663275791423,-0.346763216461393,13.540028244856));
#9931=CARTESIAN_POINT('',(-1.28438160521398,-0.429293177502825,13.540028244856));
#9932=CARTESIAN_POINT('',(-0.70316801325216,-1.01050676946464,13.540028244856));
#9933=CARTESIAN_POINT('',(-1.50148387476755,-0.930767385200182,13.540028244856));
#9934=CARTESIAN_POINT('Origin',(-0.039424460249003,-1.266002032004,13.540028244856));
#9935=CARTESIAN_POINT('Origin',(-2.130194735425,-0.399976628219493,13.540028244856));
#9936=CARTESIAN_POINT('Origin',(-0.039424460249003,-1.266002032004,16.040028244856));
#9937=CARTESIAN_POINT('Origin',(-0.039424460249003,-1.266002032004,13.040028244856));
#9938=CARTESIAN_POINT('Origin',(-2.18340814718329,-0.960495976154734,16.040028244856));
#9939=CARTESIAN_POINT('',(-0.958663275791515,-2.18524084754651,13.040028244856));
#9940=CARTESIAN_POINT('',(-0.958663275791515,-2.18524084754651,13.040028244856));
#9941=CARTESIAN_POINT('',(-0.958663275791515,-2.18524084754651,13.040028244856));
#9942=CARTESIAN_POINT('Origin',(-3.34250492828232,-5.01962154145042,8.540028244856));
#9943=CARTESIAN_POINT('',(-3.52599839369779,-4.84982711236094,12.7919609258846));
#9944=CARTESIAN_POINT('',(-3.46331411305611,-4.80074911085603,12.9042561808518));
#9945=CARTESIAN_POINT('Ctrl Pts',(-3.52608040950168,-4.84970783941542,12.7920329437567));
#9946=CARTESIAN_POINT('Ctrl Pts',(-3.52035117558675,-4.8435327715711,12.803811612224));
#9947=CARTESIAN_POINT('Ctrl Pts',(-3.51433109285889,-4.83767846752436,12.8155251055498));
#9948=CARTESIAN_POINT('Ctrl Pts',(-3.50805605033637,-4.83216259070274,12.8272019348832));
#9949=CARTESIAN_POINT('Ctrl Pts',(-3.49758919971068,-4.82296203810817,12.8466790345166));
#9950=CARTESIAN_POINT('Ctrl Pts',(-3.48641572845179,-4.81470456458776,12.8660556135136));
#9951=CARTESIAN_POINT('Ctrl Pts',(-3.47469816153079,-4.80744688132045,12.8854669068745));
#9952=CARTESIAN_POINT('Ctrl Pts',(-3.47093223119625,-4.80511432117727,12.8917055380676));
#9953=CARTESIAN_POINT('Ctrl Pts',(-3.46710979536403,-4.80288480332162,12.8979476032665));
#9954=CARTESIAN_POINT('Ctrl Pts',(-3.46323540189993,-4.80075962222716,12.9041971598169));
#9955=CARTESIAN_POINT('',(-3.52599839369779,-4.84982711236094,8.540028244856));
#9956=CARTESIAN_POINT('',(-3.52599839369779,-4.84982711236094,8.540028244856));
#9957=CARTESIAN_POINT('',(-3.15075376169677,-5.18003192176628,8.540028244856));
#9958=CARTESIAN_POINT('Origin',(-3.34250492828232,-5.01962154145042,8.540028244856));
#9959=CARTESIAN_POINT('',(-3.15075376169677,-5.18003192176628,13.040028244856));
#9960=CARTESIAN_POINT('',(-3.15075376169677,-5.18003192176628,8.540028244856));
#9961=CARTESIAN_POINT('',(-3.37442795341259,-4.77166807713396,13.040028244856));
#9962=CARTESIAN_POINT('Origin',(-3.34250492828232,-5.01962154145042,13.040028244856));
#9963=CARTESIAN_POINT('Ctrl Pts',(-3.46331411305611,-4.80074911085603,12.9042561808518));
#9964=CARTESIAN_POINT('Ctrl Pts',(-3.43599626412114,-4.78567070627741,12.9485404315694));
#9965=CARTESIAN_POINT('Ctrl Pts',(-3.40624028959076,-4.77587628377997,12.9930840825169));
#9966=CARTESIAN_POINT('Ctrl Pts',(-3.37501063143172,-4.7717436167068,13.0391686119427));
#9967=CARTESIAN_POINT('Ctrl Pts',(-3.37471932133291,-4.77170558959811,13.0395984193601));
#9968=CARTESIAN_POINT('Ctrl Pts',(-3.37442795341259,-4.77166807713396,13.040028244856));
#9969=CARTESIAN_POINT('Origin',(-0.0394244602489924,-1.266002032004,14.840028244856));
#9970=CARTESIAN_POINT('Origin',(-3.24527221551886,0.0619035871322773,14.340028244856));
#9971=CARTESIAN_POINT('',(-3.24527221551886,0.0619035871322773,14.840028244856));
#9972=CARTESIAN_POINT('',(-2.93908599767095,0.368089804980185,14.590028244856));
#9973=CARTESIAN_POINT('Origin',(-3.24527221551886,0.0619035871322765,14.340028244856));
#9974=CARTESIAN_POINT('',(-3.24527221551886,-0.371109114759926,14.590028244856));
#9975=CARTESIAN_POINT('Origin',(-3.24527221551886,0.0619035871322773,14.340028244856));
#9976=CARTESIAN_POINT('Origin',(-3.24527221551886,0.0619035871322769,14.340028244856));
#9977=CARTESIAN_POINT('Origin',(-3.68527045767233,0.501901829285749,14.340028244856));
#9978=CARTESIAN_POINT('',(-4.11314731254829,0.709383205217,14.4945367420435));
#9979=CARTESIAN_POINT('',(-3.37908423982436,0.808088047136328,14.5900282448526));
#9980=CARTESIAN_POINT('Origin',(-3.6852704576719,0.50190182930085,14.340028244837));
#9981=CARTESIAN_POINT('',(-3.68527045767233,0.501901829285749,14.840028244856));
#9982=CARTESIAN_POINT('Origin',(-3.68527045767233,0.501901829285749,14.340028244856));
#9983=CARTESIAN_POINT('Origin',(-3.68527045767453,0.501901829287945,14.340028244856));
#9984=CARTESIAN_POINT('Origin',(-3.86752369699894,0.0619035871141069,14.340028244856));
#9985=CARTESIAN_POINT('',(-3.86752369699264,0.0619035871322775,14.840028244856));
#9986=CARTESIAN_POINT('',(-3.86752369699572,-0.371109114759925,14.590028244856));
#9987=CARTESIAN_POINT('Origin',(-3.86752369699264,0.0619035871322773,14.340028244856));
#9988=CARTESIAN_POINT('',(-4.31678981048293,0.217746724844775,14.4945367420245));
#9989=CARTESIAN_POINT('Origin',(-3.86752369699894,0.0619035871141069,14.340028244856));
#9990=CARTESIAN_POINT('Origin',(-3.86752369699446,0.0619035871303475,14.3400282448527));
#9991=CARTESIAN_POINT('Origin',(-0.039424460249003,-1.266002032004,14.340028244856));
#9992=CARTESIAN_POINT('Origin',(-0.039424460249003,-1.266002032004,14.840028244856));
#9993=CARTESIAN_POINT('Origin',(-0.0394244602490029,-1.266002032004,14.4945367420435));
#9994=CARTESIAN_POINT('Ctrl Pts',(-4.69382042124399,-1.45325361692839,12.7156989859692));
#9995=CARTESIAN_POINT('Ctrl Pts',(-4.45072971630588,-1.05885847589537,13.3988114084966));
#9996=CARTESIAN_POINT('Ctrl Pts',(-4.17326903555356,-0.695487133093399,
14.028189036244));
#9997=CARTESIAN_POINT('Ctrl Pts',(-3.8675236969932,-0.371109114760519,14.590028244855));
#9998=CARTESIAN_POINT('Ctrl Pts',(-4.82665426874766,-1.43278513857396,12.7511514304327));
#9999=CARTESIAN_POINT('Ctrl Pts',(-4.58855234062193,-1.0348197697706,13.4409093419052));
#10000=CARTESIAN_POINT('Ctrl Pts',(-4.31534306234926,-0.666549239745219,
14.0775606472046));
#10001=CARTESIAN_POINT('Ctrl Pts',(-4.01281385369947,-0.336872987741217,
14.6493269563068));
#10002=CARTESIAN_POINT('Ctrl Pts',(-5.05731082657866,-1.30419242033969,
12.7589892647647));
#10003=CARTESIAN_POINT('Ctrl Pts',(-4.82718701506999,-0.88985680990253,
13.4540977445321));
#10004=CARTESIAN_POINT('Ctrl Pts',(-4.56174544124609,-0.503365804519728,
14.0982535281758));
#10005=CARTESIAN_POINT('Ctrl Pts',(-4.26355389586445,-0.15135885991316,
14.6786696822542));
#10006=CARTESIAN_POINT('Ctrl Pts',(-5.15762085152288,-1.08659590810743,
12.6690559383778));
#10007=CARTESIAN_POINT('Ctrl Pts',(-4.91914105844377,-0.655083788693823,
13.3565184647195));
#10008=CARTESIAN_POINT('Ctrl Pts',(-4.64190305792715,-0.251121277336838,
13.9911093513858));
#10009=CARTESIAN_POINT('Ctrl Pts',(-4.32936682405105,0.117084066647705,
14.5594985964398));
#10010=CARTESIAN_POINT('Ctrl Pts',(-5.16868716536283,-0.995167031674409,
12.6202074831566));
#10011=CARTESIAN_POINT('Ctrl Pts',(-4.92340875045923,-0.559339508851802,
13.303319905684));
#10012=CARTESIAN_POINT('Ctrl Pts',(-4.63817626994746,-0.151721669005698,
13.9326975334315));
#10013=CARTESIAN_POINT('Ctrl Pts',(-4.31678981047264,0.217746724856606,
14.4945367420424));
#10014=CARTESIAN_POINT('',(-5.03473463597463,-1.04949279827022,12.9064732378527));
#10015=CARTESIAN_POINT('',(-5.03800576150755,-1.14690134053504,12.8337397960152));
#10016=CARTESIAN_POINT('Ctrl Pts',(-5.03458735360058,-1.049656545137,12.9065072196245));
#10017=CARTESIAN_POINT('Ctrl Pts',(-5.03597856895359,-1.08121226007925,
12.8848181577533));
#10018=CARTESIAN_POINT('Ctrl Pts',(-5.0371228473322,-1.113740239971,12.8605724751283));
#10019=CARTESIAN_POINT('Ctrl Pts',(-5.03794727508074,-1.14707370570787,
12.8338159144185));
#10020=CARTESIAN_POINT('Ctrl Pts',(-5.03794727508074,-1.14707370570787,
12.8338159144185));
#10021=CARTESIAN_POINT('Ctrl Pts',(-5.03871208322528,-1.17805043482225,
12.8089531292796));
#10022=CARTESIAN_POINT('Ctrl Pts',(-5.03920215687978,-1.20972543274261,
12.7819172163167));
#10023=CARTESIAN_POINT('Ctrl Pts',(-5.03935952407497,-1.24195851903432,
12.752733862877));
#10024=CARTESIAN_POINT('Ctrl Pts',(-5.03939858523154,-1.24995930743906,
12.7454900689163));
#10025=CARTESIAN_POINT('Ctrl Pts',(-5.03941714466794,-1.25799442617022,
12.7381139433003));
#10026=CARTESIAN_POINT('Ctrl Pts',(-5.03941495681861,-1.26606216709772,
12.7306063726359));
#10027=CARTESIAN_POINT('Ctrl Pts',(-4.57429069788541,-1.26600893225858,
13.0400162932645));
#10028=CARTESIAN_POINT('Ctrl Pts',(-4.36104683511158,-0.943360836276324,
13.598859188471));
#10029=CARTESIAN_POINT('Ctrl Pts',(-4.12425687498538,-0.643488081875875,
14.1182540348981));
#10030=CARTESIAN_POINT('Ctrl Pts',(-3.8675236969932,-0.371109114760519,
14.590028244855));
#10031=CARTESIAN_POINT('',(-5.01023870994212,-0.726552595033377,13.040028244856));
#10032=CARTESIAN_POINT('Ctrl Pts',(-4.31678981047264,0.217746724856606,
14.4945367420424));
#10033=CARTESIAN_POINT('Ctrl Pts',(-4.57122415758433,-0.0747529956492769,
14.0497414247217));
#10034=CARTESIAN_POINT('Ctrl Pts',(-4.80299889491905,-0.391162990597814,
13.5626162099325));
#10035=CARTESIAN_POINT('Ctrl Pts',(-5.01022847276291,-0.726551288946014,
13.0400102625456));
#10036=CARTESIAN_POINT('',(-4.95384629091286,-1.04179221991908,13.040028244856));
#10037=CARTESIAN_POINT('Ctrl Pts',(-5.01023870994211,-0.726552595033367,
13.040028244856));
#10038=CARTESIAN_POINT('Ctrl Pts',(-5.0183378703746,-0.801183170819048,
13.040028244856));
#10039=CARTESIAN_POINT('Ctrl Pts',(-5.01313737277915,-0.877024158687948,
13.040028244857));
#10040=CARTESIAN_POINT('Ctrl Pts',(-4.98244845820012,-0.981149384184569,
13.040028244857));
#10041=CARTESIAN_POINT('Ctrl Pts',(-4.96975053225453,-1.01234946991248,
13.040028244856));
#10042=CARTESIAN_POINT('Ctrl Pts',(-4.95384629091286,-1.04179221991907,
13.040028244856));
#10043=CARTESIAN_POINT('Ctrl Pts',(-4.95382185948092,-1.04196028885346,
13.0401007918642));
#10044=CARTESIAN_POINT('Ctrl Pts',(-4.96381930957828,-1.04461070187311,
13.0235921327729));
#10045=CARTESIAN_POINT('Ctrl Pts',(-4.97394982457078,-1.04662978587624,
13.0070078125682));
#10046=CARTESIAN_POINT('Ctrl Pts',(-4.98413257286376,-1.04800929195929,
12.9903119269693));
#10047=CARTESIAN_POINT('Ctrl Pts',(-5.00003084865246,-1.05016310815207,
12.9642447213241));
#10048=CARTESIAN_POINT('Ctrl Pts',(-5.01542869780806,-1.05069081063915,
12.9389211175872));
#10049=CARTESIAN_POINT('Ctrl Pts',(-5.03032255620611,-1.04991491009032,
12.9137384272026));
#10050=CARTESIAN_POINT('Ctrl Pts',(-5.03174880611125,-1.04984060912313,
12.9113269090578));
#10051=CARTESIAN_POINT('Ctrl Pts',(-5.0331704111342,-1.0497543860749,12.9089166828167));
#10052=CARTESIAN_POINT('Ctrl Pts',(-5.03458735360058,-1.049656545137,12.9065072196245));
#10053=CARTESIAN_POINT('Origin',(-0.689424460248998,0.0619035871322771,
14.340028244856));
#10054=CARTESIAN_POINT('',(-0.689424460248998,0.0619035871322771,14.840028244856));
#10055=CARTESIAN_POINT('',(-0.689424460248998,-0.371109114759926,14.590028244856));
#10056=CARTESIAN_POINT('Origin',(-1.43801493608705,-1.74535369229953,14.340028244856));
#10057=CARTESIAN_POINT('',(-1.43801493608705,-1.74535369229953,14.840028244856));
#10058=CARTESIAN_POINT('',(-1.13182871823914,-1.43916747445162,14.590028244856));
#10059=CARTESIAN_POINT('Ctrl Pts',(-3.37908423982437,0.808088047136192,
14.5900282448528));
#10060=CARTESIAN_POINT('Ctrl Pts',(-3.36590894560546,1.2536525457788,14.0281890362423));
#10061=CARTESIAN_POINT('Ctrl Pts',(-3.305160933894,1.70678921523488,13.3988114084956));
#10062=CARTESIAN_POINT('Ctrl Pts',(-3.1981725411079,2.15755977983086,12.7156989859691));
#10063=CARTESIAN_POINT('Ctrl Pts',(-3.50602849244791,0.886615104605952,
14.6493269563046));
#10064=CARTESIAN_POINT('Ctrl Pts',(-3.48683263400291,1.33365187293677,14.0775606472029));
#10065=CARTESIAN_POINT('Ctrl Pts',(-3.41961417826057,1.78724659537791,13.4409093419042));
#10066=CARTESIAN_POINT('Ctrl Pts',(-3.30657365529383,2.23701409432681,12.7511514304326));
#10067=CARTESIAN_POINT('Ctrl Pts',(-3.81450575641398,0.932734028368923,
14.6786675152744));
#10068=CARTESIAN_POINT('Ctrl Pts',(-3.77645252268973,1.39249378975616,14.0982513611966));
#10069=CARTESIAN_POINT('Ctrl Pts',(-3.69085835882484,1.85348073415017,13.4540966275352));
#10070=CARTESIAN_POINT('Ctrl Pts',(-3.56060094662819,2.30918236160698,12.7589881477687));
#10071=CARTESIAN_POINT('Ctrl Pts',(-4.05086135591406,0.78945574502056,14.5594985964377));
#10072=CARTESIAN_POINT('Ctrl Pts',(-4.01149735065371,1.27081273096074,13.9911093513841));
#10073=CARTESIAN_POINT('Ctrl Pts',(-3.92188958969605,1.7524942322536,13.3565184647186));
#10074=CARTESIAN_POINT('Ctrl Pts',(-3.78539512275698,2.22625005691666,12.6690559383778));
#10075=CARTESIAN_POINT('Ctrl Pts',(-4.11314731255749,0.709383205200431,
14.4945367420403));
#10076=CARTESIAN_POINT('Ctrl Pts',(-4.07914825069947,1.19789135681003,13.9326975334298));
#10077=CARTESIAN_POINT('Ctrl Pts',(-3.99260873319632,1.68781051668163,13.3033199056831));
#10078=CARTESIAN_POINT('Ctrl Pts',(-3.85787016683801,2.16942514395356,12.6202074831566));
#10079=CARTESIAN_POINT('',(-3.54509050537897,2.06900146115961,13.040028244856));
#10080=CARTESIAN_POINT('',(-3.9357692792149,1.86744607698355,13.040028244856));
#10081=CARTESIAN_POINT('Ctrl Pts',(-3.54519682168782,2.06869723115148,13.0397932676251));
#10082=CARTESIAN_POINT('Ctrl Pts',(-3.54654804934217,2.0687127179439,13.0397975781639));
#10083=CARTESIAN_POINT('Ctrl Pts',(-3.54789989214781,2.06872170223193,13.0398019167086));
#10084=CARTESIAN_POINT('Ctrl Pts',(-3.54925231972332,2.06872416461513,13.0398062874127));
#10085=CARTESIAN_POINT('Ctrl Pts',(-3.57539141894913,2.0687717564271,13.0398907623744));
#10086=CARTESIAN_POINT('Ctrl Pts',(-3.6013329447951,2.0663888488572,13.0399824184442));
#10087=CARTESIAN_POINT('Ctrl Pts',(-3.62685436718383,2.06168663521609,13.0400400576491));
#10088=CARTESIAN_POINT('Ctrl Pts',(-3.63228386358544,2.06068627357264,13.0400523199694));
#10089=CARTESIAN_POINT('Ctrl Pts',(-3.63769445677554,2.05958083856747,13.0400629292219));
#10090=CARTESIAN_POINT('Ctrl Pts',(-3.64308416346106,2.05837123346806,13.0400713078269));
#10091=CARTESIAN_POINT('Ctrl Pts',(-3.66657910579706,2.05309829308036,13.0401078320483));
#10092=CARTESIAN_POINT('Ctrl Pts',(-3.68967643839843,2.04584866045675,13.0401043503938));
#10093=CARTESIAN_POINT('Ctrl Pts',(-3.71223350588133,2.0368170571152,13.0400880921231));
#10094=CARTESIAN_POINT('Ctrl Pts',(-3.73570967331449,2.02741745619647,13.0400711714002));
#10095=CARTESIAN_POINT('Ctrl Pts',(-3.75840372981402,2.01616643694678,13.0400412478093));
#10096=CARTESIAN_POINT('Ctrl Pts',(-3.78018996134177,2.0033272182039,13.0400222749912));
#10097=CARTESIAN_POINT('Ctrl Pts',(-3.79786866404603,1.99290867790604,13.040006879267));
#10098=CARTESIAN_POINT('Ctrl Pts',(-3.81495021316509,1.98144337773371,13.0399978461958));
#10099=CARTESIAN_POINT('Ctrl Pts',(-3.83137512659651,1.9690536539557,13.0399928958944));
#10100=CARTESIAN_POINT('Ctrl Pts',(-3.85361832698387,1.95227505053176,13.0399861920206));
#10101=CARTESIAN_POINT('Ctrl Pts',(-3.87459066929749,1.93385265850662,13.0399878562841));
#10102=CARTESIAN_POINT('Ctrl Pts',(-3.89417642287366,1.91406097701084,13.0399959237599));
#10103=CARTESIAN_POINT('Ctrl Pts',(-3.9088293017503,1.89925403529196,13.0400019593584));
#10104=CARTESIAN_POINT('Ctrl Pts',(-3.92270657145628,1.88367962506949,13.0400107258493));
#10105=CARTESIAN_POINT('Ctrl Pts',(-3.93576296397931,1.8674379146615,13.0400102625456));
#10106=CARTESIAN_POINT('Ctrl Pts',(-3.93576446959721,1.86743153993518,13.0400189452818));
#10107=CARTESIAN_POINT('Ctrl Pts',(-4.02638552718356,1.4837448413965,13.5626216054313));
#10108=CARTESIAN_POINT('Ctrl Pts',(-4.08623117796722,1.09612185146305,14.0497438880432));
#10109=CARTESIAN_POINT('Ctrl Pts',(-4.11314731255749,0.709383205200431,
14.4945367420403));
#10110=CARTESIAN_POINT('',(-3.24606362186189,1.94063712960888,13.040028244856));
#10111=CARTESIAN_POINT('Ctrl Pts',(-3.37908423982437,0.808088047136192,
14.5900282448528));
#10112=CARTESIAN_POINT('Ctrl Pts',(-3.36802105652523,1.18222479415459,14.1182566057359));
#10113=CARTESIAN_POINT('Ctrl Pts',(-3.3234152107758,1.56170054182293,13.5988648491459));
#10114=CARTESIAN_POINT('Ctrl Pts',(-3.24605551411734,1.94063132086275,13.0400254291695));
#10115=CARTESIAN_POINT('',(-3.57495836618175,2.26953187392873,12.7305750354908));
#10116=CARTESIAN_POINT('Ctrl Pts',(-3.57495836618175,2.26953187392873,12.7305750354908));
#10117=CARTESIAN_POINT('Ctrl Pts',(-3.53113112591449,2.22570463366147,12.8114464876087));
#10118=CARTESIAN_POINT('Ctrl Pts',(-3.48474445428192,2.17931796202891,12.8786539428103));
#10119=CARTESIAN_POINT('Ctrl Pts',(-3.40392771593689,2.09850122368388,12.9665459166784));
#10120=CARTESIAN_POINT('Ctrl Pts',(-3.36592086937752,2.06049437709293,12.9991106818085));
#10121=CARTESIAN_POINT('Ctrl Pts',(-3.30013960808278,1.99471311580017,13.0320685379562));
#10122=CARTESIAN_POINT('Ctrl Pts',(-3.27321159725956,1.96778510500656,13.040028244856));
#10123=CARTESIAN_POINT('Ctrl Pts',(-3.24606362186189,1.94063712960888,13.040028244856));
#10124=CARTESIAN_POINT('',(-3.62324954060594,2.22057190144479,12.7919609258846));
#10125=CARTESIAN_POINT('Ctrl Pts',(-3.57490897174754,2.26956680099954,12.7306058191888));
#10126=CARTESIAN_POINT('Ctrl Pts',(-3.58061310071622,2.26386598791842,12.7381101852829));
#10127=CARTESIAN_POINT('Ctrl Pts',(-3.58628151685232,2.25817154052707,12.7454858837507));
#10128=CARTESIAN_POINT('Ctrl Pts',(-3.59191340697101,2.25248456140661,12.7527321158908));
#10129=CARTESIAN_POINT('Ctrl Pts',(-3.60244877559081,2.24184613982796,12.7662873744437));
#10130=CARTESIAN_POINT('Ctrl Pts',(-3.61285631142364,2.23123389090023,12.7793896036545));
#10131=CARTESIAN_POINT('Ctrl Pts',(-3.62313134450082,2.22066005814289,12.7920368330141));
#10132=CARTESIAN_POINT('Ctrl Pts',(-3.62324954060594,2.2205719014448,12.7919609258846));
#10133=CARTESIAN_POINT('Ctrl Pts',(-3.62230861010926,2.21970121781508,12.7937520505826));
#10134=CARTESIAN_POINT('Ctrl Pts',(-3.62137262546526,2.2188216764411,12.7955463950231));
#10135=CARTESIAN_POINT('Ctrl Pts',(-3.57865701810807,2.17805522253847,12.8780387983613));
#10136=CARTESIAN_POINT('Ctrl Pts',(-3.55258685880196,2.12566160094818,12.9564170357366));
#10137=CARTESIAN_POINT('Ctrl Pts',(-3.54516604495181,2.06958413917877,13.0391686119426));
#10138=CARTESIAN_POINT('Ctrl Pts',(-3.54512801784312,2.06929282907994,13.0395984193601));
#10139=CARTESIAN_POINT('Ctrl Pts',(-3.54509050537897,2.06900146115961,13.040028244856));
#10140=CARTESIAN_POINT('Origin',(-1.339424460249,-1.26600203200374,14.540028244856));
#10141=CARTESIAN_POINT('',(-1.339424460249,-0.294511699026697,13.4423687747447));
#10142=CARTESIAN_POINT('',(-1.339424460249,-0.517670554649208,13.5788585097504));
#10143=CARTESIAN_POINT('Origin',(-1.339424460249,-0.727524400918955,12.9726988606346));
#10144=CARTESIAN_POINT('',(-1.339424460249,-0.517670554649207,13.715681438674));
#10145=CARTESIAN_POINT('',(-1.339424460249,-0.517670554649208,16.040028244856));
#10146=CARTESIAN_POINT('',(-1.339424460249,-0.669577730312848,13.9017289729957));
#10147=CARTESIAN_POINT('Origin',(-2.08670798362825,-0.417989430597262,13.508829155951));
#10148=CARTESIAN_POINT('Ctrl Pts',(-1.50148387476755,-0.930767385200182,
13.540028244856));
#10149=CARTESIAN_POINT('Ctrl Pts',(-1.49757506339733,-0.913719879765121,
13.5538907584604));
#10150=CARTESIAN_POINT('Ctrl Pts',(-1.49316846873241,-0.895877055280488,
13.5666359761155));
#10151=CARTESIAN_POINT('Ctrl Pts',(-1.48038687829732,-0.848218609651886,
13.5958244073245));
#10152=CARTESIAN_POINT('Ctrl Pts',(-1.47116561076583,-0.817436311116105,
13.6100673105589));
#10153=CARTESIAN_POINT('Ctrl Pts',(-1.45003763816355,-0.754868902254956,
13.6292204284831));
#10154=CARTESIAN_POINT('Ctrl Pts',(-1.43812902693587,-0.723084672023479,
13.6341314154083));
#10155=CARTESIAN_POINT('Ctrl Pts',(-1.41235849109598,-0.660869094889205,
13.6341314154083));
#10156=CARTESIAN_POINT('Ctrl Pts',(-1.39830430611811,-0.62997359040413,
13.6292204284831));
#10157=CARTESIAN_POINT('Ctrl Pts',(-1.36925797909822,-0.57130861714398,
13.6102344989623));
#10158=CARTESIAN_POINT('Ctrl Pts',(-1.35428844135912,-0.543492233982357,
13.5963218167329));
#10159=CARTESIAN_POINT('Ctrl Pts',(-1.339424460249,-0.517670554649208,13.5788585097504));
#10160=CARTESIAN_POINT('',(-1.78052176578035,-0.111803212749354,13.758829155951));
#10161=CARTESIAN_POINT('',(-1.339424460249,-1.16053710281116,13.2226988606346));
#10162=CARTESIAN_POINT('',(-2.08670798362825,-0.851002132489465,13.758829155951));
#10163=CARTESIAN_POINT('Origin',(-1.339424460249,-0.727524400918955,12.9726988606346));
#10164=CARTESIAN_POINT('Origin',(-0.0394244602490032,-1.266002032004,13.040028244856));
#10165=CARTESIAN_POINT('',(-3.95345435001128,1.84532726944377,13.040028244856));
#10166=CARTESIAN_POINT('Origin',(-3.79304396969542,2.03707843602933,13.040028244856));
#10167=CARTESIAN_POINT('Origin',(-0.039424460249003,-1.266002032004,13.040028244856));
#10168=CARTESIAN_POINT('Origin',(-3.79304396969542,2.03707843602933,8.540028244856));
#10169=CARTESIAN_POINT('',(-3.62324954060594,2.22057190144479,8.540028244856));
#10170=CARTESIAN_POINT('',(-3.62324954060594,2.22057190144479,8.540028244856));
#10171=CARTESIAN_POINT('',(-3.95345435001128,1.84532726944377,8.540028244856));
#10172=CARTESIAN_POINT('Origin',(-3.79304396969542,2.03707843602933,8.540028244856));
#10173=CARTESIAN_POINT('',(-3.95345435001128,1.84532726944377,8.540028244856));
#10174=CARTESIAN_POINT('Origin',(-0.039424460249003,-1.266002032004,8.540028244856));
#10175=CARTESIAN_POINT('',(-3.4897382880995,2.3527456090099,12.8337397960152));
#10176=CARTESIAN_POINT('Ctrl Pts',(-3.48981804087914,2.35258223556242,12.8338154246046));
#10177=CARTESIAN_POINT('Ctrl Pts',(-3.5122626219693,2.33121921099,12.8089526451476));
#10178=CARTESIAN_POINT('Ctrl Pts',(-3.53500673396218,2.30916813049485,12.7819167124755));
#10179=CARTESIAN_POINT('Ctrl Pts',(-3.55791025652015,2.28648713630872,12.7527333106112));
#10180=CARTESIAN_POINT('Ctrl Pts',(-3.56359528179469,2.28085734618044,12.7454895175756));
#10181=CARTESIAN_POINT('Ctrl Pts',(-3.56929008791924,2.2751887824529,12.7381133916047));
#10182=CARTESIAN_POINT('Ctrl Pts',(-3.57499329325255,2.26948247949453,12.7306058191888));
#10183=CARTESIAN_POINT('',(-3.4185470122721,2.41931081474442,12.9064732378528));
#10184=CARTESIAN_POINT('Ctrl Pts',(-3.41855805084159,2.41909077360292,12.9065068338988));
#10185=CARTESIAN_POINT('Ctrl Pts',(-3.44185498524147,2.39776124107834,12.8848177324871));
#10186=CARTESIAN_POINT('Ctrl Pts',(-3.46566480923197,2.37556960387339,12.8605720139236));
#10187=CARTESIAN_POINT('Ctrl Pts',(-3.48981804087914,2.35258223556242,12.8338154246046));
#10188=CARTESIAN_POINT('',(-3.4185470122721,2.41931081474442,8.540028244856));
#10189=CARTESIAN_POINT('',(-3.4185470122721,2.41931081474442,8.540028244856));
#10190=CARTESIAN_POINT('Origin',(-0.039424460249003,-1.266002032004,8.540028244856));
#10191=CARTESIAN_POINT('Origin',(-0.958663275791515,-0.346763216461485,
13.040028244856));
#10192=CARTESIAN_POINT('Origin',(-0.039424460249003,-1.266002032004,13.040028244856));
#10193=CARTESIAN_POINT('',(-0.958663275791515,-0.346763216461485,13.040028244856));
#10194=CARTESIAN_POINT('',(-0.958663275791515,-0.346763216461485,13.040028244856));
#10195=CARTESIAN_POINT('',(-0.958663275791515,-0.346763216461485,13.040028244856));
#10196=CARTESIAN_POINT('Origin',(-0.039424460249003,-1.266002032004,16.040028244856));
#10197=CARTESIAN_POINT('Origin',(-0.0394244602489924,-1.266002032004,14.840028244856));
#10198=CARTESIAN_POINT('Origin',(1.72847940104049,-4.91184802942745,14.340028244856));
#10199=CARTESIAN_POINT('',(2.03466561889057,-4.60566181158176,14.590028244856));
#10200=CARTESIAN_POINT('',(1.9359607769689,-5.33972488431165,14.4945367420245));
#10201=CARTESIAN_POINT('Origin',(1.72847940104316,-4.9118480294274,14.3400282448527));
#10202=CARTESIAN_POINT('',(1.72847940104048,-4.91184802942745,14.840028244856));
#10203=CARTESIAN_POINT('Origin',(1.72847940104049,-4.91184802942745,14.340028244856));
#10204=CARTESIAN_POINT('Origin',(1.72847940105779,-4.91184802941906,14.340028244856));
#10205=CARTESIAN_POINT('Origin',(1.288481158887,-5.09410126875081,14.340028244856));
#10206=CARTESIAN_POINT('',(1.288481158887,-5.09410126874772,14.840028244856));
#10207=CARTESIAN_POINT('',(1.44432429659167,-5.54336738223419,14.4945367420435));
#10208=CARTESIAN_POINT('Origin',(1.288481158887,-5.09410126874772,14.340028244856));
#10209=CARTESIAN_POINT('',(0.855468456992836,-5.09410126874955,14.5900282448526));
#10210=CARTESIAN_POINT('Origin',(1.288481158887,-5.09410126875081,14.340028244856));
#10211=CARTESIAN_POINT('Origin',(1.28848115887602,-5.09410126875808,14.340028244837));
#10212=CARTESIAN_POINT('Origin',(1.288481158887,-4.47184978727396,14.340028244856));
#10213=CARTESIAN_POINT('',(1.288481158887,-4.47184978727396,14.840028244856));
#10214=CARTESIAN_POINT('',(0.855468456994766,-4.47184978727396,14.590028244856));
#10215=CARTESIAN_POINT('Origin',(1.288481158887,-4.47184978727396,14.340028244856));
#10216=CARTESIAN_POINT('',(1.59466737673489,-4.16566356942608,14.590028244856));
#10217=CARTESIAN_POINT('Origin',(1.288481158887,-4.47184978727396,14.340028244856));
#10218=CARTESIAN_POINT('Origin',(1.288481158887,-4.47184978727396,14.340028244856));
#10219=CARTESIAN_POINT('Origin',(-0.518776120544725,-2.66459250784224,14.340028244856));
#10220=CARTESIAN_POINT('',(-0.518776120544725,-2.66459250784224,14.840028244856));
#10221=CARTESIAN_POINT('',(-0.212589902696839,-2.35840628999435,14.590028244856));
#10222=CARTESIAN_POINT('Origin',(0.879814355293325,-2.18524084754669,14.540028244856));
#10223=CARTESIAN_POINT('',(0.192866952988083,-2.87218824985193,13.4423687747447));
#10224=CARTESIAN_POINT('',(0.350664093080591,-2.71439110975943,13.5788585097504));
#10225=CARTESIAN_POINT('Origin',(0.499053170836007,-2.56600203200401,12.9726988606346));
#10226=CARTESIAN_POINT('',(0.35066409308059,-2.71439110975943,13.715681438674));
#10227=CARTESIAN_POINT('',(0.350664093080591,-2.71439110975943,16.040028244856));
#10228=CARTESIAN_POINT('',(0.458078687103246,-2.60697651573677,13.9017289729957));
#10229=CARTESIAN_POINT('Origin',(0.808588141157607,-3.3132855553833,13.508829155951));
#10230=CARTESIAN_POINT('Ctrl Pts',(0.757360974211041,-2.53688085055135,
13.540028244856));
#10231=CARTESIAN_POINT('Ctrl Pts',(0.742542620489333,-2.54617131022053,
13.5538907584604));
#10232=CARTESIAN_POINT('Ctrl Pts',(0.726809905331221,-2.55567215943963,
13.5666359761155));
#10233=CARTESIAN_POINT('Ctrl Pts',(0.684072345975428,-2.58033382025343,
13.5958244073245));
#10234=CARTESIAN_POINT('Ctrl Pts',(0.655785553137616,-2.59557977148594,
13.6100673105589));
#10235=CARTESIAN_POINT('Ctrl Pts',(0.596603981350824,-2.62488187787313,
13.6292204284831));
#10236=CARTESIAN_POINT('Ctrl Pts',(0.565708476865748,-2.63893606285099,
13.6341314154083));
#10237=CARTESIAN_POINT('Ctrl Pts',(0.503492899731473,-2.66470659869088,
13.6341314154083));
#10238=CARTESIAN_POINT('Ctrl Pts',(0.471708669499998,-2.67661520991855,
13.6292204284831));
#10239=CARTESIAN_POINT('Ctrl Pts',(0.409687414285292,-2.6975587555246,13.6102344989623));
#10240=CARTESIAN_POINT('Ctrl Pts',(0.379433199477078,-2.70664284703973,
13.5963218167329));
#10241=CARTESIAN_POINT('Ctrl Pts',(0.350664093080591,-2.71439110975943,
13.5788585097504));
#10242=CARTESIAN_POINT('',(0.375575439265371,-3.3132855553833,13.758829155951));
#10243=CARTESIAN_POINT('',(0.805239388683893,-2.25981581415612,13.2226988606346));
#10244=CARTESIAN_POINT('',(1.11477435900549,-3.00709933753542,13.758829155951));
#10245=CARTESIAN_POINT('Origin',(0.499053170836007,-2.56600203200401,12.9726988606346));
#10246=CARTESIAN_POINT('Origin',(1.288481158887,-1.916002032004,14.340028244856));
#10247=CARTESIAN_POINT('',(1.288481158887,-1.916002032004,14.840028244856));
#10248=CARTESIAN_POINT('',(0.855468456994767,-1.916002032004,14.590028244856));
#10249=CARTESIAN_POINT('Ctrl Pts',(0.855468456992937,-5.09410126874945,
14.5900282448528));
#10250=CARTESIAN_POINT('Ctrl Pts',(0.531090438660467,-5.39984660730929,
14.0281890362424));
#10251=CARTESIAN_POINT('Ctrl Pts',(0.167719095859031,-5.67730728806118,
13.3988114084957));
#10252=CARTESIAN_POINT('Ctrl Pts',(-0.226676045173358,-5.92039799299897,
12.7156989859692));
#10253=CARTESIAN_POINT('Ctrl Pts',(0.889704584012207,-5.23939142545571,
14.6493269563046));
#10254=CARTESIAN_POINT('Ctrl Pts',(0.560028332008628,-5.54192063410498,
14.0775606472029));
#10255=CARTESIAN_POINT('Ctrl Pts',(0.191757801983791,-5.81512991237722,
13.4409093419043));
#10256=CARTESIAN_POINT('Ctrl Pts',(-0.206207566818926,-6.05323184050264,
12.7511514304327));
#10257=CARTESIAN_POINT('Ctrl Pts',(1.07522758891966,-5.49011223126598,14.6786540889022));
#10258=CARTESIAN_POINT('Ctrl Pts',(0.723220644313563,-5.7883037766471,14.0982379348245));
#10259=CARTESIAN_POINT('Ctrl Pts',(0.3367281800631,-6.05375403517935,13.4540897067422));
#10260=CARTESIAN_POINT('Ctrl Pts',(-0.0776074303734026,-6.28387784668772,
12.7589812269757));
#10261=CARTESIAN_POINT('Ctrl Pts',(1.34366163840098,-5.55594439580734,14.5594985964377));
#10262=CARTESIAN_POINT('Ctrl Pts',(0.975456294416929,-5.86848062968289,
13.9911093513842));
#10263=CARTESIAN_POINT('Ctrl Pts',(0.571493783060552,-6.14571863019907,
13.3565184647186));
#10264=CARTESIAN_POINT('Ctrl Pts',(0.139981663647633,-6.38419842327786,
12.6690559383779));
#10265=CARTESIAN_POINT('Ctrl Pts',(1.44432429660989,-5.54336738222896,14.4945367420403));
#10266=CARTESIAN_POINT('Ctrl Pts',(1.07485590274807,-5.86475384170321,13.9326975334299));
#10267=CARTESIAN_POINT('Ctrl Pts',(0.667238062902576,-6.14998632221453,
13.3033199056832));
#10268=CARTESIAN_POINT('Ctrl Pts',(0.231410540080663,-6.39526473711781,
12.6202074831567));
#10269=CARTESIAN_POINT('',(0.081252187541023,-6.10308585038762,13.040028244856));
#10270=CARTESIAN_POINT('',(0.500024976721599,-6.23681628169711,13.040028244856));
#10271=CARTESIAN_POINT('Ctrl Pts',(0.0815454497512327,-6.10294154202226,
13.0397899234756));
#10272=CARTESIAN_POINT('Ctrl Pts',(0.0824899704776503,-6.10390794125498,
13.0397942234034));
#10273=CARTESIAN_POINT('Ctrl Pts',(0.0834395239319024,-6.10487017781263,
13.0397985515758));
#10274=CARTESIAN_POINT('Ctrl Pts',(0.0843941023425812,-6.10582821650398,
13.0398029121539));
#10275=CARTESIAN_POINT('Ctrl Pts',(0.102843261935213,-6.12434425302323,
13.0398871891514));
#10276=CARTESIAN_POINT('Ctrl Pts',(0.122871168490027,-6.14100218573583,
13.039978742197));
#10277=CARTESIAN_POINT('Ctrl Pts',(0.14424182450869,-6.1557233505952,13.0400364205908));
#10278=CARTESIAN_POINT('Ctrl Pts',(0.148788969113755,-6.15885564870117,
13.0400486931199));
#10279=CARTESIAN_POINT('Ctrl Pts',(0.15339705522166,-6.16190026837197,13.0400593185162));
#10280=CARTESIAN_POINT('Ctrl Pts',(0.15806404061079,-6.16485644614855,13.0400677193888));
#10281=CARTESIAN_POINT('Ctrl Pts',(0.178405920082308,-6.17774146870885,
13.0401043360749));
#10282=CARTESIAN_POINT('Ctrl Pts',(0.19986426767954,-6.18894777089337,13.0401010731027));
#10283=CARTESIAN_POINT('Ctrl Pts',(0.222200578506853,-6.19851208710981,
13.0400850971382));
#10284=CARTESIAN_POINT('Ctrl Pts',(0.245448947659508,-6.20846694294127,
13.0400684688272));
#10285=CARTESIAN_POINT('Ctrl Pts',(0.269453500471846,-6.21655938568813,
13.0400389021299));
#10286=CARTESIAN_POINT('Ctrl Pts',(0.29393920905921,-6.22288658697045,13.0400202918958));
#10287=CARTESIAN_POINT('Ctrl Pts',(0.313804708770511,-6.22801990850775,
13.0400051932272));
#10288=CARTESIAN_POINT('Ctrl Pts',(0.33398804781034,-6.23199105579207,13.0399964582438));
#10289=CARTESIAN_POINT('Ctrl Pts',(0.354360727327484,-6.23484442138778,
13.0399917780507));
#10290=CARTESIAN_POINT('Ctrl Pts',(0.381954856570446,-6.23870921192547,
13.0399854388819));
#10291=CARTESIAN_POINT('Ctrl Pts',(0.409812769541372,-6.2405126907465,13.0399874185974));
#10292=CARTESIAN_POINT('Ctrl Pts',(0.437658530181541,-6.24036706499171,
13.0399956880328));
#10293=CARTESIAN_POINT('Ctrl Pts',(0.458487754412696,-6.24025813381401,
13.0400018737473));
#10294=CARTESIAN_POINT('Ctrl Pts',(0.479311269200748,-6.23905820068954,
13.0400107258074));
#10295=CARTESIAN_POINT('Ctrl Pts',(0.500026282808961,-6.2368060445179,13.0400102625456));
#10296=CARTESIAN_POINT('Ctrl Pts',(0.500031855053797,-6.23680260153832,
13.0400189452818));
#10297=CARTESIAN_POINT('Ctrl Pts',(0.835418085779176,-6.02957389948815,
13.5626216054313));
#10298=CARTESIAN_POINT('Ctrl Pts',(1.15182619599857,-5.79780032025605,14.0497438880432));
#10299=CARTESIAN_POINT('Ctrl Pts',(1.44432429660989,-5.54336738222896,14.4945367420403));
#10300=CARTESIAN_POINT('',(-0.0394244602490033,-5.80087462399361,13.040028244856));
#10301=CARTESIAN_POINT('Ctrl Pts',(0.855468456992937,-5.09410126874945,
14.5900282448528));
#10302=CARTESIAN_POINT('Ctrl Pts',(0.583090974152823,-5.35083304772491,
14.1182566057359));
#10303=CARTESIAN_POINT('Ctrl Pts',(0.283220003670718,-5.58762182618704,
13.5988648491459));
#10304=CARTESIAN_POINT('Ctrl Pts',(-0.0394260858863776,-5.80086478354866,
13.0400254291695));
#10305=CARTESIAN_POINT('',(-0.039424460248974,-6.266002032004,12.7305750354907));
#10306=CARTESIAN_POINT('Ctrl Pts',(-0.0394244602489741,-6.266002032004,
12.7305750354907));
#10307=CARTESIAN_POINT('Ctrl Pts',(-0.0394244602489807,-6.20403146959361,
12.8114327676531));
#10308=CARTESIAN_POINT('Ctrl Pts',(-0.0394244602489871,-6.13844195509372,
12.8786318435954));
#10309=CARTESIAN_POINT('Ctrl Pts',(-0.0394244602489949,-6.02415382413457,
12.9665301164452));
#10310=CARTESIAN_POINT('Ctrl Pts',(-0.0394244602268076,-5.9703954386761,
12.9991034382852));
#10311=CARTESIAN_POINT('Ctrl Pts',(-0.0394244602281974,-5.87735485384853,
13.0320674457835));
#10312=CARTESIAN_POINT('Ctrl Pts',(-0.0394244602490027,-5.83927029942713,
13.040028244856));
#10313=CARTESIAN_POINT('Ctrl Pts',(-0.0394244602490034,-5.80087462399361,
13.040028244856));
#10314=CARTESIAN_POINT('',(0.029342485207919,-6.26552912036071,12.7919609258846));
#10315=CARTESIAN_POINT('Ctrl Pts',(-0.0394809197807178,-6.26598730046305,
12.7306023900867));
#10316=CARTESIAN_POINT('Ctrl Pts',(-0.0314130273438879,-6.26598960115593,
12.7381099928017));
#10317=CARTESIAN_POINT('Ctrl Pts',(-0.0233781471009738,-6.26597118485217,
12.7454857535981));
#10318=CARTESIAN_POINT('Ctrl Pts',(-0.0153779307424294,-6.26593227458248,
12.7527289008624));
#10319=CARTESIAN_POINT('Ctrl Pts',(-0.000392435433757593,-6.26585939034562,
12.7662963026032));
#10320=CARTESIAN_POINT('Ctrl Pts',(0.0144714009271048,-6.26571460315396,
12.7793984277176));
#10321=CARTESIAN_POINT('Ctrl Pts',(0.0291995755450494,-6.26550359800738,
12.7920335704812));
#10322=CARTESIAN_POINT('Ctrl Pts',(0.0293424852079198,-6.26552912036071,
12.7919609258846));
#10323=CARTESIAN_POINT('Ctrl Pts',(0.02929281317193,-6.26424811572702,12.7937520505826));
#10324=CARTESIAN_POINT('Ctrl Pts',(0.0292529017529442,-6.26296434496827,
12.7955463950231));
#10325=CARTESIAN_POINT('Ctrl Pts',(0.0278746421276604,-6.203933613344,12.8780387983614));
#10326=CARTESIAN_POINT('Ctrl Pts',(0.0464881408131306,-6.14845134179462,
12.9564170357366));
#10327=CARTESIAN_POINT('Ctrl Pts',(0.080893586506654,-6.10355128051039,
13.0391686119427));
#10328=CARTESIAN_POINT('Ctrl Pts',(0.0810726846265347,-6.10331840393767,
13.0395984193601));
#10329=CARTESIAN_POINT('Ctrl Pts',(0.081252187541024,-6.10308585038761,
13.040028244856));
#10330=CARTESIAN_POINT('Origin',(-0.039424460249003,-1.266002032004,14.340028244856));
#10331=CARTESIAN_POINT('Origin',(-0.039424460249003,-1.266002032004,14.840028244856));
#10332=CARTESIAN_POINT('Origin',(-0.0394244602490032,-1.266002032004,14.4945367420435));
#10333=CARTESIAN_POINT('Ctrl Pts',(3.38413735158583,-4.4247501128629,12.7156989859692));
#10334=CARTESIAN_POINT('Ctrl Pts',(2.9333667869892,-4.53173850564922,13.3988114084966));
#10335=CARTESIAN_POINT('Ctrl Pts',(2.48023011753246,-4.59248651736074,14.028189036244));
#10336=CARTESIAN_POINT('Ctrl Pts',(2.03466561888921,-4.60566181157956,14.590028244855));
#10337=CARTESIAN_POINT('Ctrl Pts',(3.46359166608178,-4.53315122704884,12.7511514304327));
#10338=CARTESIAN_POINT('Ctrl Pts',(3.01382416713223,-4.64619175001579,13.4409093419052));
#10339=CARTESIAN_POINT('Ctrl Pts',(2.56022944469043,-4.71341020575822,14.0775606472046));
#10340=CARTESIAN_POINT('Ctrl Pts',(2.11319267635896,-4.73260606420313,14.6493269563068));
#10341=CARTESIAN_POINT('Ctrl Pts',(3.53574726676358,-4.7871763096868,12.7589801352885));
#10342=CARTESIAN_POINT('Ctrl Pts',(3.08004563930611,-4.9174337218837,13.4540886150559));
#10343=CARTESIAN_POINT('Ctrl Pts',(2.61905154490378,-5.00302279239605,14.0982358169477));
#10344=CARTESIAN_POINT('Ctrl Pts',(2.15929178351586,-5.04107602612025,14.678651971026));
#10345=CARTESIAN_POINT('Ctrl Pts',(3.45282762867164,-5.01197269451197,12.6690559383779));
#10346=CARTESIAN_POINT('Ctrl Pts',(2.9790718040079,-5.1484671614513,13.3565184647195));
#10347=CARTESIAN_POINT('Ctrl Pts',(2.49739030271432,-5.23807492240908,13.9911093513858));
#10348=CARTESIAN_POINT('Ctrl Pts',(2.01603331677343,-5.27743892766937,14.5594985964398));
#10349=CARTESIAN_POINT('Ctrl Pts',(3.39600271570855,-5.084447738593,12.6202074831567));
#10350=CARTESIAN_POINT('Ctrl Pts',(2.91438808843593,-5.21918630495156,13.303319905684));
#10351=CARTESIAN_POINT('Ctrl Pts',(2.4244689285636,-5.30572582245482,13.9326975334315));
#10352=CARTESIAN_POINT('Ctrl Pts',(1.93596077695328,-5.33972488431277,14.4945367420424));
#10353=CARTESIAN_POINT('',(3.3396980917741,-4.95131487875241,12.9064732378528));
#10354=CARTESIAN_POINT('',(3.49610944568379,-4.80153593793668,12.7305750354908));
#10355=CARTESIAN_POINT('Ctrl Pts',(3.33970480068345,-4.951094046717,12.9065040669955));
#10356=CARTESIAN_POINT('Ctrl Pts',(3.3717183316369,-4.92178335102415,12.8766989712218));
#10357=CARTESIAN_POINT('Ctrl Pts',(3.40469530265255,-4.89084547514415,12.842076735851));
#10358=CARTESIAN_POINT('Ctrl Pts',(3.43820693083227,-4.85845178496454,12.8027296152423));
#10359=CARTESIAN_POINT('Ctrl Pts',(3.45174594594131,-4.84536442739338,12.7868330059352));
#10360=CARTESIAN_POINT('Ctrl Pts',(3.46537180343675,-4.83203970894953,12.7701649319286));
#10361=CARTESIAN_POINT('Ctrl Pts',(3.47905444970068,-4.81849030671837,12.7527304049636));
#10362=CARTESIAN_POINT('Ctrl Pts',(3.48473966480581,-4.81286045524488,12.7454862627019));
#10363=CARTESIAN_POINT('Ctrl Pts',(3.49043467064199,-4.80719182542307,12.7381097881647));
#10364=CARTESIAN_POINT('Ctrl Pts',(3.49613809673121,-4.80148544914155,12.7306018491795));
#10365=CARTESIAN_POINT('',(3.16721470136385,-4.47264119361685,13.040028244856));
#10366=CARTESIAN_POINT('Ctrl Pts',(3.1672147013639,-4.4726411936169,13.040028244856));
#10367=CARTESIAN_POINT('Ctrl Pts',(3.19436267676158,-4.49978916901458,13.040028244856));
#10368=CARTESIAN_POINT('Ctrl Pts',(3.2212906875552,-4.5267171798378,13.0320685379562));
#10369=CARTESIAN_POINT('Ctrl Pts',(3.28707194884798,-4.59249844113254,12.9991106818084));
#10370=CARTESIAN_POINT('Ctrl Pts',(3.32507879543895,-4.63050528769191,12.9665459166783));
#10371=CARTESIAN_POINT('Ctrl Pts',(3.40589553378397,-4.71132202603691,12.8786539428102));
#10372=CARTESIAN_POINT('Ctrl Pts',(3.45228220541652,-4.75770869766944,12.8114464876087));
#10373=CARTESIAN_POINT('Ctrl Pts',(3.49610944568379,-4.80153593793668,12.7305750354908));
#10374=CARTESIAN_POINT('Ctrl Pts',(3.16720889261776,-4.47263308587236,13.0400254291695));
#10375=CARTESIAN_POINT('Ctrl Pts',(2.78827811357727,-4.549992782531,13.5988648491468));
#10376=CARTESIAN_POINT('Ctrl Pts',(2.40880236590826,-4.59459862828049,14.1182566057376));
#10377=CARTESIAN_POINT('Ctrl Pts',(2.03466561888921,-4.60566181157956,14.590028244855));
#10378=CARTESIAN_POINT('',(3.09402364873852,-5.16234685096992,13.040028244856));
#10379=CARTESIAN_POINT('Ctrl Pts',(1.93596077695328,-5.33972488431277,14.4945367420424));
#10380=CARTESIAN_POINT('Ctrl Pts',(2.32269942321661,-5.31280874972255,14.0497438880448));
#10381=CARTESIAN_POINT('Ctrl Pts',(2.71032241315079,-5.2529630989388,13.5626216054321));
#10382=CARTESIAN_POINT('Ctrl Pts',(3.09400911169016,-5.16234204135224,13.0400189452818));
#10383=CARTESIAN_POINT('',(3.27705626329085,-4.89956331261145,13.040028244856));
#10384=CARTESIAN_POINT('Ctrl Pts',(3.09402364873854,-5.16234685096996,13.040028244856));
#10385=CARTESIAN_POINT('Ctrl Pts',(3.15252240622416,-5.11530203601181,13.040028244856));
#10386=CARTESIAN_POINT('Ctrl Pts',(3.20247277592289,-5.05799705208252,13.040028244857));
#10387=CARTESIAN_POINT('Ctrl Pts',(3.25440008935805,-4.96266905943518,13.040028244857));
#10388=CARTESIAN_POINT('Ctrl Pts',(3.26748309200673,-4.93162847770023,13.040028244856));
#10389=CARTESIAN_POINT('Ctrl Pts',(3.27705626329085,-4.89956331261145,13.040028244856));
#10390=CARTESIAN_POINT('Ctrl Pts',(3.2771508893668,-4.89942585223387,13.0400962981664));
#10391=CARTESIAN_POINT('Ctrl Pts',(3.28609443859723,-4.90462103398354,13.0235877510525));
#10392=CARTESIAN_POINT('Ctrl Pts',(3.2946856949652,-4.91035672879129,13.0070035631007));
#10393=CARTESIAN_POINT('Ctrl Pts',(3.30286167259223,-4.91658161329653,12.9903078320653));
#10394=CARTESIAN_POINT('Ctrl Pts',(3.31562676622982,-4.92630047961655,12.9642409101953));
#10395=CARTESIAN_POINT('Ctrl Pts',(3.32688824942338,-4.93681533406296,12.9389176330389));
#10396=CARTESIAN_POINT('Ctrl Pts',(3.3368716333775,-4.94789560536718,12.9137353044315));
#10397=CARTESIAN_POINT('Ctrl Pts',(3.3378276694433,-4.94895668235615,12.9113237759879));
#10398=CARTESIAN_POINT('Ctrl Pts',(3.33877199101772,-4.95002290534248,12.9089135398084));
#10399=CARTESIAN_POINT('Ctrl Pts',(3.33970480068345,-4.951094046717,12.9065040669955));
#10400=CARTESIAN_POINT('Origin',(-0.0394244602490031,-2.566002032004,13.040028244856));
#10401=CARTESIAN_POINT('Origin',(-0.039424460249003,-1.266002032004,13.040028244856));
#10402=CARTESIAN_POINT('',(-0.0394244602490031,-2.566002032004,13.040028244856));
#10403=CARTESIAN_POINT('',(-0.0394244602490031,-2.566002032004,13.040028244856));
#10404=CARTESIAN_POINT('',(-0.0394244602490031,-2.566002032004,13.040028244856));
#10405=CARTESIAN_POINT('Origin',(-0.039424460249003,-1.266002032004,16.040028244856));
#10406=CARTESIAN_POINT('Origin',(-0.344930516098266,-3.40998571893828,16.040028244856));
#10407=CARTESIAN_POINT('',(0.879814355293509,-2.18524084754651,13.040028244856));
#10408=CARTESIAN_POINT('',(0.879814355293509,-2.18524084754651,13.040028244856));
#10409=CARTESIAN_POINT('',(0.879814355293509,-2.18524084754651,13.040028244856));
#10410=CARTESIAN_POINT('Origin',(3.71419504919742,-4.56908250003732,8.540028244856));
#10411=CARTESIAN_POINT('',(3.54440062010794,-4.75257596545279,12.7919609258845));
#10412=CARTESIAN_POINT('',(3.49532261860303,-4.68989168481109,12.9042561808518));
#10413=CARTESIAN_POINT('Ctrl Pts',(3.54428137819792,-4.75265815824275,12.7920330558486));
#10414=CARTESIAN_POINT('Ctrl Pts',(3.53810631100571,-4.74692892776311,12.8038117265305));
#10415=CARTESIAN_POINT('Ctrl Pts',(3.53225200747527,-4.74090884761604,12.8155252215406));
#10416=CARTESIAN_POINT('Ctrl Pts',(3.52673613104701,-4.73463380689632,12.8272020520763));
#10417=CARTESIAN_POINT('Ctrl Pts',(3.51753559901876,-4.72416698192819,12.8466791115661));
#10418=CARTESIAN_POINT('Ctrl Pts',(3.50927814163883,-4.71299353725545,12.8660556495368));
#10419=CARTESIAN_POINT('Ctrl Pts',(3.50202046993423,-4.70127599792383,12.8854669008161));
#10420=CARTESIAN_POINT('Ctrl Pts',(3.49968789275372,-4.6975100429497,12.8917055739914));
#10421=CARTESIAN_POINT('Ctrl Pts',(3.49745835922313,-4.69368758157588,12.8979476811242));
#10422=CARTESIAN_POINT('Ctrl Pts',(3.49533316384775,-4.68981316178875,12.90419727966));
#10423=CARTESIAN_POINT('',(3.54440062010794,-4.75257596545279,8.540028244856));
#10424=CARTESIAN_POINT('',(3.54440062010794,-4.75257596545279,8.540028244856));
#10425=CARTESIAN_POINT('',(3.87460542951328,-4.37733133345177,8.540028244856));
#10426=CARTESIAN_POINT('Origin',(3.71419504919742,-4.56908250003732,8.540028244856));
#10427=CARTESIAN_POINT('',(3.87460542951328,-4.37733133345177,13.040028244856));
#10428=CARTESIAN_POINT('',(3.87460542951328,-4.37733133345177,8.540028244856));
#10429=CARTESIAN_POINT('',(3.46624158488096,-4.60100552516758,13.040028244856));
#10430=CARTESIAN_POINT('Origin',(3.71419504919742,-4.56908250003732,13.040028244856));
#10431=CARTESIAN_POINT('Ctrl Pts',(3.49532261860303,-4.68989168481109,12.9042561808518));
#10432=CARTESIAN_POINT('Ctrl Pts',(3.48024421402441,-4.66257383587611,12.9485404315694));
#10433=CARTESIAN_POINT('Ctrl Pts',(3.47044979152697,-4.63281786134573,12.9930840825169));
#10434=CARTESIAN_POINT('Ctrl Pts',(3.46631712445379,-4.6015882031867,13.0391686119427));
#10435=CARTESIAN_POINT('Ctrl Pts',(3.46627909734511,-4.60129689308789,13.0395984193601));
#10436=CARTESIAN_POINT('Ctrl Pts',(3.46624158488096,-4.60100552516758,13.040028244856));
#10437=CARTESIAN_POINT('Origin',(-0.0394244602489924,-1.266002032004,14.840028244856));
#10438=CARTESIAN_POINT('Origin',(-1.36733007938528,-4.47184978727385,14.340028244856));
#10439=CARTESIAN_POINT('',(-1.36733007938528,-4.47184978727385,14.840028244856));
#10440=CARTESIAN_POINT('',(-1.67351629723318,-4.16566356942594,14.590028244856));
#10441=CARTESIAN_POINT('Origin',(-1.36733007938528,-4.47184978727385,14.340028244856));
#10442=CARTESIAN_POINT('',(-0.934317377493074,-4.47184978727385,14.590028244856));
#10443=CARTESIAN_POINT('Origin',(-1.36733007938528,-4.47184978727385,14.340028244856));
#10444=CARTESIAN_POINT('Origin',(-1.36733007938528,-4.47184978727385,14.340028244856));
#10445=CARTESIAN_POINT('Origin',(-1.80732832153875,-4.91184802942732,14.340028244856));
#10446=CARTESIAN_POINT('',(-2.01480969746999,-5.33972488430329,14.4945367420435));
#10447=CARTESIAN_POINT('',(-2.11351453938931,-4.60566181157934,14.5900282448526));
#10448=CARTESIAN_POINT('Origin',(-1.80732832155383,-4.91184802942688,14.340028244837));
#10449=CARTESIAN_POINT('',(-1.80732832153875,-4.91184802942732,14.840028244856));
#10450=CARTESIAN_POINT('Origin',(-1.80732832153875,-4.91184802942732,14.340028244856));
#10451=CARTESIAN_POINT('Origin',(-1.80732832154093,-4.9118480294295,14.340028244856));
#10452=CARTESIAN_POINT('Origin',(-1.36733007936711,-5.09410126875393,14.340028244856));
#10453=CARTESIAN_POINT('',(-1.36733007938528,-5.09410126874763,14.840028244856));
#10454=CARTESIAN_POINT('',(-0.934317377493075,-5.0941012687507,14.590028244856));
#10455=CARTESIAN_POINT('Origin',(-1.36733007938528,-5.09410126874763,14.340028244856));
#10456=CARTESIAN_POINT('',(-1.52317321709777,-5.54336738223792,14.4945367420245));
#10457=CARTESIAN_POINT('Origin',(-1.36733007936711,-5.09410126875393,14.340028244856));
#10458=CARTESIAN_POINT('Origin',(-1.36733007938335,-5.09410126874944,14.3400282448527));
#10459=CARTESIAN_POINT('Origin',(-0.039424460249003,-1.266002032004,14.340028244856));
#10460=CARTESIAN_POINT('Origin',(-0.039424460249003,-1.266002032004,14.840028244856));
#10461=CARTESIAN_POINT('Origin',(-0.0394244602490026,-1.266002032004,14.4945367420435));
#10462=CARTESIAN_POINT('Ctrl Pts',(0.147827124675391,-5.92039799299898,
12.7156989859692));
#10463=CARTESIAN_POINT('Ctrl Pts',(-0.246568016357628,-5.67730728806088,
13.3988114084966));
#10464=CARTESIAN_POINT('Ctrl Pts',(-0.609939359159601,-5.39984660730855,
14.028189036244));
#10465=CARTESIAN_POINT('Ctrl Pts',(-0.934317377492482,-5.09410126874818,
14.590028244855));
#10466=CARTESIAN_POINT('Ctrl Pts',(0.127358646320956,-6.05323184050265,
12.7511514304327));
#10467=CARTESIAN_POINT('Ctrl Pts',(-0.270606722482397,-5.81512991237692,
13.4409093419052));
#10468=CARTESIAN_POINT('Ctrl Pts',(-0.638877252507783,-5.54192063410425,
14.0775606472046));
#10469=CARTESIAN_POINT('Ctrl Pts',(-0.968553504511784,-5.23939142545445,
14.6493269563068));
#10470=CARTESIAN_POINT('Ctrl Pts',(-0.00124171440990269,-6.28387752766479,
12.7589809839578));
#10471=CARTESIAN_POINT('Ctrl Pts',(-0.415577324847067,-6.05375371615612,
13.4540894637252));
#10472=CARTESIAN_POINT('Ctrl Pts',(-0.802069833206153,-5.78830319504628,
14.0982374633702));
#10473=CARTESIAN_POINT('Ctrl Pts',(-1.15407677781272,-5.49011164966463,
14.6786536174486));
#10474=CARTESIAN_POINT('Ctrl Pts',(-0.21883058414557,-6.38419842327787,
12.6690559383778));
#10475=CARTESIAN_POINT('Ctrl Pts',(-0.650342703559178,-6.14571863019876,
13.3565184647195));
#10476=CARTESIAN_POINT('Ctrl Pts',(-1.05430521491616,-5.86848062968214,
13.9911093513858));
#10477=CARTESIAN_POINT('Ctrl Pts',(-1.42251055890071,-5.55594439580604,
14.5594985964398));
#10478=CARTESIAN_POINT('Ctrl Pts',(-0.31025946057859,-6.39526473711783,
12.6202074831566));
#10479=CARTESIAN_POINT('Ctrl Pts',(-0.746086983401199,-6.14998632221422,
13.303319905684));
#10480=CARTESIAN_POINT('Ctrl Pts',(-1.1537048232473,-5.86475384170245,13.9326975334315));
#10481=CARTESIAN_POINT('Ctrl Pts',(-1.52317321710961,-5.54336738222762,
14.4945367420424));
#10482=CARTESIAN_POINT('',(-0.255933693982778,-6.26131220772963,12.9064732378527));
#10483=CARTESIAN_POINT('',(-0.15852515171796,-6.26458333326255,12.8337397960152));
#10484=CARTESIAN_POINT('Ctrl Pts',(-0.255772533199588,-6.26116118332234,
12.9065043600614));
#10485=CARTESIAN_POINT('Ctrl Pts',(-0.224217096703763,-6.26255201209543,
12.8848150050587));
#10486=CARTESIAN_POINT('Ctrl Pts',(-0.19168937432572,-6.26369593811723,
12.8605690560044));
#10487=CARTESIAN_POINT('Ctrl Pts',(-0.158356114959378,-6.26452008506183,
12.8338122832015));
#10488=CARTESIAN_POINT('Ctrl Pts',(-0.15835611495938,-6.26452008506183,
12.8338122832015));
#10489=CARTESIAN_POINT('Ctrl Pts',(-0.127379577640206,-6.2652846322329,
12.8089493009474));
#10490=CARTESIAN_POINT('Ctrl Pts',(-0.0957047274454213,-6.26577450632853,
12.7819132374716));
#10491=CARTESIAN_POINT('Ctrl Pts',(-0.0634717167896015,-6.26593176959144,
12.7527298053801));
#10492=CARTESIAN_POINT('Ctrl Pts',(-0.0554709471589582,-6.2659708049503,
12.7454859918968));
#10493=CARTESIAN_POINT('Ctrl Pts',(-0.0474358427343748,-6.26598934452275,
12.7381098512183));
#10494=CARTESIAN_POINT('Ctrl Pts',(-0.0393681118457554,-6.26598714239413,
12.7306022696766));
#10495=CARTESIAN_POINT('Ctrl Pts',(-0.0394175599944259,-5.8008682696404,
13.0400162932645));
#10496=CARTESIAN_POINT('Ctrl Pts',(-0.362065655976678,-5.58762440686657,
13.598859188471));
#10497=CARTESIAN_POINT('Ctrl Pts',(-0.661938410377126,-5.35083444674037,
14.1182540348981));
#10498=CARTESIAN_POINT('Ctrl Pts',(-0.934317377492482,-5.09410126874818,
14.590028244855));
#10499=CARTESIAN_POINT('',(-0.578873897219626,-6.23681628169711,13.040028244856));
#10500=CARTESIAN_POINT('Ctrl Pts',(-1.52317321710961,-5.54336738222762,
14.4945367420424));
#10501=CARTESIAN_POINT('Ctrl Pts',(-1.23067349660372,-5.79780172933932,
14.0497414247217));
#10502=CARTESIAN_POINT('Ctrl Pts',(-0.914263501655187,-6.02957646667404,
13.5626162099325));
#10503=CARTESIAN_POINT('Ctrl Pts',(-0.578875203306987,-6.2368060445179,
13.0400102625456));
#10504=CARTESIAN_POINT('',(-0.263634272333924,-6.18042386266785,13.040028244856));
#10505=CARTESIAN_POINT('Ctrl Pts',(-0.578873897219634,-6.23681628169711,
13.040028244856));
#10506=CARTESIAN_POINT('Ctrl Pts',(-0.504243321433944,-6.2449154421296,
13.040028244856));
#10507=CARTESIAN_POINT('Ctrl Pts',(-0.42840233356505,-6.23971494453415,
13.040028244857));
#10508=CARTESIAN_POINT('Ctrl Pts',(-0.324277108068438,-6.20902602995512,
13.040028244857));
#10509=CARTESIAN_POINT('Ctrl Pts',(-0.293077022340524,-6.19632810400953,
13.040028244856));
#10510=CARTESIAN_POINT('Ctrl Pts',(-0.263634272333924,-6.18042386266785,
13.040028244856));
#10511=CARTESIAN_POINT('Ctrl Pts',(-0.263469794400403,-6.18039411870442,
13.0400967158972));
#10512=CARTESIAN_POINT('Ctrl Pts',(-0.260819306056113,-6.19039169801525,
13.0235881583739));
#10513=CARTESIAN_POINT('Ctrl Pts',(-0.25880012868202,-6.20052236660387,
13.0070039581279));
#10514=CARTESIAN_POINT('Ctrl Pts',(-0.257420509133528,-6.21070529537593,
12.9903082127244));
#10515=CARTESIAN_POINT('Ctrl Pts',(-0.255266518964317,-6.22660382949918,
12.9642412644079));
#10516=CARTESIAN_POINT('Ctrl Pts',(-0.254738595377018,-6.24200199330838,
12.9389179568297));
#10517=CARTESIAN_POINT('Ctrl Pts',(-0.255514238275599,-6.25689621008825,
12.913735594528));
#10518=CARTESIAN_POINT('Ctrl Pts',(-0.255588515823388,-6.25832251838123,
12.9113240671064));
#10519=CARTESIAN_POINT('Ctrl Pts',(-0.255674715528566,-6.25974418202404,
12.9089138319154));
#10520=CARTESIAN_POINT('Ctrl Pts',(-0.25577253319959,-6.26116118332234,
12.9065043600614));
#10521=CARTESIAN_POINT('Origin',(-1.36733007938528,-1.916002032004,14.340028244856));
#10522=CARTESIAN_POINT('',(-1.36733007938528,-1.916002032004,14.840028244856));
#10523=CARTESIAN_POINT('',(-0.934317377493074,-1.916002032004,14.590028244856));
#10524=CARTESIAN_POINT('Origin',(0.439927200046534,-2.66459250784204,14.340028244856));
#10525=CARTESIAN_POINT('',(0.439927200046534,-2.66459250784204,14.840028244856));
#10526=CARTESIAN_POINT('',(0.133740982198625,-2.35840628999413,14.590028244856));
#10527=CARTESIAN_POINT('Ctrl Pts',(-2.11351453938918,-4.60566181157934,
14.5900282448528));
#10528=CARTESIAN_POINT('Ctrl Pts',(-2.55907903803196,-4.59248651736043,
14.0281890362421));
#10529=CARTESIAN_POINT('Ctrl Pts',(-3.01221570748821,-4.53173850564893,
13.3988114084951));
#10530=CARTESIAN_POINT('Ctrl Pts',(-3.46298627208437,-4.42475011286274,
12.7156989859683));
#10531=CARTESIAN_POINT('Ctrl Pts',(-2.19204159685894,-4.73260606420288,
14.6493269563046));
#10532=CARTESIAN_POINT('Ctrl Pts',(-2.63907836518993,-4.71341020575788,
14.0775606472026));
#10533=CARTESIAN_POINT('Ctrl Pts',(-3.09267308763124,-4.64619175001549,
13.4409093419037));
#10534=CARTESIAN_POINT('Ctrl Pts',(-3.54244058658032,-4.53315122704867,
12.7511514304318));
#10535=CARTESIAN_POINT('Ctrl Pts',(-2.23814011593452,-5.04107580942292,
14.6786515097296));
#10536=CARTESIAN_POINT('Ctrl Pts',(-2.69789987732193,-5.00302257569865,
14.0982353556516));
#10537=CARTESIAN_POINT('Ctrl Pts',(-3.15889418390875,-4.91743365633767,
13.4540883772745));
#10538=CARTESIAN_POINT('Ctrl Pts',(-3.61459581136573,-4.78717624414092,
12.7589798975077));
#10539=CARTESIAN_POINT('Ctrl Pts',(-2.09488223727355,-5.27743892766904,
14.5594985964377));
#10540=CARTESIAN_POINT('Ctrl Pts',(-2.57623922321391,-5.23807492240868,
13.9911093513839));
#10541=CARTESIAN_POINT('Ctrl Pts',(-3.05792072450695,-5.14846716145097,
13.3565184647181));
#10542=CARTESIAN_POINT('Ctrl Pts',(-3.53167654917019,-5.01197269451179,
12.669055938377));
#10543=CARTESIAN_POINT('Ctrl Pts',(-2.01480969745342,-5.33972488431248,
14.4945367420403));
#10544=CARTESIAN_POINT('Ctrl Pts',(-2.50331784906321,-5.30572582245444,
13.9326975334296));
#10545=CARTESIAN_POINT('Ctrl Pts',(-2.99323700893499,-5.21918630495123,
13.3033199056826));
#10546=CARTESIAN_POINT('Ctrl Pts',(-3.47485163620711,-5.08444773859283,
12.6202074831558));
#10547=CARTESIAN_POINT('',(-3.17287256923655,-5.1623468509699,13.040028244856));
#10548=CARTESIAN_POINT('Ctrl Pts',(-3.37411754939663,-4.77177321322447,
13.0397892810729));
#10549=CARTESIAN_POINT('Ctrl Pts',(-3.37413301669557,-4.77312443707252,
13.0397935789622));
#10550=CARTESIAN_POINT('Ctrl Pts',(-3.37414198193435,-4.77447627615403,
13.0397979051421));
#10551=CARTESIAN_POINT('Ctrl Pts',(-3.37414442572647,-4.77582870009025,
13.0398022637751));
#10552=CARTESIAN_POINT('Ctrl Pts',(-3.37419165671186,-4.80196689524896,
13.0398865027454));
#10553=CARTESIAN_POINT('Ctrl Pts',(-3.37180872078519,-4.82790756263795,
13.0399780360004));
#10554=CARTESIAN_POINT('Ctrl Pts',(-3.36710688068373,-4.85342820885449,
13.0400357219203));
#10555=CARTESIAN_POINT('Ctrl Pts',(-3.36610641662787,-4.85885852734064,
13.0400479964103));
#10556=CARTESIAN_POINT('Ctrl Pts',(-3.36500085917828,-4.86426993945075,
13.040058624908));
#10557=CARTESIAN_POINT('Ctrl Pts',(-3.36379111273999,-4.86966046114937,
13.0400670300588));
#10558=CARTESIAN_POINT('Ctrl Pts',(-3.3585183467555,-4.8931554337748,13.0401036645071));
#10559=CARTESIAN_POINT('Ctrl Pts',(-3.35126912158039,-4.91625284119745,
13.0401004435433));
#10560=CARTESIAN_POINT('Ctrl Pts',(-3.34223804197844,-4.93881000669918,
13.040084521809));
#10561=CARTESIAN_POINT('Ctrl Pts',(-3.3328380446697,-4.96228862767861,13.0400679496753));
#10562=CARTESIAN_POINT('Ctrl Pts',(-3.32158637965099,-4.98498500492597,
13.0400384515444));
#10563=CARTESIAN_POINT('Ctrl Pts',(-3.30874622517444,-5.00677336559101,
13.040019910969));
#10564=CARTESIAN_POINT('Ctrl Pts',(-3.29832925514675,-5.02444984295852,
13.0400048693572));
#10565=CARTESIAN_POINT('Ctrl Pts',(-3.28686580209553,-5.04152930816789,
13.0399961916281));
#10566=CARTESIAN_POINT('Ctrl Pts',(-3.27447810266102,-5.0579522910107,13.0399915633157));
#10567=CARTESIAN_POINT('Ctrl Pts',(-3.25769881626671,-5.0801974168329,13.0399852942114));
#10568=CARTESIAN_POINT('Ctrl Pts',(-3.23927538106118,-5.10117146265671,
13.0399873345287));
#10569=CARTESIAN_POINT('Ctrl Pts',(-3.21948224796255,-5.12075864636015,
13.0399956427597));
#10570=CARTESIAN_POINT('Ctrl Pts',(-3.20467701103307,-5.13540983341909,
13.0400018573053));
#10571=CARTESIAN_POINT('Ctrl Pts',(-3.18910436618287,-5.14928555091804,
13.0400107257993));
#10572=CARTESIAN_POINT('Ctrl Pts',(-3.17286440691448,-5.16234053573429,
13.0400102625456));
#10573=CARTESIAN_POINT('Ctrl Pts',(-3.17286440691448,-5.16234053573429,
13.0400102625456));
#10574=CARTESIAN_POINT('Ctrl Pts',(-2.78917562706673,-5.25296243607089,
13.5626162099316));
#10575=CARTESIAN_POINT('Ctrl Pts',(-2.40155048552703,-5.312808600657,14.0497414247202));
#10576=CARTESIAN_POINT('Ctrl Pts',(-2.01480969745342,-5.33972488431248,
14.4945367420403));
#10577=CARTESIAN_POINT('Ctrl Pts',(-2.11351453938918,-4.60566181157934,
14.5900282448528));
#10578=CARTESIAN_POINT('Ctrl Pts',(-2.48765332520222,-4.59459856799327,
14.1182540348965));
#10579=CARTESIAN_POINT('Ctrl Pts',(-2.86713116985332,-4.54999229638582,
13.5988591884701));
#10580=CARTESIAN_POINT('Ctrl Pts',(-3.24606400787242,-4.47263182119381,
13.0400162932645));
#10581=CARTESIAN_POINT('Ctrl Pts',(-3.5749868309813,-4.80148541666453,12.7306017313639));
#10582=CARTESIAN_POINT('Ctrl Pts',(-3.56928559159736,-4.80718988835502,
12.7381067190964));
#10583=CARTESIAN_POINT('Ctrl Pts',(-3.56359108547671,-4.81285833872819,
12.7454825403663));
#10584=CARTESIAN_POINT('Ctrl Pts',(-3.55790443141385,-4.81848992839246,
12.7527284219429));
#10585=CARTESIAN_POINT('Ctrl Pts',(-3.54726477582703,-4.82902655920768,
12.7662853718727));
#10586=CARTESIAN_POINT('Ctrl Pts',(-3.53665264371616,-4.83943414015583,
12.7793874775832));
#10587=CARTESIAN_POINT('Ctrl Pts',(-3.52608040950168,-4.84970783941542,
12.7920329437567));
#10588=CARTESIAN_POINT('Origin',(-0.958663275791699,-2.18524084754632,14.540028244856));
#10589=CARTESIAN_POINT('',(-0.27171587348617,-2.87218824985185,13.4423687747447));
#10590=CARTESIAN_POINT('',(-0.429513013578597,-2.71439110975943,13.5788585097504));
#10591=CARTESIAN_POINT('Origin',(-0.577902091334039,-2.56600203200398,12.9726988606346));
#10592=CARTESIAN_POINT('',(-0.429513013578595,-2.71439110975943,13.7156814386738));
#10593=CARTESIAN_POINT('',(-1.22974793062905,-1.91415619270897,15.1017289729956));
#10594=CARTESIAN_POINT('',(-0.429513013578597,-2.71439110975943,16.040028244856));
#10595=CARTESIAN_POINT('Origin',(-0.887437061655737,-3.31328555538325,13.508829155951));
#10596=CARTESIAN_POINT('',(-0.884088309181948,-2.25981581415608,13.2226988606346));
#10597=CARTESIAN_POINT('Origin',(-0.577902091334039,-2.56600203200398,12.9726988606346));
#10598=CARTESIAN_POINT('',(-1.19362327950365,-3.00709933753534,13.758829155951));
#10599=CARTESIAN_POINT('',(-0.454424359763535,-3.31328555538325,13.758829155951));
#10600=CARTESIAN_POINT('Ctrl Pts',(-0.429513013578597,-2.71439110975943,
13.5788585097504));
#10601=CARTESIAN_POINT('Ctrl Pts',(-0.457623985398483,-2.70682009966392,
13.5959223185355));
#10602=CARTESIAN_POINT('Ctrl Pts',(-0.487129438567572,-2.69798168494869,
13.6095882950006));
#10603=CARTESIAN_POINT('Ctrl Pts',(-0.549072617900771,-2.67716829339929,
13.6289794768846));
#10604=CARTESIAN_POINT('Ctrl Pts',(-0.581578165364865,-2.66502291489277,
13.6341314154083));
#10605=CARTESIAN_POINT('Ctrl Pts',(-0.645321052228451,-2.63861974664906,
13.6341314154083));
#10606=CARTESIAN_POINT('Ctrl Pts',(-0.67689402476853,-2.62422293311306,
13.6289794768846));
#10607=CARTESIAN_POINT('Ctrl Pts',(-0.737240267451983,-2.59423101671718,
13.6089823765405));
#10608=CARTESIAN_POINT('Ctrl Pts',(-0.766014215202983,-2.57863813829547,
13.5941359234169));
#10609=CARTESIAN_POINT('Ctrl Pts',(-0.80786477892112,-2.55433832356191,
13.5648397423113));
#10610=CARTESIAN_POINT('Ctrl Pts',(-0.822426047283597,-2.54552272001926,
13.5529229817509));
#10611=CARTESIAN_POINT('Ctrl Pts',(-0.836209894709101,-2.53688085055132,
13.540028244856));
#10612=CARTESIAN_POINT('Origin',(-0.039424460249003,-1.266002032004,13.040028244856));
#10613=CARTESIAN_POINT('Origin',(-0.039424460249003,-1.266002032004,13.040028244856));
#10614=CARTESIAN_POINT('',(-2.9224391236959,-5.35112460670725,13.040028244856));
#10615=CARTESIAN_POINT('Origin',(-0.039424460249003,-1.266002032004,13.040028244856));
#10616=CARTESIAN_POINT('',(-2.50015896308454,-5.61856285369905,13.040028244856));
#10617=CARTESIAN_POINT('Origin',(-0.039424460249003,-1.266002032004,13.040028244856));
#10618=CARTESIAN_POINT('',(-2.24789046450285,-5.75183282551985,13.040028244856));
#10619=CARTESIAN_POINT('Origin',(-0.039424460249003,-1.266002032004,13.040028244856));
#10620=CARTESIAN_POINT('',(-1.78897271430291,-5.94991929288051,13.040028244856));
#10621=CARTESIAN_POINT('Origin',(-0.039424460249003,-1.266002032004,13.040028244856));
#10622=CARTESIAN_POINT('',(-1.51896204280661,-6.04208500257723,13.040028244856));
#10623=CARTESIAN_POINT('Origin',(-0.039424460249003,-1.266002032004,13.040028244856));
#10624=CARTESIAN_POINT('',(-1.0347067810887,-6.16594214406904,13.040028244856));
#10625=CARTESIAN_POINT('Origin',(-0.039424460249003,-1.266002032004,13.040028244856));
#10626=CARTESIAN_POINT('',(-0.753602495524084,-6.21473416598848,13.040028244856));
#10627=CARTESIAN_POINT('Origin',(-0.039424460249003,-1.266002032004,13.040028244856));
#10628=CARTESIAN_POINT('Origin',(-0.039424460249003,-1.266002032004,13.040028244856));
#10629=CARTESIAN_POINT('Origin',(-0.0394244602490032,-1.266002032004,13.040028244856));
#10630=CARTESIAN_POINT('Origin',(-0.039424460249003,-1.266002032004,8.540028244856));
#10631=CARTESIAN_POINT('',(-3.72473730699742,-4.6451245840271,8.540028244856));
#10632=CARTESIAN_POINT('',(-3.72473730699742,-4.6451245840271,8.540028244856));
#10633=CARTESIAN_POINT('Origin',(-0.039424460249003,-1.266002032004,8.540028244856));
#10634=CARTESIAN_POINT('Origin',(-0.958663275791515,-2.18524084754651,13.040028244856));
#10635=CARTESIAN_POINT('',(-0.958663275791515,-2.18524084754651,13.040028244856));
#10636=CARTESIAN_POINT('Origin',(-0.0394244602489924,-1.266002032004,14.840028244856));
#10637=CARTESIAN_POINT('Origin',(3.60642153717445,0.501901829285492,14.340028244856));
#10638=CARTESIAN_POINT('',(3.30023531932874,0.808088047135552,14.590028244856));
#10639=CARTESIAN_POINT('',(4.03429839205865,0.70938320521391,14.4945367420245));
#10640=CARTESIAN_POINT('Origin',(3.60642153717436,0.501901829288143,14.3400282448527));
#10641=CARTESIAN_POINT('',(3.60642153717445,0.501901829285492,14.840028244856));
#10642=CARTESIAN_POINT('Origin',(3.60642153717445,0.501901829285492,14.340028244856));
#10643=CARTESIAN_POINT('Origin',(3.60642153716605,0.501901829302801,14.340028244856));
#10644=CARTESIAN_POINT('Origin',(3.78867477649781,0.0619035871320079,14.340028244856));
#10645=CARTESIAN_POINT('',(3.78867477649472,0.0619035871320079,14.840028244856));
#10646=CARTESIAN_POINT('',(4.23794088998119,0.217746724836677,14.4945367420435));
#10647=CARTESIAN_POINT('Origin',(3.78867477649472,0.0619035871320075,14.340028244856));
#10648=CARTESIAN_POINT('',(3.78867477649655,-0.371109114762157,14.5900282448526));
#10649=CARTESIAN_POINT('Origin',(3.78867477649781,0.0619035871320079,14.340028244856));
#10650=CARTESIAN_POINT('Origin',(3.78867477650508,0.0619035871210272,14.340028244837));
#10651=CARTESIAN_POINT('Origin',(3.16642329502096,0.0619035871320087,14.340028244856));
#10652=CARTESIAN_POINT('',(3.16642329502096,0.0619035871320084,14.840028244856));
#10653=CARTESIAN_POINT('',(3.16642329502096,-0.371109114760228,14.590028244856));
#10654=CARTESIAN_POINT('Origin',(3.16642329502096,0.0619035871320081,14.340028244856));
#10655=CARTESIAN_POINT('',(2.86023707717308,0.368089804979894,14.590028244856));
#10656=CARTESIAN_POINT('Origin',(3.16642329502096,0.0619035871320087,14.340028244856));
#10657=CARTESIAN_POINT('Origin',(3.16642329502096,0.0619035871320082,14.340028244856));
#10658=CARTESIAN_POINT('Origin',(1.35916601558924,-1.74535369229972,14.340028244856));
#10659=CARTESIAN_POINT('',(1.35916601558924,-1.74535369229972,14.840028244856));
#10660=CARTESIAN_POINT('',(1.05297979774135,-1.43916747445183,14.590028244856));
#10661=CARTESIAN_POINT('Origin',(0.879814355293693,-0.346763216461669,14.540028244856));
#10662=CARTESIAN_POINT('',(1.56676175759893,-1.03371061876691,13.4423687747447));
#10663=CARTESIAN_POINT('',(1.40896461750643,-0.875913478674403,13.5788585097504));
#10664=CARTESIAN_POINT('Origin',(1.26057553975101,-0.727524400918986,12.9726988606346));
#10665=CARTESIAN_POINT('',(1.40896461750643,-0.875913478674403,13.715681438674));
#10666=CARTESIAN_POINT('',(1.40896461750643,-0.875913478674403,16.040028244856));
#10667=CARTESIAN_POINT('',(1.30155002348377,-0.768498884651748,13.9017289729957));
#10668=CARTESIAN_POINT('Origin',(2.0078590631303,-0.417989430597386,13.508829155951));
#10669=CARTESIAN_POINT('Ctrl Pts',(1.23145435829835,-0.469216597543952,
13.540028244856));
#10670=CARTESIAN_POINT('Ctrl Pts',(1.24074481796753,-0.48403495126566,13.5538907584604));
#10671=CARTESIAN_POINT('Ctrl Pts',(1.25024566718663,-0.499767666423771,
13.5666359761155));
#10672=CARTESIAN_POINT('Ctrl Pts',(1.27490732800043,-0.542505225779565,
13.5958244073245));
#10673=CARTESIAN_POINT('Ctrl Pts',(1.29015327923294,-0.570792018617377,
13.6100673105589));
#10674=CARTESIAN_POINT('Ctrl Pts',(1.31945538562013,-0.629973590404169,
13.6292204284831));
#10675=CARTESIAN_POINT('Ctrl Pts',(1.33350957059799,-0.660869094889245,
13.6341314154083));
#10676=CARTESIAN_POINT('Ctrl Pts',(1.35928010643788,-0.72308467202352,13.6341314154083));
#10677=CARTESIAN_POINT('Ctrl Pts',(1.37118871766555,-0.754868902254995,
13.6292204284831));
#10678=CARTESIAN_POINT('Ctrl Pts',(1.3921322632716,-0.816890157469701,13.6102344989623));
#10679=CARTESIAN_POINT('Ctrl Pts',(1.40121635478673,-0.847144372277915,
13.5963218167329));
#10680=CARTESIAN_POINT('Ctrl Pts',(1.40896461750643,-0.875913478674403,
13.5788585097504));
#10681=CARTESIAN_POINT('',(2.0078590631303,-0.851002132489622,13.758829155951));
#10682=CARTESIAN_POINT('',(0.954389321903125,-0.421338183071101,13.2226988606346));
#10683=CARTESIAN_POINT('',(1.70167284528242,-0.111803212749501,13.758829155951));
#10684=CARTESIAN_POINT('Origin',(1.26057553975101,-0.727524400918986,12.9726988606346));
#10685=CARTESIAN_POINT('Origin',(0.610575539751003,0.0619035871320085,14.340028244856));
#10686=CARTESIAN_POINT('',(0.610575539751003,0.0619035871320085,14.840028244856));
#10687=CARTESIAN_POINT('',(0.610575539751003,-0.371109114760227,14.590028244856));
#10688=CARTESIAN_POINT('Ctrl Pts',(3.78867477649645,-0.371109114762057,
14.5900282448528));
#10689=CARTESIAN_POINT('Ctrl Pts',(4.09442011505629,-0.695487133094523,
14.0281890362424));
#10690=CARTESIAN_POINT('Ctrl Pts',(4.37188079580818,-1.05885847589595,13.3988114084957));
#10691=CARTESIAN_POINT('Ctrl Pts',(4.61497150074597,-1.45325361692834,12.7156989859692));
#10692=CARTESIAN_POINT('Ctrl Pts',(3.93396493320271,-0.336872987742787,
14.6493269563046));
#10693=CARTESIAN_POINT('Ctrl Pts',(4.23649414185198,-0.666549239746362,
14.0775606472029));
#10694=CARTESIAN_POINT('Ctrl Pts',(4.50970342012422,-1.03481976977119,13.4409093419043));
#10695=CARTESIAN_POINT('Ctrl Pts',(4.74780534824964,-1.43278513857391,12.7511514304327));
#10696=CARTESIAN_POINT('Ctrl Pts',(4.18470565701408,-0.151359174476979,
14.6786702348072));
#10697=CARTESIAN_POINT('Ctrl Pts',(4.48289720239519,-0.503366119083077,
14.0982540807295));
#10698=CARTESIAN_POINT('Ctrl Pts',(4.74833846847323,-0.889857072769828,
13.4540980293528));
#10699=CARTESIAN_POINT('Ctrl Pts',(4.9784622799816,-1.30419268320633,12.7589895495864));
#10700=CARTESIAN_POINT('Ctrl Pts',(4.25051790355434,0.117084066645992,14.5594985964377));
#10701=CARTESIAN_POINT('Ctrl Pts',(4.56305413742989,-0.251121277338059,
13.9911093513842));
#10702=CARTESIAN_POINT('Ctrl Pts',(4.84029213794606,-0.655083788694434,
13.3565184647186));
#10703=CARTESIAN_POINT('Ctrl Pts',(5.07877193102486,-1.08659590810735,12.6690559383779));
#10704=CARTESIAN_POINT('Ctrl Pts',(4.23794088997596,0.217746724854897,14.4945367420403));
#10705=CARTESIAN_POINT('Ctrl Pts',(4.55932734945021,-0.151721669006921,
13.9326975334299));
#10706=CARTESIAN_POINT('Ctrl Pts',(4.84455982996152,-0.559339508852409,
13.3033199056832));
#10707=CARTESIAN_POINT('Ctrl Pts',(5.08983824486481,-0.995167031674317,
12.6202074831567));
#10708=CARTESIAN_POINT('',(4.79765935813462,-1.14532538421397,13.040028244856));
#10709=CARTESIAN_POINT('',(4.93138978944411,-0.726552595033394,13.040028244856));
#10710=CARTESIAN_POINT('Ctrl Pts',(4.79752029559568,-1.14503568411243,13.0397939449879));
#10711=CARTESIAN_POINT('Ctrl Pts',(4.7984867114483,-1.14409117457581,13.039798257676));
#10712=CARTESIAN_POINT('Ctrl Pts',(4.79944896425038,-1.14314163205309,13.0398025983216));
#10713=CARTESIAN_POINT('Ctrl Pts',(4.80040701879884,-1.14218706430764,13.0398069710767));
#10714=CARTESIAN_POINT('Ctrl Pts',(4.81892395758571,-1.12373751721358,13.0398914861376));
#10715=CARTESIAN_POINT('Ctrl Pts',(4.83558252287362,-1.10370901853436,13.0399831630752));
#10716=CARTESIAN_POINT('Ctrl Pts',(4.85030397493079,-1.08233754240515,13.0400407943402));
#10717=CARTESIAN_POINT('Ctrl Pts',(4.85343575968504,-1.07779105725835,13.0400530545926));
#10718=CARTESIAN_POINT('Ctrl Pts',(4.85647988255096,-1.07318364264077,13.0400636605754));
#10719=CARTESIAN_POINT('Ctrl Pts',(4.8594355797877,-1.06851733943313,13.0400720346706));
#10720=CARTESIAN_POINT('Ctrl Pts',(4.87232045633916,-1.04817535716415,13.0401085401633));
#10721=CARTESIAN_POINT('Ctrl Pts',(4.88352641451691,-1.02671677230135,13.0401050142143));
#10722=CARTESIAN_POINT('Ctrl Pts',(4.89309028722825,-1.00438015780411,13.040088698762));
#10723=CARTESIAN_POINT('Ctrl Pts',(4.90304367575657,-0.981133821386982,
13.0400717188166));
#10724=CARTESIAN_POINT('Ctrl Pts',(4.91113492378591,-0.95713138445988,13.0400417229449));
#10725=CARTESIAN_POINT('Ctrl Pts',(4.9174612738307,-0.932647861907784,13.0400226766924));
#10726=CARTESIAN_POINT('Ctrl Pts',(4.92259506256365,-0.912779654911533,
13.040007220792));
#10727=CARTESIAN_POINT('Ctrl Pts',(4.92656637869378,-0.89259351198985,13.0399981273344));
#10728=CARTESIAN_POINT('Ctrl Pts',(4.92941967737246,-0.87221801154652,13.0399931223154));
#10729=CARTESIAN_POINT('Ctrl Pts',(4.93328358168554,-0.84462574276922,13.0399863445761));
#10730=CARTESIAN_POINT('Ctrl Pts',(4.9350865894934,-0.81676978889774,13.0399879449487));
#10731=CARTESIAN_POINT('Ctrl Pts',(4.93494097902744,-0.788926083676365,
13.0399959715168));
#10732=CARTESIAN_POINT('Ctrl Pts',(4.93483203857604,-0.768094436750737,
13.040001976703));
#10733=CARTESIAN_POINT('Ctrl Pts',(4.93363195339452,-0.747268555643092,
13.0400107258577));
#10734=CARTESIAN_POINT('Ctrl Pts',(4.9313795522649,-0.726551288946032,13.0400102625456));
#10735=CARTESIAN_POINT('Ctrl Pts',(4.93137610928532,-0.726545716701197,
13.0400189452818));
#10736=CARTESIAN_POINT('Ctrl Pts',(4.72414740723515,-0.391159485975818,
13.5626216054313));
#10737=CARTESIAN_POINT('Ctrl Pts',(4.49237382800305,-0.0747513757564192,
14.0497438880432));
#10738=CARTESIAN_POINT('Ctrl Pts',(4.23794088997596,0.217746724854897,14.4945367420403));
#10739=CARTESIAN_POINT('',(4.49544813174064,-1.266002032004,13.040028244856));
#10740=CARTESIAN_POINT('Ctrl Pts',(3.78867477649645,-0.371109114762057,
14.5900282448528));
#10741=CARTESIAN_POINT('Ctrl Pts',(4.04540655547191,-0.643486597602172,
14.1182566057359));
#10742=CARTESIAN_POINT('Ctrl Pts',(4.28219533393404,-0.943357568084277,
13.5988648491459));
#10743=CARTESIAN_POINT('Ctrl Pts',(4.49543829129566,-1.26600365764137,13.0400254291695));
#10744=CARTESIAN_POINT('',(4.960575539751,-1.26600203200395,12.7305750354907));
#10745=CARTESIAN_POINT('Ctrl Pts',(4.960575539751,-1.26600203200395,12.7305750354907));
#10746=CARTESIAN_POINT('Ctrl Pts',(4.89860497734062,-1.26600203200396,12.8114327676531));
#10747=CARTESIAN_POINT('Ctrl Pts',(4.83301546284071,-1.26600203200397,12.8786318435954));
#10748=CARTESIAN_POINT('Ctrl Pts',(4.71872733188153,-1.26600203200398,12.9665301164452));
#10749=CARTESIAN_POINT('Ctrl Pts',(4.66496894642306,-1.2660020319818,12.9991034382852));
#10750=CARTESIAN_POINT('Ctrl Pts',(4.5719283615955,-1.26600203198319,13.0320674457835));
#10751=CARTESIAN_POINT('Ctrl Pts',(4.53384380717411,-1.266002032004,13.040028244856));
#10752=CARTESIAN_POINT('Ctrl Pts',(4.49544813174059,-1.266002032004,13.040028244856));
#10753=CARTESIAN_POINT('',(4.96010262810771,-1.19723508654707,12.7919609258846));
#10754=CARTESIAN_POINT('Ctrl Pts',(4.96056622158037,-1.26606229734238,12.7306065137589));
#10755=CARTESIAN_POINT('Ctrl Pts',(4.96056850792128,-1.25799439481557,12.7381141055411));
#10756=CARTESIAN_POINT('Ctrl Pts',(4.96055007165277,-1.24995950019349,12.7454898511986));
#10757=CARTESIAN_POINT('Ctrl Pts',(4.96051113545611,-1.24195926496686,12.7527329788425));
#10758=CARTESIAN_POINT('Ctrl Pts',(4.9604382026545,-1.22697373431568,12.7663003438313));
#10759=CARTESIAN_POINT('Ctrl Pts',(4.9602933460151,-1.21210984688465,12.7794024164977));
#10760=CARTESIAN_POINT('Ctrl Pts',(4.96008225422031,-1.19738160843871,12.7920374938453));
#10761=CARTESIAN_POINT('Ctrl Pts',(4.96010262810771,-1.19723508654707,12.7919609258846));
#10762=CARTESIAN_POINT('Ctrl Pts',(4.95882162347402,-1.19728475858306,12.7937520505826));
#10763=CARTESIAN_POINT('Ctrl Pts',(4.95753785271527,-1.19732467000205,12.7955463950231));
#10764=CARTESIAN_POINT('Ctrl Pts',(4.898507121091,-1.19870292962733,12.8780387983614));
#10765=CARTESIAN_POINT('Ctrl Pts',(4.84302484954162,-1.18008943094186,12.9564170357367));
#10766=CARTESIAN_POINT('Ctrl Pts',(4.79812478825739,-1.14568398524834,13.0391686119427));
#10767=CARTESIAN_POINT('Ctrl Pts',(4.79789191168467,-1.14550488712846,13.0395984193601));
#10768=CARTESIAN_POINT('Ctrl Pts',(4.79765935813462,-1.14532538421397,13.040028244856));
#10769=CARTESIAN_POINT('Origin',(-0.039424460249003,-1.266002032004,14.340028244856));
#10770=CARTESIAN_POINT('Origin',(-0.039424460249003,-1.266002032004,14.840028244856));
#10771=CARTESIAN_POINT('Origin',(-0.0394244602490029,-1.266002032004,14.4945367420435));
#10772=CARTESIAN_POINT('Ctrl Pts',(3.11932362060986,2.15755977983081,12.7156989859692));
#10773=CARTESIAN_POINT('Ctrl Pts',(3.22631201339618,1.70678921523418,13.3988114084966));
#10774=CARTESIAN_POINT('Ctrl Pts',(3.28706002510771,1.25365254577743,14.028189036244));
#10775=CARTESIAN_POINT('Ctrl Pts',(3.30023531932653,0.808088047134189,14.590028244855));
#10776=CARTESIAN_POINT('Ctrl Pts',(3.2277247347958,2.23701409432676,12.7511514304327));
#10777=CARTESIAN_POINT('Ctrl Pts',(3.34076525776276,1.7872465953772,13.4409093419052));
#10778=CARTESIAN_POINT('Ctrl Pts',(3.40798371350518,1.3336518729354,14.0775606472046));
#10779=CARTESIAN_POINT('Ctrl Pts',(3.4271795719501,0.886615104603933,14.6493269563068));
#10780=CARTESIAN_POINT('Ctrl Pts',(3.48175210303535,2.3091828026487,12.7589884267575));
#10781=CARTESIAN_POINT('Ctrl Pts',(3.61200951523226,1.85348117519123,13.4540969065249));
#10782=CARTESIAN_POINT('Ctrl Pts',(3.69760385644411,1.39249447975463,14.0982519024378));
#10783=CARTESIAN_POINT('Ctrl Pts',(3.73565709016831,0.932734718366707,14.6786680565162));
#10784=CARTESIAN_POINT('Ctrl Pts',(3.70654620225892,2.22625005691662,12.6690559383778));
#10785=CARTESIAN_POINT('Ctrl Pts',(3.84304066919826,1.75249423225288,13.3565184647195));
#10786=CARTESIAN_POINT('Ctrl Pts',(3.93264843015603,1.2708127309593,13.9911093513858));
#10787=CARTESIAN_POINT('Ctrl Pts',(3.97201243541633,0.789455745018408,14.5594985964398));
#10788=CARTESIAN_POINT('Ctrl Pts',(3.77902124633995,2.16942514395354,12.6202074831566));
#10789=CARTESIAN_POINT('Ctrl Pts',(3.91375981269852,1.68781051668091,13.303319905684));
#10790=CARTESIAN_POINT('Ctrl Pts',(4.00029933020178,1.19789135680858,13.9326975334315));
#10791=CARTESIAN_POINT('Ctrl Pts',(4.03429839205973,0.709383205198256,14.4945367420424));
#10792=CARTESIAN_POINT('',(3.64588838649941,2.1131205200191,12.9064732378527));
#10793=CARTESIAN_POINT('',(3.49610944568372,2.26953187392876,12.7305750354907));
#10794=CARTESIAN_POINT('Ctrl Pts',(3.64566837289627,2.11313170934421,12.9065069302403));
#10795=CARTESIAN_POINT('Ctrl Pts',(3.61636124126826,2.14514210943031,12.8767057549653));
#10796=CARTESIAN_POINT('Ctrl Pts',(3.58542729611922,2.17811564847015,12.8420885263209));
#10797=CARTESIAN_POINT('Ctrl Pts',(3.55303782840377,2.2116235710131,12.8027473945408));
#10798=CARTESIAN_POINT('Ctrl Pts',(3.53994680972874,2.22516664136006,12.7868466858489));
#10799=CARTESIAN_POINT('Ctrl Pts',(3.52661828292429,2.23879658072893,12.7701740400394));
#10800=CARTESIAN_POINT('Ctrl Pts',(3.51306493502131,2.25248329952725,12.7527344676847));
#10801=CARTESIAN_POINT('Ctrl Pts',(3.50743508852064,2.25816854618984,12.7454903449708));
#10802=CARTESIAN_POINT('Ctrl Pts',(3.50176646263355,2.26386357621928,12.7381138855154));
#10803=CARTESIAN_POINT('Ctrl Pts',(3.49606008935435,2.26956701952616,12.7306059574216));
#10804=CARTESIAN_POINT('',(3.16721470136386,1.94063712960886,13.040028244856));
#10805=CARTESIAN_POINT('Ctrl Pts',(3.16721470136385,1.94063712960886,13.040028244856));
#10806=CARTESIAN_POINT('Ctrl Pts',(3.19436267676153,1.96778510500653,13.040028244856));
#10807=CARTESIAN_POINT('Ctrl Pts',(3.22129068758476,1.99471311580015,13.0320685379562));
#10808=CARTESIAN_POINT('Ctrl Pts',(3.28707194887948,2.0604943770929,12.9991106818085));
#10809=CARTESIAN_POINT('Ctrl Pts',(3.32507879543883,2.09850122368385,12.9665459166784));
#10810=CARTESIAN_POINT('Ctrl Pts',(3.40589553378393,2.17931796202896,12.8786539428102));
#10811=CARTESIAN_POINT('Ctrl Pts',(3.45228220541649,2.22570463366153,12.8114464876086));
#10812=CARTESIAN_POINT('Ctrl Pts',(3.49610944568372,2.26953187392876,12.7305750354907));
#10813=CARTESIAN_POINT('Ctrl Pts',(3.16720659361932,1.94063132086274,13.0400254291695));
#10814=CARTESIAN_POINT('Ctrl Pts',(3.24456629027797,1.56170054182225,13.5988648491467));
#10815=CARTESIAN_POINT('Ctrl Pts',(3.28917213602746,1.18222479415324,14.1182566057376));
#10816=CARTESIAN_POINT('Ctrl Pts',(3.30023531932653,0.808088047134189,14.590028244855));
#10817=CARTESIAN_POINT('',(3.85692035871691,1.86744607698354,13.040028244856));
#10818=CARTESIAN_POINT('Ctrl Pts',(4.03429839205973,0.709383205198256,14.4945367420424));
#10819=CARTESIAN_POINT('Ctrl Pts',(4.0073822574695,1.09612185146159,14.0497438880448));
#10820=CARTESIAN_POINT('Ctrl Pts',(3.94753660668575,1.48374484139577,13.5626216054321));
#10821=CARTESIAN_POINT('Ctrl Pts',(3.85691554909919,1.86743153993514,13.0400189452818));
#10822=CARTESIAN_POINT('',(3.59413682035842,2.05047869153581,13.040028244856));
#10823=CARTESIAN_POINT('Ctrl Pts',(3.8569203587169,1.86744607698352,13.040028244856));
#10824=CARTESIAN_POINT('Ctrl Pts',(3.80987554375873,1.92594483446917,13.040028244856));
#10825=CARTESIAN_POINT('Ctrl Pts',(3.75257055982945,1.97589520416786,13.040028244857));
#10826=CARTESIAN_POINT('Ctrl Pts',(3.65724256718214,2.02782251760301,13.040028244857));
#10827=CARTESIAN_POINT('Ctrl Pts',(3.6262019854472,2.04090552025169,13.040028244856));
#10828=CARTESIAN_POINT('Ctrl Pts',(3.59413682035842,2.05047869153581,13.040028244856));
#10829=CARTESIAN_POINT('Ctrl Pts',(3.59400057885419,2.05057962146609,13.0401003793815));
#10830=CARTESIAN_POINT('Ctrl Pts',(3.59919572244967,2.05952302588006,13.0235917305688));
#10831=CARTESIAN_POINT('Ctrl Pts',(3.60493137461699,2.06811410739112,13.0070074225037));
#10832=CARTESIAN_POINT('Ctrl Pts',(3.61115621167546,2.0762898769004,12.9903115510924));
#10833=CARTESIAN_POINT('Ctrl Pts',(3.62087501831816,2.08905466451968,12.9642443714291));
#10834=CARTESIAN_POINT('Ctrl Pts',(3.63138980658503,2.10031576844028,12.9389207976071));
#10835=CARTESIAN_POINT('Ctrl Pts',(3.64247000663192,2.11029871627118,12.9137381403674));
#10836=CARTESIAN_POINT('Ctrl Pts',(3.64353105880653,2.11125469436364,12.9113266213413));
#10837=CARTESIAN_POINT('Ctrl Pts',(3.6445972567596,2.11219895785576,12.9089163942518));
#10838=CARTESIAN_POINT('Ctrl Pts',(3.64566837289627,2.11313170934421,12.9065069302403));
#10839=CARTESIAN_POINT('Origin',(1.260575539751,-1.266002032004,13.040028244856));
#10840=CARTESIAN_POINT('Origin',(-0.039424460249003,-1.266002032004,13.040028244856));
#10841=CARTESIAN_POINT('',(1.260575539751,-1.266002032004,13.040028244856));
#10842=CARTESIAN_POINT('',(1.260575539751,-1.266002032004,13.040028244856));
#10843=CARTESIAN_POINT('',(1.260575539751,-1.266002032004,13.040028244856));
#10844=CARTESIAN_POINT('Origin',(-0.039424460249003,-1.266002032004,16.040028244856));
#10845=CARTESIAN_POINT('Origin',(2.10455922668528,-1.57150808785326,16.040028244856));
#10846=CARTESIAN_POINT('',(0.879814355293509,-0.346763216461485,13.040028244856));
#10847=CARTESIAN_POINT('',(0.879814355293509,-0.346763216461485,13.040028244856));
#10848=CARTESIAN_POINT('',(0.879814355293509,-0.346763216461485,13.040028244856));
#10849=CARTESIAN_POINT('Origin',(3.26365600778432,2.48761747744242,8.540028244856));
#10850=CARTESIAN_POINT('',(3.44714947319979,2.31782304835294,12.7919609258846));
#10851=CARTESIAN_POINT('',(3.3844651925581,2.26874504684804,12.9042561808518));
#10852=CARTESIAN_POINT('Ctrl Pts',(3.44723783755685,2.31770488866199,12.7920369645323));
#10853=CARTESIAN_POINT('Ctrl Pts',(3.44150872686705,2.31152984420903,12.8038157124374));
#10854=CARTESIAN_POINT('Ctrl Pts',(3.43548873671311,2.30567555868228,12.8155292661824));
#10855=CARTESIAN_POINT('Ctrl Pts',(3.42921375885768,2.3001596959707,12.8272061386389));
#10856=CARTESIAN_POINT('Ctrl Pts',(3.41874782844365,2.29095988098447,12.8466817985374));
#10857=CARTESIAN_POINT('Ctrl Pts',(3.40757531069526,2.28270298634629,12.8660569061397));
#10858=CARTESIAN_POINT('Ctrl Pts',(3.39585873326122,2.27544571778634,12.8854666902576));
#10859=CARTESIAN_POINT('Ctrl Pts',(3.3920919192408,2.27311254659233,12.8917068271372));
#10860=CARTESIAN_POINT('Ctrl Pts',(3.38826856736596,2.2708824665532,12.8979503962853));
#10861=CARTESIAN_POINT('Ctrl Pts',(3.38439322982905,2.26875677327681,12.9042014586307));
#10862=CARTESIAN_POINT('',(3.44714947319979,2.31782304835294,8.540028244856));
#10863=CARTESIAN_POINT('',(3.44714947319979,2.31782304835294,8.540028244856));
#10864=CARTESIAN_POINT('',(3.07190484119877,2.64802785775828,8.540028244856));
#10865=CARTESIAN_POINT('Origin',(3.26365600778432,2.48761747744242,8.540028244856));
#10866=CARTESIAN_POINT('',(3.07190484119877,2.64802785775828,13.040028244856));
#10867=CARTESIAN_POINT('',(3.07190484119877,2.64802785775828,8.540028244856));
#10868=CARTESIAN_POINT('',(3.29557903291459,2.23966401312597,13.040028244856));
#10869=CARTESIAN_POINT('Origin',(3.26365600778432,2.48761747744242,13.040028244856));
#10870=CARTESIAN_POINT('Ctrl Pts',(3.3844651925581,2.26874504684804,12.9042561808518));
#10871=CARTESIAN_POINT('Ctrl Pts',(3.35714734362313,2.25366664226942,12.9485404315694));
#10872=CARTESIAN_POINT('Ctrl Pts',(3.32739136909274,2.24387221977198,12.9930840825169));
#10873=CARTESIAN_POINT('Ctrl Pts',(3.29616171093371,2.2397395526988,13.0391686119427));
#10874=CARTESIAN_POINT('Ctrl Pts',(3.2958704008349,2.23970152559012,13.0395984193601));
#10875=CARTESIAN_POINT('Ctrl Pts',(3.29557903291458,2.23966401312597,13.040028244856));
#10876=CARTESIAN_POINT('Origin',(-0.0394244602489924,-1.266002032004,14.840028244856));
#10877=CARTESIAN_POINT('Origin',(3.16642329502085,-2.59390765114027,14.340028244856));
#10878=CARTESIAN_POINT('',(3.16642329502085,-2.59390765114027,14.840028244856));
#10879=CARTESIAN_POINT('',(2.86023707717294,-2.90009386898818,14.590028244856));
#10880=CARTESIAN_POINT('Origin',(3.16642329502085,-2.59390765114027,14.340028244856));
#10881=CARTESIAN_POINT('',(3.16642329502085,-2.16089494924807,14.590028244856));
#10882=CARTESIAN_POINT('Origin',(3.16642329502085,-2.59390765114027,14.340028244856));
#10883=CARTESIAN_POINT('Origin',(3.16642329502085,-2.59390765114027,14.340028244856));
#10884=CARTESIAN_POINT('Origin',(3.6064215371765,-3.03390589329592,14.340028244856));
#10885=CARTESIAN_POINT('',(3.60642153717432,-3.03390589329374,14.840028244856));
#10886=CARTESIAN_POINT('',(4.03429839205029,-3.24138726922498,14.4945367420435));
#10887=CARTESIAN_POINT('Origin',(3.60642153717432,-3.03390589329374,14.340028244856));
#10888=CARTESIAN_POINT('',(3.30023531932633,-3.3400921111443,14.5900282448526));
#10889=CARTESIAN_POINT('Origin',(3.6064215371765,-3.03390589329592,14.340028244856));
#10890=CARTESIAN_POINT('Origin',(3.60642153717387,-3.03390589330882,14.340028244837));
#10891=CARTESIAN_POINT('Origin',(1.35916601558905,-0.786650371708465,14.340028244856));
#10892=CARTESIAN_POINT('',(1.35916601558905,-0.786650371708465,14.840028244856));
#10893=CARTESIAN_POINT('',(1.05297979774114,-1.09283658955637,14.590028244856));
#10894=CARTESIAN_POINT('Ctrl Pts',(3.30023531932633,-3.34009211114416,14.5900282448528));
#10895=CARTESIAN_POINT('Ctrl Pts',(3.28706002510742,-3.78565660978694,14.0281890362421));
#10896=CARTESIAN_POINT('Ctrl Pts',(3.22631201339592,-4.23879327924318,13.3988114084951));
#10897=CARTESIAN_POINT('Ctrl Pts',(3.11932362060974,-4.68956384383933,12.7156989859683));
#10898=CARTESIAN_POINT('Ctrl Pts',(3.42717957194988,-3.41861916861393,14.6493269563046));
#10899=CARTESIAN_POINT('Ctrl Pts',(3.40798371350487,-3.86565593694491,14.0775606472026));
#10900=CARTESIAN_POINT('Ctrl Pts',(3.34076525776248,-4.31925065938621,13.4409093419037));
#10901=CARTESIAN_POINT('Ctrl Pts',(3.22772473479567,-4.76901815833528,12.7511514304318));
#10902=CARTESIAN_POINT('Ctrl Pts',(3.73564953386691,-3.46471827577089,14.6786519710237));
#10903=CARTESIAN_POINT('Ctrl Pts',(3.69759630014264,-3.9244780371583,14.0982358169457));
#10904=CARTESIAN_POINT('Ctrl Pts',(3.61200722963036,-4.38547213156011,13.4540886150544));
#10905=CARTESIAN_POINT('Ctrl Pts',(3.48174981743362,-4.84117375901709,12.7589801352876));
#10906=CARTESIAN_POINT('Ctrl Pts',(3.97201243541604,-3.32145980902853,14.5594985964377));
#10907=CARTESIAN_POINT('Ctrl Pts',(3.93264843015567,-3.80281679496889,13.9911093513839));
#10908=CARTESIAN_POINT('Ctrl Pts',(3.84304066919796,-4.28449829626193,13.3565184647181));
#10909=CARTESIAN_POINT('Ctrl Pts',(3.70654620225879,-4.75825412092516,12.669055938377));
#10910=CARTESIAN_POINT('Ctrl Pts',(4.03429839205947,-3.2413872692084,14.4945367420403));
#10911=CARTESIAN_POINT('Ctrl Pts',(4.00029933020143,-3.72989542081819,13.9326975334296));
#10912=CARTESIAN_POINT('Ctrl Pts',(3.91375981269823,-4.21981458068996,13.3033199056826));
#10913=CARTESIAN_POINT('Ctrl Pts',(3.77902124633982,-4.70142920796207,12.6202074831558));
#10914=CARTESIAN_POINT('',(3.8569203587169,-4.39945014099154,13.040028244856));
#10915=CARTESIAN_POINT('Ctrl Pts',(3.46634675498642,-4.60069529909206,13.0397893959689));
#10916=CARTESIAN_POINT('Ctrl Pts',(3.46769797894417,-4.60071076695282,13.0397936942228));
#10917=CARTESIAN_POINT('Ctrl Pts',(3.46904981813301,-4.60071973274062,13.0397980207591));
#10918=CARTESIAN_POINT('Ctrl Pts',(3.47040224217411,-4.60072217706854,13.03980237974));
#10919=CARTESIAN_POINT('Ctrl Pts',(3.49654046338818,-4.60076941845296,13.0398866255115));
#10920=CARTESIAN_POINT('Ctrl Pts',(3.52248115551807,-4.59838648334374,13.0399781623061));
#10921=CARTESIAN_POINT('Ctrl Pts',(3.54800182410414,-4.5936846324774,13.04003584688));
#10922=CARTESIAN_POINT('Ctrl Pts',(3.55343211889766,-4.59268417137297,13.0400481210193));
#10923=CARTESIAN_POINT('Ctrl Pts',(3.55884350740633,-4.59157861745209,13.0400587489623));
#10924=CARTESIAN_POINT('Ctrl Pts',(3.5642340056161,-4.59036887508702,13.0400671533479));
#10925=CARTESIAN_POINT('Ctrl Pts',(3.58772897736857,-4.58509610407607,13.0401037846193));
#10926=CARTESIAN_POINT('Ctrl Pts',(3.6108263826348,-4.57784686715793,13.0401005561422));
#10927=CARTESIAN_POINT('Ctrl Pts',(3.63338354531154,-4.56881577246134,13.0400846247087));
#10928=CARTESIAN_POINT('Ctrl Pts',(3.65686209556384,-4.55941578658076,13.0400680425273));
#10929=CARTESIAN_POINT('Ctrl Pts',(3.67955840591243,-4.54816414017951,13.0400385321329));
#10930=CARTESIAN_POINT('Ctrl Pts',(3.70134670520256,-4.53532401267974,13.0400199790986));
#10931=CARTESIAN_POINT('Ctrl Pts',(3.71902324671945,-4.52490699739049,13.0400049272822));
#10932=CARTESIAN_POINT('Ctrl Pts',(3.73610277200158,-4.51344349109782,13.0399962393131));
#10933=CARTESIAN_POINT('Ctrl Pts',(3.75252581049761,-4.50105573331288,13.0399916017218));
#10934=CARTESIAN_POINT('Ctrl Pts',(3.77477088081733,-4.48427646660799,13.0399853200861));
#10935=CARTESIAN_POINT('Ctrl Pts',(3.79574487753612,-4.46585306147558,13.0399873495645));
#10936=CARTESIAN_POINT('Ctrl Pts',(3.81533202001542,-4.44605997022356,13.0399956508567));
#10937=CARTESIAN_POINT('Ctrl Pts',(3.82998325584306,-4.43125468415399,13.0400018602459));
#10938=CARTESIAN_POINT('Ctrl Pts',(3.84385901808627,-4.41568198841647,13.0400107258007));
#10939=CARTESIAN_POINT('Ctrl Pts',(3.85691404348128,-4.39944197866947,13.0400102625456));
#10940=CARTESIAN_POINT('Ctrl Pts',(3.85691404348128,-4.39944197866947,13.0400102625456));
#10941=CARTESIAN_POINT('Ctrl Pts',(3.94753594381788,-4.01575319882172,13.5626162099316));
#10942=CARTESIAN_POINT('Ctrl Pts',(4.00738210840399,-3.62812805728202,14.0497414247202));
#10943=CARTESIAN_POINT('Ctrl Pts',(4.03429839205947,-3.2413872692084,14.4945367420403));
#10944=CARTESIAN_POINT('Ctrl Pts',(3.30023531932633,-3.34009211114416,14.5900282448528));
#10945=CARTESIAN_POINT('Ctrl Pts',(3.28917207574026,-3.71423089695721,14.1182540348965));
#10946=CARTESIAN_POINT('Ctrl Pts',(3.24456580413281,-4.09370874160831,13.5988591884702));
#10947=CARTESIAN_POINT('Ctrl Pts',(3.1672053289408,-4.47264157962741,13.0400162932645));
#10948=CARTESIAN_POINT('Ctrl Pts',(3.49605895688803,-4.80156458898474,12.7306018491787));
#10949=CARTESIAN_POINT('Ctrl Pts',(3.50176342849243,-4.79586334910721,12.7381068365989));
#10950=CARTESIAN_POINT('Ctrl Pts',(3.50743187875277,-4.7901688422929,12.7454826574364));
#10951=CARTESIAN_POINT('Ctrl Pts',(3.51306346827436,-4.78448218732476,12.7527285384522));
#10952=CARTESIAN_POINT('Ctrl Pts',(3.52360009882267,-4.77384253004413,12.7662854873328));
#10953=CARTESIAN_POINT('Ctrl Pts',(3.53400767939973,-4.76323039549973,12.7793875915456));
#10954=CARTESIAN_POINT('Ctrl Pts',(3.54428137819792,-4.75265815824275,12.7920330558486));
#10955=CARTESIAN_POINT('Origin',(3.78867477649463,-2.59390765114027,14.340028244856));
#10956=CARTESIAN_POINT('',(3.78867477649775,-2.16089494924807,14.590028244856));
#10957=CARTESIAN_POINT('',(4.23794088998492,-2.74975078885276,14.4945367420245));
#10958=CARTESIAN_POINT('Origin',(3.78867477649649,-2.59390765113834,14.3400282448527));
#10959=CARTESIAN_POINT('',(3.78867477649463,-2.59390765114027,14.840028244856));
#10960=CARTESIAN_POINT('Origin',(3.78867477649463,-2.59390765114027,14.340028244856));
#10961=CARTESIAN_POINT('Origin',(3.78867477650094,-2.59390765112209,14.340028244856));
#10962=CARTESIAN_POINT('Origin',(0.610575539751002,-2.59390765114027,14.340028244856));
#10963=CARTESIAN_POINT('',(0.610575539751002,-2.59390765114027,14.840028244856));
#10964=CARTESIAN_POINT('',(0.610575539751002,-2.16089494924807,14.590028244856));
#10965=CARTESIAN_POINT('Origin',(-0.039424460249003,-1.266002032004,14.340028244856));
#10966=CARTESIAN_POINT('Origin',(-0.039424460249003,-1.266002032004,14.840028244856));
#10967=CARTESIAN_POINT('Origin',(-0.0394244602490032,-1.266002032004,14.4945367420435));
#10968=CARTESIAN_POINT('Ctrl Pts',(4.61497150074601,-1.07875044707961,12.7156989859692));
#10969=CARTESIAN_POINT('Ctrl Pts',(4.37188079580791,-1.47314558811263,13.3988114084966));
#10970=CARTESIAN_POINT('Ctrl Pts',(4.09442011505559,-1.8365169309146,14.028189036244));
#10971=CARTESIAN_POINT('Ctrl Pts',(3.78867477649523,-2.16089494924747,14.590028244855));
#10972=CARTESIAN_POINT('Ctrl Pts',(4.74780534824968,-1.09921892543405,12.7511514304327));
#10973=CARTESIAN_POINT('Ctrl Pts',(4.50970342012395,-1.49718429423739,13.4409093419052));
#10974=CARTESIAN_POINT('Ctrl Pts',(4.23649414185129,-1.86545482426278,14.0775606472046));
#10975=CARTESIAN_POINT('Ctrl Pts',(3.93396493320149,-2.19513107626678,14.6493269563068));
#10976=CARTESIAN_POINT('Ctrl Pts',(4.97845135443476,-1.22781906187956,12.7589812269757));
#10977=CARTESIAN_POINT('Ctrl Pts',(4.74832754292608,-1.64215467231672,13.4540897067431));
#10978=CARTESIAN_POINT('Ctrl Pts',(4.48287728439342,-2.02864713656776,14.0982379348262));
#10979=CARTESIAN_POINT('Ctrl Pts',(4.18468573901178,-2.38065408117433,14.6786540889045));
#10980=CARTESIAN_POINT('Ctrl Pts',(5.0787719310249,-1.44540815590057,12.6690559383779));
#10981=CARTESIAN_POINT('Ctrl Pts',(4.84029213794579,-1.87692027531417,13.3565184647195));
#10982=CARTESIAN_POINT('Ctrl Pts',(4.56305413742918,-2.28088278667116,13.9911093513858));
#10983=CARTESIAN_POINT('Ctrl Pts',(4.25051790355308,-2.6490881306557,14.5594985964398));
#10984=CARTESIAN_POINT('Ctrl Pts',(5.08983824486485,-1.53683703233359,12.6202074831567));
#10985=CARTESIAN_POINT('Ctrl Pts',(4.84455982996125,-1.97266455515619,13.303319905684));
#10986=CARTESIAN_POINT('Ctrl Pts',(4.55932734944948,-2.3802823950023,13.9326975334315));
#10987=CARTESIAN_POINT('Ctrl Pts',(4.23794088997467,-2.7497507888646,14.4945367420424));
#10988=CARTESIAN_POINT('',(4.95588571547663,-1.48251126573777,12.9064732378528));
#10989=CARTESIAN_POINT('',(4.95915684100955,-1.38510272347294,12.8337397960152));
#10990=CARTESIAN_POINT('Ctrl Pts',(4.95573480088728,-1.48235002906045,12.9065044439815));
#10991=CARTESIAN_POINT('Ctrl Pts',(4.95712564100538,-1.45079458439302,12.8848150975813));
#10992=CARTESIAN_POINT('Ctrl Pts',(4.95826957736784,-1.41826685445768,12.8605691563459));
#10993=CARTESIAN_POINT('Ctrl Pts',(4.95909373255323,-1.38493358903495,12.8338123897674));
#10994=CARTESIAN_POINT('Ctrl Pts',(4.95909373255323,-1.38493358903495,12.8338123897674));
#10995=CARTESIAN_POINT('Ctrl Pts',(4.95985828738312,-1.35395704608716,12.808949413298));
#10996=CARTESIAN_POINT('Ctrl Pts',(4.96034816733523,-1.32228219155707,12.7819133542394));
#10997=CARTESIAN_POINT('Ctrl Pts',(4.96050543364826,-1.29004917868158,12.7527299244561));
#10998=CARTESIAN_POINT('Ctrl Pts',(4.9605444697642,-1.28204840849995,12.7454861115457));
#10999=CARTESIAN_POINT('Ctrl Pts',(4.9605630099196,-1.27401330365549,12.7381099713092));
#11000=CARTESIAN_POINT('Ctrl Pts',(4.96056080821005,-1.26594557247223,12.7306023900867));
#11001=CARTESIAN_POINT('Ctrl Pts',(4.49544177738744,-1.26599513174942,13.0400162932645));
#11002=CARTESIAN_POINT('Ctrl Pts',(4.28219791461361,-1.58864322773167,13.598859188471));
#11003=CARTESIAN_POINT('Ctrl Pts',(4.04540795448741,-1.88851598213212,14.1182540348981));
#11004=CARTESIAN_POINT('Ctrl Pts',(3.78867477649523,-2.16089494924747,14.590028244855));
#11005=CARTESIAN_POINT('',(4.93138978944411,-1.80545146897462,13.040028244856));
#11006=CARTESIAN_POINT('Ctrl Pts',(4.23794088997467,-2.7497507888646,14.4945367420424));
#11007=CARTESIAN_POINT('Ctrl Pts',(4.49237523708635,-2.45725106835872,14.0497414247217));
#11008=CARTESIAN_POINT('Ctrl Pts',(4.72414997442107,-2.14084107341018,13.5626162099325));
#11009=CARTESIAN_POINT('Ctrl Pts',(4.93137955226493,-1.80545277506198,13.0400102625456));
#11010=CARTESIAN_POINT('',(4.87499737041488,-1.49021184408891,13.040028244856));
#11011=CARTESIAN_POINT('Ctrl Pts',(4.93138978944414,-1.80545146897463,13.040028244856));
#11012=CARTESIAN_POINT('Ctrl Pts',(4.93948894987663,-1.73082089318896,13.040028244856));
#11013=CARTESIAN_POINT('Ctrl Pts',(4.93428845228118,-1.65497990532005,13.040028244857));
#11014=CARTESIAN_POINT('Ctrl Pts',(4.90359953770215,-1.55085467982343,13.040028244857));
#11015=CARTESIAN_POINT('Ctrl Pts',(4.89090161175656,-1.51965459409551,13.040028244856));
#11016=CARTESIAN_POINT('Ctrl Pts',(4.87499737041488,-1.49021184408891,13.040028244856));
#11017=CARTESIAN_POINT('Ctrl Pts',(4.87496778235901,-1.49004726076982,13.0400968355151));
#11018=CARTESIAN_POINT('Ctrl Pts',(4.88496535787776,-1.4873967746361,13.0235882750112));
#11019=CARTESIAN_POINT('Ctrl Pts',(4.89509602195876,-1.48537760000218,13.0070040712447));
#11020=CARTESIAN_POINT('Ctrl Pts',(4.90527894543426,-1.48399798378357,12.9903083217269));
#11021=CARTESIAN_POINT('Ctrl Pts',(4.92117747198747,-1.48184399871853,12.96424136584));
#11022=CARTESIAN_POINT('Ctrl Pts',(4.93657562657312,-1.48131608162066,12.9389180495529));
#11023=CARTESIAN_POINT('Ctrl Pts',(4.95146983284544,-1.48209173208292,12.9137356776052));
#11024=CARTESIAN_POINT('Ctrl Pts',(4.95289613941421,-1.48216601031764,12.9113241504738));
#11025=CARTESIAN_POINT('Ctrl Pts',(4.95431780132608,-1.48225221070733,12.9089139155634));
#11026=CARTESIAN_POINT('Ctrl Pts',(4.95573480088728,-1.48235002906045,12.9065044439815));
#11027=CARTESIAN_POINT('Origin',(1.260575539751,-1.26600203200426,14.540028244856));
#11028=CARTESIAN_POINT('',(1.260575539751,-2.2374923649813,13.4423687747447));
#11029=CARTESIAN_POINT('',(1.260575539751,-2.01433350935879,13.5788585097504));
#11030=CARTESIAN_POINT('Origin',(1.260575539751,-1.80447966308904,12.9726988606346));
#11031=CARTESIAN_POINT('',(1.260575539751,-2.01433350935879,13.715681438674));
#11032=CARTESIAN_POINT('',(1.260575539751,-2.01433350935879,16.040028244856));
#11033=CARTESIAN_POINT('',(1.260575539751,-1.86242633369515,13.9017289729957));
#11034=CARTESIAN_POINT('Origin',(2.00785906313025,-2.11401463341073,13.508829155951));
#11035=CARTESIAN_POINT('Ctrl Pts',(1.42263495426955,-1.60123667880781,13.540028244856));
#11036=CARTESIAN_POINT('Ctrl Pts',(1.41872614289932,-1.61828418424287,13.5538907584604));
#11037=CARTESIAN_POINT('Ctrl Pts',(1.4143195482344,-1.63612700872751,13.5666359761155));
#11038=CARTESIAN_POINT('Ctrl Pts',(1.40153795779932,-1.68378545435611,13.5958244073245));
#11039=CARTESIAN_POINT('Ctrl Pts',(1.39231669026783,-1.71456775289189,13.6100673105589));
#11040=CARTESIAN_POINT('Ctrl Pts',(1.37118871766554,-1.77713516175304,13.6292204284831));
#11041=CARTESIAN_POINT('Ctrl Pts',(1.35928010643786,-1.80891939198451,13.6341314154083));
#11042=CARTESIAN_POINT('Ctrl Pts',(1.33350957059798,-1.87113496911879,13.6341314154083));
#11043=CARTESIAN_POINT('Ctrl Pts',(1.31945538562011,-1.90203047360386,13.6292204284831));
#11044=CARTESIAN_POINT('Ctrl Pts',(1.29040905860021,-1.96069544686401,13.6102344989623));
#11045=CARTESIAN_POINT('Ctrl Pts',(1.27543952086112,-1.98851183002564,13.5963218167329));
#11046=CARTESIAN_POINT('Ctrl Pts',(1.260575539751,-2.01433350935879,13.5788585097504));
#11047=CARTESIAN_POINT('',(1.70167284528234,-2.42020085125864,13.758829155951));
#11048=CARTESIAN_POINT('',(1.260575539751,-1.37146696119684,13.2226988606346));
#11049=CARTESIAN_POINT('',(2.00785906313025,-1.68100193151853,13.758829155951));
#11050=CARTESIAN_POINT('Origin',(1.260575539751,-1.80447966308904,12.9726988606346));
#11051=CARTESIAN_POINT('Origin',(-0.0394244602490032,-1.266002032004,13.040028244856));
#11052=CARTESIAN_POINT('Origin',(-0.039424460249003,-1.266002032004,13.040028244856));
#11053=CARTESIAN_POINT('Origin',(-0.039424460249003,-1.266002032004,8.540028244856));
#11054=CARTESIAN_POINT('',(3.3396980917741,-4.95131487875241,8.540028244856));
#11055=CARTESIAN_POINT('',(3.3396980917741,-4.95131487875241,8.540028244856));
#11056=CARTESIAN_POINT('Origin',(-0.039424460249003,-1.266002032004,8.540028244856));
#11057=CARTESIAN_POINT('Origin',(0.879814355293509,-2.18524084754651,13.040028244856));
#11058=CARTESIAN_POINT('Origin',(-0.039424460249003,-1.266002032004,13.040028244856));
#11059=CARTESIAN_POINT('',(0.879814355293509,-2.18524084754651,13.040028244856));
#11060=CARTESIAN_POINT('Origin',(-0.039424460249003,-1.266002032004,16.040028244856));
#11061=CARTESIAN_POINT('Origin',(-0.0394244602489924,-1.266002032004,14.840028244856));
#11062=CARTESIAN_POINT('Origin',(-1.36733007938501,1.93984572326597,14.340028244856));
#11063=CARTESIAN_POINT('',(-1.36733007938501,1.93984572326597,14.840028244856));
#11064=CARTESIAN_POINT('',(-0.934317377492773,1.93984572326597,14.590028244856));
#11065=CARTESIAN_POINT('Origin',(-1.36733007938501,1.93984572326597,14.340028244856));
#11066=CARTESIAN_POINT('',(-1.6735162972329,1.63365950541809,14.590028244856));
#11067=CARTESIAN_POINT('Origin',(-1.36733007938501,1.93984572326597,14.340028244856));
#11068=CARTESIAN_POINT('Origin',(-1.36733007938501,1.93984572326597,14.340028244856));
#11069=CARTESIAN_POINT('Origin',(-1.36733007938501,2.56209720473973,14.340028244856));
#11070=CARTESIAN_POINT('',(-1.52317321708968,3.01136331822619,14.4945367420435));
#11071=CARTESIAN_POINT('',(-0.934317377490841,2.56209720474155,14.5900282448526));
#11072=CARTESIAN_POINT('Origin',(-1.36733007937403,2.56209720475008,14.340028244837));
#11073=CARTESIAN_POINT('',(-1.36733007938501,2.56209720473973,14.840028244856));
#11074=CARTESIAN_POINT('Origin',(-1.36733007938501,2.56209720473973,14.340028244856));
#11075=CARTESIAN_POINT('Origin',(-1.36733007938501,2.56209720474281,14.340028244856));
#11076=CARTESIAN_POINT('Origin',(-1.8073283215558,2.37984396541106,14.340028244856));
#11077=CARTESIAN_POINT('',(-1.80732832153849,2.37984396541945,14.840028244856));
#11078=CARTESIAN_POINT('',(-2.11351453938857,2.07365774757376,14.590028244856));
#11079=CARTESIAN_POINT('Origin',(-1.80732832153849,2.37984396541945,14.340028244856));
#11080=CARTESIAN_POINT('',(-2.01480969746691,2.80772082030366,14.4945367420245));
#11081=CARTESIAN_POINT('Origin',(-1.8073283215558,2.37984396541106,14.340028244856));
#11082=CARTESIAN_POINT('Origin',(-1.80732832154116,2.37984396541939,14.3400282448527));
#11083=CARTESIAN_POINT('Origin',(-0.039424460249003,-1.266002032004,14.340028244856));
#11084=CARTESIAN_POINT('Origin',(-0.039424460249003,-1.266002032004,14.840028244856));
#11085=CARTESIAN_POINT('Origin',(-0.0394244602490032,-1.266002032004,14.4945367420435));
#11086=CARTESIAN_POINT('Ctrl Pts',(-3.4629862720838,1.89274604885488,12.7156989859692));
#11087=CARTESIAN_POINT('Ctrl Pts',(-3.01221570748718,1.9997344416412,13.3988114084966));
#11088=CARTESIAN_POINT('Ctrl Pts',(-2.55907903803044,2.06048245335273,14.028189036244));
#11089=CARTESIAN_POINT('Ctrl Pts',(-2.11351453938721,2.07365774757156,14.590028244855));
#11090=CARTESIAN_POINT('Ctrl Pts',(-3.54244058657975,2.00114716304082,12.7511514304327));
#11091=CARTESIAN_POINT('Ctrl Pts',(-3.0926730876302,2.11418768600778,13.4409093419052));
#11092=CARTESIAN_POINT('Ctrl Pts',(-2.63907836518841,2.1814061417502,14.0775606472046));
#11093=CARTESIAN_POINT('Ctrl Pts',(-2.19204159685695,2.20060200019513,14.6493269563068));
#11094=CARTESIAN_POINT('Ctrl Pts',(-3.61460885385992,2.25517445437516,12.7589881477688));
#11095=CARTESIAN_POINT('Ctrl Pts',(-3.15890722640246,2.38543186657207,13.4540966275362));
#11096=CARTESIAN_POINT('Ctrl Pts',(-2.69792028200777,2.47102603043707,14.0982513611983));
#11097=CARTESIAN_POINT('Ctrl Pts',(-2.23816052061986,2.50907926416128,14.6786675152766));
#11098=CARTESIAN_POINT('Ctrl Pts',(-3.53167654916961,2.47996863050395,12.6690559383779));
#11099=CARTESIAN_POINT('Ctrl Pts',(-3.05792072450588,2.61646309744328,13.3565184647195));
#11100=CARTESIAN_POINT('Ctrl Pts',(-2.57623922321231,2.70607085840105,13.9911093513858));
#11101=CARTESIAN_POINT('Ctrl Pts',(-2.09488223727143,2.74543486366135,14.5594985964398));
#11102=CARTESIAN_POINT('Ctrl Pts',(-3.47485163620652,2.55244367458497,12.6202074831567));
#11103=CARTESIAN_POINT('Ctrl Pts',(-2.9932370089339,2.68718224094354,13.303319905684));
#11104=CARTESIAN_POINT('Ctrl Pts',(-2.50331784906158,2.7737217584468,13.9326975334315));
#11105=CARTESIAN_POINT('Ctrl Pts',(-2.01480969745127,2.80772082030476,14.4945367420424));
#11106=CARTESIAN_POINT('Ctrl Pts',(-3.24606400787245,1.94062775718584,13.0400162932645));
#11107=CARTESIAN_POINT('Ctrl Pts',(-2.86713116985268,2.01798823237803,13.598859188471));
#11108=CARTESIAN_POINT('Ctrl Pts',(-2.48765332520091,2.06259450398554,14.1182540348981));
#11109=CARTESIAN_POINT('Ctrl Pts',(-2.11351453938721,2.07365774757156,14.590028244855));
#11110=CARTESIAN_POINT('',(-3.17287256923653,2.63034278696192,13.040028244856));
#11111=CARTESIAN_POINT('Ctrl Pts',(-2.01480969745127,2.80772082030476,14.4945367420424));
#11112=CARTESIAN_POINT('Ctrl Pts',(-2.4015504855256,2.78080453664932,14.0497414247217));
#11113=CARTESIAN_POINT('Ctrl Pts',(-2.78917562706602,2.72095837206312,13.5626162099325));
#11114=CARTESIAN_POINT('Ctrl Pts',(-3.17286440691447,2.63033647172631,13.0400102625456));
#11115=CARTESIAN_POINT('',(-3.35590518378882,2.36755924860344,13.040028244856));
#11116=CARTESIAN_POINT('Ctrl Pts',(-3.17287256923653,2.63034278696193,13.040028244856));
#11117=CARTESIAN_POINT('Ctrl Pts',(-3.23137132672217,2.58329797200376,13.040028244856));
#11118=CARTESIAN_POINT('Ctrl Pts',(-3.28132169642087,2.52599298807448,13.040028244857));
#11119=CARTESIAN_POINT('Ctrl Pts',(-3.33324900985603,2.43066499542716,13.040028244857));
#11120=CARTESIAN_POINT('Ctrl Pts',(-3.3463320125047,2.39962441369221,13.040028244856));
#11121=CARTESIAN_POINT('Ctrl Pts',(-3.35590518378882,2.36755924860344,13.040028244856));
#11122=CARTESIAN_POINT('Ctrl Pts',(-3.35600590160898,2.36742296608693,13.040100242058));
#11123=CARTESIAN_POINT('Ctrl Pts',(-3.36494931089567,2.3726181109662,13.0235915966673));
#11124=CARTESIAN_POINT('Ctrl Pts',(-3.37354039829024,2.37835376456827,13.0070072926438));
#11125=CARTESIAN_POINT('Ctrl Pts',(-3.38171617480219,2.38457860322319,12.9903114259559));
#11126=CARTESIAN_POINT('Ctrl Pts',(-3.3944809727287,2.39429741188182,12.9642442549455));
#11127=CARTESIAN_POINT('Ctrl Pts',(-3.40574208941893,2.40481220238471,12.9389206910856));
#11128=CARTESIAN_POINT('Ctrl Pts',(-3.41572505193046,2.4158924048392,12.9137380448833));
#11129=CARTESIAN_POINT('Ctrl Pts',(-3.41668103196525,2.41695345783981,12.9113265255608));
#11130=CARTESIAN_POINT('Ctrl Pts',(-3.41762529740355,2.41801965662617,12.9089162981859));
#11131=CARTESIAN_POINT('Ctrl Pts',(-3.41855805084158,2.41909077360292,12.9065068338988));
#11132=CARTESIAN_POINT('Origin',(0.439927200046724,0.132588443834236,14.340028244856));
#11133=CARTESIAN_POINT('',(0.439927200046724,0.132588443834236,14.840028244856));
#11134=CARTESIAN_POINT('',(0.133740982198838,-0.173597774013649,14.590028244856));
#11135=CARTESIAN_POINT('Origin',(-1.36733007938501,-0.616002032003997,14.340028244856));
#11136=CARTESIAN_POINT('',(-1.36733007938501,-0.616002032003997,14.840028244856));
#11137=CARTESIAN_POINT('',(-0.934317377492773,-0.616002032003997,14.590028244856));
#11138=CARTESIAN_POINT('Ctrl Pts',(-0.934317377490941,2.56209720474146,
14.5900282448528));
#11139=CARTESIAN_POINT('Ctrl Pts',(-0.609939359158471,2.8678425433013,14.0281890362424));
#11140=CARTESIAN_POINT('Ctrl Pts',(-0.246568016357038,3.14530322405319,
13.3988114084957));
#11141=CARTESIAN_POINT('Ctrl Pts',(0.147827124675351,3.38839392899098,12.7156989859692));
#11142=CARTESIAN_POINT('Ctrl Pts',(-0.968553504510211,2.70738736144772,
14.6493269563046));
#11143=CARTESIAN_POINT('Ctrl Pts',(-0.638877252506633,3.00991657009699,
14.0775606472029));
#11144=CARTESIAN_POINT('Ctrl Pts',(-0.270606722481797,3.28312584836923,
13.4409093419043));
#11145=CARTESIAN_POINT('Ctrl Pts',(0.127358646320919,3.52122777649465,12.7511514304327));
#11146=CARTESIAN_POINT('Ctrl Pts',(-1.15406745712418,2.95812778329596,14.6786699900303));
#11147=CARTESIAN_POINT('Ctrl Pts',(-0.802060512518076,3.25631932867707,
14.0982538359525));
#11148=CARTESIAN_POINT('Ctrl Pts',(-0.415569535930706,3.52176073108353,
13.4540979031794));
#11149=CARTESIAN_POINT('Ctrl Pts',(-0.00123392549420312,3.75188454259191,
12.758989423413));
#11150=CARTESIAN_POINT('Ctrl Pts',(-1.42251055889899,3.02394033179935,14.5594985964377));
#11151=CARTESIAN_POINT('Ctrl Pts',(-1.05430521491493,3.33647656567489,13.9911093513841));
#11152=CARTESIAN_POINT('Ctrl Pts',(-0.650342703558557,3.61371456619107,
13.3565184647186));
#11153=CARTESIAN_POINT('Ctrl Pts',(-0.218830584145639,3.85219435926987,
12.6690559383779));
#11154=CARTESIAN_POINT('Ctrl Pts',(-1.5231732171079,3.01136331822096,14.4945367420403));
#11155=CARTESIAN_POINT('Ctrl Pts',(-1.15370482324607,3.33274977769521,13.9326975334299));
#11156=CARTESIAN_POINT('Ctrl Pts',(-0.746086983400581,3.61798225820653,
13.3033199056832));
#11157=CARTESIAN_POINT('Ctrl Pts',(-0.310259460578668,3.86326067310982,
12.6202074831567));
#11158=CARTESIAN_POINT('',(-0.16010110803903,3.57108178637962,13.040028244856));
#11159=CARTESIAN_POINT('',(-0.578873897219605,3.70481221768912,13.040028244856));
#11160=CARTESIAN_POINT('Ctrl Pts',(-0.16039086214325,3.57094264431232,13.0397938840205));
#11161=CARTESIAN_POINT('Ctrl Pts',(-0.161335371849517,3.57190905991297,
13.0397981965151));
#11162=CARTESIAN_POINT('Ctrl Pts',(-0.16228491453796,3.57287131246878,13.0398025369716));
#11163=CARTESIAN_POINT('Ctrl Pts',(-0.163239482445098,3.57382936677684,
13.0398069095421));
#11164=CARTESIAN_POINT('Ctrl Pts',(-0.18168902366428,3.59234629188458,13.0398914209938));
#11165=CARTESIAN_POINT('Ctrl Pts',(-0.201717513366289,3.60900484758221,
13.0399830960532));
#11166=CARTESIAN_POINT('Ctrl Pts',(-0.223088977061739,3.62372629528547,
13.0400407280329));
#11167=CARTESIAN_POINT('Ctrl Pts',(-0.227635472206538,3.62685808782253,
13.0400529884714));
#11168=CARTESIAN_POINT('Ctrl Pts',(-0.232242897004544,3.62990221822037,
13.0400635947485));
#11169=CARTESIAN_POINT('Ctrl Pts',(-0.236909210554718,3.63285792274242,
13.0400719692496));
#11170=CARTESIAN_POINT('Ctrl Pts',(-0.257251191265262,3.64574280150742,
13.040108476428));
#11171=CARTESIAN_POINT('Ctrl Pts',(-0.278709772531041,3.65694876490042,
13.0401049544658));
#11172=CARTESIAN_POINT('Ctrl Pts',(-0.30104638242455,3.66651264433544,13.0400886441603));
#11173=CARTESIAN_POINT('Ctrl Pts',(-0.324292749652076,3.67646605510485,
13.0400716695452));
#11174=CARTESIAN_POINT('Ctrl Pts',(-0.348295218649794,3.68455732124388,
13.0400416801791));
#11175=CARTESIAN_POINT('Ctrl Pts',(-0.372778774335699,3.69088368419251,
13.0400226405362));
#11176=CARTESIAN_POINT('Ctrl Pts',(-0.39264694029539,3.69601746584568,13.0400071900521));
#11177=CARTESIAN_POINT('Ctrl Pts',(-0.412833040716154,3.69998877941863,
13.0399981020299));
#11178=CARTESIAN_POINT('Ctrl Pts',(-0.433208498400372,3.70284207911364,
13.0399931019359));
#11179=CARTESIAN_POINT('Ctrl Pts',(-0.460800795376869,3.70670599686055,
13.0399863308449));
#11180=CARTESIAN_POINT('Ctrl Pts',(-0.488656778942578,3.70850901180888,
13.0399879369681));
#11181=CARTESIAN_POINT('Ctrl Pts',(-0.516500515318173,3.70836340111252,
13.0399959672182));
#11182=CARTESIAN_POINT('Ctrl Pts',(-0.537332125521111,3.70825446080268,
13.0400019751418));
#11183=CARTESIAN_POINT('Ctrl Pts',(-0.558157970760903,3.7070543779266,13.040010725857));
#11184=CARTESIAN_POINT('Ctrl Pts',(-0.578875203306967,3.70480198050991,
13.0400102625456));
#11185=CARTESIAN_POINT('Ctrl Pts',(-0.578880775551804,3.70479853753032,
13.0400189452818));
#11186=CARTESIAN_POINT('Ctrl Pts',(-0.914267006277182,3.49756983548015,
13.5626216054313));
#11187=CARTESIAN_POINT('Ctrl Pts',(-1.23067511649658,3.26579625624806,14.0497438880432));
#11188=CARTESIAN_POINT('Ctrl Pts',(-1.5231732171079,3.01136331822096,14.4945367420403));
#11189=CARTESIAN_POINT('',(-0.0394244602490029,3.26887055998561,13.040028244856));
#11190=CARTESIAN_POINT('Ctrl Pts',(-0.934317377490941,2.56209720474146,
14.5900282448528));
#11191=CARTESIAN_POINT('Ctrl Pts',(-0.661939894650827,2.81882898371691,
14.1182566057359));
#11192=CARTESIAN_POINT('Ctrl Pts',(-0.362068924168725,3.05561776217904,
13.5988648491459));
#11193=CARTESIAN_POINT('Ctrl Pts',(-0.0394228346116313,3.26886071954066,
13.0400254291695));
#11194=CARTESIAN_POINT('',(-0.0394244602490319,3.733997967996,12.7305750354907));
#11195=CARTESIAN_POINT('Ctrl Pts',(-0.0394244602490324,3.733997967996,12.7305750354907));
#11196=CARTESIAN_POINT('Ctrl Pts',(-0.0394244602490261,3.67202740558574,
12.8114327676529));
#11197=CARTESIAN_POINT('Ctrl Pts',(-0.039424460249018,3.60643789108585,
12.8786318435953));
#11198=CARTESIAN_POINT('Ctrl Pts',(-0.0394244602490102,3.49214976012657,
12.9665301164452));
#11199=CARTESIAN_POINT('Ctrl Pts',(-0.0394244602711978,3.4383913746681,
12.9991034382852));
#11200=CARTESIAN_POINT('Ctrl Pts',(-0.0394244602698079,3.34535078984052,
13.0320674457835));
#11201=CARTESIAN_POINT('Ctrl Pts',(-0.0394244602490034,3.30726623541914,
13.040028244856));
#11202=CARTESIAN_POINT('Ctrl Pts',(-0.0394244602490026,3.26887055998561,
13.040028244856));
#11203=CARTESIAN_POINT('',(-0.108191405705924,3.73352505635271,12.7919609258845));
#11204=CARTESIAN_POINT('Ctrl Pts',(-0.039364252607819,3.73398856775699,
12.7306064512427));
#11205=CARTESIAN_POINT('Ctrl Pts',(-0.0474321549816638,3.73399085431549,
12.7381140431907));
#11206=CARTESIAN_POINT('Ctrl Pts',(-0.0554670493857615,3.73397241834965,
12.7454897890777));
#11207=CARTESIAN_POINT('Ctrl Pts',(-0.0634672843263509,3.73393348254604,
12.752732917019));
#11208=CARTESIAN_POINT('Ctrl Pts',(-0.0784528144417299,3.73386055048069,
12.7663002825651));
#11209=CARTESIAN_POINT('Ctrl Pts',(-0.0933167010985188,3.73371569489414,
12.7794023560265));
#11210=CARTESIAN_POINT('Ctrl Pts',(-0.108044938576808,3.73350460441296,
12.7920374343659));
#11211=CARTESIAN_POINT('Ctrl Pts',(-0.108191405705925,3.73352505635271,
12.7919609258846));
#11212=CARTESIAN_POINT('Ctrl Pts',(-0.108141733669935,3.73224405171902,
12.7937520505826));
#11213=CARTESIAN_POINT('Ctrl Pts',(-0.108101822250948,3.73096028096028,
12.7955463950231));
#11214=CARTESIAN_POINT('Ctrl Pts',(-0.106723562625665,3.671929549336,12.8780387983613));
#11215=CARTESIAN_POINT('Ctrl Pts',(-0.125337061311136,3.61644727778662,
12.9564170357366));
#11216=CARTESIAN_POINT('Ctrl Pts',(-0.159742507004658,3.57154721650239,
13.0391686119427));
#11217=CARTESIAN_POINT('Ctrl Pts',(-0.15992160512454,3.57131433992968,13.0395984193601));
#11218=CARTESIAN_POINT('Ctrl Pts',(-0.16010110803903,3.57108178637962,13.040028244856));
#11219=CARTESIAN_POINT('Origin',(-0.0394244602487429,0.0339979679960034,
14.540028244856));
#11220=CARTESIAN_POINT('',(-1.01091479322619,0.0339979679960034,13.4423687747447));
#11221=CARTESIAN_POINT('',(-0.787755937603792,0.0339979679960035,13.5788585097504));
#11222=CARTESIAN_POINT('Origin',(-0.577902091334008,0.0339979679960034,
12.9726988606346));
#11223=CARTESIAN_POINT('',(-0.787755937603793,0.0339979679960036,13.7156814386738));
#11224=CARTESIAN_POINT('',(0.343947135173471,0.0339979679960034,15.1017289729956));
#11225=CARTESIAN_POINT('',(-0.787755937603791,0.0339979679960034,16.040028244856));
#11226=CARTESIAN_POINT('Origin',(-0.887437061655613,0.781281491375307,13.508829155951));
#11227=CARTESIAN_POINT('',(-0.144889389441772,0.0339979679960034,13.2226988606346));
#11228=CARTESIAN_POINT('Origin',(-0.577902091334008,0.0339979679960034,
12.9726988606346));
#11229=CARTESIAN_POINT('',(-0.454424359763377,0.781281491375307,13.758829155951));
#11230=CARTESIAN_POINT('',(-1.1936232795035,0.475095273527421,13.758829155951));
#11231=CARTESIAN_POINT('Ctrl Pts',(-0.787755937603791,0.0339979679960033,
13.5788585097504));
#11232=CARTESIAN_POINT('Ctrl Pts',(-0.762524966225244,0.0485219142166224,
13.5959223185355));
#11233=CARTESIAN_POINT('Ctrl Pts',(-0.735411757227322,0.0631357172543934,
13.6095882950006));
#11234=CARTESIAN_POINT('Ctrl Pts',(-0.676894024768492,0.0922188691050822,
13.6289794768846));
#11235=CARTESIAN_POINT('Ctrl Pts',(-0.645321052228411,0.106615682641087,
13.6341314154083));
#11236=CARTESIAN_POINT('Ctrl Pts',(-0.581578165364824,0.133018850884797,
13.6341314154083));
#11237=CARTESIAN_POINT('Ctrl Pts',(-0.549072617900729,0.145164229391316,
13.6289794768846));
#11238=CARTESIAN_POINT('Ctrl Pts',(-0.485193893015826,0.166627979347611,
13.6089823765405));
#11239=CARTESIAN_POINT('Ctrl Pts',(-0.453821809369374,0.17594840285364,
13.5941359234169));
#11240=CARTESIAN_POINT('Ctrl Pts',(-0.407046428188126,0.188358656475538,
13.5648397423113));
#11241=CARTESIAN_POINT('Ctrl Pts',(-0.390516483541084,0.192421455032065,
13.5529229817509));
#11242=CARTESIAN_POINT('Ctrl Pts',(-0.374659107052759,0.196057382514566,
13.540028244856));
#11243=CARTESIAN_POINT('Origin',(-0.039424460249003,-1.266002032004,13.040028244856));
#11244=CARTESIAN_POINT('',(-0.607019489508626,3.70167709237187,13.040028244856));
#11245=CARTESIAN_POINT('Origin',(-0.039424460249003,-1.266002032004,13.040028244856));
#11246=CARTESIAN_POINT('',(-0.889443116016372,3.66121506133048,13.040028244856));
#11247=CARTESIAN_POINT('Origin',(-0.039424460249003,-1.266002032004,13.040028244856));
#11248=CARTESIAN_POINT('',(-1.37714767914175,3.55172529419819,13.040028244856));
#11249=CARTESIAN_POINT('Origin',(-0.039424460249003,-1.266002032004,13.040028244856));
#11250=CARTESIAN_POINT('',(-1.64976454597164,3.46758062897434,13.040028244856));
#11251=CARTESIAN_POINT('Origin',(-0.039424460249003,-1.266002032004,13.040028244856));
#11252=CARTESIAN_POINT('',(-2.11433668347691,3.2831450601331,13.040028244856));
#11253=CARTESIAN_POINT('Origin',(-0.039424460249003,-1.266002032004,13.040028244856));
#11254=CARTESIAN_POINT('',(-2.37043405860409,3.15738968164476,13.040028244856));
#11255=CARTESIAN_POINT('Origin',(-0.039424460249003,-1.266002032004,13.040028244856));
#11256=CARTESIAN_POINT('',(-2.80043446263733,2.902549726906,13.040028244856));
#11257=CARTESIAN_POINT('Origin',(-0.039424460249003,-1.266002032004,13.040028244856));
#11258=CARTESIAN_POINT('',(-3.03370637874771,2.7382801499297,13.040028244856));
#11259=CARTESIAN_POINT('Origin',(-0.039424460249003,-1.266002032004,13.040028244856));
#11260=CARTESIAN_POINT('Origin',(-0.039424460249003,-1.266002032004,13.040028244856));
#11261=CARTESIAN_POINT('Origin',(-0.0394244602490032,-1.266002032004,13.040028244856));
#11262=CARTESIAN_POINT('Origin',(-0.358003671621491,3.72383837487089,13.040028244856));
#11263=CARTESIAN_POINT('Origin',(-0.358003671621491,3.72383837487089,8.540028244856));
#11264=CARTESIAN_POINT('',(-0.108191405705924,3.73352505635271,8.540028244856));
#11265=CARTESIAN_POINT('',(-0.108191405705924,3.73352505635271,8.540028244856));
#11266=CARTESIAN_POINT('',(-0.607019489508626,3.70167709237187,8.540028244856));
#11267=CARTESIAN_POINT('Origin',(-0.358003671621491,3.72383837487089,8.540028244856));
#11268=CARTESIAN_POINT('',(-0.607019489508626,3.70167709237187,8.540028244856));
#11269=CARTESIAN_POINT('Origin',(-0.039424460249003,-1.266002032004,8.540028244856));
#11270=CARTESIAN_POINT('',(0.0796762312199575,3.73257926925455,12.8337397960151));
#11271=CARTESIAN_POINT('Ctrl Pts',(0.0795036874624459,3.73252103831873,
12.8338161092499));
#11272=CARTESIAN_POINT('Ctrl Pts',(0.0485269480573818,3.73328586046569,
12.8089533346872));
#11273=CARTESIAN_POINT('Ctrl Pts',(0.0168519422108623,3.73377594482744,
12.7819174298));
#11274=CARTESIAN_POINT('Ctrl Pts',(-0.0153811481390657,3.73393331759907,
12.7527340805803));
#11275=CARTESIAN_POINT('Ctrl Pts',(-0.0233819375511113,3.73397238013981,
12.7454902876671));
#11276=CARTESIAN_POINT('Ctrl Pts',(-0.0314170570498846,3.733990940642,12.7381141628592));
#11277=CARTESIAN_POINT('Ctrl Pts',(-0.0394847985160168,3.73398875355881,
12.7306065927785));
#11278=CARTESIAN_POINT('',(0.177084773484773,3.72930814372163,12.9064732378527));
#11279=CARTESIAN_POINT('Ctrl Pts',(0.17692088786276,3.72916106212481,12.9065073730531));
#11280=CARTESIAN_POINT('Ctrl Pts',(0.145365157980588,3.73055229821961,12.8848183269098));
#11281=CARTESIAN_POINT('Ctrl Pts',(0.112837164272039,3.73169659550378,12.86057265858));
#11282=CARTESIAN_POINT('Ctrl Pts',(0.0795036874624475,3.73252103831873,
12.8338161092499));
#11283=CARTESIAN_POINT('',(0.177084773484773,3.72930814372163,8.540028244856));
#11284=CARTESIAN_POINT('',(0.177084773484773,3.72930814372163,8.540028244856));
#11285=CARTESIAN_POINT('Origin',(-0.039424460249003,-1.266002032004,8.540028244856));
#11286=CARTESIAN_POINT('Origin',(-0.039424460249003,0.0339979679960034,
13.040028244856));
#11287=CARTESIAN_POINT('',(-0.039424460249003,0.0339979679960034,13.040028244856));
#11288=CARTESIAN_POINT('',(-0.039424460249003,0.0339979679960034,13.040028244856));
#11289=CARTESIAN_POINT('',(-0.039424460249003,0.0339979679960034,13.040028244856));
#11290=CARTESIAN_POINT('Origin',(-0.0394244602489924,-1.266002032004,14.840028244856));
#11291=CARTESIAN_POINT('Origin',(1.28848115888727,1.93984572326586,14.340028244856));
#11292=CARTESIAN_POINT('',(1.28848115888727,1.93984572326586,14.840028244856));
#11293=CARTESIAN_POINT('',(1.59466737673518,1.63365950541795,14.590028244856));
#11294=CARTESIAN_POINT('Origin',(1.28848115888727,1.93984572326586,14.340028244856));
#11295=CARTESIAN_POINT('',(0.855468456995068,1.93984572326586,14.590028244856));
#11296=CARTESIAN_POINT('Origin',(1.28848115888727,1.93984572326586,14.340028244856));
#11297=CARTESIAN_POINT('Origin',(1.28848115888727,1.93984572326586,14.340028244856));
#11298=CARTESIAN_POINT('Origin',(1.72847940104074,2.37984396541933,14.340028244856));
#11299=CARTESIAN_POINT('',(1.93596077697199,2.80772082029529,14.4945367420435));
#11300=CARTESIAN_POINT('',(2.03466561889131,2.07365774757134,14.5900282448526));
#11301=CARTESIAN_POINT('Origin',(1.72847940105583,2.37984396541888,14.340028244837));
#11302=CARTESIAN_POINT('',(1.72847940104074,2.37984396541933,14.840028244856));
#11303=CARTESIAN_POINT('Origin',(1.72847940104074,2.37984396541933,14.340028244856));
#11304=CARTESIAN_POINT('Origin',(1.72847940104292,2.37984396542151,14.340028244856));
#11305=CARTESIAN_POINT('Origin',(1.2884811588691,2.56209720474594,14.340028244856));
#11306=CARTESIAN_POINT('',(1.28848115888727,2.56209720473964,14.840028244856));
#11307=CARTESIAN_POINT('',(0.855468456995068,2.56209720474272,14.590028244856));
#11308=CARTESIAN_POINT('Origin',(1.28848115888727,2.56209720473964,14.340028244856));
#11309=CARTESIAN_POINT('',(1.44432429659977,3.01136331822993,14.4945367420245));
#11310=CARTESIAN_POINT('Origin',(1.2884811588691,2.56209720474594,14.340028244856));
#11311=CARTESIAN_POINT('Origin',(1.28848115888534,2.56209720474146,14.3400282448527));
#11312=CARTESIAN_POINT('Origin',(-0.039424460249003,-1.266002032004,14.340028244856));
#11313=CARTESIAN_POINT('Origin',(-0.039424460249003,-1.266002032004,14.840028244856));
#11314=CARTESIAN_POINT('Origin',(-0.0394244602490032,-1.266002032004,14.4945367420435));
#11315=CARTESIAN_POINT('Ctrl Pts',(-0.226676045173397,3.38839392899099,
12.7156989859692));
#11316=CARTESIAN_POINT('Ctrl Pts',(0.167719095859621,3.14530322405288,13.3988114084966));
#11317=CARTESIAN_POINT('Ctrl Pts',(0.531090438661594,2.86784254330056,14.028189036244));
#11318=CARTESIAN_POINT('Ctrl Pts',(0.855468456994474,2.5620972047402,14.590028244855));
#11319=CARTESIAN_POINT('Ctrl Pts',(-0.206207566818962,3.52122777649466,
12.7511514304327));
#11320=CARTESIAN_POINT('Ctrl Pts',(0.19175780198439,3.28312584836893,13.4409093419052));
#11321=CARTESIAN_POINT('Ctrl Pts',(0.560028332009775,3.00991657009626,14.0775606472046));
#11322=CARTESIAN_POINT('Ctrl Pts',(0.889704584013776,2.70738736144646,14.6493269563068));
#11323=CARTESIAN_POINT('Ctrl Pts',(-0.0776152586396602,3.75188491758685,
12.758989709068));
#11324=CARTESIAN_POINT('Ctrl Pts',(0.336720351797505,3.52176110607818,13.4540981888353));
#11325=CARTESIAN_POINT('Ctrl Pts',(0.723211276538739,3.25632001231717,14.0982543901263));
#11326=CARTESIAN_POINT('Ctrl Pts',(1.07521822114531,2.95812846693553,14.6786705442046));
#11327=CARTESIAN_POINT('Ctrl Pts',(0.139981663647562,3.85219435926988,12.6690559383778));
#11328=CARTESIAN_POINT('Ctrl Pts',(0.571493783061169,3.61371456619077,13.3565184647195));
#11329=CARTESIAN_POINT('Ctrl Pts',(0.975456294418156,3.33647656567415,13.9911093513858));
#11330=CARTESIAN_POINT('Ctrl Pts',(1.3436616384027,3.02394033179805,14.5594985964398));
#11331=CARTESIAN_POINT('Ctrl Pts',(0.231410540080582,3.86326067310983,12.6202074831566));
#11332=CARTESIAN_POINT('Ctrl Pts',(0.667238062903191,3.61798225820622,13.303319905684));
#11333=CARTESIAN_POINT('Ctrl Pts',(1.07485590274929,3.33274977769445,13.9326975334315));
#11334=CARTESIAN_POINT('Ctrl Pts',(1.4443242966116,3.01136331821963,14.4945367420424));
#11335=CARTESIAN_POINT('Ctrl Pts',(-0.0394313605035809,3.26886420563241,
13.0400162932645));
#11336=CARTESIAN_POINT('Ctrl Pts',(0.283216735478671,3.05562034285858,13.598859188471));
#11337=CARTESIAN_POINT('Ctrl Pts',(0.583089489879119,2.81883038273238,14.1182540348981));
#11338=CARTESIAN_POINT('Ctrl Pts',(0.855468456994474,2.5620972047402,14.590028244855));
#11339=CARTESIAN_POINT('',(0.500024976721616,3.70481221768912,13.040028244856));
#11340=CARTESIAN_POINT('Ctrl Pts',(1.4443242966116,3.01136331821963,14.4945367420424));
#11341=CARTESIAN_POINT('Ctrl Pts',(1.15182457610572,3.26579766533132,14.0497414247217));
#11342=CARTESIAN_POINT('Ctrl Pts',(0.835414581157179,3.49757240266605,13.5626162099325));
#11343=CARTESIAN_POINT('Ctrl Pts',(0.500026282808979,3.7048019805099,13.0400102625456));
#11344=CARTESIAN_POINT('',(0.184785351835919,3.64841979865986,13.040028244856));
#11345=CARTESIAN_POINT('Ctrl Pts',(0.500024976721626,3.70481221768911,13.040028244856));
#11346=CARTESIAN_POINT('Ctrl Pts',(0.425394400935941,3.7129113781216,13.040028244856));
#11347=CARTESIAN_POINT('Ctrl Pts',(0.349553413067045,3.70771088052615,13.040028244857));
#11348=CARTESIAN_POINT('Ctrl Pts',(0.24542818757043,3.67702196594712,13.040028244857));
#11349=CARTESIAN_POINT('Ctrl Pts',(0.214228101842519,3.66432404000153,13.040028244856));
#11350=CARTESIAN_POINT('Ctrl Pts',(0.18478535183592,3.64841979865986,13.040028244856));
#11351=CARTESIAN_POINT('Ctrl Pts',(0.184617090227883,3.64839565226957,13.0401010105585));
#11352=CARTESIAN_POINT('Ctrl Pts',(0.181966681249745,3.65839309543404,13.0235923460177));
#11353=CARTESIAN_POINT('Ctrl Pts',(0.1799476022564,3.66852360218539,13.0070080193766));
#11354=CARTESIAN_POINT('Ctrl Pts',(0.178568102261291,3.67870634079485,12.9903121262556));
#11355=CARTESIAN_POINT('Ctrl Pts',(0.176414295406202,3.69460460270018,12.9642449068404));
#11356=CARTESIAN_POINT('Ctrl Pts',(0.175886604780624,3.71000243495204,12.938921287248));
#11357=CARTESIAN_POINT('Ctrl Pts',(0.176662519148811,3.72489627410157,12.9137385792955));
#11358=CARTESIAN_POINT('Ctrl Pts',(0.176736821373284,3.7263225208952,12.9113270616128));
#11359=CARTESIAN_POINT('Ctrl Pts',(0.176823045675065,3.72774412279405,12.9089168358162));
#11360=CARTESIAN_POINT('Ctrl Pts',(0.17692088786276,3.72916106212481,12.9065073730531));
#11361=CARTESIAN_POINT('Origin',(1.28848115888727,-0.616002032003997,14.340028244856));
#11362=CARTESIAN_POINT('',(1.28848115888727,-0.616002032003997,14.840028244856));
#11363=CARTESIAN_POINT('',(0.855468456995068,-0.616002032003997,14.590028244856));
#11364=CARTESIAN_POINT('Origin',(-0.518776120544535,0.132588443834052,14.340028244856));
#11365=CARTESIAN_POINT('',(-0.518776120544535,0.132588443834052,14.840028244856));
#11366=CARTESIAN_POINT('',(-0.212589902696626,-0.173597774013857,14.590028244856));
#11367=CARTESIAN_POINT('Ctrl Pts',(2.03466561889117,2.07365774757135,14.5900282448528));
#11368=CARTESIAN_POINT('Ctrl Pts',(2.48023011753395,2.06048245335244,14.0281890362421));
#11369=CARTESIAN_POINT('Ctrl Pts',(2.93336678699021,1.99973444164093,13.3988114084951));
#11370=CARTESIAN_POINT('Ctrl Pts',(3.38413735158636,1.89274604885475,12.7156989859683));
#11371=CARTESIAN_POINT('Ctrl Pts',(2.11319267636093,2.20060200019489,14.6493269563046));
#11372=CARTESIAN_POINT('Ctrl Pts',(2.56022944469192,2.18140614174988,14.0775606472026));
#11373=CARTESIAN_POINT('Ctrl Pts',(3.01382416713324,2.11418768600749,13.4409093419037));
#11374=CARTESIAN_POINT('Ctrl Pts',(3.46359166608232,2.00114716304067,12.7511514304318));
#11375=CARTESIAN_POINT('Ctrl Pts',(2.15931229012376,2.50907951841302,14.6786680565139));
#11376=CARTESIAN_POINT('Ctrl Pts',(2.61907205151118,2.47102628468876,14.0982519024359));
#11377=CARTESIAN_POINT('Ctrl Pts',(3.08005874694729,2.38543194347696,13.4540969065234));
#11378=CARTESIAN_POINT('Ctrl Pts',(3.53576037440427,2.25517453128021,12.7589884267566));
#11379=CARTESIAN_POINT('Ctrl Pts',(2.01603331677554,2.74543486366105,14.5594985964377));
#11380=CARTESIAN_POINT('Ctrl Pts',(2.49739030271591,2.70607085840068,13.9911093513839));
#11381=CARTESIAN_POINT('Ctrl Pts',(2.97907180400895,2.61646309744297,13.3565184647181));
#11382=CARTESIAN_POINT('Ctrl Pts',(3.45282762867219,2.47996863050379,12.6690559383769));
#11383=CARTESIAN_POINT('Ctrl Pts',(1.93596077695541,2.80772082030448,14.4945367420403));
#11384=CARTESIAN_POINT('Ctrl Pts',(2.4244689285652,2.77372175844644,13.9326975334296));
#11385=CARTESIAN_POINT('Ctrl Pts',(2.91438808843699,2.68718224094323,13.3033199056826));
#11386=CARTESIAN_POINT('Ctrl Pts',(3.39600271570911,2.55244367458483,12.6202074831558));
#11387=CARTESIAN_POINT('',(3.09402364873854,2.6303427869619,13.040028244856));
#11388=CARTESIAN_POINT('Ctrl Pts',(3.29527501168518,2.23977036934479,13.0397934024334));
#11389=CARTESIAN_POINT('Ctrl Pts',(3.29529049913678,2.24112159712785,13.0397977133999));
#11390=CARTESIAN_POINT('Ctrl Pts',(3.29529948406898,2.24247344005941,13.0398020523627));
#11391=CARTESIAN_POINT('Ctrl Pts',(3.29530194708085,2.24382586775799,13.039806423475));
#11392=CARTESIAN_POINT('Ctrl Pts',(3.29534955109484,2.26996499755664,13.0398909064172));
#11393=CARTESIAN_POINT('Ctrl Pts',(3.29296664448357,2.29590655243302,13.0399825666401));
#11394=CARTESIAN_POINT('Ctrl Pts',(3.28826441820974,2.32142800106943,13.0400402042649));
#11395=CARTESIAN_POINT('Ctrl Pts',(3.28726406002972,2.32685746967061,13.0400524661736));
#11396=CARTESIAN_POINT('Ctrl Pts',(3.28615862916546,2.33226803516731,13.0400630747754));
#11397=CARTESIAN_POINT('Ctrl Pts',(3.28494902884597,2.33765771429156,13.0400714524828));
#11398=CARTESIAN_POINT('Ctrl Pts',(3.27967608256069,2.36115265560331,13.0401079729769));
#11399=CARTESIAN_POINT('Ctrl Pts',(3.2724264361589,2.38424998567454,13.0401044825069));
#11400=CARTESIAN_POINT('Ctrl Pts',(3.2633948151067,2.40680704984286,13.0400882128559));
#11401=CARTESIAN_POINT('Ctrl Pts',(3.25399522758749,2.43028313432437,13.0400712803465));
#11402=CARTESIAN_POINT('Ctrl Pts',(3.24274423016786,2.45297711236173,13.0400413423701));
#11403=CARTESIAN_POINT('Ctrl Pts',(3.22990504305759,2.47476327190495,13.0400223549369));
#11404=CARTESIAN_POINT('Ctrl Pts',(3.21948644966594,2.49244204984445,13.0400069472367));
#11405=CARTESIAN_POINT('Ctrl Pts',(3.20802108703887,2.50952366941696,13.0399979021476));
#11406=CARTESIAN_POINT('Ctrl Pts',(3.19563129481477,2.52594864811803,13.0399929409565));
#11407=CARTESIAN_POINT('Ctrl Pts',(3.17885271447912,2.54819178340733,13.039986222382));
#11408=CARTESIAN_POINT('Ctrl Pts',(3.16043035772042,2.56916406812574,13.0399878739298));
#11409=CARTESIAN_POINT('Ctrl Pts',(3.14063872529922,2.58874977334918,13.0399959332642));
#11410=CARTESIAN_POINT('Ctrl Pts',(3.12583172593963,2.60340270942484,13.0400019628102));
#11411=CARTESIAN_POINT('Ctrl Pts',(3.11025725602925,2.61728003160969,13.0400107258509));
#11412=CARTESIAN_POINT('Ctrl Pts',(3.09401548641647,2.63033647172629,13.0400102625456));
#11413=CARTESIAN_POINT('Ctrl Pts',(3.09401548641647,2.63033647172629,13.0400102625456));
#11414=CARTESIAN_POINT('Ctrl Pts',(2.71032670656872,2.72095837206289,13.5626162099316));
#11415=CARTESIAN_POINT('Ctrl Pts',(2.32270156502902,2.78080453664901,14.0497414247202));
#11416=CARTESIAN_POINT('Ctrl Pts',(1.93596077695541,2.80772082030448,14.4945367420403));
#11417=CARTESIAN_POINT('Ctrl Pts',(2.03466561889117,2.07365774757135,14.5900282448528));
#11418=CARTESIAN_POINT('Ctrl Pts',(2.40880440470422,2.06259450398527,14.1182540348965));
#11419=CARTESIAN_POINT('Ctrl Pts',(2.78828224935532,2.01798823237782,13.5988591884701));
#11420=CARTESIAN_POINT('Ctrl Pts',(3.16721508737442,1.94062775718581,13.0400162932645));
#11421=CARTESIAN_POINT('Ctrl Pts',(3.49614459128175,2.26948251759876,12.7306059574208));
#11422=CARTESIAN_POINT('Ctrl Pts',(3.49044333419191,2.27518698620184,12.7381109339531));
#11423=CARTESIAN_POINT('Ctrl Pts',(3.48474880318923,2.28085543252816,12.7454867397118));
#11424=CARTESIAN_POINT('Ctrl Pts',(3.47906211665301,2.28648701707524,12.7527326011733));
#11425=CARTESIAN_POINT('Ctrl Pts',(3.46842240030896,2.29702363831624,12.766289513468));
#11426=CARTESIAN_POINT('Ctrl Pts',(3.45781018090674,2.30743120595317,12.7793915654548));
#11427=CARTESIAN_POINT('Ctrl Pts',(3.44723783755684,2.31770488866199,12.7920369645323));
#11428=CARTESIAN_POINT('Origin',(-0.0394244602487429,0.0339979679960034,
14.540028244856));
#11429=CARTESIAN_POINT('',(0.932065872728297,0.0339979679960034,13.4423687747447));
#11430=CARTESIAN_POINT('',(0.708907017105786,0.0339979679960035,13.5788585097504));
#11431=CARTESIAN_POINT('Origin',(0.499053170836039,0.0339979679960034,12.9726988606346));
#11432=CARTESIAN_POINT('',(0.708907017105785,0.0339979679960036,13.715681438674));
#11433=CARTESIAN_POINT('',(0.708907017105786,0.0339979679960034,16.040028244856));
#11434=CARTESIAN_POINT('',(0.556999841442146,0.0339979679960034,13.9017289729957));
#11435=CARTESIAN_POINT('Origin',(0.808588141157732,0.781281491375255,13.508829155951));
#11436=CARTESIAN_POINT('Ctrl Pts',(0.295810186554812,0.196057382514552,
13.540028244856));
#11437=CARTESIAN_POINT('Ctrl Pts',(0.311667563043132,0.192421455032051,
13.5529229817509));
#11438=CARTESIAN_POINT('Ctrl Pts',(0.328197507690167,0.188358656475526,
13.5648397423113));
#11439=CARTESIAN_POINT('Ctrl Pts',(0.374972888871409,0.175948402853628,
13.5941359234169));
#11440=CARTESIAN_POINT('Ctrl Pts',(0.406344972517862,0.166627979347599,
13.6089823765405));
#11441=CARTESIAN_POINT('Ctrl Pts',(0.470223697402765,0.145164229391301,
13.6289794768846));
#11442=CARTESIAN_POINT('Ctrl Pts',(0.502729244866859,0.133018850884781,
13.6341314154083));
#11443=CARTESIAN_POINT('Ctrl Pts',(0.566472131730446,0.106615682641069,
13.6341314154083));
#11444=CARTESIAN_POINT('Ctrl Pts',(0.598045104270525,0.0922188691050639,
13.6289794768846));
#11445=CARTESIAN_POINT('Ctrl Pts',(0.656562836729341,0.0631357172543804,
13.6095882950006));
#11446=CARTESIAN_POINT('Ctrl Pts',(0.683676045727249,0.048521914216616,
13.5959223185355));
#11447=CARTESIAN_POINT('Ctrl Pts',(0.708907017105786,0.0339979679960031,
13.5788585097504));
#11448=CARTESIAN_POINT('',(1.11477435900564,0.475095273527347,13.758829155951));
#11449=CARTESIAN_POINT('',(0.0660404689438362,0.0339979679960034,13.2226988606346));
#11450=CARTESIAN_POINT('',(0.375575439265529,0.781281491375255,13.758829155951));
#11451=CARTESIAN_POINT('Origin',(0.499053170836039,0.0339979679960034,12.9726988606346));
#11452=CARTESIAN_POINT('Origin',(-0.0394244602490032,-1.266002032004,13.040028244856));
#11453=CARTESIAN_POINT('Origin',(-0.039424460249003,-1.266002032004,13.040028244856));
#11454=CARTESIAN_POINT('Origin',(-0.039424460249003,-1.266002032004,8.540028244856));
#11455=CARTESIAN_POINT('',(3.64588838649941,2.1131205200191,8.540028244856));
#11456=CARTESIAN_POINT('',(3.64588838649941,2.1131205200191,8.540028244856));
#11457=CARTESIAN_POINT('Origin',(-0.039424460249003,-1.266002032004,8.540028244856));
#11458=CARTESIAN_POINT('Origin',(0.879814355293509,-0.346763216461485,13.040028244856));
#11459=CARTESIAN_POINT('Origin',(-0.039424460249003,-1.266002032004,13.040028244856));
#11460=CARTESIAN_POINT('',(0.879814355293509,-0.346763216461485,13.040028244856));
#11461=CARTESIAN_POINT('Origin',(-0.039424460249003,-1.266002032004,16.040028244856));
#11462=CARTESIAN_POINT('Origin',(-0.0394244602489924,-1.266002032004,14.840028244856));
#11463=CARTESIAN_POINT('Origin',(-0.0394244602490029,-1.266002032004,6.740028244856));
#11464=CARTESIAN_POINT('',(1.710575539751,-1.266002032004,6.740028244856));
#11465=CARTESIAN_POINT('Origin',(-0.039424460249003,-1.266002032004,6.740028244856));
#11466=CARTESIAN_POINT('',(-0.539424460249003,-2.266002032004,6.740028244856));
#11467=CARTESIAN_POINT('',(-1.039424460249,-1.766002032004,6.740028244856));
#11468=CARTESIAN_POINT('Origin',(-0.539424460249003,-1.766002032004,6.740028244856));
#11469=CARTESIAN_POINT('',(0.460575539750997,-2.266002032004,6.740028244856));
#11470=CARTESIAN_POINT('',(-0.539424460249003,-2.266002032004,6.740028244856));
#11471=CARTESIAN_POINT('',(0.960575539750997,-1.766002032004,6.740028244856));
#11472=CARTESIAN_POINT('Origin',(0.460575539750997,-1.766002032004,6.740028244856));
#11473=CARTESIAN_POINT('',(0.960575539750997,-0.766002032003997,6.740028244856));
#11474=CARTESIAN_POINT('',(0.960575539750997,-1.766002032004,6.740028244856));
#11475=CARTESIAN_POINT('',(0.460575539750997,-0.266002032003997,6.740028244856));
#11476=CARTESIAN_POINT('Origin',(0.460575539750997,-0.766002032003997,6.740028244856));
#11477=CARTESIAN_POINT('',(-0.539424460249003,-0.266002032003997,6.740028244856));
#11478=CARTESIAN_POINT('',(0.460575539750997,-0.266002032003997,6.740028244856));
#11479=CARTESIAN_POINT('',(-1.039424460249,-0.766002032003997,6.740028244856));
#11480=CARTESIAN_POINT('Origin',(-0.539424460249003,-0.766002032003997,
6.740028244856));
#11481=CARTESIAN_POINT('',(-1.039424460249,-0.766002032003997,6.740028244856));
#11482=CARTESIAN_POINT('Origin',(-0.039424460249003,-1.266002032004,6.740028244856));
#11483=CARTESIAN_POINT('',(1.710575539751,-1.266002032004,8.540028244856));
#11484=CARTESIAN_POINT('Origin',(-0.039424460249003,-1.266002032004,8.540028244856));
#11485=CARTESIAN_POINT('',(1.710575539751,-1.266002032004,6.740028244856));
#11486=CARTESIAN_POINT('Origin',(-0.539424460249003,-1.766002032004,6.740028244856));
#11487=CARTESIAN_POINT('',(-1.039424460249,-1.766002032004,8.540028244856));
#11488=CARTESIAN_POINT('',(-1.039424460249,-1.766002032004,6.740028244856));
#11489=CARTESIAN_POINT('',(-0.539424460249003,-2.266002032004,8.540028244856));
#11490=CARTESIAN_POINT('Origin',(-0.539424460249003,-1.766002032004,8.540028244856));
#11491=CARTESIAN_POINT('',(-0.539424460249003,-2.266002032004,6.740028244856));
#11492=CARTESIAN_POINT('Origin',(-1.039424460249,-1.766002032004,6.740028244856));
#11493=CARTESIAN_POINT('',(-1.039424460249,-0.766002032003997,8.540028244856));
#11494=CARTESIAN_POINT('',(-1.039424460249,-0.766002032003997,6.740028244856));
#11495=CARTESIAN_POINT('',(-1.039424460249,-0.766002032003997,8.540028244856));
#11496=CARTESIAN_POINT('Origin',(-0.539424460249003,-0.766002032003997,
6.740028244856));
#11497=CARTESIAN_POINT('',(-0.539424460249003,-0.266002032003997,8.540028244856));
#11498=CARTESIAN_POINT('',(-0.539424460249003,-0.266002032003997,6.740028244856));
#11499=CARTESIAN_POINT('Origin',(-0.539424460249003,-0.766002032003997,
8.540028244856));
#11500=CARTESIAN_POINT('Origin',(-0.539424460249003,-0.266002032003997,
6.740028244856));
#11501=CARTESIAN_POINT('',(0.460575539750997,-0.266002032003997,8.540028244856));
#11502=CARTESIAN_POINT('',(0.460575539750997,-0.266002032003997,6.740028244856));
#11503=CARTESIAN_POINT('',(0.460575539750997,-0.266002032003997,8.540028244856));
#11504=CARTESIAN_POINT('Origin',(0.460575539750997,-0.766002032003997,6.740028244856));
#11505=CARTESIAN_POINT('',(0.960575539750997,-0.766002032003997,8.540028244856));
#11506=CARTESIAN_POINT('',(0.960575539750997,-0.766002032003997,6.740028244856));
#11507=CARTESIAN_POINT('Origin',(0.460575539750997,-0.766002032003997,8.540028244856));
#11508=CARTESIAN_POINT('Origin',(0.960575539750997,-0.766002032003997,6.740028244856));
#11509=CARTESIAN_POINT('',(0.960575539750997,-1.766002032004,8.540028244856));
#11510=CARTESIAN_POINT('',(0.960575539750997,-1.766002032004,6.740028244856));
#11511=CARTESIAN_POINT('',(0.960575539750997,-1.766002032004,8.540028244856));
#11512=CARTESIAN_POINT('Origin',(0.460575539750997,-1.766002032004,6.740028244856));
#11513=CARTESIAN_POINT('',(0.460575539750997,-2.266002032004,8.540028244856));
#11514=CARTESIAN_POINT('',(0.460575539750997,-2.266002032004,6.740028244856));
#11515=CARTESIAN_POINT('Origin',(0.460575539750997,-1.766002032004,8.540028244856));
#11516=CARTESIAN_POINT('Origin',(0.460575539750997,-2.266002032004,6.740028244856));
#11517=CARTESIAN_POINT('',(-0.539424460249003,-2.266002032004,8.540028244856));
#11518=CARTESIAN_POINT('Origin',(-0.039424460249003,-1.266002032004,8.540028244856));
#11519=CARTESIAN_POINT('',(-2.50015896308454,-5.61856285369905,8.540028244856));
#11520=CARTESIAN_POINT('',(-2.24789046450285,-5.75183282551985,8.540028244856));
#11521=CARTESIAN_POINT('Origin',(-0.039424460249003,-1.266002032004,8.540028244856));
#11522=CARTESIAN_POINT('',(-2.24789046450285,-5.75183282551985,8.540028244856));
#11523=CARTESIAN_POINT('',(-2.50015896308454,-5.61856285369905,8.540028244856));
#11524=CARTESIAN_POINT('Origin',(-2.02090844438304,-5.85661432456588,8.540028244856));
#11525=CARTESIAN_POINT('',(-1.78897271430291,-5.94991929288051,8.540028244856));
#11526=CARTESIAN_POINT('Origin',(-2.02090844438304,-5.85661432456588,8.540028244856));
#11527=CARTESIAN_POINT('',(-1.78897271430291,-5.94991929288051,8.540028244856));
#11528=CARTESIAN_POINT('Origin',(-2.02090844438304,-5.85661432456588,13.040028244856));
#11529=CARTESIAN_POINT('Origin',(-0.039424460249003,-1.266002032004,8.540028244856));
#11530=CARTESIAN_POINT('',(-1.51896204280661,-6.04208500257723,8.540028244856));
#11531=CARTESIAN_POINT('Origin',(-0.039424460249003,-1.266002032004,8.540028244856));
#11532=CARTESIAN_POINT('',(-1.51896204280661,-6.04208500257723,8.540028244856));
#11533=CARTESIAN_POINT('Origin',(-1.27838311026017,-6.11006865660388,8.540028244856));
#11534=CARTESIAN_POINT('',(-1.0347067810887,-6.16594214406904,8.540028244856));
#11535=CARTESIAN_POINT('Origin',(-1.27838311026017,-6.11006865660388,8.540028244856));
#11536=CARTESIAN_POINT('',(-1.0347067810887,-6.16594214406904,8.540028244856));
#11537=CARTESIAN_POINT('Origin',(-1.27838311026017,-6.11006865660388,13.040028244856));
#11538=CARTESIAN_POINT('Origin',(-0.039424460249003,-1.266002032004,8.540028244856));
#11539=CARTESIAN_POINT('',(-0.753602495524084,-6.21473416598848,8.540028244856));
#11540=CARTESIAN_POINT('Origin',(-0.039424460249003,-1.266002032004,8.540028244856));
#11541=CARTESIAN_POINT('',(-0.753602495524084,-6.21473416598848,8.540028244856));
#11542=CARTESIAN_POINT('Origin',(-0.505350502306002,-6.24424599180881,8.540028244856));
#11543=CARTESIAN_POINT('Origin',(-0.505350502306002,-6.24424599180881,13.040028244856));
#11544=CARTESIAN_POINT('',(-0.255933693982778,-6.26131220772963,8.540028244856));
#11545=CARTESIAN_POINT('Origin',(-0.505350502306002,-6.24424599180881,8.540028244856));
#11546=CARTESIAN_POINT('',(-0.255933693982778,-6.26131220772963,8.540028244856));
#11547=CARTESIAN_POINT('Origin',(-0.039424460249003,-1.266002032004,8.540028244856));
#11548=CARTESIAN_POINT('',(0.029342485207919,-6.26552912036071,8.540028244856));
#11549=CARTESIAN_POINT('Origin',(-0.039424460249003,-1.266002032004,8.540028244856));
#11550=CARTESIAN_POINT('',(0.029342485207919,-6.26552912036071,8.540028244856));
#11551=CARTESIAN_POINT('Origin',(0.279154751123485,-6.25584243887888,8.540028244856));
#11552=CARTESIAN_POINT('',(0.52817056901062,-6.23368115637986,8.540028244856));
#11553=CARTESIAN_POINT('Origin',(0.279154751123485,-6.25584243887888,8.540028244856));
#11554=CARTESIAN_POINT('',(0.52817056901062,-6.23368115637986,13.040028244856));
#11555=CARTESIAN_POINT('',(0.52817056901062,-6.23368115637986,8.540028244856));
#11556=CARTESIAN_POINT('Origin',(0.279154751123485,-6.25584243887888,13.040028244856));
#11557=CARTESIAN_POINT('Origin',(-0.039424460249003,-1.266002032004,8.540028244856));
#11558=CARTESIAN_POINT('',(0.810594195518366,-6.19321912533847,8.540028244856));
#11559=CARTESIAN_POINT('Origin',(-0.039424460249003,-1.266002032004,8.540028244856));
#11560=CARTESIAN_POINT('',(0.810594195518366,-6.19321912533847,13.040028244856));
#11561=CARTESIAN_POINT('',(0.810594195518366,-6.19321912533847,8.540028244856));
#11562=CARTESIAN_POINT('Origin',(-0.039424460249003,-1.266002032004,13.040028244856));
#11563=CARTESIAN_POINT('Origin',(1.0558155270652,-6.14457245480082,8.540028244856));
#11564=CARTESIAN_POINT('',(1.29829875864374,-6.08372935820618,8.540028244856));
#11565=CARTESIAN_POINT('Origin',(1.0558155270652,-6.14457245480082,8.540028244856));
#11566=CARTESIAN_POINT('',(1.29829875864374,-6.08372935820618,13.040028244856));
#11567=CARTESIAN_POINT('',(1.29829875864374,-6.08372935820618,8.540028244856));
#11568=CARTESIAN_POINT('Origin',(1.0558155270652,-6.14457245480082,13.040028244856));
#11569=CARTESIAN_POINT('Origin',(-0.039424460249003,-1.266002032004,8.540028244856));
#11570=CARTESIAN_POINT('',(1.57091562547364,-5.99958469298234,8.540028244856));
#11571=CARTESIAN_POINT('Origin',(-0.039424460249003,-1.266002032004,8.540028244856));
#11572=CARTESIAN_POINT('',(1.57091562547364,-5.99958469298234,13.040028244856));
#11573=CARTESIAN_POINT('',(1.57091562547364,-5.99958469298234,8.540028244856));
#11574=CARTESIAN_POINT('Origin',(-0.039424460249003,-1.266002032004,13.040028244856));
#11575=CARTESIAN_POINT('Origin',(1.80550785962611,-5.91317587586655,8.540028244856));
#11576=CARTESIAN_POINT('',(2.0354877629789,-5.8151491241411,8.540028244856));
#11577=CARTESIAN_POINT('Origin',(1.80550785962611,-5.91317587586655,8.540028244856));
#11578=CARTESIAN_POINT('',(2.0354877629789,-5.8151491241411,13.040028244856));
#11579=CARTESIAN_POINT('',(2.0354877629789,-5.8151491241411,8.540028244856));
#11580=CARTESIAN_POINT('Origin',(1.80550785962611,-5.91317587586655,13.040028244856));
#11581=CARTESIAN_POINT('Origin',(-0.039424460249003,-1.266002032004,8.540028244856));
#11582=CARTESIAN_POINT('',(2.29158513810608,-5.68939374565275,8.540028244856));
#11583=CARTESIAN_POINT('Origin',(-0.039424460249003,-1.266002032004,8.540028244856));
#11584=CARTESIAN_POINT('',(2.29158513810608,-5.68939374565275,13.040028244856));
#11585=CARTESIAN_POINT('',(2.29158513810608,-5.68939374565275,8.540028244856));
#11586=CARTESIAN_POINT('Origin',(-0.039424460249003,-1.266002032004,13.040028244856));
#11587=CARTESIAN_POINT('Origin',(2.50977183549238,-5.56735045381063,8.540028244856));
#11588=CARTESIAN_POINT('',(2.72158554213932,-5.43455379091399,8.540028244856));
#11589=CARTESIAN_POINT('Origin',(2.50977183549238,-5.56735045381063,8.540028244856));
#11590=CARTESIAN_POINT('',(2.72158554213932,-5.43455379091399,13.040028244856));
#11591=CARTESIAN_POINT('',(2.72158554213932,-5.43455379091399,8.540028244856));
#11592=CARTESIAN_POINT('Origin',(2.50977183549238,-5.56735045381063,13.040028244856));
#11593=CARTESIAN_POINT('Origin',(-0.039424460249003,-1.266002032004,8.540028244856));
#11594=CARTESIAN_POINT('',(2.9548574582497,-5.27028421393769,8.540028244856));
#11595=CARTESIAN_POINT('Origin',(-0.039424460249003,-1.266002032004,8.540028244856));
#11596=CARTESIAN_POINT('',(2.9548574582497,-5.27028421393769,13.040028244856));
#11597=CARTESIAN_POINT('',(2.9548574582497,-5.27028421393769,8.540028244856));
#11598=CARTESIAN_POINT('Origin',(-0.039424460249003,-1.266002032004,13.040028244856));
#11599=CARTESIAN_POINT('Origin',(3.15126613826004,-5.11561155825286,8.540028244856));
#11600=CARTESIAN_POINT('Origin',(3.15126613826004,-5.11561155825286,13.040028244856));
#11601=CARTESIAN_POINT('Origin',(3.15126613826004,-5.11561155825286,8.540028244856));
#11602=CARTESIAN_POINT('Origin',(-0.039424460249003,-1.266002032004,8.540028244856));
#11603=CARTESIAN_POINT('',(4.04569811445425,-4.1490166954509,8.540028244856));
#11604=CARTESIAN_POINT('Origin',(-0.039424460249003,-1.266002032004,8.540028244856));
#11605=CARTESIAN_POINT('',(4.04569811445425,-4.1490166954509,13.040028244856));
#11606=CARTESIAN_POINT('',(4.04569811445425,-4.1490166954509,8.540028244856));
#11607=CARTESIAN_POINT('Origin',(-0.039424460249003,-1.266002032004,13.040028244856));
#11608=CARTESIAN_POINT('Origin',(4.18469739026329,-3.94122063840322,8.540028244856));
#11609=CARTESIAN_POINT('',(4.31313636144605,-3.72673653483954,8.540028244856));
#11610=CARTESIAN_POINT('Origin',(4.18469739026329,-3.94122063840322,8.540028244856));
#11611=CARTESIAN_POINT('',(4.31313636144605,-3.72673653483954,13.040028244856));
#11612=CARTESIAN_POINT('',(4.31313636144605,-3.72673653483954,8.540028244856));
#11613=CARTESIAN_POINT('Origin',(4.18469739026329,-3.94122063840322,13.040028244856));
#11614=CARTESIAN_POINT('Origin',(-0.039424460249003,-1.266002032004,8.540028244856));
#11615=CARTESIAN_POINT('',(4.44640633326685,-3.47446803625784,8.540028244856));
#11616=CARTESIAN_POINT('Origin',(-0.039424460249003,-1.266002032004,8.540028244856));
#11617=CARTESIAN_POINT('',(4.44640633326685,-3.47446803625784,13.040028244856));
#11618=CARTESIAN_POINT('',(4.44640633326685,-3.47446803625784,8.540028244856));
#11619=CARTESIAN_POINT('Origin',(-0.039424460249003,-1.266002032004,13.040028244856));
#11620=CARTESIAN_POINT('Origin',(4.55118783231288,-3.24748601613804,8.540028244856));
#11621=CARTESIAN_POINT('',(4.64449280062751,-3.0155502860579,8.540028244856));
#11622=CARTESIAN_POINT('Origin',(4.55118783231288,-3.24748601613804,8.540028244856));
#11623=CARTESIAN_POINT('',(4.64449280062751,-3.0155502860579,13.040028244856));
#11624=CARTESIAN_POINT('',(4.64449280062751,-3.0155502860579,8.540028244856));
#11625=CARTESIAN_POINT('Origin',(4.55118783231288,-3.24748601613804,13.040028244856));
#11626=CARTESIAN_POINT('Origin',(-0.039424460249003,-1.266002032004,8.540028244856));
#11627=CARTESIAN_POINT('',(4.73665851032423,-2.7455396145616,8.540028244856));
#11628=CARTESIAN_POINT('Origin',(-0.039424460249003,-1.266002032004,8.540028244856));
#11629=CARTESIAN_POINT('',(4.73665851032423,-2.7455396145616,13.040028244856));
#11630=CARTESIAN_POINT('',(4.73665851032423,-2.7455396145616,8.540028244856));
#11631=CARTESIAN_POINT('Origin',(-0.039424460249003,-1.266002032004,13.040028244856));
#11632=CARTESIAN_POINT('Origin',(4.80464216435088,-2.50496068201516,8.540028244856));
#11633=CARTESIAN_POINT('',(4.86051565181604,-2.26128435284369,8.540028244856));
#11634=CARTESIAN_POINT('Origin',(4.80464216435088,-2.50496068201516,8.540028244856));
#11635=CARTESIAN_POINT('',(4.86051565181604,-2.26128435284369,13.040028244856));
#11636=CARTESIAN_POINT('',(4.86051565181604,-2.26128435284369,8.540028244856));
#11637=CARTESIAN_POINT('Origin',(4.80464216435088,-2.50496068201516,13.040028244856));
#11638=CARTESIAN_POINT('Origin',(-0.039424460249003,-1.266002032004,8.540028244856));
#11639=CARTESIAN_POINT('',(4.90930767373548,-1.98018006727908,8.540028244856));
#11640=CARTESIAN_POINT('Origin',(-0.039424460249003,-1.266002032004,8.540028244856));
#11641=CARTESIAN_POINT('',(4.90930767373548,-1.98018006727908,13.040028244856));
#11642=CARTESIAN_POINT('',(4.90930767373548,-1.98018006727908,8.540028244856));
#11643=CARTESIAN_POINT('Origin',(-0.039424460249003,-1.266002032004,13.040028244856));
#11644=CARTESIAN_POINT('Origin',(4.93881949955581,-1.731928074061,8.540028244856));
#11645=CARTESIAN_POINT('Origin',(4.93881949955581,-1.731928074061,13.040028244856));
#11646=CARTESIAN_POINT('',(4.95588571547663,-1.48251126573777,8.540028244856));
#11647=CARTESIAN_POINT('Origin',(4.93881949955581,-1.731928074061,8.540028244856));
#11648=CARTESIAN_POINT('',(4.95588571547663,-1.48251126573777,8.540028244856));
#11649=CARTESIAN_POINT('Origin',(-0.039424460249003,-1.266002032004,8.540028244856));
#11650=CARTESIAN_POINT('',(4.96010262810771,-1.19723508654707,8.540028244856));
#11651=CARTESIAN_POINT('Origin',(-0.039424460249003,-1.266002032004,8.540028244856));
#11652=CARTESIAN_POINT('',(4.96010262810771,-1.19723508654707,8.540028244856));
#11653=CARTESIAN_POINT('Origin',(4.95041594662588,-0.947422820631508,8.540028244856));
#11654=CARTESIAN_POINT('',(4.92825466412686,-0.698407002744373,8.540028244856));
#11655=CARTESIAN_POINT('Origin',(4.95041594662588,-0.947422820631508,8.540028244856));
#11656=CARTESIAN_POINT('',(4.92825466412686,-0.698407002744372,13.040028244856));
#11657=CARTESIAN_POINT('',(4.92825466412686,-0.698407002744373,8.540028244856));
#11658=CARTESIAN_POINT('Origin',(4.95041594662588,-0.947422820631508,13.040028244856));
#11659=CARTESIAN_POINT('Origin',(-0.039424460249003,-1.266002032004,8.540028244856));
#11660=CARTESIAN_POINT('',(4.88779263308547,-0.415983376236628,8.540028244856));
#11661=CARTESIAN_POINT('Origin',(-0.039424460249003,-1.266002032004,8.540028244856));
#11662=CARTESIAN_POINT('',(4.88779263308547,-0.415983376236628,13.040028244856));
#11663=CARTESIAN_POINT('',(4.88779263308547,-0.415983376236628,8.540028244856));
#11664=CARTESIAN_POINT('Origin',(-0.039424460249003,-1.266002032004,13.040028244856));
#11665=CARTESIAN_POINT('Origin',(4.83914596254782,-0.170762044689796,8.540028244856));
#11666=CARTESIAN_POINT('',(4.77830286595318,0.0717211868887508,8.540028244856));
#11667=CARTESIAN_POINT('Origin',(4.83914596254782,-0.170762044689796,8.540028244856));
#11668=CARTESIAN_POINT('',(4.77830286595318,0.0717211868887513,13.040028244856));
#11669=CARTESIAN_POINT('',(4.77830286595318,0.0717211868887508,8.540028244856));
#11670=CARTESIAN_POINT('Origin',(4.83914596254782,-0.170762044689796,13.040028244856));
#11671=CARTESIAN_POINT('Origin',(-0.039424460249003,-1.266002032004,8.540028244856));
#11672=CARTESIAN_POINT('',(4.69415820072934,0.344338053718644,8.540028244856));
#11673=CARTESIAN_POINT('Origin',(-0.039424460249003,-1.266002032004,8.540028244856));
#11674=CARTESIAN_POINT('',(4.69415820072934,0.344338053718645,13.040028244856));
#11675=CARTESIAN_POINT('',(4.69415820072934,0.344338053718644,8.540028244856));
#11676=CARTESIAN_POINT('Origin',(-0.039424460249003,-1.266002032004,13.040028244856));
#11677=CARTESIAN_POINT('Origin',(4.60774938361355,0.57893028787112,8.540028244856));
#11678=CARTESIAN_POINT('',(4.5097226318881,0.808910191223907,8.540028244856));
#11679=CARTESIAN_POINT('Origin',(4.60774938361355,0.57893028787112,8.540028244856));
#11680=CARTESIAN_POINT('',(4.5097226318881,0.808910191223907,13.040028244856));
#11681=CARTESIAN_POINT('',(4.5097226318881,0.808910191223907,8.540028244856));
#11682=CARTESIAN_POINT('Origin',(4.60774938361355,0.57893028787112,13.040028244856));
#11683=CARTESIAN_POINT('Origin',(-0.039424460249003,-1.266002032004,8.540028244856));
#11684=CARTESIAN_POINT('',(4.38396725339975,1.06500756635109,8.540028244856));
#11685=CARTESIAN_POINT('Origin',(-0.039424460249003,-1.266002032004,8.540028244856));
#11686=CARTESIAN_POINT('',(4.38396725339975,1.06500756635109,13.040028244856));
#11687=CARTESIAN_POINT('',(4.38396725339975,1.06500756635109,8.540028244856));
#11688=CARTESIAN_POINT('Origin',(-0.039424460249003,-1.266002032004,13.040028244856));
#11689=CARTESIAN_POINT('Origin',(4.26192396155763,1.28319426373739,8.540028244856));
#11690=CARTESIAN_POINT('',(4.12912729866099,1.49500797038433,8.540028244856));
#11691=CARTESIAN_POINT('Origin',(4.26192396155763,1.28319426373739,8.540028244856));
#11692=CARTESIAN_POINT('',(4.12912729866099,1.49500797038433,13.040028244856));
#11693=CARTESIAN_POINT('',(4.12912729866099,1.49500797038433,8.540028244856));
#11694=CARTESIAN_POINT('Origin',(4.26192396155763,1.28319426373739,13.040028244856));
#11695=CARTESIAN_POINT('Origin',(-0.039424460249003,-1.266002032004,8.540028244856));
#11696=CARTESIAN_POINT('',(3.9648577216847,1.72827988649471,8.540028244856));
#11697=CARTESIAN_POINT('Origin',(-0.039424460249003,-1.266002032004,8.540028244856));
#11698=CARTESIAN_POINT('',(3.9648577216847,1.72827988649471,13.040028244856));
#11699=CARTESIAN_POINT('',(3.9648577216847,1.72827988649471,8.540028244856));
#11700=CARTESIAN_POINT('Origin',(-0.039424460249003,-1.266002032004,13.040028244856));
#11701=CARTESIAN_POINT('Origin',(3.81018506599986,1.92468856650504,8.540028244856));
#11702=CARTESIAN_POINT('Origin',(3.81018506599986,1.92468856650504,13.040028244856));
#11703=CARTESIAN_POINT('Origin',(3.81018506599986,1.92468856650504,8.540028244856));
#11704=CARTESIAN_POINT('Origin',(-0.039424460249003,-1.266002032004,8.540028244856));
#11705=CARTESIAN_POINT('',(2.8435902031979,2.81912054269926,8.540028244856));
#11706=CARTESIAN_POINT('Origin',(-0.039424460249003,-1.266002032004,8.540028244856));
#11707=CARTESIAN_POINT('',(2.8435902031979,2.81912054269926,13.040028244856));
#11708=CARTESIAN_POINT('',(2.8435902031979,2.81912054269926,8.540028244856));
#11709=CARTESIAN_POINT('Origin',(-0.039424460249003,-1.266002032004,13.040028244856));
#11710=CARTESIAN_POINT('Origin',(2.63579414615022,2.9581198185083,8.540028244856));
#11711=CARTESIAN_POINT('',(2.42131004258654,3.08655878969106,8.540028244856));
#11712=CARTESIAN_POINT('Origin',(2.63579414615022,2.9581198185083,8.540028244856));
#11713=CARTESIAN_POINT('',(2.42131004258654,3.08655878969106,13.040028244856));
#11714=CARTESIAN_POINT('',(2.42131004258654,3.08655878969106,8.540028244856));
#11715=CARTESIAN_POINT('Origin',(2.63579414615022,2.9581198185083,13.040028244856));
#11716=CARTESIAN_POINT('Origin',(-0.039424460249003,-1.266002032004,8.540028244856));
#11717=CARTESIAN_POINT('',(2.16904154400484,3.21982876151186,8.540028244856));
#11718=CARTESIAN_POINT('Origin',(-0.039424460249003,-1.266002032004,8.540028244856));
#11719=CARTESIAN_POINT('',(2.16904154400484,3.21982876151186,13.040028244856));
#11720=CARTESIAN_POINT('',(2.16904154400484,3.21982876151186,8.540028244856));
#11721=CARTESIAN_POINT('Origin',(-0.039424460249003,-1.266002032004,13.040028244856));
#11722=CARTESIAN_POINT('Origin',(1.94205952388504,3.32461026055789,8.540028244856));
#11723=CARTESIAN_POINT('',(1.7101237938049,3.41791522887252,8.540028244856));
#11724=CARTESIAN_POINT('Origin',(1.94205952388504,3.32461026055789,8.540028244856));
#11725=CARTESIAN_POINT('',(1.7101237938049,3.41791522887252,13.040028244856));
#11726=CARTESIAN_POINT('',(1.7101237938049,3.41791522887252,8.540028244856));
#11727=CARTESIAN_POINT('Origin',(1.94205952388504,3.32461026055789,13.040028244856));
#11728=CARTESIAN_POINT('Origin',(-0.039424460249003,-1.266002032004,8.540028244856));
#11729=CARTESIAN_POINT('',(1.4401131223086,3.51008093856923,8.540028244856));
#11730=CARTESIAN_POINT('Origin',(-0.039424460249003,-1.266002032004,8.540028244856));
#11731=CARTESIAN_POINT('',(1.4401131223086,3.51008093856923,13.040028244856));
#11732=CARTESIAN_POINT('',(1.4401131223086,3.51008093856923,8.540028244856));
#11733=CARTESIAN_POINT('Origin',(-0.039424460249003,-1.266002032004,13.040028244856));
#11734=CARTESIAN_POINT('Origin',(1.19953418976216,3.57806459259589,8.540028244856));
#11735=CARTESIAN_POINT('',(0.955857860590695,3.63393808006104,8.540028244856));
#11736=CARTESIAN_POINT('Origin',(1.19953418976216,3.57806459259589,8.540028244856));
#11737=CARTESIAN_POINT('',(0.955857860590695,3.63393808006104,13.040028244856));
#11738=CARTESIAN_POINT('',(0.955857860590695,3.63393808006104,8.540028244856));
#11739=CARTESIAN_POINT('Origin',(1.19953418976216,3.57806459259589,13.040028244856));
#11740=CARTESIAN_POINT('Origin',(-0.039424460249003,-1.266002032004,8.540028244856));
#11741=CARTESIAN_POINT('',(0.674753575026079,3.68273010198049,8.540028244856));
#11742=CARTESIAN_POINT('Origin',(-0.039424460249003,-1.266002032004,8.540028244856));
#11743=CARTESIAN_POINT('',(0.674753575026079,3.68273010198049,13.040028244856));
#11744=CARTESIAN_POINT('',(0.674753575026079,3.68273010198049,8.540028244856));
#11745=CARTESIAN_POINT('Origin',(-0.039424460249003,-1.266002032004,13.040028244856));
#11746=CARTESIAN_POINT('Origin',(0.426501581807997,3.71224192780082,8.540028244856));
#11747=CARTESIAN_POINT('Origin',(0.426501581807997,3.71224192780082,13.040028244856));
#11748=CARTESIAN_POINT('Origin',(0.426501581807997,3.71224192780082,8.540028244856));
#11749=CARTESIAN_POINT('Origin',(-0.039424460249003,-1.266002032004,8.540028244856));
#11750=CARTESIAN_POINT('',(-0.889443116016372,3.66121506133048,8.540028244856));
#11751=CARTESIAN_POINT('Origin',(-0.039424460249003,-1.266002032004,8.540028244856));
#11752=CARTESIAN_POINT('',(-0.889443116016372,3.66121506133048,8.540028244856));
#11753=CARTESIAN_POINT('Origin',(-1.1346644475632,3.61256839079283,8.540028244856));
#11754=CARTESIAN_POINT('',(-1.37714767914175,3.55172529419819,8.540028244856));
#11755=CARTESIAN_POINT('Origin',(-1.1346644475632,3.61256839079283,8.540028244856));
#11756=CARTESIAN_POINT('',(-1.37714767914175,3.55172529419819,8.540028244856));
#11757=CARTESIAN_POINT('Origin',(-1.1346644475632,3.61256839079283,13.040028244856));
#11758=CARTESIAN_POINT('Origin',(-0.039424460249003,-1.266002032004,8.540028244856));
#11759=CARTESIAN_POINT('',(-1.64976454597164,3.46758062897434,8.540028244856));
#11760=CARTESIAN_POINT('Origin',(-0.039424460249003,-1.266002032004,8.540028244856));
#11761=CARTESIAN_POINT('',(-1.64976454597164,3.46758062897434,8.540028244856));
#11762=CARTESIAN_POINT('Origin',(-1.88435678012412,3.38117181185855,8.540028244856));
#11763=CARTESIAN_POINT('',(-2.11433668347691,3.2831450601331,8.540028244856));
#11764=CARTESIAN_POINT('Origin',(-1.88435678012412,3.38117181185855,8.540028244856));
#11765=CARTESIAN_POINT('',(-2.11433668347691,3.2831450601331,8.540028244856));
#11766=CARTESIAN_POINT('Origin',(-1.88435678012412,3.38117181185855,13.040028244856));
#11767=CARTESIAN_POINT('Origin',(-0.039424460249003,-1.266002032004,8.540028244856));
#11768=CARTESIAN_POINT('',(-2.37043405860409,3.15738968164476,8.540028244856));
#11769=CARTESIAN_POINT('Origin',(-0.039424460249003,-1.266002032004,8.540028244856));
#11770=CARTESIAN_POINT('',(-2.37043405860409,3.15738968164476,8.540028244856));
#11771=CARTESIAN_POINT('Origin',(-2.58862075599039,3.03534638980264,8.540028244856));
#11772=CARTESIAN_POINT('',(-2.80043446263733,2.902549726906,8.540028244856));
#11773=CARTESIAN_POINT('Origin',(-2.58862075599039,3.03534638980264,8.540028244856));
#11774=CARTESIAN_POINT('',(-2.80043446263733,2.902549726906,8.540028244856));
#11775=CARTESIAN_POINT('Origin',(-2.58862075599039,3.03534638980264,13.040028244856));
#11776=CARTESIAN_POINT('Origin',(-0.039424460249003,-1.266002032004,8.540028244856));
#11777=CARTESIAN_POINT('',(-3.03370637874771,2.7382801499297,8.540028244856));
#11778=CARTESIAN_POINT('Origin',(-0.039424460249003,-1.266002032004,8.540028244856));
#11779=CARTESIAN_POINT('',(-3.03370637874771,2.7382801499297,8.540028244856));
#11780=CARTESIAN_POINT('Origin',(-3.23011505875804,2.58360749424487,8.540028244856));
#11781=CARTESIAN_POINT('Origin',(-3.23011505875804,2.58360749424487,13.040028244856));
#11782=CARTESIAN_POINT('Origin',(-3.23011505875804,2.58360749424487,8.540028244856));
#11783=CARTESIAN_POINT('Origin',(-0.039424460249003,-1.266002032004,8.540028244856));
#11784=CARTESIAN_POINT('',(-4.12454703495226,1.6170126314429,8.540028244856));
#11785=CARTESIAN_POINT('Origin',(-0.039424460249003,-1.266002032004,8.540028244856));
#11786=CARTESIAN_POINT('',(-4.12454703495226,1.6170126314429,13.040028244856));
#11787=CARTESIAN_POINT('',(-4.12454703495226,1.6170126314429,8.540028244856));
#11788=CARTESIAN_POINT('Origin',(-0.039424460249003,-1.266002032004,13.040028244856));
#11789=CARTESIAN_POINT('Origin',(-4.2635463107613,1.40921657439522,8.540028244856));
#11790=CARTESIAN_POINT('',(-4.39198528194406,1.19473247083154,8.540028244856));
#11791=CARTESIAN_POINT('Origin',(-4.2635463107613,1.40921657439522,8.540028244856));
#11792=CARTESIAN_POINT('',(-4.39198528194406,1.19473247083154,13.040028244856));
#11793=CARTESIAN_POINT('',(-4.39198528194406,1.19473247083154,8.540028244856));
#11794=CARTESIAN_POINT('Origin',(-4.2635463107613,1.40921657439522,13.040028244856));
#11795=CARTESIAN_POINT('Origin',(-0.039424460249003,-1.266002032004,8.540028244856));
#11796=CARTESIAN_POINT('',(-4.52525525376486,0.942463972249845,8.540028244856));
#11797=CARTESIAN_POINT('Origin',(-0.039424460249003,-1.266002032004,8.540028244856));
#11798=CARTESIAN_POINT('',(-4.52525525376486,0.942463972249845,13.040028244856));
#11799=CARTESIAN_POINT('',(-4.52525525376486,0.942463972249845,8.540028244856));
#11800=CARTESIAN_POINT('Origin',(-0.039424460249003,-1.266002032004,13.040028244856));
#11801=CARTESIAN_POINT('Origin',(-4.63003675281089,0.715481952130043,8.540028244856));
#11802=CARTESIAN_POINT('',(-4.72334172112552,0.483546222049905,8.540028244856));
#11803=CARTESIAN_POINT('Origin',(-4.63003675281089,0.715481952130043,8.540028244856));
#11804=CARTESIAN_POINT('',(-4.72334172112552,0.483546222049905,13.040028244856));
#11805=CARTESIAN_POINT('',(-4.72334172112552,0.483546222049905,8.540028244856));
#11806=CARTESIAN_POINT('Origin',(-4.63003675281089,0.715481952130043,13.040028244856));
#11807=CARTESIAN_POINT('Origin',(-0.039424460249003,-1.266002032004,8.540028244856));
#11808=CARTESIAN_POINT('',(-4.81550743082223,0.213535550553608,8.540028244856));
#11809=CARTESIAN_POINT('Origin',(-0.039424460249003,-1.266002032004,8.540028244856));
#11810=CARTESIAN_POINT('',(-4.81550743082223,0.213535550553609,13.040028244856));
#11811=CARTESIAN_POINT('',(-4.81550743082223,0.213535550553608,8.540028244856));
#11812=CARTESIAN_POINT('Origin',(-0.039424460249003,-1.266002032004,13.040028244856));
#11813=CARTESIAN_POINT('Origin',(-4.88349108484889,-0.0270433819928306,
8.540028244856));
#11814=CARTESIAN_POINT('',(-4.93936457231404,-0.270719711164298,8.540028244856));
#11815=CARTESIAN_POINT('Origin',(-4.88349108484889,-0.0270433819928306,
8.540028244856));
#11816=CARTESIAN_POINT('',(-4.93936457231404,-0.270719711164298,13.040028244856));
#11817=CARTESIAN_POINT('',(-4.93936457231404,-0.270719711164298,8.540028244856));
#11818=CARTESIAN_POINT('Origin',(-4.88349108484889,-0.0270433819928306,
13.040028244856));
#11819=CARTESIAN_POINT('Origin',(-0.039424460249003,-1.266002032004,8.540028244856));
#11820=CARTESIAN_POINT('',(-4.98815659423349,-0.551823996728914,8.540028244856));
#11821=CARTESIAN_POINT('Origin',(-0.039424460249003,-1.266002032004,8.540028244856));
#11822=CARTESIAN_POINT('',(-4.98815659423349,-0.551823996728914,13.040028244856));
#11823=CARTESIAN_POINT('',(-4.98815659423349,-0.551823996728914,8.540028244856));
#11824=CARTESIAN_POINT('Origin',(-0.039424460249003,-1.266002032004,13.040028244856));
#11825=CARTESIAN_POINT('Origin',(-5.01766842005382,-0.800075989946996,8.540028244856));
#11826=CARTESIAN_POINT('Origin',(-5.01766842005382,-0.800075989946996,13.040028244856));
#11827=CARTESIAN_POINT('',(-5.03473463597463,-1.04949279827022,8.540028244856));
#11828=CARTESIAN_POINT('Origin',(-5.01766842005382,-0.800075989946996,8.540028244856));
#11829=CARTESIAN_POINT('',(-5.03473463597463,-1.04949279827022,8.540028244856));
#11830=CARTESIAN_POINT('Origin',(-0.039424460249003,-1.266002032004,8.540028244856));
#11831=CARTESIAN_POINT('',(-5.03895154860571,-1.33476897746092,8.540028244856));
#11832=CARTESIAN_POINT('Origin',(-0.039424460249003,-1.266002032004,8.540028244856));
#11833=CARTESIAN_POINT('',(-5.03895154860571,-1.33476897746092,8.540028244856));
#11834=CARTESIAN_POINT('Origin',(-5.02926486712389,-1.58458124337648,8.540028244856));
#11835=CARTESIAN_POINT('',(-5.00710358462487,-1.83359706126362,8.540028244856));
#11836=CARTESIAN_POINT('Origin',(-5.02926486712389,-1.58458124337648,8.540028244856));
#11837=CARTESIAN_POINT('',(-5.00710358462487,-1.83359706126362,13.040028244856));
#11838=CARTESIAN_POINT('',(-5.00710358462487,-1.83359706126362,8.540028244856));
#11839=CARTESIAN_POINT('Origin',(-5.02926486712389,-1.58458124337648,13.040028244856));
#11840=CARTESIAN_POINT('Origin',(-0.039424460249003,-1.266002032004,8.540028244856));
#11841=CARTESIAN_POINT('',(-4.96664155358348,-2.11602068777136,8.540028244856));
#11842=CARTESIAN_POINT('Origin',(-0.039424460249003,-1.266002032004,8.540028244856));
#11843=CARTESIAN_POINT('',(-4.96664155358348,-2.11602068777136,13.040028244856));
#11844=CARTESIAN_POINT('',(-4.96664155358348,-2.11602068777136,8.540028244856));
#11845=CARTESIAN_POINT('Origin',(-0.039424460249003,-1.266002032004,13.040028244856));
#11846=CARTESIAN_POINT('Origin',(-4.91799488304583,-2.3612420193182,8.540028244856));
#11847=CARTESIAN_POINT('',(-4.85715178645119,-2.60372525089674,8.540028244856));
#11848=CARTESIAN_POINT('Origin',(-4.91799488304583,-2.3612420193182,8.540028244856));
#11849=CARTESIAN_POINT('',(-4.85715178645119,-2.60372525089674,13.040028244856));
#11850=CARTESIAN_POINT('',(-4.85715178645119,-2.60372525089674,8.540028244856));
#11851=CARTESIAN_POINT('Origin',(-4.91799488304583,-2.3612420193182,13.040028244856));
#11852=CARTESIAN_POINT('Origin',(-0.039424460249003,-1.266002032004,8.540028244856));
#11853=CARTESIAN_POINT('',(-4.77300712122734,-2.87634211772664,8.540028244856));
#11854=CARTESIAN_POINT('Origin',(-0.039424460249003,-1.266002032004,8.540028244856));
#11855=CARTESIAN_POINT('',(-4.77300712122734,-2.87634211772664,13.040028244856));
#11856=CARTESIAN_POINT('',(-4.77300712122734,-2.87634211772664,8.540028244856));
#11857=CARTESIAN_POINT('Origin',(-0.039424460249003,-1.266002032004,13.040028244856));
#11858=CARTESIAN_POINT('Origin',(-4.68659830411155,-3.11093435187911,8.540028244856));
#11859=CARTESIAN_POINT('',(-4.5885715523861,-3.3409142552319,8.540028244856));
#11860=CARTESIAN_POINT('Origin',(-4.68659830411155,-3.11093435187911,8.540028244856));
#11861=CARTESIAN_POINT('',(-4.5885715523861,-3.3409142552319,13.040028244856));
#11862=CARTESIAN_POINT('',(-4.5885715523861,-3.3409142552319,8.540028244856));
#11863=CARTESIAN_POINT('Origin',(-4.68659830411155,-3.11093435187911,13.040028244856));
#11864=CARTESIAN_POINT('Origin',(-0.039424460249003,-1.266002032004,8.540028244856));
#11865=CARTESIAN_POINT('',(-4.46281617389776,-3.59701163035908,8.540028244856));
#11866=CARTESIAN_POINT('Origin',(-0.039424460249003,-1.266002032004,8.540028244856));
#11867=CARTESIAN_POINT('',(-4.46281617389776,-3.59701163035908,13.040028244856));
#11868=CARTESIAN_POINT('',(-4.46281617389776,-3.59701163035908,8.540028244856));
#11869=CARTESIAN_POINT('Origin',(-0.039424460249003,-1.266002032004,13.040028244856));
#11870=CARTESIAN_POINT('Origin',(-4.34077288205564,-3.81519832774538,8.540028244856));
#11871=CARTESIAN_POINT('',(-4.207976219159,-4.02701203439232,8.540028244856));
#11872=CARTESIAN_POINT('Origin',(-4.34077288205564,-3.81519832774538,8.540028244856));
#11873=CARTESIAN_POINT('',(-4.207976219159,-4.02701203439232,13.040028244856));
#11874=CARTESIAN_POINT('',(-4.207976219159,-4.02701203439232,8.540028244856));
#11875=CARTESIAN_POINT('Origin',(-4.34077288205564,-3.81519832774538,13.040028244856));
#11876=CARTESIAN_POINT('Origin',(-0.039424460249003,-1.266002032004,8.540028244856));
#11877=CARTESIAN_POINT('',(-4.0437066421827,-4.2602839505027,8.540028244856));
#11878=CARTESIAN_POINT('Origin',(-0.039424460249003,-1.266002032004,8.540028244856));
#11879=CARTESIAN_POINT('',(-4.0437066421827,-4.2602839505027,13.040028244856));
#11880=CARTESIAN_POINT('',(-4.0437066421827,-4.2602839505027,8.540028244856));
#11881=CARTESIAN_POINT('Origin',(-0.039424460249003,-1.266002032004,13.040028244856));
#11882=CARTESIAN_POINT('Origin',(-3.88903398649787,-4.45669263051304,8.540028244856));
#11883=CARTESIAN_POINT('Origin',(-3.88903398649787,-4.45669263051304,13.040028244856));
#11884=CARTESIAN_POINT('Origin',(-3.88903398649787,-4.45669263051304,8.540028244856));
#11885=CARTESIAN_POINT('Origin',(-0.039424460249003,-1.266002032004,8.540028244856));
#11886=CARTESIAN_POINT('',(-2.9224391236959,-5.35112460670725,8.540028244856));
#11887=CARTESIAN_POINT('Origin',(-0.039424460249003,-1.266002032004,8.540028244856));
#11888=CARTESIAN_POINT('',(-2.9224391236959,-5.35112460670725,8.540028244856));
#11889=CARTESIAN_POINT('Origin',(-2.71464306664822,-5.49012388251629,8.540028244856));
#11890=CARTESIAN_POINT('Origin',(-2.71464306664822,-5.49012388251629,8.540028244856));
#11891=CARTESIAN_POINT('Origin',(-2.71464306664822,-5.49012388251629,13.040028244856));
#11892=CARTESIAN_POINT('Origin',(-0.0394244602490026,-1.266002032004,8.540028244856));
#11893=CARTESIAN_POINT('Origin',(-0.0394244602490026,-1.266002032004,8.540028244856));
#11894=CARTESIAN_POINT('Origin',(-0.0394244602490032,-1.266002032004,13.040028244856));
#11895=CARTESIAN_POINT('Origin',(-0.039424460249003,-1.266002032004,13.040028244856));
#11896=CARTESIAN_POINT('Origin',(-0.0394244602490032,-1.266002032004,13.040028244856));
#11897=CARTESIAN_POINT('Origin',(-0.039424460249003,-1.266002032004,13.040028244856));
#11898=CARTESIAN_POINT('Origin',(-0.0394244602490032,-1.266002032004,13.040028244856));
#11899=CARTESIAN_POINT('Origin',(-0.039424460249003,-1.266002032004,13.040028244856));
#11900=CARTESIAN_POINT('Origin',(-0.0394244602490032,-1.266002032004,13.040028244856));
#11901=CARTESIAN_POINT('Origin',(-0.039424460249003,-1.266002032004,13.040028244856));
#11902=CARTESIAN_POINT('Origin',(-0.0394244602490032,-1.266002032004,13.040028244856));
#11903=CARTESIAN_POINT('Origin',(-0.039424460249003,-1.266002032004,13.040028244856));
#11904=CARTESIAN_POINT('Origin',(-0.0394244602490032,-1.266002032004,13.040028244856));
#11905=CARTESIAN_POINT('Origin',(-0.039424460249003,-1.266002032004,13.040028244856));
#11906=CARTESIAN_POINT('Origin',(-0.0394244602490032,-1.266002032004,13.040028244856));
#11907=CARTESIAN_POINT('Origin',(-0.039424460249003,-1.266002032004,13.040028244856));
#11908=CARTESIAN_POINT('Origin',(-0.0394244602490032,-1.266002032004,13.040028244856));
#11909=CARTESIAN_POINT('Origin',(-0.039424460249003,-1.266002032004,13.040028244856));
#11910=CARTESIAN_POINT('Origin',(-0.0394244602490032,-1.266002032004,13.040028244856));
#11911=CARTESIAN_POINT('Origin',(-0.0394244602490032,-1.266002032004,13.040028244856));
#11912=CARTESIAN_POINT('Origin',(-0.039424460249003,-1.266002032004,13.040028244856));
#11913=CARTESIAN_POINT('Origin',(-0.0394244602490032,-1.266002032004,13.040028244856));
#11914=CARTESIAN_POINT('Origin',(-0.0394244602490032,-1.266002032004,13.040028244856));
#11915=CARTESIAN_POINT('Origin',(-0.0394244602490032,-1.266002032004,13.040028244856));
#11916=CARTESIAN_POINT('Origin',(-0.039424460249003,-1.266002032004,13.040028244856));
#11917=CARTESIAN_POINT('Origin',(-0.0394244602490032,-1.266002032004,13.040028244856));
#11918=CARTESIAN_POINT('Origin',(-0.0394244602490032,-1.266002032004,13.040028244856));
#11919=CARTESIAN_POINT('Origin',(-0.039424460249003,-1.266002032004,13.040028244856));
#11920=CARTESIAN_POINT('Origin',(-0.0394244602490032,-1.266002032004,13.040028244856));
#11921=CARTESIAN_POINT('Origin',(-0.039424460249003,-1.266002032004,13.040028244856));
#11922=CARTESIAN_POINT('Origin',(-0.0394244602490032,-1.266002032004,13.040028244856));
#11923=CARTESIAN_POINT('Origin',(-0.039424460249003,-1.266002032004,13.040028244856));
#11924=CARTESIAN_POINT('Origin',(-0.0394244602490032,-1.266002032004,13.040028244856));
#11925=CARTESIAN_POINT('Origin',(-0.039424460249003,-1.266002032004,13.040028244856));
#11926=CARTESIAN_POINT('Origin',(-0.0394244602490032,-1.266002032004,13.040028244856));
#11927=CARTESIAN_POINT('Origin',(-0.039424460249003,-1.266002032004,13.040028244856));
#11928=CARTESIAN_POINT('Origin',(-0.0394244602490032,-1.266002032004,13.040028244856));
#11929=CARTESIAN_POINT('Origin',(-0.039424460249003,-1.266002032004,13.040028244856));
#11930=CARTESIAN_POINT('Origin',(-0.0394244602490032,-1.266002032004,13.040028244856));
#11931=CARTESIAN_POINT('Origin',(-0.039424460249003,-1.266002032004,13.040028244856));
#11932=CARTESIAN_POINT('Origin',(-0.0394244602490032,-1.266002032004,13.040028244856));
#11933=CARTESIAN_POINT('Origin',(-0.039424460249003,-1.266002032004,13.040028244856));
#11934=CARTESIAN_POINT('Origin',(-0.0394244602490032,-1.266002032004,13.040028244856));
#11935=CARTESIAN_POINT('Origin',(-0.039424460249003,-1.266002032004,13.040028244856));
#11936=CARTESIAN_POINT('Origin',(-0.0394244602490032,-1.266002032004,13.040028244856));
#11937=CARTESIAN_POINT('Origin',(-0.039424460249003,-1.266002032004,13.040028244856));
#11938=CARTESIAN_POINT('Origin',(-0.0394244602490032,-1.266002032004,13.040028244856));
#11939=CARTESIAN_POINT('Origin',(-0.039424460249003,-1.266002032004,13.040028244856));
#11940=CARTESIAN_POINT('Origin',(-0.0394244602490032,-1.266002032004,13.040028244856));
#11941=CARTESIAN_POINT('Origin',(-0.039424460249003,-1.266002032004,13.040028244856));
#11942=CARTESIAN_POINT('Origin',(-0.0394244602490032,-1.266002032004,13.040028244856));
#11943=CARTESIAN_POINT('Origin',(-0.039424460249003,-1.266002032004,13.040028244856));
#11944=CARTESIAN_POINT('Origin',(-0.0394244602490032,-1.266002032004,13.040028244856));
#11945=CARTESIAN_POINT('Origin',(-0.039424460249003,-1.266002032004,13.040028244856));
#11946=CARTESIAN_POINT('Origin',(-0.0394244602490032,-1.266002032004,13.040028244856));
#11947=CARTESIAN_POINT('Origin',(-0.039424460249003,-1.266002032004,13.040028244856));
#11948=CARTESIAN_POINT('Origin',(-0.0394244602490032,-1.266002032004,13.040028244856));
#11949=CARTESIAN_POINT('Origin',(-0.039424460249003,-1.266002032004,13.040028244856));
#11950=CARTESIAN_POINT('Origin',(-0.0394244602490032,-1.266002032004,13.040028244856));
#11951=CARTESIAN_POINT('Origin',(-0.0394244602490032,-1.266002032004,13.040028244856));
#11952=CARTESIAN_POINT('Origin',(-0.039424460249003,-1.266002032004,13.040028244856));
#11953=CARTESIAN_POINT('Origin',(-0.0394244602490032,-1.266002032004,13.040028244856));
#11954=CARTESIAN_POINT('Origin',(-0.0394244602490032,-1.266002032004,13.040028244856));
#11955=CARTESIAN_POINT('Origin',(-0.0394244602490032,-1.266002032004,13.040028244856));
#11956=CARTESIAN_POINT('Origin',(-0.039424460249003,-1.266002032004,13.040028244856));
#11957=CARTESIAN_POINT('Origin',(0.879814355293693,-0.346763216461669,14.540028244856));
#11958=CARTESIAN_POINT('Origin',(1.260575539751,-2.99805283957314,16.040028244856));
#11959=CARTESIAN_POINT('',(1.260575539751,-1.266002032004,13.040028244856));
#11960=CARTESIAN_POINT('Origin',(1.260575539751,-1.26600203200426,14.540028244856));
#11961=CARTESIAN_POINT('Origin',(-0.039424460249003,-1.266002032004,13.040028244856));
#11962=CARTESIAN_POINT('Origin',(0.879814355293325,-2.18524084754669,14.540028244856));
#11963=CARTESIAN_POINT('Origin',(-0.0394244602492632,-2.566002032004,14.540028244856));
#11964=CARTESIAN_POINT('',(-0.0394244602490031,-2.566002032004,13.040028244856));
#11965=CARTESIAN_POINT('Origin',(-0.039424460249003,-1.266002032004,13.040028244856));
#11966=CARTESIAN_POINT('Origin',(-0.0394244602487429,0.0339979679960034,
14.540028244856));
#11967=CARTESIAN_POINT('',(-0.039424460249003,0.0339979679960034,13.040028244856));
#11968=CARTESIAN_POINT('Origin',(-0.958663275791331,-0.346763216461301,
14.540028244856));
#11969=CARTESIAN_POINT('',(-0.958663275791515,-0.346763216461485,13.040028244856));
#11970=CARTESIAN_POINT('Origin',(-1.339424460249,-1.26600203200374,14.540028244856));
#11971=CARTESIAN_POINT('',(-1.339424460249,-1.266002032004,13.040028244856));
#11972=CARTESIAN_POINT('Origin',(-0.958663275791699,-2.18524084754632,14.540028244856));
#11973=CARTESIAN_POINT('Origin',(-0.039424460249003,-1.266002032004,16.040028244856));
#11974=CARTESIAN_POINT('Origin',(-0.039424460249003,-1.266002032004,13.040028244856));
#11975=CARTESIAN_POINT('Origin',(-0.039424460249003,-1.266002032004,16.040028244856));
#11976=CARTESIAN_POINT('Origin',(-0.039424460249003,-1.266002032004,13.040028244856));
#11977=CARTESIAN_POINT('Origin',(-0.039424460249003,-1.266002032004,13.040028244856));
#11978=CARTESIAN_POINT('Origin',(-0.039424460249003,-1.266002032004,13.040028244856));
#11979=CARTESIAN_POINT('Origin',(-0.039424460249003,-1.266002032004,13.040028244856));
#11980=CARTESIAN_POINT('Origin',(-1.77147526781814,-2.566002032004,16.040028244856));
#11981=CARTESIAN_POINT('Origin',(1.69262634732014,0.0339979679960034,16.040028244856));
#11982=CARTESIAN_POINT('Origin',(0.26608159560026,0.87798165493029,16.040028244856));
#11983=CARTESIAN_POINT('Origin',(-1.339424460249,0.466048775565143,16.040028244856));
#11984=CARTESIAN_POINT('',(0.,0.,0.));
#11985=CARTESIAN_POINT('',(0.,0.,0.));
#11986=CARTESIAN_POINT('',(0.,0.,0.));
#11987=CARTESIAN_POINT('',(0.,0.,0.));
#11988=UNCERTAINTY_MEASURE_WITH_UNIT(LENGTH_MEASURE(0.01),#12000,
'DISTANCE_ACCURACY_VALUE',
'Maximum model space distance between geometric entities at asserted c
onnectivities');
#11989=UNCERTAINTY_MEASURE_WITH_UNIT(LENGTH_MEASURE(0.01),#12000,
'DISTANCE_ACCURACY_VALUE',
'Maximum model space distance between geometric entities at asserted c
onnectivities');
#11990=UNCERTAINTY_MEASURE_WITH_UNIT(LENGTH_MEASURE(0.01),#12000,
'DISTANCE_ACCURACY_VALUE',
'Maximum model space distance between geometric entities at asserted c
onnectivities');
#11991=UNCERTAINTY_MEASURE_WITH_UNIT(LENGTH_MEASURE(0.01),#12000,
'DISTANCE_ACCURACY_VALUE',
'Maximum model space distance between geometric entities at asserted c
onnectivities');
#11992=UNCERTAINTY_MEASURE_WITH_UNIT(LENGTH_MEASURE(0.01),#12000,
'DISTANCE_ACCURACY_VALUE',
'Maximum model space distance between geometric entities at asserted c
onnectivities');
#11993=UNCERTAINTY_MEASURE_WITH_UNIT(LENGTH_MEASURE(0.01),#12000,
'DISTANCE_ACCURACY_VALUE',
'Maximum model space distance between geometric entities at asserted c
onnectivities');
#11994=(
GEOMETRIC_REPRESENTATION_CONTEXT(3)
GLOBAL_UNCERTAINTY_ASSIGNED_CONTEXT((#11988))
GLOBAL_UNIT_ASSIGNED_CONTEXT((#12000,#12002,#12003))
REPRESENTATION_CONTEXT('','3D')
);
#11995=(
GEOMETRIC_REPRESENTATION_CONTEXT(3)
GLOBAL_UNCERTAINTY_ASSIGNED_CONTEXT((#11989))
GLOBAL_UNIT_ASSIGNED_CONTEXT((#12000,#12002,#12003))
REPRESENTATION_CONTEXT('','3D')
);
#11996=(
GEOMETRIC_REPRESENTATION_CONTEXT(3)
GLOBAL_UNCERTAINTY_ASSIGNED_CONTEXT((#11990))
GLOBAL_UNIT_ASSIGNED_CONTEXT((#12000,#12002,#12003))
REPRESENTATION_CONTEXT('','3D')
);
#11997=(
GEOMETRIC_REPRESENTATION_CONTEXT(3)
GLOBAL_UNCERTAINTY_ASSIGNED_CONTEXT((#11991))
GLOBAL_UNIT_ASSIGNED_CONTEXT((#12000,#12002,#12003))
REPRESENTATION_CONTEXT('','3D')
);
#11998=(
GEOMETRIC_REPRESENTATION_CONTEXT(3)
GLOBAL_UNCERTAINTY_ASSIGNED_CONTEXT((#11992))
GLOBAL_UNIT_ASSIGNED_CONTEXT((#12000,#12002,#12003))
REPRESENTATION_CONTEXT('','3D')
);
#11999=(
GEOMETRIC_REPRESENTATION_CONTEXT(3)
GLOBAL_UNCERTAINTY_ASSIGNED_CONTEXT((#11993))
GLOBAL_UNIT_ASSIGNED_CONTEXT((#12000,#12002,#12003))
REPRESENTATION_CONTEXT('','3D')
);
#12000=(
LENGTH_UNIT()
NAMED_UNIT(*)
SI_UNIT(.MILLI.,.METRE.)
);
#12001=(
LENGTH_UNIT()
NAMED_UNIT(*)
SI_UNIT($,.METRE.)
);
#12002=(
NAMED_UNIT(*)
PLANE_ANGLE_UNIT()
SI_UNIT($,.RADIAN.)
);
#12003=(
NAMED_UNIT(*)
SI_UNIT($,.STERADIAN.)
SOLID_ANGLE_UNIT()
);
#12004=SHAPE_DEFINITION_REPRESENTATION(#12009,#12018);
#12005=SHAPE_DEFINITION_REPRESENTATION(#12010,#12019);
#12006=SHAPE_DEFINITION_REPRESENTATION(#12011,#12020);
#12007=SHAPE_DEFINITION_REPRESENTATION(#12012,#12021);
#12008=SHAPE_DEFINITION_REPRESENTATION(#12013,#12022);
#12009=PRODUCT_DEFINITION_SHAPE('',$,#12024);
#12010=PRODUCT_DEFINITION_SHAPE('',$,#12025);
#12011=PRODUCT_DEFINITION_SHAPE('',$,#12026);
#12012=PRODUCT_DEFINITION_SHAPE('',$,#12027);
#12013=PRODUCT_DEFINITION_SHAPE('',$,#12028);
#12014=PRODUCT_DEFINITION_SHAPE($,$,#23);
#12015=PRODUCT_DEFINITION_SHAPE($,$,#24);
#12016=PRODUCT_DEFINITION_SHAPE($,$,#25);
#12017=PRODUCT_DEFINITION_SHAPE($,$,#26);
#12018=SHAPE_REPRESENTATION('',(#6342,#7100,#7101,#7102,#7103),#11994);
#12019=SHAPE_REPRESENTATION('',(#6343),#11995);
#12020=SHAPE_REPRESENTATION('',(#6436),#11996);
#12021=SHAPE_REPRESENTATION('',(#6497),#11997);
#12022=SHAPE_REPRESENTATION('',(#6524),#11998);
#12023=PRODUCT_DEFINITION_CONTEXT('part definition',#12040,'design');
#12024=PRODUCT_DEFINITION('4wayStick','4wayStick v2',#12029,#12023);
#12025=PRODUCT_DEFINITION('BottomPart','BottomPart',#12030,#12023);
#12026=PRODUCT_DEFINITION('TopPart','TopPart',#12031,#12023);
#12027=PRODUCT_DEFINITION('Stick_Cap','Stick_Cap',#12032,#12023);
#12028=PRODUCT_DEFINITION('Stick_Crown','Stick_Crown',#12033,#12023);
#12029=PRODUCT_DEFINITION_FORMATION('',$,#12042);
#12030=PRODUCT_DEFINITION_FORMATION('',$,#12043);
#12031=PRODUCT_DEFINITION_FORMATION('',$,#12044);
#12032=PRODUCT_DEFINITION_FORMATION('',$,#12045);
#12033=PRODUCT_DEFINITION_FORMATION('',$,#12046);
#12034=PRODUCT_RELATED_PRODUCT_CATEGORY('4wayStick v2','4wayStick v2',(#12042));
#12035=PRODUCT_RELATED_PRODUCT_CATEGORY('BottomPart','BottomPart',(#12043));
#12036=PRODUCT_RELATED_PRODUCT_CATEGORY('TopPart','TopPart',(#12044));
#12037=PRODUCT_RELATED_PRODUCT_CATEGORY('Stick_Cap','Stick_Cap',(#12045));
#12038=PRODUCT_RELATED_PRODUCT_CATEGORY('Stick_Crown','Stick_Crown',(#12046));
#12039=APPLICATION_PROTOCOL_DEFINITION('international standard',
'automotive_design',2009,#12040);
#12040=APPLICATION_CONTEXT(
'Core Data for Automotive Mechanical Design Process');
#12041=PRODUCT_CONTEXT('part definition',#12040,'mechanical');
#12042=PRODUCT('4wayStick','4wayStick v2',$,(#12041));
#12043=PRODUCT('BottomPart','BottomPart',$,(#12041));
#12044=PRODUCT('TopPart','TopPart',$,(#12041));
#12045=PRODUCT('Stick_Cap','Stick_Cap',$,(#12041));
#12046=PRODUCT('Stick_Crown','Stick_Crown',$,(#12041));
#12047=PRESENTATION_STYLE_ASSIGNMENT((#12049));
#12048=PRESENTATION_STYLE_ASSIGNMENT((#12050));
#12049=SURFACE_STYLE_USAGE(.BOTH.,#12051);
#12050=SURFACE_STYLE_USAGE(.BOTH.,#12052);
#12051=SURFACE_SIDE_STYLE('',(#12053));
#12052=SURFACE_SIDE_STYLE('',(#12054));
#12053=SURFACE_STYLE_FILL_AREA(#12055);
#12054=SURFACE_STYLE_FILL_AREA(#12056);
#12055=FILL_AREA_STYLE('\X2\92FC\X0\ - \X2\30B530C630F3\X0\',(#12057));
#12056=FILL_AREA_STYLE('\X2\30D730E930B930C130C330AF\X0\ - \X2\30DE30C330C8\X0\(
\X2\767D\X0\)',(#12058));
#12057=FILL_AREA_STYLE_COLOUR('\X2\92FC\X0\ - \X2\30B530C630F3\X0\',#12059);
#12058=FILL_AREA_STYLE_COLOUR('\X2\30D730E930B930C130C330AF\X0\ - \X2\30DE30C330C8\X0\(
\X2\767D\X0\)',#12060);
#12059=COLOUR_RGB('\X2\92FC\X0\ - \X2\30B530C630F3\X0\',0.627450980392157,
0.627450980392157,0.627450980392157);
#12060=COLOUR_RGB('\X2\30D730E930B930C130C330AF\X0\ - \X2\30DE30C330C8\X0\(
\X2\767D\X0\)',0.964705882352941,0.964705882352941,0.952941176470588);
ENDSEC;
END-ISO-10303-21;
