ISO-10303-21;
HEADER;
/* Generated by software containing ST-Developer
 * from STEP Tools, Inc. (www.steptools.com) 
 */

FILE_DESCRIPTION(
/* description */ (''),
/* implementation_level */ '2;1');

FILE_NAME(
/* name */ 'HorizontalRotaryEncoder.step',
/* time_stamp */ '2026-10-02T21:35:57+09:00',
/* author */ (''),
/* organization */ (''),
/* preprocessor_version */ 'ST-DEVELOPER v20.2',
/* originating_system */ 'Autodesk Translation Framework v15.15.0.0',
/* authorisation */ '');

FILE_SCHEMA (('AUTOMOTIVE_DESIGN { 1 0 10303 214 3 1 1 }'));
ENDSEC;

DATA;
#10=MECHANICAL_DESIGN_GEOMETRIC_PRESENTATION_REPRESENTATION('',(#67,#68,
#69,#70,#71),#6573);
#11=CONTEXT_DEPENDENT_OVER_RIDING_STYLED_ITEM('',(#6622),#6595,#71,(#23));
#12=CONTEXT_DEPENDENT_OVER_RIDING_STYLED_ITEM('',(#6622),#6594,#71,(#22));
#13=CONTEXT_DEPENDENT_OVER_RIDING_STYLED_ITEM('',(#6622),#6596,#71,(#24));
#14=CONTEXT_DEPENDENT_OVER_RIDING_STYLED_ITEM('',(#6622),#6593,#71,(#21));
#15=MAPPED_ITEM('',#16,#4184);
#16=REPRESENTATION_MAP(#4184,#6592);
#17=ITEM_DEFINED_TRANSFORMATION($,$,#3807,#4180);
#18=ITEM_DEFINED_TRANSFORMATION($,$,#3936,#4181);
#19=ITEM_DEFINED_TRANSFORMATION($,$,#3967,#4182);
#20=ITEM_DEFINED_TRANSFORMATION($,$,#4054,#4183);
#21=(
REPRESENTATION_RELATIONSHIP($,$,#6593,#6592)
REPRESENTATION_RELATIONSHIP_WITH_TRANSFORMATION(#17)
SHAPE_REPRESENTATION_RELATIONSHIP()
);
#22=(
REPRESENTATION_RELATIONSHIP($,$,#6594,#6592)
REPRESENTATION_RELATIONSHIP_WITH_TRANSFORMATION(#18)
SHAPE_REPRESENTATION_RELATIONSHIP()
);
#23=(
REPRESENTATION_RELATIONSHIP($,$,#6595,#6592)
REPRESENTATION_RELATIONSHIP_WITH_TRANSFORMATION(#19)
SHAPE_REPRESENTATION_RELATIONSHIP()
);
#24=(
REPRESENTATION_RELATIONSHIP($,$,#6596,#6592)
REPRESENTATION_RELATIONSHIP_WITH_TRANSFORMATION(#20)
SHAPE_REPRESENTATION_RELATIONSHIP()
);
#25=CONTEXT_DEPENDENT_SHAPE_REPRESENTATION(#21,#6588);
#26=CONTEXT_DEPENDENT_SHAPE_REPRESENTATION(#22,#6589);
#27=CONTEXT_DEPENDENT_SHAPE_REPRESENTATION(#23,#6590);
#28=CONTEXT_DEPENDENT_SHAPE_REPRESENTATION(#24,#6591);
#29=NEXT_ASSEMBLY_USAGE_OCCURRENCE('Wheel:1','Wheel:1','Wheel:1',#6598,
#6599,'Wheel:1');
#30=NEXT_ASSEMBLY_USAGE_OCCURRENCE('Stem:1','Stem:1','Stem:1',#6598,#6600,
'Stem:1');
#31=NEXT_ASSEMBLY_USAGE_OCCURRENCE('BottomPart:1','BottomPart:1',
'BottomPart:1',#6598,#6601,'BottomPart:1');
#32=NEXT_ASSEMBLY_USAGE_OCCURRENCE('TopPart:1','TopPart:1','TopPart:1',
#6598,#6602,'TopPart:1');
#33=B_SPLINE_SURFACE_WITH_KNOTS('',3,3,((#6237,#6238,#6239,#6240,#6241,
#6242,#6243),(#6244,#6245,#6246,#6247,#6248,#6249,#6250),(#6251,#6252,#6253,
#6254,#6255,#6256,#6257),(#6258,#6259,#6260,#6261,#6262,#6263,#6264),(#6265,
#6266,#6267,#6268,#6269,#6270,#6271),(#6272,#6273,#6274,#6275,#6276,#6277,
#6278),(#6279,#6280,#6281,#6282,#6283,#6284,#6285)),.UNSPECIFIED.,.F.,.F.,
 .F.,(4,1,1,1,4),(4,1,1,1,4),(0.,0.285714285714286,0.571428571428571,0.785714285714286,
1.),(0.,0.285714285714286,0.571428571428571,0.857142857142857,1.),
 .UNSPECIFIED.);
#34=B_SPLINE_SURFACE_WITH_KNOTS('',3,3,((#6296,#6297,#6298,#6299,#6300,
#6301,#6302,#6303),(#6304,#6305,#6306,#6307,#6308,#6309,#6310,#6311),(#6312,
#6313,#6314,#6315,#6316,#6317,#6318,#6319),(#6320,#6321,#6322,#6323,#6324,
#6325,#6326,#6327),(#6328,#6329,#6330,#6331,#6332,#6333,#6334,#6335),(#6336,
#6337,#6338,#6339,#6340,#6341,#6342,#6343),(#6344,#6345,#6346,#6347,#6348,
#6349,#6350,#6351)),.UNSPECIFIED.,.F.,.F.,.F.,(4,1,1,1,4),(4,1,1,1,1,4),
(0.,0.285714285714286,0.571428571428571,0.785714285714286,1.),(0.,0.142857142857143,
0.285714285714286,0.571428571428571,0.857142857142857,1.),.UNSPECIFIED.);
#35=B_SPLINE_CURVE_WITH_KNOTS('',3,(#6161,#6162,#6163,#6164,#6165,#6166,
#6167),.UNSPECIFIED.,.F.,.F.,(4,1,1,1,4),(-1.,-0.857142857142857,-0.571428571428571,
-0.285714285714286,0.),.UNSPECIFIED.);
#36=B_SPLINE_CURVE_WITH_KNOTS('',3,(#6205,#6206,#6207,#6208,#6209,#6210,
#6211,#6212),.UNSPECIFIED.,.F.,.F.,(4,1,1,1,1,4),(-1.,-0.857142857142857,
-0.571428571428571,-0.285714285714286,-0.142857142857143,0.),
 .UNSPECIFIED.);
#37=B_SPLINE_CURVE_WITH_KNOTS('',3,(#6225,#6226,#6227,#6228,#6229,#6230,
#6231,#6232,#6233,#6234,#6235,#6236),.UNSPECIFIED.,.F.,.F.,(4,2,2,2,2,4),
(-0.000693041492864939,0.,0.0664418846791469,0.131843101192752,0.191472030638711,
0.235640747145566),.UNSPECIFIED.);
#38=B_SPLINE_CURVE_WITH_KNOTS('',3,(#6288,#6289,#6290,#6291,#6292,#6293,
#6294),.UNSPECIFIED.,.F.,.F.,(4,1,1,1,4),(0.,0.285714285714286,0.571428571428571,
0.857142857142857,1.),.UNSPECIFIED.);
#39=B_SPLINE_CURVE_WITH_KNOTS('',3,(#6353,#6354,#6355,#6356,#6357,#6358,
#6359,#6360),.UNSPECIFIED.,.F.,.F.,(4,1,1,1,1,4),(0.,0.142857142857143,
0.285714285714286,0.571428571428571,0.857142857142857,1.),.UNSPECIFIED.);
#40=B_SPLINE_CURVE_WITH_KNOTS('',3,(#6366,#6367,#6368,#6369,#6370,#6371,
#6372,#6373,#6374,#6375,#6376,#6377),.UNSPECIFIED.,.F.,.F.,(4,2,2,2,2,4),
(-0.000710703960800297,0.,0.0642851054786819,0.125808780819947,0.193950169658995,
0.247312036419115),.UNSPECIFIED.);
#41=ELLIPSE('',#4001,0.565685424949238,0.4);
#42=ELLIPSE('',#4002,0.565685424949238,0.4);
#43=ELLIPSE('',#4004,0.565685424949238,0.4);
#44=ELLIPSE('',#4005,0.565685424949238,0.4);
#45=ELLIPSE('',#4008,0.565685424949238,0.4);
#46=ELLIPSE('',#4009,0.565685424949238,0.4);
#47=ELLIPSE('',#4011,0.565685424949238,0.4);
#48=ELLIPSE('',#4012,0.565685424949238,0.4);
#49=ELLIPSE('',#4015,0.565685424949238,0.4);
#50=ELLIPSE('',#4016,0.565685424949237,0.4);
#51=ELLIPSE('',#4018,0.565685424949237,0.4);
#52=ELLIPSE('',#4019,0.565685424949239,0.4);
#53=ELLIPSE('',#4026,0.565685424949238,0.4);
#54=ELLIPSE('',#4027,0.565685424949238,0.4);
#55=ELLIPSE('',#4029,0.565685424949237,0.4);
#56=ELLIPSE('',#4030,0.56568542494924,0.4);
#57=CONICAL_SURFACE('',#3976,1.7,0.785398163397448);
#58=CONICAL_SURFACE('',#3981,1.7,0.785398163397448);
#59=SHAPE_REPRESENTATION_RELATIONSHIP('SRR','None',#6593,#63);
#60=SHAPE_REPRESENTATION_RELATIONSHIP('SRR','None',#6594,#64);
#61=SHAPE_REPRESENTATION_RELATIONSHIP('SRR','None',#6595,#65);
#62=SHAPE_REPRESENTATION_RELATIONSHIP('SRR','None',#6596,#66);
#63=ADVANCED_BREP_SHAPE_REPRESENTATION('',(#72),#6569);
#64=ADVANCED_BREP_SHAPE_REPRESENTATION('',(#73),#6570);
#65=ADVANCED_BREP_SHAPE_REPRESENTATION('',(#74),#6571);
#66=ADVANCED_BREP_SHAPE_REPRESENTATION('',(#75),#6572);
#67=STYLED_ITEM('',(#6622),#72);
#68=STYLED_ITEM('',(#6622),#73);
#69=STYLED_ITEM('',(#6622),#74);
#70=STYLED_ITEM('',(#6622),#75);
#71=STYLED_ITEM('',(#6624),#15);
#72=MANIFOLD_SOLID_BREP('Wheel',#3768);
#73=MANIFOLD_SOLID_BREP('Stem',#3769);
#74=MANIFOLD_SOLID_BREP('BottomPart',#3770);
#75=MANIFOLD_SOLID_BREP('TopPart',#3771);
#76=FACE_BOUND('',#579,.T.);
#77=FACE_BOUND('',#581,.T.);
#78=FACE_BOUND('',#604,.T.);
#79=FACE_BOUND('',#616,.T.);
#80=FACE_BOUND('',#617,.T.);
#81=FACE_BOUND('',#618,.T.);
#82=FACE_BOUND('',#619,.T.);
#83=FACE_BOUND('',#656,.T.);
#84=FACE_BOUND('',#660,.T.);
#85=FACE_BOUND('',#663,.T.);
#86=FACE_BOUND('',#664,.T.);
#87=FACE_BOUND('',#665,.T.);
#88=FACE_BOUND('',#666,.T.);
#89=FACE_BOUND('',#685,.T.);
#90=FACE_BOUND('',#690,.T.);
#91=FACE_BOUND('',#693,.T.);
#92=FACE_BOUND('',#717,.T.);
#93=CIRCLE('',#3815,0.500000000000002);
#94=CIRCLE('',#3816,0.500000000000002);
#95=CIRCLE('',#3818,7.);
#96=CIRCLE('',#3819,7.);
#97=CIRCLE('',#3821,0.500000000000003);
#98=CIRCLE('',#3822,0.500000000000003);
#99=CIRCLE('',#3824,7.);
#100=CIRCLE('',#3825,7.);
#101=CIRCLE('',#3827,0.500000000000003);
#102=CIRCLE('',#3828,0.500000000000003);
#103=CIRCLE('',#3830,7.);
#104=CIRCLE('',#3831,7.);
#105=CIRCLE('',#3833,0.500000000000001);
#106=CIRCLE('',#3834,0.500000000000001);
#107=CIRCLE('',#3836,7.);
#108=CIRCLE('',#3837,7.);
#109=CIRCLE('',#3839,0.500000000000002);
#110=CIRCLE('',#3840,0.500000000000002);
#111=CIRCLE('',#3842,7.);
#112=CIRCLE('',#3843,7.);
#113=CIRCLE('',#3845,0.500000000000002);
#114=CIRCLE('',#3846,0.500000000000002);
#115=CIRCLE('',#3848,7.);
#116=CIRCLE('',#3849,7.);
#117=CIRCLE('',#3851,0.500000000000001);
#118=CIRCLE('',#3852,0.500000000000001);
#119=CIRCLE('',#3854,7.);
#120=CIRCLE('',#3855,7.);
#121=CIRCLE('',#3857,0.500000000000001);
#122=CIRCLE('',#3858,0.500000000000001);
#123=CIRCLE('',#3860,7.);
#124=CIRCLE('',#3861,7.);
#125=CIRCLE('',#3863,0.500000000000002);
#126=CIRCLE('',#3864,0.500000000000002);
#127=CIRCLE('',#3866,7.);
#128=CIRCLE('',#3867,7.);
#129=CIRCLE('',#3869,0.500000000000003);
#130=CIRCLE('',#3870,0.500000000000003);
#131=CIRCLE('',#3872,7.);
#132=CIRCLE('',#3873,7.);
#133=CIRCLE('',#3875,0.500000000000002);
#134=CIRCLE('',#3876,0.500000000000002);
#135=CIRCLE('',#3878,7.);
#136=CIRCLE('',#3879,7.);
#137=CIRCLE('',#3881,0.500000000000002);
#138=CIRCLE('',#3882,0.500000000000002);
#139=CIRCLE('',#3884,7.);
#140=CIRCLE('',#3885,7.);
#141=CIRCLE('',#3887,0.500000000000001);
#142=CIRCLE('',#3888,0.500000000000001);
#143=CIRCLE('',#3890,7.);
#144=CIRCLE('',#3891,7.);
#145=CIRCLE('',#3893,0.500000000000002);
#146=CIRCLE('',#3894,0.500000000000002);
#147=CIRCLE('',#3896,7.);
#148=CIRCLE('',#3897,7.);
#149=CIRCLE('',#3899,0.500000000000002);
#150=CIRCLE('',#3900,0.500000000000002);
#151=CIRCLE('',#3902,7.);
#152=CIRCLE('',#3903,7.);
#153=CIRCLE('',#3905,0.500000000000002);
#154=CIRCLE('',#3906,0.500000000000002);
#155=CIRCLE('',#3908,7.);
#156=CIRCLE('',#3909,7.);
#157=CIRCLE('',#3911,0.500000000000002);
#158=CIRCLE('',#3912,0.500000000000002);
#159=CIRCLE('',#3914,7.);
#160=CIRCLE('',#3915,7.);
#161=CIRCLE('',#3917,0.500000000000002);
#162=CIRCLE('',#3918,0.500000000000002);
#163=CIRCLE('',#3920,7.);
#164=CIRCLE('',#3921,7.);
#165=CIRCLE('',#3923,0.500000000000002);
#166=CIRCLE('',#3924,0.500000000000002);
#167=CIRCLE('',#3926,7.);
#168=CIRCLE('',#3927,7.);
#169=CIRCLE('',#3929,0.500000000000002);
#170=CIRCLE('',#3930,0.500000000000002);
#171=CIRCLE('',#3932,7.);
#172=CIRCLE('',#3933,7.);
#173=CIRCLE('',#3938,2.);
#174=CIRCLE('',#3939,2.);
#175=CIRCLE('',#3941,2.);
#176=CIRCLE('',#3943,2.);
#177=CIRCLE('',#3945,2.);
#178=CIRCLE('',#3947,2.);
#179=CIRCLE('',#3949,2.);
#180=CIRCLE('',#3951,2.);
#181=CIRCLE('',#3969,0.8);
#182=CIRCLE('',#3970,0.8);
#183=CIRCLE('',#3973,0.8);
#184=CIRCLE('',#3974,0.8);
#185=CIRCLE('',#3977,2.2);
#186=CIRCLE('',#3978,1.2);
#187=CIRCLE('',#3980,1.2);
#188=CIRCLE('',#3982,2.2);
#189=CIRCLE('',#3983,1.2);
#190=CIRCLE('',#3985,1.2);
#191=CIRCLE('',#3989,2.65);
#192=CIRCLE('',#3990,2.65);
#193=CIRCLE('',#4037,2.);
#194=CIRCLE('',#4038,2.);
#195=CIRCLE('',#4041,2.);
#196=CIRCLE('',#4044,2.);
#197=CIRCLE('',#4048,2.65);
#198=CIRCLE('',#4050,2.65);
#199=CIRCLE('',#4058,0.750000000000001);
#200=CIRCLE('',#4059,0.750000000000001);
#201=CIRCLE('',#4062,0.750000000000001);
#202=CIRCLE('',#4063,0.750000000000001);
#203=CIRCLE('',#4066,0.95);
#204=CIRCLE('',#4067,0.95);
#205=CIRCLE('',#4070,0.95);
#206=CIRCLE('',#4071,0.95);
#207=CIRCLE('',#4074,4.);
#208=CIRCLE('',#4076,4.);
#209=CIRCLE('',#4081,2.);
#210=CIRCLE('',#4082,2.65);
#211=CIRCLE('',#4084,2.65);
#212=CIRCLE('',#4085,2.);
#213=CIRCLE('',#4087,2.1);
#214=CIRCLE('',#4088,1.);
#215=CIRCLE('',#4093,2.65);
#216=CIRCLE('',#4094,2.1);
#217=CIRCLE('',#4096,2.65);
#218=CIRCLE('',#4098,2.1);
#219=CIRCLE('',#4101,5.);
#220=CIRCLE('',#4102,5.);
#221=CIRCLE('',#4103,5.);
#222=CIRCLE('',#4107,2.);
#223=CIRCLE('',#4108,1.5);
#224=CIRCLE('',#4109,1.5);
#225=CIRCLE('',#4111,5.);
#226=CIRCLE('',#4112,5.);
#227=CIRCLE('',#4113,5.);
#228=CIRCLE('',#4115,2.);
#229=CIRCLE('',#4117,2.);
#230=CIRCLE('',#4118,1.);
#231=CIRCLE('',#4119,2.);
#232=CIRCLE('',#4120,1.);
#233=CIRCLE('',#4121,2.);
#234=CIRCLE('',#4124,2.);
#235=CIRCLE('',#4130,2.);
#236=CIRCLE('',#4131,2.);
#237=CIRCLE('',#4133,1.);
#238=CIRCLE('',#4134,1.);
#239=CIRCLE('',#4136,1.5);
#240=CIRCLE('',#4137,1.5);
#241=CIRCLE('',#4142,1.);
#242=CIRCLE('',#4143,2.1);
#243=CIRCLE('',#4157,2.);
#244=CIRCLE('',#4158,2.);
#245=CYLINDRICAL_SURFACE('',#3814,0.500000000000002);
#246=CYLINDRICAL_SURFACE('',#3817,7.);
#247=CYLINDRICAL_SURFACE('',#3820,0.500000000000003);
#248=CYLINDRICAL_SURFACE('',#3823,7.);
#249=CYLINDRICAL_SURFACE('',#3826,0.500000000000003);
#250=CYLINDRICAL_SURFACE('',#3829,7.);
#251=CYLINDRICAL_SURFACE('',#3832,0.500000000000001);
#252=CYLINDRICAL_SURFACE('',#3835,7.);
#253=CYLINDRICAL_SURFACE('',#3838,0.500000000000002);
#254=CYLINDRICAL_SURFACE('',#3841,7.);
#255=CYLINDRICAL_SURFACE('',#3844,0.500000000000002);
#256=CYLINDRICAL_SURFACE('',#3847,7.);
#257=CYLINDRICAL_SURFACE('',#3850,0.500000000000001);
#258=CYLINDRICAL_SURFACE('',#3853,7.);
#259=CYLINDRICAL_SURFACE('',#3856,0.500000000000001);
#260=CYLINDRICAL_SURFACE('',#3859,7.);
#261=CYLINDRICAL_SURFACE('',#3862,0.500000000000002);
#262=CYLINDRICAL_SURFACE('',#3865,7.);
#263=CYLINDRICAL_SURFACE('',#3868,0.500000000000003);
#264=CYLINDRICAL_SURFACE('',#3871,7.);
#265=CYLINDRICAL_SURFACE('',#3874,0.500000000000002);
#266=CYLINDRICAL_SURFACE('',#3877,7.);
#267=CYLINDRICAL_SURFACE('',#3880,0.500000000000002);
#268=CYLINDRICAL_SURFACE('',#3883,7.);
#269=CYLINDRICAL_SURFACE('',#3886,0.500000000000001);
#270=CYLINDRICAL_SURFACE('',#3889,7.);
#271=CYLINDRICAL_SURFACE('',#3892,0.500000000000002);
#272=CYLINDRICAL_SURFACE('',#3895,7.);
#273=CYLINDRICAL_SURFACE('',#3898,0.500000000000002);
#274=CYLINDRICAL_SURFACE('',#3901,7.);
#275=CYLINDRICAL_SURFACE('',#3904,0.500000000000002);
#276=CYLINDRICAL_SURFACE('',#3907,7.);
#277=CYLINDRICAL_SURFACE('',#3910,0.500000000000002);
#278=CYLINDRICAL_SURFACE('',#3913,7.);
#279=CYLINDRICAL_SURFACE('',#3916,0.500000000000002);
#280=CYLINDRICAL_SURFACE('',#3919,7.);
#281=CYLINDRICAL_SURFACE('',#3922,0.500000000000002);
#282=CYLINDRICAL_SURFACE('',#3925,7.);
#283=CYLINDRICAL_SURFACE('',#3928,0.500000000000002);
#284=CYLINDRICAL_SURFACE('',#3931,7.);
#285=CYLINDRICAL_SURFACE('',#3950,2.);
#286=CYLINDRICAL_SURFACE('',#3968,0.8);
#287=CYLINDRICAL_SURFACE('',#3972,0.8);
#288=CYLINDRICAL_SURFACE('',#3979,1.2);
#289=CYLINDRICAL_SURFACE('',#3984,1.2);
#290=CYLINDRICAL_SURFACE('',#4000,0.4);
#291=CYLINDRICAL_SURFACE('',#4003,0.4);
#292=CYLINDRICAL_SURFACE('',#4006,0.4);
#293=CYLINDRICAL_SURFACE('',#4007,0.4);
#294=CYLINDRICAL_SURFACE('',#4010,0.4);
#295=CYLINDRICAL_SURFACE('',#4013,0.4);
#296=CYLINDRICAL_SURFACE('',#4014,0.4);
#297=CYLINDRICAL_SURFACE('',#4017,0.4);
#298=CYLINDRICAL_SURFACE('',#4020,0.4);
#299=CYLINDRICAL_SURFACE('',#4025,0.4);
#300=CYLINDRICAL_SURFACE('',#4028,0.4);
#301=CYLINDRICAL_SURFACE('',#4031,0.4);
#302=CYLINDRICAL_SURFACE('',#4040,2.);
#303=CYLINDRICAL_SURFACE('',#4043,2.);
#304=CYLINDRICAL_SURFACE('',#4047,2.65);
#305=CYLINDRICAL_SURFACE('',#4049,2.65);
#306=CYLINDRICAL_SURFACE('',#4057,0.750000000000001);
#307=CYLINDRICAL_SURFACE('',#4061,0.750000000000001);
#308=CYLINDRICAL_SURFACE('',#4065,0.95);
#309=CYLINDRICAL_SURFACE('',#4069,0.95);
#310=CYLINDRICAL_SURFACE('',#4095,2.65);
#311=CYLINDRICAL_SURFACE('',#4099,2.65);
#312=CYLINDRICAL_SURFACE('',#4100,5.);
#313=CYLINDRICAL_SURFACE('',#4110,5.);
#314=CYLINDRICAL_SURFACE('',#4116,2.);
#315=CYLINDRICAL_SURFACE('',#4122,1.);
#316=CYLINDRICAL_SURFACE('',#4123,2.);
#317=CYLINDRICAL_SURFACE('',#4125,2.);
#318=CYLINDRICAL_SURFACE('',#4126,4.);
#319=CYLINDRICAL_SURFACE('',#4127,2.);
#320=CYLINDRICAL_SURFACE('',#4128,1.);
#321=CYLINDRICAL_SURFACE('',#4139,2.1);
#322=CYLINDRICAL_SURFACE('',#4145,2.1);
#323=CYLINDRICAL_SURFACE('',#4149,1.5);
#324=CYLINDRICAL_SURFACE('',#4151,1.5);
#325=CYLINDRICAL_SURFACE('',#4160,2.);
#326=CYLINDRICAL_SURFACE('',#4167,2.);
#327=CYLINDRICAL_SURFACE('',#4178,1.);
#328=CYLINDRICAL_SURFACE('',#4179,1.);
#329=FACE_OUTER_BOUND('',#532,.T.);
#330=FACE_OUTER_BOUND('',#533,.T.);
#331=FACE_OUTER_BOUND('',#534,.T.);
#332=FACE_OUTER_BOUND('',#535,.T.);
#333=FACE_OUTER_BOUND('',#536,.T.);
#334=FACE_OUTER_BOUND('',#537,.T.);
#335=FACE_OUTER_BOUND('',#538,.T.);
#336=FACE_OUTER_BOUND('',#539,.T.);
#337=FACE_OUTER_BOUND('',#540,.T.);
#338=FACE_OUTER_BOUND('',#541,.T.);
#339=FACE_OUTER_BOUND('',#542,.T.);
#340=FACE_OUTER_BOUND('',#543,.T.);
#341=FACE_OUTER_BOUND('',#544,.T.);
#342=FACE_OUTER_BOUND('',#545,.T.);
#343=FACE_OUTER_BOUND('',#546,.T.);
#344=FACE_OUTER_BOUND('',#547,.T.);
#345=FACE_OUTER_BOUND('',#548,.T.);
#346=FACE_OUTER_BOUND('',#549,.T.);
#347=FACE_OUTER_BOUND('',#550,.T.);
#348=FACE_OUTER_BOUND('',#551,.T.);
#349=FACE_OUTER_BOUND('',#552,.T.);
#350=FACE_OUTER_BOUND('',#553,.T.);
#351=FACE_OUTER_BOUND('',#554,.T.);
#352=FACE_OUTER_BOUND('',#555,.T.);
#353=FACE_OUTER_BOUND('',#556,.T.);
#354=FACE_OUTER_BOUND('',#557,.T.);
#355=FACE_OUTER_BOUND('',#558,.T.);
#356=FACE_OUTER_BOUND('',#559,.T.);
#357=FACE_OUTER_BOUND('',#560,.T.);
#358=FACE_OUTER_BOUND('',#561,.T.);
#359=FACE_OUTER_BOUND('',#562,.T.);
#360=FACE_OUTER_BOUND('',#563,.T.);
#361=FACE_OUTER_BOUND('',#564,.T.);
#362=FACE_OUTER_BOUND('',#565,.T.);
#363=FACE_OUTER_BOUND('',#566,.T.);
#364=FACE_OUTER_BOUND('',#567,.T.);
#365=FACE_OUTER_BOUND('',#568,.T.);
#366=FACE_OUTER_BOUND('',#569,.T.);
#367=FACE_OUTER_BOUND('',#570,.T.);
#368=FACE_OUTER_BOUND('',#571,.T.);
#369=FACE_OUTER_BOUND('',#572,.T.);
#370=FACE_OUTER_BOUND('',#573,.T.);
#371=FACE_OUTER_BOUND('',#574,.T.);
#372=FACE_OUTER_BOUND('',#575,.T.);
#373=FACE_OUTER_BOUND('',#576,.T.);
#374=FACE_OUTER_BOUND('',#577,.T.);
#375=FACE_OUTER_BOUND('',#578,.T.);
#376=FACE_OUTER_BOUND('',#580,.T.);
#377=FACE_OUTER_BOUND('',#582,.T.);
#378=FACE_OUTER_BOUND('',#583,.T.);
#379=FACE_OUTER_BOUND('',#584,.T.);
#380=FACE_OUTER_BOUND('',#585,.T.);
#381=FACE_OUTER_BOUND('',#586,.T.);
#382=FACE_OUTER_BOUND('',#587,.T.);
#383=FACE_OUTER_BOUND('',#588,.T.);
#384=FACE_OUTER_BOUND('',#589,.T.);
#385=FACE_OUTER_BOUND('',#590,.T.);
#386=FACE_OUTER_BOUND('',#591,.T.);
#387=FACE_OUTER_BOUND('',#592,.T.);
#388=FACE_OUTER_BOUND('',#593,.T.);
#389=FACE_OUTER_BOUND('',#594,.T.);
#390=FACE_OUTER_BOUND('',#595,.T.);
#391=FACE_OUTER_BOUND('',#596,.T.);
#392=FACE_OUTER_BOUND('',#597,.T.);
#393=FACE_OUTER_BOUND('',#598,.T.);
#394=FACE_OUTER_BOUND('',#599,.T.);
#395=FACE_OUTER_BOUND('',#600,.T.);
#396=FACE_OUTER_BOUND('',#601,.T.);
#397=FACE_OUTER_BOUND('',#602,.T.);
#398=FACE_OUTER_BOUND('',#603,.T.);
#399=FACE_OUTER_BOUND('',#605,.T.);
#400=FACE_OUTER_BOUND('',#606,.T.);
#401=FACE_OUTER_BOUND('',#607,.T.);
#402=FACE_OUTER_BOUND('',#608,.T.);
#403=FACE_OUTER_BOUND('',#609,.T.);
#404=FACE_OUTER_BOUND('',#610,.T.);
#405=FACE_OUTER_BOUND('',#611,.T.);
#406=FACE_OUTER_BOUND('',#612,.T.);
#407=FACE_OUTER_BOUND('',#613,.T.);
#408=FACE_OUTER_BOUND('',#614,.T.);
#409=FACE_OUTER_BOUND('',#615,.T.);
#410=FACE_OUTER_BOUND('',#620,.T.);
#411=FACE_OUTER_BOUND('',#621,.T.);
#412=FACE_OUTER_BOUND('',#622,.T.);
#413=FACE_OUTER_BOUND('',#623,.T.);
#414=FACE_OUTER_BOUND('',#624,.T.);
#415=FACE_OUTER_BOUND('',#625,.T.);
#416=FACE_OUTER_BOUND('',#626,.T.);
#417=FACE_OUTER_BOUND('',#627,.T.);
#418=FACE_OUTER_BOUND('',#628,.T.);
#419=FACE_OUTER_BOUND('',#629,.T.);
#420=FACE_OUTER_BOUND('',#630,.T.);
#421=FACE_OUTER_BOUND('',#631,.T.);
#422=FACE_OUTER_BOUND('',#632,.T.);
#423=FACE_OUTER_BOUND('',#633,.T.);
#424=FACE_OUTER_BOUND('',#634,.T.);
#425=FACE_OUTER_BOUND('',#635,.T.);
#426=FACE_OUTER_BOUND('',#636,.T.);
#427=FACE_OUTER_BOUND('',#637,.T.);
#428=FACE_OUTER_BOUND('',#638,.T.);
#429=FACE_OUTER_BOUND('',#639,.T.);
#430=FACE_OUTER_BOUND('',#640,.T.);
#431=FACE_OUTER_BOUND('',#641,.T.);
#432=FACE_OUTER_BOUND('',#642,.T.);
#433=FACE_OUTER_BOUND('',#643,.T.);
#434=FACE_OUTER_BOUND('',#644,.T.);
#435=FACE_OUTER_BOUND('',#645,.T.);
#436=FACE_OUTER_BOUND('',#646,.T.);
#437=FACE_OUTER_BOUND('',#647,.T.);
#438=FACE_OUTER_BOUND('',#648,.T.);
#439=FACE_OUTER_BOUND('',#649,.T.);
#440=FACE_OUTER_BOUND('',#650,.T.);
#441=FACE_OUTER_BOUND('',#651,.T.);
#442=FACE_OUTER_BOUND('',#652,.T.);
#443=FACE_OUTER_BOUND('',#653,.T.);
#444=FACE_OUTER_BOUND('',#654,.T.);
#445=FACE_OUTER_BOUND('',#655,.T.);
#446=FACE_OUTER_BOUND('',#657,.T.);
#447=FACE_OUTER_BOUND('',#658,.T.);
#448=FACE_OUTER_BOUND('',#659,.T.);
#449=FACE_OUTER_BOUND('',#661,.T.);
#450=FACE_OUTER_BOUND('',#662,.T.);
#451=FACE_OUTER_BOUND('',#667,.T.);
#452=FACE_OUTER_BOUND('',#668,.T.);
#453=FACE_OUTER_BOUND('',#669,.T.);
#454=FACE_OUTER_BOUND('',#670,.T.);
#455=FACE_OUTER_BOUND('',#671,.T.);
#456=FACE_OUTER_BOUND('',#672,.T.);
#457=FACE_OUTER_BOUND('',#673,.T.);
#458=FACE_OUTER_BOUND('',#674,.T.);
#459=FACE_OUTER_BOUND('',#675,.T.);
#460=FACE_OUTER_BOUND('',#676,.T.);
#461=FACE_OUTER_BOUND('',#677,.T.);
#462=FACE_OUTER_BOUND('',#678,.T.);
#463=FACE_OUTER_BOUND('',#679,.T.);
#464=FACE_OUTER_BOUND('',#680,.T.);
#465=FACE_OUTER_BOUND('',#681,.T.);
#466=FACE_OUTER_BOUND('',#682,.T.);
#467=FACE_OUTER_BOUND('',#683,.T.);
#468=FACE_OUTER_BOUND('',#684,.T.);
#469=FACE_OUTER_BOUND('',#686,.T.);
#470=FACE_OUTER_BOUND('',#687,.T.);
#471=FACE_OUTER_BOUND('',#688,.T.);
#472=FACE_OUTER_BOUND('',#689,.T.);
#473=FACE_OUTER_BOUND('',#691,.T.);
#474=FACE_OUTER_BOUND('',#692,.T.);
#475=FACE_OUTER_BOUND('',#694,.T.);
#476=FACE_OUTER_BOUND('',#695,.T.);
#477=FACE_OUTER_BOUND('',#696,.T.);
#478=FACE_OUTER_BOUND('',#697,.T.);
#479=FACE_OUTER_BOUND('',#698,.T.);
#480=FACE_OUTER_BOUND('',#699,.T.);
#481=FACE_OUTER_BOUND('',#700,.T.);
#482=FACE_OUTER_BOUND('',#701,.T.);
#483=FACE_OUTER_BOUND('',#702,.T.);
#484=FACE_OUTER_BOUND('',#703,.T.);
#485=FACE_OUTER_BOUND('',#704,.T.);
#486=FACE_OUTER_BOUND('',#705,.T.);
#487=FACE_OUTER_BOUND('',#706,.T.);
#488=FACE_OUTER_BOUND('',#707,.T.);
#489=FACE_OUTER_BOUND('',#708,.T.);
#490=FACE_OUTER_BOUND('',#709,.T.);
#491=FACE_OUTER_BOUND('',#710,.T.);
#492=FACE_OUTER_BOUND('',#711,.T.);
#493=FACE_OUTER_BOUND('',#712,.T.);
#494=FACE_OUTER_BOUND('',#713,.T.);
#495=FACE_OUTER_BOUND('',#714,.T.);
#496=FACE_OUTER_BOUND('',#715,.T.);
#497=FACE_OUTER_BOUND('',#716,.T.);
#498=FACE_OUTER_BOUND('',#718,.T.);
#499=FACE_OUTER_BOUND('',#719,.T.);
#500=FACE_OUTER_BOUND('',#720,.T.);
#501=FACE_OUTER_BOUND('',#721,.T.);
#502=FACE_OUTER_BOUND('',#722,.T.);
#503=FACE_OUTER_BOUND('',#723,.T.);
#504=FACE_OUTER_BOUND('',#724,.T.);
#505=FACE_OUTER_BOUND('',#725,.T.);
#506=FACE_OUTER_BOUND('',#726,.T.);
#507=FACE_OUTER_BOUND('',#727,.T.);
#508=FACE_OUTER_BOUND('',#728,.T.);
#509=FACE_OUTER_BOUND('',#729,.T.);
#510=FACE_OUTER_BOUND('',#730,.T.);
#511=FACE_OUTER_BOUND('',#731,.T.);
#512=FACE_OUTER_BOUND('',#732,.T.);
#513=FACE_OUTER_BOUND('',#733,.T.);
#514=FACE_OUTER_BOUND('',#734,.T.);
#515=FACE_OUTER_BOUND('',#735,.T.);
#516=FACE_OUTER_BOUND('',#736,.T.);
#517=FACE_OUTER_BOUND('',#737,.T.);
#518=FACE_OUTER_BOUND('',#738,.T.);
#519=FACE_OUTER_BOUND('',#739,.T.);
#520=FACE_OUTER_BOUND('',#740,.T.);
#521=FACE_OUTER_BOUND('',#741,.T.);
#522=FACE_OUTER_BOUND('',#742,.T.);
#523=FACE_OUTER_BOUND('',#743,.T.);
#524=FACE_OUTER_BOUND('',#744,.T.);
#525=FACE_OUTER_BOUND('',#745,.T.);
#526=FACE_OUTER_BOUND('',#746,.T.);
#527=FACE_OUTER_BOUND('',#747,.T.);
#528=FACE_OUTER_BOUND('',#748,.T.);
#529=FACE_OUTER_BOUND('',#749,.T.);
#530=FACE_OUTER_BOUND('',#750,.T.);
#531=FACE_OUTER_BOUND('',#751,.T.);
#532=EDGE_LOOP('',(#2372,#2373,#2374,#2375));
#533=EDGE_LOOP('',(#2376,#2377,#2378,#2379));
#534=EDGE_LOOP('',(#2380,#2381,#2382,#2383));
#535=EDGE_LOOP('',(#2384,#2385,#2386,#2387));
#536=EDGE_LOOP('',(#2388,#2389,#2390,#2391));
#537=EDGE_LOOP('',(#2392,#2393,#2394,#2395));
#538=EDGE_LOOP('',(#2396,#2397,#2398,#2399));
#539=EDGE_LOOP('',(#2400,#2401,#2402,#2403));
#540=EDGE_LOOP('',(#2404,#2405,#2406,#2407));
#541=EDGE_LOOP('',(#2408,#2409,#2410,#2411));
#542=EDGE_LOOP('',(#2412,#2413,#2414,#2415));
#543=EDGE_LOOP('',(#2416,#2417,#2418,#2419));
#544=EDGE_LOOP('',(#2420,#2421,#2422,#2423));
#545=EDGE_LOOP('',(#2424,#2425,#2426,#2427));
#546=EDGE_LOOP('',(#2428,#2429,#2430,#2431));
#547=EDGE_LOOP('',(#2432,#2433,#2434,#2435));
#548=EDGE_LOOP('',(#2436,#2437,#2438,#2439));
#549=EDGE_LOOP('',(#2440,#2441,#2442,#2443));
#550=EDGE_LOOP('',(#2444,#2445,#2446,#2447));
#551=EDGE_LOOP('',(#2448,#2449,#2450,#2451));
#552=EDGE_LOOP('',(#2452,#2453,#2454,#2455));
#553=EDGE_LOOP('',(#2456,#2457,#2458,#2459));
#554=EDGE_LOOP('',(#2460,#2461,#2462,#2463));
#555=EDGE_LOOP('',(#2464,#2465,#2466,#2467));
#556=EDGE_LOOP('',(#2468,#2469,#2470,#2471));
#557=EDGE_LOOP('',(#2472,#2473,#2474,#2475));
#558=EDGE_LOOP('',(#2476,#2477,#2478,#2479));
#559=EDGE_LOOP('',(#2480,#2481,#2482,#2483));
#560=EDGE_LOOP('',(#2484,#2485,#2486,#2487));
#561=EDGE_LOOP('',(#2488,#2489,#2490,#2491));
#562=EDGE_LOOP('',(#2492,#2493,#2494,#2495));
#563=EDGE_LOOP('',(#2496,#2497,#2498,#2499));
#564=EDGE_LOOP('',(#2500,#2501,#2502,#2503));
#565=EDGE_LOOP('',(#2504,#2505,#2506,#2507));
#566=EDGE_LOOP('',(#2508,#2509,#2510,#2511));
#567=EDGE_LOOP('',(#2512,#2513,#2514,#2515));
#568=EDGE_LOOP('',(#2516,#2517,#2518,#2519));
#569=EDGE_LOOP('',(#2520,#2521,#2522,#2523));
#570=EDGE_LOOP('',(#2524,#2525,#2526,#2527));
#571=EDGE_LOOP('',(#2528,#2529,#2530,#2531));
#572=EDGE_LOOP('',(#2532,#2533,#2534,#2535));
#573=EDGE_LOOP('',(#2536,#2537,#2538,#2539));
#574=EDGE_LOOP('',(#2540,#2541,#2542,#2543));
#575=EDGE_LOOP('',(#2544,#2545,#2546,#2547));
#576=EDGE_LOOP('',(#2548,#2549,#2550,#2551));
#577=EDGE_LOOP('',(#2552,#2553,#2554,#2555));
#578=EDGE_LOOP('',(#2556,#2557,#2558,#2559,#2560,#2561,#2562,#2563,#2564,
#2565,#2566,#2567,#2568,#2569,#2570,#2571,#2572,#2573,#2574,#2575,#2576,
#2577,#2578,#2579,#2580,#2581,#2582,#2583,#2584,#2585,#2586,#2587,#2588,
#2589,#2590,#2591,#2592,#2593,#2594,#2595));
#579=EDGE_LOOP('',(#2596,#2597,#2598,#2599,#2600,#2601));
#580=EDGE_LOOP('',(#2602,#2603,#2604,#2605,#2606,#2607,#2608,#2609,#2610,
#2611,#2612,#2613,#2614,#2615,#2616,#2617,#2618,#2619,#2620,#2621,#2622,
#2623,#2624,#2625,#2626,#2627,#2628,#2629,#2630,#2631,#2632,#2633,#2634,
#2635,#2636,#2637,#2638,#2639,#2640,#2641));
#581=EDGE_LOOP('',(#2642,#2643,#2644,#2645,#2646,#2647));
#582=EDGE_LOOP('',(#2648,#2649,#2650));
#583=EDGE_LOOP('',(#2651,#2652));
#584=EDGE_LOOP('',(#2653,#2654));
#585=EDGE_LOOP('',(#2655,#2656));
#586=EDGE_LOOP('',(#2657,#2658));
#587=EDGE_LOOP('',(#2659,#2660));
#588=EDGE_LOOP('',(#2661,#2662,#2663,#2664,#2665,#2666,#2667,#2668,#2669,
#2670));
#589=EDGE_LOOP('',(#2671));
#590=EDGE_LOOP('',(#2672,#2673,#2674,#2675));
#591=EDGE_LOOP('',(#2676,#2677,#2678,#2679));
#592=EDGE_LOOP('',(#2680,#2681,#2682,#2683));
#593=EDGE_LOOP('',(#2684,#2685,#2686,#2687));
#594=EDGE_LOOP('',(#2688,#2689,#2690,#2691));
#595=EDGE_LOOP('',(#2692,#2693,#2694,#2695));
#596=EDGE_LOOP('',(#2696,#2697,#2698,#2699,#2700,#2701));
#597=EDGE_LOOP('',(#2702,#2703,#2704,#2705));
#598=EDGE_LOOP('',(#2706,#2707,#2708,#2709));
#599=EDGE_LOOP('',(#2710,#2711,#2712,#2713));
#600=EDGE_LOOP('',(#2714,#2715,#2716,#2717));
#601=EDGE_LOOP('',(#2718,#2719,#2720,#2721));
#602=EDGE_LOOP('',(#2722,#2723,#2724,#2725));
#603=EDGE_LOOP('',(#2726,#2727,#2728,#2729,#2730,#2731));
#604=EDGE_LOOP('',(#2732,#2733,#2734,#2735,#2736,#2737));
#605=EDGE_LOOP('',(#2738,#2739,#2740,#2741));
#606=EDGE_LOOP('',(#2742));
#607=EDGE_LOOP('',(#2743,#2744,#2745,#2746));
#608=EDGE_LOOP('',(#2747));
#609=EDGE_LOOP('',(#2748,#2749,#2750,#2751));
#610=EDGE_LOOP('',(#2752,#2753,#2754,#2755));
#611=EDGE_LOOP('',(#2756,#2757,#2758,#2759));
#612=EDGE_LOOP('',(#2760,#2761,#2762,#2763));
#613=EDGE_LOOP('',(#2764,#2765,#2766,#2767));
#614=EDGE_LOOP('',(#2768,#2769,#2770,#2771));
#615=EDGE_LOOP('',(#2772,#2773,#2774,#2775,#2776,#2777,#2778,#2779));
#616=EDGE_LOOP('',(#2780));
#617=EDGE_LOOP('',(#2781));
#618=EDGE_LOOP('',(#2782,#2783,#2784,#2785));
#619=EDGE_LOOP('',(#2786,#2787,#2788,#2789));
#620=EDGE_LOOP('',(#2790,#2791,#2792,#2793));
#621=EDGE_LOOP('',(#2794,#2795,#2796,#2797));
#622=EDGE_LOOP('',(#2798,#2799,#2800,#2801));
#623=EDGE_LOOP('',(#2802,#2803,#2804,#2805));
#624=EDGE_LOOP('',(#2806,#2807,#2808,#2809));
#625=EDGE_LOOP('',(#2810,#2811,#2812,#2813,#2814,#2815,#2816,#2817));
#626=EDGE_LOOP('',(#2818,#2819,#2820,#2821));
#627=EDGE_LOOP('',(#2822,#2823,#2824,#2825));
#628=EDGE_LOOP('',(#2826,#2827,#2828,#2829));
#629=EDGE_LOOP('',(#2830,#2831,#2832));
#630=EDGE_LOOP('',(#2833,#2834,#2835));
#631=EDGE_LOOP('',(#2836,#2837,#2838,#2839,#2840,#2841));
#632=EDGE_LOOP('',(#2842,#2843,#2844));
#633=EDGE_LOOP('',(#2845,#2846,#2847));
#634=EDGE_LOOP('',(#2848,#2849,#2850,#2851,#2852,#2853));
#635=EDGE_LOOP('',(#2854,#2855,#2856));
#636=EDGE_LOOP('',(#2857,#2858,#2859,#2860,#2861,#2862));
#637=EDGE_LOOP('',(#2863,#2864,#2865));
#638=EDGE_LOOP('',(#2866,#2867,#2868,#2869));
#639=EDGE_LOOP('',(#2870,#2871,#2872,#2873));
#640=EDGE_LOOP('',(#2874,#2875,#2876,#2877));
#641=EDGE_LOOP('',(#2878,#2879,#2880,#2881));
#642=EDGE_LOOP('',(#2882,#2883,#2884));
#643=EDGE_LOOP('',(#2885,#2886,#2887,#2888,#2889,#2890));
#644=EDGE_LOOP('',(#2891,#2892,#2893));
#645=EDGE_LOOP('',(#2894,#2895,#2896,#2897));
#646=EDGE_LOOP('',(#2898,#2899,#2900,#2901));
#647=EDGE_LOOP('',(#2902,#2903,#2904,#2905));
#648=EDGE_LOOP('',(#2906,#2907,#2908,#2909));
#649=EDGE_LOOP('',(#2910,#2911,#2912,#2913,#2914,#2915));
#650=EDGE_LOOP('',(#2916,#2917,#2918,#2919));
#651=EDGE_LOOP('',(#2920,#2921,#2922,#2923));
#652=EDGE_LOOP('',(#2924,#2925,#2926,#2927));
#653=EDGE_LOOP('',(#2928,#2929,#2930,#2931));
#654=EDGE_LOOP('',(#2932,#2933,#2934,#2935,#2936,#2937,#2938,#2939));
#655=EDGE_LOOP('',(#2940,#2941,#2942,#2943));
#656=EDGE_LOOP('',(#2944,#2945,#2946,#2947));
#657=EDGE_LOOP('',(#2948,#2949,#2950,#2951,#2952));
#658=EDGE_LOOP('',(#2953,#2954,#2955,#2956,#2957));
#659=EDGE_LOOP('',(#2958,#2959,#2960,#2961));
#660=EDGE_LOOP('',(#2962,#2963,#2964,#2965));
#661=EDGE_LOOP('',(#2966,#2967,#2968,#2969));
#662=EDGE_LOOP('',(#2970,#2971,#2972,#2973,#2974,#2975,#2976,#2977,#2978,
#2979,#2980,#2981));
#663=EDGE_LOOP('',(#2982));
#664=EDGE_LOOP('',(#2983));
#665=EDGE_LOOP('',(#2984));
#666=EDGE_LOOP('',(#2985));
#667=EDGE_LOOP('',(#2986,#2987,#2988,#2989));
#668=EDGE_LOOP('',(#2990,#2991,#2992,#2993));
#669=EDGE_LOOP('',(#2994,#2995,#2996,#2997));
#670=EDGE_LOOP('',(#2998));
#671=EDGE_LOOP('',(#2999,#3000,#3001,#3002));
#672=EDGE_LOOP('',(#3003));
#673=EDGE_LOOP('',(#3004,#3005,#3006,#3007));
#674=EDGE_LOOP('',(#3008));
#675=EDGE_LOOP('',(#3009,#3010,#3011,#3012));
#676=EDGE_LOOP('',(#3013));
#677=EDGE_LOOP('',(#3014,#3015,#3016,#3017,#3018,#3019,#3020,#3021,#3022,
#3023));
#678=EDGE_LOOP('',(#3024,#3025,#3026,#3027,#3028,#3029,#3030,#3031,#3032,
#3033));
#679=EDGE_LOOP('',(#3034,#3035,#3036,#3037,#3038,#3039,#3040,#3041));
#680=EDGE_LOOP('',(#3042,#3043,#3044,#3045));
#681=EDGE_LOOP('',(#3046,#3047,#3048,#3049));
#682=EDGE_LOOP('',(#3050,#3051,#3052,#3053,#3054,#3055,#3056,#3057,#3058,
#3059,#3060,#3061));
#683=EDGE_LOOP('',(#3062,#3063,#3064,#3065,#3066,#3067,#3068,#3069));
#684=EDGE_LOOP('',(#3070,#3071,#3072,#3073,#3074,#3075,#3076,#3077));
#685=EDGE_LOOP('',(#3078));
#686=EDGE_LOOP('',(#3079,#3080,#3081,#3082));
#687=EDGE_LOOP('',(#3083,#3084,#3085,#3086));
#688=EDGE_LOOP('',(#3087,#3088,#3089,#3090));
#689=EDGE_LOOP('',(#3091,#3092,#3093,#3094,#3095,#3096,#3097,#3098,#3099,
#3100));
#690=EDGE_LOOP('',(#3101));
#691=EDGE_LOOP('',(#3102,#3103,#3104,#3105));
#692=EDGE_LOOP('',(#3106,#3107,#3108,#3109,#3110,#3111,#3112,#3113,#3114,
#3115));
#693=EDGE_LOOP('',(#3116));
#694=EDGE_LOOP('',(#3117,#3118,#3119,#3120));
#695=EDGE_LOOP('',(#3121,#3122,#3123,#3124,#3125,#3126));
#696=EDGE_LOOP('',(#3127,#3128,#3129,#3130,#3131,#3132,#3133,#3134,#3135));
#697=EDGE_LOOP('',(#3136,#3137,#3138,#3139));
#698=EDGE_LOOP('',(#3140,#3141,#3142,#3143,#3144,#3145,#3146,#3147,#3148,
#3149,#3150,#3151,#3152,#3153,#3154,#3155,#3156));
#699=EDGE_LOOP('',(#3157,#3158,#3159,#3160,#3161,#3162));
#700=EDGE_LOOP('',(#3163,#3164,#3165,#3166,#3167,#3168,#3169,#3170,#3171,
#3172,#3173));
#701=EDGE_LOOP('',(#3174,#3175,#3176,#3177,#3178));
#702=EDGE_LOOP('',(#3179,#3180,#3181,#3182));
#703=EDGE_LOOP('',(#3183,#3184,#3185,#3186));
#704=EDGE_LOOP('',(#3187,#3188,#3189,#3190));
#705=EDGE_LOOP('',(#3191,#3192,#3193,#3194,#3195));
#706=EDGE_LOOP('',(#3196,#3197,#3198,#3199));
#707=EDGE_LOOP('',(#3200,#3201,#3202,#3203,#3204,#3205,#3206,#3207));
#708=EDGE_LOOP('',(#3208,#3209,#3210,#3211));
#709=EDGE_LOOP('',(#3212,#3213,#3214,#3215));
#710=EDGE_LOOP('',(#3216,#3217,#3218,#3219,#3220,#3221,#3222,#3223,#3224,
#3225,#3226,#3227,#3228,#3229,#3230,#3231,#3232,#3233,#3234));
#711=EDGE_LOOP('',(#3235,#3236,#3237,#3238,#3239,#3240,#3241,#3242,#3243,
#3244));
#712=EDGE_LOOP('',(#3245,#3246,#3247,#3248,#3249,#3250,#3251,#3252,#3253,
#3254,#3255,#3256,#3257,#3258,#3259,#3260,#3261));
#713=EDGE_LOOP('',(#3262,#3263,#3264,#3265));
#714=EDGE_LOOP('',(#3266,#3267,#3268,#3269));
#715=EDGE_LOOP('',(#3270,#3271,#3272,#3273));
#716=EDGE_LOOP('',(#3274,#3275,#3276,#3277,#3278,#3279,#3280,#3281));
#717=EDGE_LOOP('',(#3282));
#718=EDGE_LOOP('',(#3283,#3284,#3285,#3286,#3287,#3288,#3289,#3290));
#719=EDGE_LOOP('',(#3291,#3292,#3293,#3294));
#720=EDGE_LOOP('',(#3295,#3296,#3297,#3298,#3299,#3300,#3301,#3302,#3303));
#721=EDGE_LOOP('',(#3304,#3305,#3306,#3307,#3308,#3309));
#722=EDGE_LOOP('',(#3310,#3311,#3312,#3313));
#723=EDGE_LOOP('',(#3314,#3315,#3316,#3317));
#724=EDGE_LOOP('',(#3318,#3319,#3320,#3321));
#725=EDGE_LOOP('',(#3322,#3323,#3324,#3325));
#726=EDGE_LOOP('',(#3326,#3327,#3328,#3329));
#727=EDGE_LOOP('',(#3330,#3331,#3332,#3333));
#728=EDGE_LOOP('',(#3334,#3335,#3336,#3337));
#729=EDGE_LOOP('',(#3338,#3339,#3340,#3341,#3342,#3343,#3344));
#730=EDGE_LOOP('',(#3345,#3346,#3347,#3348,#3349,#3350));
#731=EDGE_LOOP('',(#3351,#3352,#3353,#3354));
#732=EDGE_LOOP('',(#3355,#3356,#3357,#3358));
#733=EDGE_LOOP('',(#3359,#3360,#3361,#3362));
#734=EDGE_LOOP('',(#3363,#3364,#3365,#3366));
#735=EDGE_LOOP('',(#3367,#3368,#3369,#3370));
#736=EDGE_LOOP('',(#3371,#3372,#3373,#3374));
#737=EDGE_LOOP('',(#3375,#3376,#3377,#3378));
#738=EDGE_LOOP('',(#3379,#3380,#3381,#3382,#3383,#3384,#3385,#3386));
#739=EDGE_LOOP('',(#3387,#3388,#3389,#3390));
#740=EDGE_LOOP('',(#3391,#3392,#3393,#3394));
#741=EDGE_LOOP('',(#3395,#3396,#3397,#3398,#3399,#3400));
#742=EDGE_LOOP('',(#3401,#3402,#3403,#3404));
#743=EDGE_LOOP('',(#3405,#3406,#3407,#3408,#3409,#3410,#3411,#3412));
#744=EDGE_LOOP('',(#3413,#3414,#3415,#3416));
#745=EDGE_LOOP('',(#3417,#3418,#3419,#3420));
#746=EDGE_LOOP('',(#3421,#3422,#3423,#3424));
#747=EDGE_LOOP('',(#3425,#3426,#3427,#3428,#3429,#3430,#3431,#3432));
#748=EDGE_LOOP('',(#3433,#3434,#3435,#3436));
#749=EDGE_LOOP('',(#3437,#3438,#3439,#3440,#3441));
#750=EDGE_LOOP('',(#3442,#3443,#3444,#3445));
#751=EDGE_LOOP('',(#3446,#3447,#3448,#3449));
#752=LINE('',#5313,#1117);
#753=LINE('',#5315,#1118);
#754=LINE('',#5317,#1119);
#755=LINE('',#5318,#1120);
#756=LINE('',#5321,#1121);
#757=LINE('',#5323,#1122);
#758=LINE('',#5324,#1123);
#759=LINE('',#5327,#1124);
#760=LINE('',#5329,#1125);
#761=LINE('',#5330,#1126);
#762=LINE('',#5333,#1127);
#763=LINE('',#5335,#1128);
#764=LINE('',#5336,#1129);
#765=LINE('',#5339,#1130);
#766=LINE('',#5341,#1131);
#767=LINE('',#5342,#1132);
#768=LINE('',#5344,#1133);
#769=LINE('',#5345,#1134);
#770=LINE('',#5351,#1135);
#771=LINE('',#5354,#1136);
#772=LINE('',#5360,#1137);
#773=LINE('',#5366,#1138);
#774=LINE('',#5372,#1139);
#775=LINE('',#5378,#1140);
#776=LINE('',#5384,#1141);
#777=LINE('',#5390,#1142);
#778=LINE('',#5396,#1143);
#779=LINE('',#5402,#1144);
#780=LINE('',#5408,#1145);
#781=LINE('',#5414,#1146);
#782=LINE('',#5420,#1147);
#783=LINE('',#5426,#1148);
#784=LINE('',#5432,#1149);
#785=LINE('',#5438,#1150);
#786=LINE('',#5444,#1151);
#787=LINE('',#5450,#1152);
#788=LINE('',#5456,#1153);
#789=LINE('',#5462,#1154);
#790=LINE('',#5468,#1155);
#791=LINE('',#5474,#1156);
#792=LINE('',#5480,#1157);
#793=LINE('',#5486,#1158);
#794=LINE('',#5492,#1159);
#795=LINE('',#5498,#1160);
#796=LINE('',#5504,#1161);
#797=LINE('',#5510,#1162);
#798=LINE('',#5516,#1163);
#799=LINE('',#5522,#1164);
#800=LINE('',#5528,#1165);
#801=LINE('',#5534,#1166);
#802=LINE('',#5540,#1167);
#803=LINE('',#5546,#1168);
#804=LINE('',#5552,#1169);
#805=LINE('',#5558,#1170);
#806=LINE('',#5564,#1171);
#807=LINE('',#5570,#1172);
#808=LINE('',#5576,#1173);
#809=LINE('',#5582,#1174);
#810=LINE('',#5592,#1175);
#811=LINE('',#5598,#1176);
#812=LINE('',#5602,#1177);
#813=LINE('',#5606,#1178);
#814=LINE('',#5610,#1179);
#815=LINE('',#5613,#1180);
#816=LINE('',#5618,#1181);
#817=LINE('',#5623,#1182);
#818=LINE('',#5625,#1183);
#819=LINE('',#5627,#1184);
#820=LINE('',#5628,#1185);
#821=LINE('',#5631,#1186);
#822=LINE('',#5633,#1187);
#823=LINE('',#5634,#1188);
#824=LINE('',#5637,#1189);
#825=LINE('',#5639,#1190);
#826=LINE('',#5640,#1191);
#827=LINE('',#5643,#1192);
#828=LINE('',#5645,#1193);
#829=LINE('',#5646,#1194);
#830=LINE('',#5649,#1195);
#831=LINE('',#5651,#1196);
#832=LINE('',#5652,#1197);
#833=LINE('',#5654,#1198);
#834=LINE('',#5655,#1199);
#835=LINE('',#5660,#1200);
#836=LINE('',#5661,#1201);
#837=LINE('',#5662,#1202);
#838=LINE('',#5665,#1203);
#839=LINE('',#5666,#1204);
#840=LINE('',#5669,#1205);
#841=LINE('',#5670,#1206);
#842=LINE('',#5673,#1207);
#843=LINE('',#5674,#1208);
#844=LINE('',#5677,#1209);
#845=LINE('',#5678,#1210);
#846=LINE('',#5680,#1211);
#847=LINE('',#5687,#1212);
#848=LINE('',#5694,#1213);
#849=LINE('',#5701,#1214);
#850=LINE('',#5705,#1215);
#851=LINE('',#5711,#1216);
#852=LINE('',#5715,#1217);
#853=LINE('',#5720,#1218);
#854=LINE('',#5722,#1219);
#855=LINE('',#5724,#1220);
#856=LINE('',#5725,#1221);
#857=LINE('',#5728,#1222);
#858=LINE('',#5730,#1223);
#859=LINE('',#5731,#1224);
#860=LINE('',#5734,#1225);
#861=LINE('',#5736,#1226);
#862=LINE('',#5740,#1227);
#863=LINE('',#5742,#1228);
#864=LINE('',#5744,#1229);
#865=LINE('',#5748,#1230);
#866=LINE('',#5750,#1231);
#867=LINE('',#5752,#1232);
#868=LINE('',#5753,#1233);
#869=LINE('',#5756,#1234);
#870=LINE('',#5758,#1235);
#871=LINE('',#5760,#1236);
#872=LINE('',#5761,#1237);
#873=LINE('',#5764,#1238);
#874=LINE('',#5766,#1239);
#875=LINE('',#5767,#1240);
#876=LINE('',#5770,#1241);
#877=LINE('',#5772,#1242);
#878=LINE('',#5773,#1243);
#879=LINE('',#5776,#1244);
#880=LINE('',#5778,#1245);
#881=LINE('',#5779,#1246);
#882=LINE('',#5781,#1247);
#883=LINE('',#5782,#1248);
#884=LINE('',#5786,#1249);
#885=LINE('',#5788,#1250);
#886=LINE('',#5789,#1251);
#887=LINE('',#5791,#1252);
#888=LINE('',#5792,#1253);
#889=LINE('',#5795,#1254);
#890=LINE('',#5796,#1255);
#891=LINE('',#5798,#1256);
#892=LINE('',#5803,#1257);
#893=LINE('',#5810,#1258);
#894=LINE('',#5815,#1259);
#895=LINE('',#5816,#1260);
#896=LINE('',#5820,#1261);
#897=LINE('',#5827,#1262);
#898=LINE('',#5832,#1263);
#899=LINE('',#5833,#1264);
#900=LINE('',#5840,#1265);
#901=LINE('',#5843,#1266);
#902=LINE('',#5848,#1267);
#903=LINE('',#5850,#1268);
#904=LINE('',#5852,#1269);
#905=LINE('',#5853,#1270);
#906=LINE('',#5855,#1271);
#907=LINE('',#5857,#1272);
#908=LINE('',#5865,#1273);
#909=LINE('',#5868,#1274);
#910=LINE('',#5873,#1275);
#911=LINE('',#5875,#1276);
#912=LINE('',#5877,#1277);
#913=LINE('',#5878,#1278);
#914=LINE('',#5880,#1279);
#915=LINE('',#5882,#1280);
#916=LINE('',#5889,#1281);
#917=LINE('',#5893,#1282);
#918=LINE('',#5895,#1283);
#919=LINE('',#5896,#1284);
#920=LINE('',#5899,#1285);
#921=LINE('',#5901,#1286);
#922=LINE('',#5902,#1287);
#923=LINE('',#5905,#1288);
#924=LINE('',#5909,#1289);
#925=LINE('',#5910,#1290);
#926=LINE('',#5913,#1291);
#927=LINE('',#5917,#1292);
#928=LINE('',#5919,#1293);
#929=LINE('',#5920,#1294);
#930=LINE('',#5922,#1295);
#931=LINE('',#5923,#1296);
#932=LINE('',#5926,#1297);
#933=LINE('',#5927,#1298);
#934=LINE('',#5933,#1299);
#935=LINE('',#5935,#1300);
#936=LINE('',#5937,#1301);
#937=LINE('',#5943,#1302);
#938=LINE('',#5945,#1303);
#939=LINE('',#5947,#1304);
#940=LINE('',#5948,#1305);
#941=LINE('',#5951,#1306);
#942=LINE('',#5953,#1307);
#943=LINE('',#5954,#1308);
#944=LINE('',#5959,#1309);
#945=LINE('',#5966,#1310);
#946=LINE('',#5973,#1311);
#947=LINE('',#5980,#1312);
#948=LINE('',#5987,#1313);
#949=LINE('',#5989,#1314);
#950=LINE('',#5991,#1315);
#951=LINE('',#5993,#1316);
#952=LINE('',#5995,#1317);
#953=LINE('',#5997,#1318);
#954=LINE('',#5998,#1319);
#955=LINE('',#6003,#1320);
#956=LINE('',#6005,#1321);
#957=LINE('',#6007,#1322);
#958=LINE('',#6009,#1323);
#959=LINE('',#6011,#1324);
#960=LINE('',#6013,#1325);
#961=LINE('',#6014,#1326);
#962=LINE('',#6017,#1327);
#963=LINE('',#6019,#1328);
#964=LINE('',#6021,#1329);
#965=LINE('',#6023,#1330);
#966=LINE('',#6024,#1331);
#967=LINE('',#6027,#1332);
#968=LINE('',#6029,#1333);
#969=LINE('',#6030,#1334);
#970=LINE('',#6033,#1335);
#971=LINE('',#6035,#1336);
#972=LINE('',#6036,#1337);
#973=LINE('',#6041,#1338);
#974=LINE('',#6043,#1339);
#975=LINE('',#6045,#1340);
#976=LINE('',#6047,#1341);
#977=LINE('',#6049,#1342);
#978=LINE('',#6051,#1343);
#979=LINE('',#6053,#1344);
#980=LINE('',#6056,#1345);
#981=LINE('',#6059,#1346);
#982=LINE('',#6063,#1347);
#983=LINE('',#6065,#1348);
#984=LINE('',#6067,#1349);
#985=LINE('',#6071,#1350);
#986=LINE('',#6075,#1351);
#987=LINE('',#6077,#1352);
#988=LINE('',#6079,#1353);
#989=LINE('',#6083,#1354);
#990=LINE('',#6084,#1355);
#991=LINE('',#6087,#1356);
#992=LINE('',#6088,#1357);
#993=LINE('',#6091,#1358);
#994=LINE('',#6092,#1359);
#995=LINE('',#6097,#1360);
#996=LINE('',#6099,#1361);
#997=LINE('',#6101,#1362);
#998=LINE('',#6103,#1363);
#999=LINE('',#6105,#1364);
#1000=LINE('',#6110,#1365);
#1001=LINE('',#6113,#1366);
#1002=LINE('',#6117,#1367);
#1003=LINE('',#6119,#1368);
#1004=LINE('',#6121,#1369);
#1005=LINE('',#6123,#1370);
#1006=LINE('',#6124,#1371);
#1007=LINE('',#6126,#1372);
#1008=LINE('',#6132,#1373);
#1009=LINE('',#6136,#1374);
#1010=LINE('',#6139,#1375);
#1011=LINE('',#6141,#1376);
#1012=LINE('',#6143,#1377);
#1013=LINE('',#6145,#1378);
#1014=LINE('',#6147,#1379);
#1015=LINE('',#6148,#1380);
#1016=LINE('',#6151,#1381);
#1017=LINE('',#6152,#1382);
#1018=LINE('',#6155,#1383);
#1019=LINE('',#6159,#1384);
#1020=LINE('',#6168,#1385);
#1021=LINE('',#6170,#1386);
#1022=LINE('',#6172,#1387);
#1023=LINE('',#6174,#1388);
#1024=LINE('',#6178,#1389);
#1025=LINE('',#6182,#1390);
#1026=LINE('',#6184,#1391);
#1027=LINE('',#6185,#1392);
#1028=LINE('',#6191,#1393);
#1029=LINE('',#6195,#1394);
#1030=LINE('',#6198,#1395);
#1031=LINE('',#6200,#1396);
#1032=LINE('',#6201,#1397);
#1033=LINE('',#6203,#1398);
#1034=LINE('',#6214,#1399);
#1035=LINE('',#6217,#1400);
#1036=LINE('',#6220,#1401);
#1037=LINE('',#6224,#1402);
#1038=LINE('',#6365,#1403);
#1039=LINE('',#6380,#1404);
#1040=LINE('',#6383,#1405);
#1041=LINE('',#6386,#1406);
#1042=LINE('',#6389,#1407);
#1043=LINE('',#6391,#1408);
#1044=LINE('',#6393,#1409);
#1045=LINE('',#6394,#1410);
#1046=LINE('',#6396,#1411);
#1047=LINE('',#6398,#1412);
#1048=LINE('',#6400,#1413);
#1049=LINE('',#6404,#1414);
#1050=LINE('',#6408,#1415);
#1051=LINE('',#6410,#1416);
#1052=LINE('',#6412,#1417);
#1053=LINE('',#6414,#1418);
#1054=LINE('',#6415,#1419);
#1055=LINE('',#6416,#1420);
#1056=LINE('',#6419,#1421);
#1057=LINE('',#6423,#1422);
#1058=LINE('',#6425,#1423);
#1059=LINE('',#6427,#1424);
#1060=LINE('',#6429,#1425);
#1061=LINE('',#6433,#1426);
#1062=LINE('',#6437,#1427);
#1063=LINE('',#6439,#1428);
#1064=LINE('',#6441,#1429);
#1065=LINE('',#6443,#1430);
#1066=LINE('',#6444,#1431);
#1067=LINE('',#6445,#1432);
#1068=LINE('',#6448,#1433);
#1069=LINE('',#6451,#1434);
#1070=LINE('',#6452,#1435);
#1071=LINE('',#6456,#1436);
#1072=LINE('',#6458,#1437);
#1073=LINE('',#6462,#1438);
#1074=LINE('',#6464,#1439);
#1075=LINE('',#6465,#1440);
#1076=LINE('',#6466,#1441);
#1077=LINE('',#6468,#1442);
#1078=LINE('',#6471,#1443);
#1079=LINE('',#6473,#1444);
#1080=LINE('',#6475,#1445);
#1081=LINE('',#6477,#1446);
#1082=LINE('',#6479,#1447);
#1083=LINE('',#6480,#1448);
#1084=LINE('',#6482,#1449);
#1085=LINE('',#6484,#1450);
#1086=LINE('',#6485,#1451);
#1087=LINE('',#6487,#1452);
#1088=LINE('',#6489,#1453);
#1089=LINE('',#6491,#1454);
#1090=LINE('',#6493,#1455);
#1091=LINE('',#6496,#1456);
#1092=LINE('',#6498,#1457);
#1093=LINE('',#6504,#1458);
#1094=LINE('',#6508,#1459);
#1095=LINE('',#6510,#1460);
#1096=LINE('',#6511,#1461);
#1097=LINE('',#6513,#1462);
#1098=LINE('',#6514,#1463);
#1099=LINE('',#6516,#1464);
#1100=LINE('',#6518,#1465);
#1101=LINE('',#6521,#1466);
#1102=LINE('',#6523,#1467);
#1103=LINE('',#6524,#1468);
#1104=LINE('',#6527,#1469);
#1105=LINE('',#6529,#1470);
#1106=LINE('',#6530,#1471);
#1107=LINE('',#6532,#1472);
#1108=LINE('',#6534,#1473);
#1109=LINE('',#6536,#1474);
#1110=LINE('',#6538,#1475);
#1111=LINE('',#6540,#1476);
#1112=LINE('',#6542,#1477);
#1113=LINE('',#6543,#1478);
#1114=LINE('',#6545,#1479);
#1115=LINE('',#6548,#1480);
#1116=LINE('',#6550,#1481);
#1117=VECTOR('',#4191,10.);
#1118=VECTOR('',#4192,10.);
#1119=VECTOR('',#4193,10.);
#1120=VECTOR('',#4194,10.);
#1121=VECTOR('',#4197,10.);
#1122=VECTOR('',#4198,10.);
#1123=VECTOR('',#4199,10.);
#1124=VECTOR('',#4202,10.);
#1125=VECTOR('',#4203,10.);
#1126=VECTOR('',#4204,10.);
#1127=VECTOR('',#4207,10.);
#1128=VECTOR('',#4208,10.);
#1129=VECTOR('',#4209,10.);
#1130=VECTOR('',#4212,10.);
#1131=VECTOR('',#4213,10.);
#1132=VECTOR('',#4214,10.);
#1133=VECTOR('',#4217,10.);
#1134=VECTOR('',#4218,10.);
#1135=VECTOR('',#4223,10.);
#1136=VECTOR('',#4226,10.);
#1137=VECTOR('',#4233,10.);
#1138=VECTOR('',#4240,10.);
#1139=VECTOR('',#4247,10.);
#1140=VECTOR('',#4254,10.);
#1141=VECTOR('',#4261,10.);
#1142=VECTOR('',#4268,10.);
#1143=VECTOR('',#4275,10.);
#1144=VECTOR('',#4282,10.);
#1145=VECTOR('',#4289,10.);
#1146=VECTOR('',#4296,10.);
#1147=VECTOR('',#4303,10.);
#1148=VECTOR('',#4310,10.);
#1149=VECTOR('',#4317,10.);
#1150=VECTOR('',#4324,10.);
#1151=VECTOR('',#4331,10.);
#1152=VECTOR('',#4338,10.);
#1153=VECTOR('',#4345,10.);
#1154=VECTOR('',#4352,10.);
#1155=VECTOR('',#4359,10.);
#1156=VECTOR('',#4366,10.);
#1157=VECTOR('',#4373,10.);
#1158=VECTOR('',#4380,10.);
#1159=VECTOR('',#4387,10.);
#1160=VECTOR('',#4394,10.);
#1161=VECTOR('',#4401,10.);
#1162=VECTOR('',#4408,10.);
#1163=VECTOR('',#4415,10.);
#1164=VECTOR('',#4422,10.);
#1165=VECTOR('',#4429,10.);
#1166=VECTOR('',#4436,10.);
#1167=VECTOR('',#4443,10.);
#1168=VECTOR('',#4450,10.);
#1169=VECTOR('',#4457,10.);
#1170=VECTOR('',#4464,10.);
#1171=VECTOR('',#4471,10.);
#1172=VECTOR('',#4478,10.);
#1173=VECTOR('',#4485,10.);
#1174=VECTOR('',#4492,10.);
#1175=VECTOR('',#4507,10.);
#1176=VECTOR('',#4514,10.);
#1177=VECTOR('',#4519,10.);
#1178=VECTOR('',#4524,10.);
#1179=VECTOR('',#4529,10.);
#1180=VECTOR('',#4534,10.);
#1181=VECTOR('',#4541,2.);
#1182=VECTOR('',#4546,10.);
#1183=VECTOR('',#4547,10.);
#1184=VECTOR('',#4548,10.);
#1185=VECTOR('',#4549,10.);
#1186=VECTOR('',#4552,10.);
#1187=VECTOR('',#4553,10.);
#1188=VECTOR('',#4554,10.);
#1189=VECTOR('',#4557,10.);
#1190=VECTOR('',#4558,10.);
#1191=VECTOR('',#4559,10.);
#1192=VECTOR('',#4562,10.);
#1193=VECTOR('',#4563,10.);
#1194=VECTOR('',#4564,10.);
#1195=VECTOR('',#4567,10.);
#1196=VECTOR('',#4568,10.);
#1197=VECTOR('',#4569,10.);
#1198=VECTOR('',#4572,10.);
#1199=VECTOR('',#4573,10.);
#1200=VECTOR('',#4578,10.);
#1201=VECTOR('',#4579,10.);
#1202=VECTOR('',#4580,10.);
#1203=VECTOR('',#4583,10.);
#1204=VECTOR('',#4584,10.);
#1205=VECTOR('',#4587,10.);
#1206=VECTOR('',#4588,10.);
#1207=VECTOR('',#4591,10.);
#1208=VECTOR('',#4592,10.);
#1209=VECTOR('',#4595,10.);
#1210=VECTOR('',#4596,10.);
#1211=VECTOR('',#4599,10.);
#1212=VECTOR('',#4608,0.8);
#1213=VECTOR('',#4617,0.8);
#1214=VECTOR('',#4626,1.7);
#1215=VECTOR('',#4631,1.2);
#1216=VECTOR('',#4638,1.7);
#1217=VECTOR('',#4643,1.2);
#1218=VECTOR('',#4648,10.);
#1219=VECTOR('',#4649,10.);
#1220=VECTOR('',#4650,10.);
#1221=VECTOR('',#4651,10.);
#1222=VECTOR('',#4654,10.);
#1223=VECTOR('',#4655,10.);
#1224=VECTOR('',#4656,10.);
#1225=VECTOR('',#4659,10.);
#1226=VECTOR('',#4660,10.);
#1227=VECTOR('',#4663,10.);
#1228=VECTOR('',#4664,10.);
#1229=VECTOR('',#4665,10.);
#1230=VECTOR('',#4668,10.);
#1231=VECTOR('',#4669,10.);
#1232=VECTOR('',#4670,10.);
#1233=VECTOR('',#4671,10.);
#1234=VECTOR('',#4672,10.);
#1235=VECTOR('',#4673,10.);
#1236=VECTOR('',#4674,10.);
#1237=VECTOR('',#4675,10.);
#1238=VECTOR('',#4678,10.);
#1239=VECTOR('',#4679,10.);
#1240=VECTOR('',#4680,10.);
#1241=VECTOR('',#4683,10.);
#1242=VECTOR('',#4684,10.);
#1243=VECTOR('',#4685,10.);
#1244=VECTOR('',#4688,10.);
#1245=VECTOR('',#4689,10.);
#1246=VECTOR('',#4690,10.);
#1247=VECTOR('',#4693,10.);
#1248=VECTOR('',#4694,10.);
#1249=VECTOR('',#4699,10.);
#1250=VECTOR('',#4700,10.);
#1251=VECTOR('',#4701,10.);
#1252=VECTOR('',#4702,10.);
#1253=VECTOR('',#4703,10.);
#1254=VECTOR('',#4706,10.);
#1255=VECTOR('',#4707,10.);
#1256=VECTOR('',#4710,10.);
#1257=VECTOR('',#4715,10.);
#1258=VECTOR('',#4722,10.);
#1259=VECTOR('',#4729,10.);
#1260=VECTOR('',#4730,10.);
#1261=VECTOR('',#4733,10.);
#1262=VECTOR('',#4740,10.);
#1263=VECTOR('',#4747,10.);
#1264=VECTOR('',#4748,10.);
#1265=VECTOR('',#4755,10.);
#1266=VECTOR('',#4758,10.);
#1267=VECTOR('',#4763,10.);
#1268=VECTOR('',#4766,10.);
#1269=VECTOR('',#4769,10.);
#1270=VECTOR('',#4770,10.);
#1271=VECTOR('',#4773,10.);
#1272=VECTOR('',#4776,10.);
#1273=VECTOR('',#4785,10.);
#1274=VECTOR('',#4788,10.);
#1275=VECTOR('',#4793,10.);
#1276=VECTOR('',#4796,10.);
#1277=VECTOR('',#4799,10.);
#1278=VECTOR('',#4800,10.);
#1279=VECTOR('',#4803,10.);
#1280=VECTOR('',#4806,10.);
#1281=VECTOR('',#4813,10.);
#1282=VECTOR('',#4816,10.);
#1283=VECTOR('',#4817,10.);
#1284=VECTOR('',#4818,10.);
#1285=VECTOR('',#4821,10.);
#1286=VECTOR('',#4822,10.);
#1287=VECTOR('',#4823,10.);
#1288=VECTOR('',#4826,10.);
#1289=VECTOR('',#4831,10.);
#1290=VECTOR('',#4832,10.);
#1291=VECTOR('',#4835,10.);
#1292=VECTOR('',#4840,10.);
#1293=VECTOR('',#4841,10.);
#1294=VECTOR('',#4842,10.);
#1295=VECTOR('',#4843,10.);
#1296=VECTOR('',#4844,10.);
#1297=VECTOR('',#4847,10.);
#1298=VECTOR('',#4848,10.);
#1299=VECTOR('',#4857,10.);
#1300=VECTOR('',#4860,10.);
#1301=VECTOR('',#4863,10.);
#1302=VECTOR('',#4870,10.);
#1303=VECTOR('',#4871,10.);
#1304=VECTOR('',#4872,10.);
#1305=VECTOR('',#4873,10.);
#1306=VECTOR('',#4876,10.);
#1307=VECTOR('',#4877,10.);
#1308=VECTOR('',#4878,10.);
#1309=VECTOR('',#4883,0.750000000000001);
#1310=VECTOR('',#4892,0.750000000000001);
#1311=VECTOR('',#4901,0.95);
#1312=VECTOR('',#4910,0.95);
#1313=VECTOR('',#4919,10.);
#1314=VECTOR('',#4920,10.);
#1315=VECTOR('',#4921,10.);
#1316=VECTOR('',#4922,10.);
#1317=VECTOR('',#4923,10.);
#1318=VECTOR('',#4924,10.);
#1319=VECTOR('',#4925,10.);
#1320=VECTOR('',#4930,10.);
#1321=VECTOR('',#4931,10.);
#1322=VECTOR('',#4932,10.);
#1323=VECTOR('',#4933,10.);
#1324=VECTOR('',#4934,10.);
#1325=VECTOR('',#4935,10.);
#1326=VECTOR('',#4936,10.);
#1327=VECTOR('',#4939,10.);
#1328=VECTOR('',#4940,10.);
#1329=VECTOR('',#4941,10.);
#1330=VECTOR('',#4942,10.);
#1331=VECTOR('',#4943,10.);
#1332=VECTOR('',#4946,10.);
#1333=VECTOR('',#4947,10.);
#1334=VECTOR('',#4948,10.);
#1335=VECTOR('',#4951,10.);
#1336=VECTOR('',#4952,10.);
#1337=VECTOR('',#4953,10.);
#1338=VECTOR('',#4958,10.);
#1339=VECTOR('',#4959,10.);
#1340=VECTOR('',#4960,10.);
#1341=VECTOR('',#4961,10.);
#1342=VECTOR('',#4962,10.);
#1343=VECTOR('',#4963,10.);
#1344=VECTOR('',#4964,10.);
#1345=VECTOR('',#4967,10.);
#1346=VECTOR('',#4970,10.);
#1347=VECTOR('',#4973,10.);
#1348=VECTOR('',#4974,10.);
#1349=VECTOR('',#4975,10.);
#1350=VECTOR('',#4980,10.);
#1351=VECTOR('',#4983,10.);
#1352=VECTOR('',#4984,10.);
#1353=VECTOR('',#4985,10.);
#1354=VECTOR('',#4990,10.);
#1355=VECTOR('',#4991,10.);
#1356=VECTOR('',#4994,10.);
#1357=VECTOR('',#4995,10.);
#1358=VECTOR('',#4998,10.);
#1359=VECTOR('',#4999,10.);
#1360=VECTOR('',#5004,10.);
#1361=VECTOR('',#5005,10.);
#1362=VECTOR('',#5006,10.);
#1363=VECTOR('',#5007,10.);
#1364=VECTOR('',#5008,10.);
#1365=VECTOR('',#5015,10.);
#1366=VECTOR('',#5018,10.);
#1367=VECTOR('',#5021,10.);
#1368=VECTOR('',#5022,10.);
#1369=VECTOR('',#5023,10.);
#1370=VECTOR('',#5024,10.);
#1371=VECTOR('',#5025,10.);
#1372=VECTOR('',#5028,10.);
#1373=VECTOR('',#5033,5.);
#1374=VECTOR('',#5036,10.);
#1375=VECTOR('',#5039,10.);
#1376=VECTOR('',#5042,10.);
#1377=VECTOR('',#5043,10.);
#1378=VECTOR('',#5044,10.);
#1379=VECTOR('',#5045,10.);
#1380=VECTOR('',#5046,10.);
#1381=VECTOR('',#5049,10.);
#1382=VECTOR('',#5050,10.);
#1383=VECTOR('',#5053,10.);
#1384=VECTOR('',#5056,10.);
#1385=VECTOR('',#5057,10.);
#1386=VECTOR('',#5058,10.);
#1387=VECTOR('',#5059,10.);
#1388=VECTOR('',#5060,10.);
#1389=VECTOR('',#5063,10.);
#1390=VECTOR('',#5066,10.);
#1391=VECTOR('',#5067,10.);
#1392=VECTOR('',#5068,10.);
#1393=VECTOR('',#5073,5.);
#1394=VECTOR('',#5078,10.);
#1395=VECTOR('',#5081,10.);
#1396=VECTOR('',#5082,10.);
#1397=VECTOR('',#5083,10.);
#1398=VECTOR('',#5084,10.);
#1399=VECTOR('',#5085,10.);
#1400=VECTOR('',#5088,10.);
#1401=VECTOR('',#5091,10.);
#1402=VECTOR('',#5094,10.);
#1403=VECTOR('',#5105,10.);
#1404=VECTOR('',#5108,10.);
#1405=VECTOR('',#5111,10.);
#1406=VECTOR('',#5116,10.);
#1407=VECTOR('',#5121,10.);
#1408=VECTOR('',#5124,10.);
#1409=VECTOR('',#5125,10.);
#1410=VECTOR('',#5126,10.);
#1411=VECTOR('',#5127,10.);
#1412=VECTOR('',#5128,10.);
#1413=VECTOR('',#5129,10.);
#1414=VECTOR('',#5132,10.);
#1415=VECTOR('',#5135,10.);
#1416=VECTOR('',#5136,10.);
#1417=VECTOR('',#5137,10.);
#1418=VECTOR('',#5138,10.);
#1419=VECTOR('',#5139,10.);
#1420=VECTOR('',#5140,10.);
#1421=VECTOR('',#5143,10.);
#1422=VECTOR('',#5150,10.);
#1423=VECTOR('',#5151,10.);
#1424=VECTOR('',#5152,10.);
#1425=VECTOR('',#5153,10.);
#1426=VECTOR('',#5156,10.);
#1427=VECTOR('',#5159,10.);
#1428=VECTOR('',#5160,10.);
#1429=VECTOR('',#5161,10.);
#1430=VECTOR('',#5162,10.);
#1431=VECTOR('',#5163,10.);
#1432=VECTOR('',#5164,10.);
#1433=VECTOR('',#5169,10.);
#1434=VECTOR('',#5172,10.);
#1435=VECTOR('',#5173,10.);
#1436=VECTOR('',#5178,10.);
#1437=VECTOR('',#5179,10.);
#1438=VECTOR('',#5184,10.);
#1439=VECTOR('',#5185,10.);
#1440=VECTOR('',#5186,10.);
#1441=VECTOR('',#5187,10.);
#1442=VECTOR('',#5190,10.);
#1443=VECTOR('',#5193,10.);
#1444=VECTOR('',#5194,10.);
#1445=VECTOR('',#5195,10.);
#1446=VECTOR('',#5196,10.);
#1447=VECTOR('',#5197,10.);
#1448=VECTOR('',#5198,10.);
#1449=VECTOR('',#5201,10.);
#1450=VECTOR('',#5204,10.);
#1451=VECTOR('',#5205,10.);
#1452=VECTOR('',#5208,10.);
#1453=VECTOR('',#5211,10.);
#1454=VECTOR('',#5214,10.);
#1455=VECTOR('',#5217,10.);
#1456=VECTOR('',#5222,10.);
#1457=VECTOR('',#5225,10.);
#1458=VECTOR('',#5230,10.);
#1459=VECTOR('',#5233,10.);
#1460=VECTOR('',#5234,10.);
#1461=VECTOR('',#5235,10.);
#1462=VECTOR('',#5238,10.);
#1463=VECTOR('',#5239,10.);
#1464=VECTOR('',#5242,10.);
#1465=VECTOR('',#5245,10.);
#1466=VECTOR('',#5248,10.);
#1467=VECTOR('',#5249,10.);
#1468=VECTOR('',#5250,10.);
#1469=VECTOR('',#5253,10.);
#1470=VECTOR('',#5254,10.);
#1471=VECTOR('',#5255,10.);
#1472=VECTOR('',#5258,10.);
#1473=VECTOR('',#5261,10.);
#1474=VECTOR('',#5264,10.);
#1475=VECTOR('',#5267,10.);
#1476=VECTOR('',#5270,10.);
#1477=VECTOR('',#5273,10.);
#1478=VECTOR('',#5274,10.);
#1479=VECTOR('',#5277,10.);
#1480=VECTOR('',#5282,10.);
#1481=VECTOR('',#5285,10.);
#1482=VERTEX_POINT('',#5311);
#1483=VERTEX_POINT('',#5312);
#1484=VERTEX_POINT('',#5314);
#1485=VERTEX_POINT('',#5316);
#1486=VERTEX_POINT('',#5320);
#1487=VERTEX_POINT('',#5322);
#1488=VERTEX_POINT('',#5326);
#1489=VERTEX_POINT('',#5328);
#1490=VERTEX_POINT('',#5332);
#1491=VERTEX_POINT('',#5334);
#1492=VERTEX_POINT('',#5338);
#1493=VERTEX_POINT('',#5340);
#1494=VERTEX_POINT('',#5347);
#1495=VERTEX_POINT('',#5348);
#1496=VERTEX_POINT('',#5350);
#1497=VERTEX_POINT('',#5352);
#1498=VERTEX_POINT('',#5356);
#1499=VERTEX_POINT('',#5358);
#1500=VERTEX_POINT('',#5362);
#1501=VERTEX_POINT('',#5364);
#1502=VERTEX_POINT('',#5368);
#1503=VERTEX_POINT('',#5370);
#1504=VERTEX_POINT('',#5374);
#1505=VERTEX_POINT('',#5376);
#1506=VERTEX_POINT('',#5380);
#1507=VERTEX_POINT('',#5382);
#1508=VERTEX_POINT('',#5386);
#1509=VERTEX_POINT('',#5388);
#1510=VERTEX_POINT('',#5392);
#1511=VERTEX_POINT('',#5394);
#1512=VERTEX_POINT('',#5398);
#1513=VERTEX_POINT('',#5400);
#1514=VERTEX_POINT('',#5404);
#1515=VERTEX_POINT('',#5406);
#1516=VERTEX_POINT('',#5410);
#1517=VERTEX_POINT('',#5412);
#1518=VERTEX_POINT('',#5416);
#1519=VERTEX_POINT('',#5418);
#1520=VERTEX_POINT('',#5422);
#1521=VERTEX_POINT('',#5424);
#1522=VERTEX_POINT('',#5428);
#1523=VERTEX_POINT('',#5430);
#1524=VERTEX_POINT('',#5434);
#1525=VERTEX_POINT('',#5436);
#1526=VERTEX_POINT('',#5440);
#1527=VERTEX_POINT('',#5442);
#1528=VERTEX_POINT('',#5446);
#1529=VERTEX_POINT('',#5448);
#1530=VERTEX_POINT('',#5452);
#1531=VERTEX_POINT('',#5454);
#1532=VERTEX_POINT('',#5458);
#1533=VERTEX_POINT('',#5460);
#1534=VERTEX_POINT('',#5464);
#1535=VERTEX_POINT('',#5466);
#1536=VERTEX_POINT('',#5470);
#1537=VERTEX_POINT('',#5472);
#1538=VERTEX_POINT('',#5476);
#1539=VERTEX_POINT('',#5478);
#1540=VERTEX_POINT('',#5482);
#1541=VERTEX_POINT('',#5484);
#1542=VERTEX_POINT('',#5488);
#1543=VERTEX_POINT('',#5490);
#1544=VERTEX_POINT('',#5494);
#1545=VERTEX_POINT('',#5496);
#1546=VERTEX_POINT('',#5500);
#1547=VERTEX_POINT('',#5502);
#1548=VERTEX_POINT('',#5506);
#1549=VERTEX_POINT('',#5508);
#1550=VERTEX_POINT('',#5512);
#1551=VERTEX_POINT('',#5514);
#1552=VERTEX_POINT('',#5518);
#1553=VERTEX_POINT('',#5520);
#1554=VERTEX_POINT('',#5524);
#1555=VERTEX_POINT('',#5526);
#1556=VERTEX_POINT('',#5530);
#1557=VERTEX_POINT('',#5532);
#1558=VERTEX_POINT('',#5536);
#1559=VERTEX_POINT('',#5538);
#1560=VERTEX_POINT('',#5542);
#1561=VERTEX_POINT('',#5544);
#1562=VERTEX_POINT('',#5548);
#1563=VERTEX_POINT('',#5550);
#1564=VERTEX_POINT('',#5554);
#1565=VERTEX_POINT('',#5556);
#1566=VERTEX_POINT('',#5560);
#1567=VERTEX_POINT('',#5562);
#1568=VERTEX_POINT('',#5566);
#1569=VERTEX_POINT('',#5568);
#1570=VERTEX_POINT('',#5572);
#1571=VERTEX_POINT('',#5574);
#1572=VERTEX_POINT('',#5578);
#1573=VERTEX_POINT('',#5580);
#1574=VERTEX_POINT('',#5590);
#1575=VERTEX_POINT('',#5591);
#1576=VERTEX_POINT('',#5593);
#1577=VERTEX_POINT('',#5597);
#1578=VERTEX_POINT('',#5601);
#1579=VERTEX_POINT('',#5605);
#1580=VERTEX_POINT('',#5609);
#1581=VERTEX_POINT('',#5616);
#1582=VERTEX_POINT('',#5621);
#1583=VERTEX_POINT('',#5622);
#1584=VERTEX_POINT('',#5624);
#1585=VERTEX_POINT('',#5626);
#1586=VERTEX_POINT('',#5630);
#1587=VERTEX_POINT('',#5632);
#1588=VERTEX_POINT('',#5636);
#1589=VERTEX_POINT('',#5638);
#1590=VERTEX_POINT('',#5642);
#1591=VERTEX_POINT('',#5644);
#1592=VERTEX_POINT('',#5648);
#1593=VERTEX_POINT('',#5650);
#1594=VERTEX_POINT('',#5658);
#1595=VERTEX_POINT('',#5659);
#1596=VERTEX_POINT('',#5664);
#1597=VERTEX_POINT('',#5668);
#1598=VERTEX_POINT('',#5672);
#1599=VERTEX_POINT('',#5676);
#1600=VERTEX_POINT('',#5684);
#1601=VERTEX_POINT('',#5686);
#1602=VERTEX_POINT('',#5691);
#1603=VERTEX_POINT('',#5693);
#1604=VERTEX_POINT('',#5698);
#1605=VERTEX_POINT('',#5700);
#1606=VERTEX_POINT('',#5704);
#1607=VERTEX_POINT('',#5708);
#1608=VERTEX_POINT('',#5710);
#1609=VERTEX_POINT('',#5714);
#1610=VERTEX_POINT('',#5718);
#1611=VERTEX_POINT('',#5719);
#1612=VERTEX_POINT('',#5721);
#1613=VERTEX_POINT('',#5723);
#1614=VERTEX_POINT('',#5727);
#1615=VERTEX_POINT('',#5729);
#1616=VERTEX_POINT('',#5733);
#1617=VERTEX_POINT('',#5735);
#1618=VERTEX_POINT('',#5737);
#1619=VERTEX_POINT('',#5739);
#1620=VERTEX_POINT('',#5741);
#1621=VERTEX_POINT('',#5743);
#1622=VERTEX_POINT('',#5746);
#1623=VERTEX_POINT('',#5747);
#1624=VERTEX_POINT('',#5749);
#1625=VERTEX_POINT('',#5751);
#1626=VERTEX_POINT('',#5754);
#1627=VERTEX_POINT('',#5755);
#1628=VERTEX_POINT('',#5757);
#1629=VERTEX_POINT('',#5759);
#1630=VERTEX_POINT('',#5763);
#1631=VERTEX_POINT('',#5765);
#1632=VERTEX_POINT('',#5769);
#1633=VERTEX_POINT('',#5771);
#1634=VERTEX_POINT('',#5775);
#1635=VERTEX_POINT('',#5777);
#1636=VERTEX_POINT('',#5785);
#1637=VERTEX_POINT('',#5787);
#1638=VERTEX_POINT('',#5790);
#1639=VERTEX_POINT('',#5794);
#1640=VERTEX_POINT('',#5801);
#1641=VERTEX_POINT('',#5802);
#1642=VERTEX_POINT('',#5804);
#1643=VERTEX_POINT('',#5808);
#1644=VERTEX_POINT('',#5809);
#1645=VERTEX_POINT('',#5811);
#1646=VERTEX_POINT('',#5818);
#1647=VERTEX_POINT('',#5819);
#1648=VERTEX_POINT('',#5821);
#1649=VERTEX_POINT('',#5825);
#1650=VERTEX_POINT('',#5826);
#1651=VERTEX_POINT('',#5828);
#1652=VERTEX_POINT('',#5835);
#1653=VERTEX_POINT('',#5836);
#1654=VERTEX_POINT('',#5838);
#1655=VERTEX_POINT('',#5842);
#1656=VERTEX_POINT('',#5844);
#1657=VERTEX_POINT('',#5846);
#1658=VERTEX_POINT('',#5860);
#1659=VERTEX_POINT('',#5861);
#1660=VERTEX_POINT('',#5863);
#1661=VERTEX_POINT('',#5867);
#1662=VERTEX_POINT('',#5869);
#1663=VERTEX_POINT('',#5871);
#1664=VERTEX_POINT('',#5885);
#1665=VERTEX_POINT('',#5886);
#1666=VERTEX_POINT('',#5888);
#1667=VERTEX_POINT('',#5890);
#1668=VERTEX_POINT('',#5892);
#1669=VERTEX_POINT('',#5894);
#1670=VERTEX_POINT('',#5898);
#1671=VERTEX_POINT('',#5900);
#1672=VERTEX_POINT('',#5904);
#1673=VERTEX_POINT('',#5908);
#1674=VERTEX_POINT('',#5912);
#1675=VERTEX_POINT('',#5916);
#1676=VERTEX_POINT('',#5918);
#1677=VERTEX_POINT('',#5921);
#1678=VERTEX_POINT('',#5925);
#1679=VERTEX_POINT('',#5931);
#1680=VERTEX_POINT('',#5941);
#1681=VERTEX_POINT('',#5942);
#1682=VERTEX_POINT('',#5944);
#1683=VERTEX_POINT('',#5946);
#1684=VERTEX_POINT('',#5950);
#1685=VERTEX_POINT('',#5952);
#1686=VERTEX_POINT('',#5956);
#1687=VERTEX_POINT('',#5958);
#1688=VERTEX_POINT('',#5963);
#1689=VERTEX_POINT('',#5965);
#1690=VERTEX_POINT('',#5970);
#1691=VERTEX_POINT('',#5972);
#1692=VERTEX_POINT('',#5977);
#1693=VERTEX_POINT('',#5979);
#1694=VERTEX_POINT('',#5984);
#1695=VERTEX_POINT('',#5986);
#1696=VERTEX_POINT('',#5988);
#1697=VERTEX_POINT('',#5990);
#1698=VERTEX_POINT('',#5992);
#1699=VERTEX_POINT('',#5994);
#1700=VERTEX_POINT('',#5996);
#1701=VERTEX_POINT('',#6000);
#1702=VERTEX_POINT('',#6002);
#1703=VERTEX_POINT('',#6004);
#1704=VERTEX_POINT('',#6006);
#1705=VERTEX_POINT('',#6008);
#1706=VERTEX_POINT('',#6010);
#1707=VERTEX_POINT('',#6012);
#1708=VERTEX_POINT('',#6016);
#1709=VERTEX_POINT('',#6018);
#1710=VERTEX_POINT('',#6020);
#1711=VERTEX_POINT('',#6022);
#1712=VERTEX_POINT('',#6026);
#1713=VERTEX_POINT('',#6028);
#1714=VERTEX_POINT('',#6032);
#1715=VERTEX_POINT('',#6034);
#1716=VERTEX_POINT('',#6038);
#1717=VERTEX_POINT('',#6040);
#1718=VERTEX_POINT('',#6042);
#1719=VERTEX_POINT('',#6044);
#1720=VERTEX_POINT('',#6046);
#1721=VERTEX_POINT('',#6048);
#1722=VERTEX_POINT('',#6050);
#1723=VERTEX_POINT('',#6052);
#1724=VERTEX_POINT('',#6054);
#1725=VERTEX_POINT('',#6058);
#1726=VERTEX_POINT('',#6060);
#1727=VERTEX_POINT('',#6062);
#1728=VERTEX_POINT('',#6064);
#1729=VERTEX_POINT('',#6066);
#1730=VERTEX_POINT('',#6070);
#1731=VERTEX_POINT('',#6072);
#1732=VERTEX_POINT('',#6074);
#1733=VERTEX_POINT('',#6076);
#1734=VERTEX_POINT('',#6078);
#1735=VERTEX_POINT('',#6082);
#1736=VERTEX_POINT('',#6086);
#1737=VERTEX_POINT('',#6090);
#1738=VERTEX_POINT('',#6094);
#1739=VERTEX_POINT('',#6096);
#1740=VERTEX_POINT('',#6098);
#1741=VERTEX_POINT('',#6100);
#1742=VERTEX_POINT('',#6102);
#1743=VERTEX_POINT('',#6104);
#1744=VERTEX_POINT('',#6108);
#1745=VERTEX_POINT('',#6112);
#1746=VERTEX_POINT('',#6114);
#1747=VERTEX_POINT('',#6116);
#1748=VERTEX_POINT('',#6118);
#1749=VERTEX_POINT('',#6120);
#1750=VERTEX_POINT('',#6122);
#1751=VERTEX_POINT('',#6128);
#1752=VERTEX_POINT('',#6129);
#1753=VERTEX_POINT('',#6131);
#1754=VERTEX_POINT('',#6133);
#1755=VERTEX_POINT('',#6135);
#1756=VERTEX_POINT('',#6137);
#1757=VERTEX_POINT('',#6142);
#1758=VERTEX_POINT('',#6144);
#1759=VERTEX_POINT('',#6146);
#1760=VERTEX_POINT('',#6150);
#1761=VERTEX_POINT('',#6154);
#1762=VERTEX_POINT('',#6156);
#1763=VERTEX_POINT('',#6158);
#1764=VERTEX_POINT('',#6160);
#1765=VERTEX_POINT('',#6169);
#1766=VERTEX_POINT('',#6171);
#1767=VERTEX_POINT('',#6173);
#1768=VERTEX_POINT('',#6175);
#1769=VERTEX_POINT('',#6177);
#1770=VERTEX_POINT('',#6179);
#1771=VERTEX_POINT('',#6181);
#1772=VERTEX_POINT('',#6183);
#1773=VERTEX_POINT('',#6187);
#1774=VERTEX_POINT('',#6188);
#1775=VERTEX_POINT('',#6190);
#1776=VERTEX_POINT('',#6193);
#1777=VERTEX_POINT('',#6197);
#1778=VERTEX_POINT('',#6199);
#1779=VERTEX_POINT('',#6202);
#1780=VERTEX_POINT('',#6204);
#1781=VERTEX_POINT('',#6213);
#1782=VERTEX_POINT('',#6215);
#1783=VERTEX_POINT('',#6219);
#1784=VERTEX_POINT('',#6221);
#1785=VERTEX_POINT('',#6223);
#1786=VERTEX_POINT('',#6286);
#1787=VERTEX_POINT('',#6352);
#1788=VERTEX_POINT('',#6364);
#1789=VERTEX_POINT('',#6379);
#1790=VERTEX_POINT('',#6381);
#1791=VERTEX_POINT('',#6392);
#1792=VERTEX_POINT('',#6395);
#1793=VERTEX_POINT('',#6397);
#1794=VERTEX_POINT('',#6399);
#1795=VERTEX_POINT('',#6401);
#1796=VERTEX_POINT('',#6403);
#1797=VERTEX_POINT('',#6405);
#1798=VERTEX_POINT('',#6407);
#1799=VERTEX_POINT('',#6409);
#1800=VERTEX_POINT('',#6411);
#1801=VERTEX_POINT('',#6413);
#1802=VERTEX_POINT('',#6418);
#1803=VERTEX_POINT('',#6424);
#1804=VERTEX_POINT('',#6426);
#1805=VERTEX_POINT('',#6428);
#1806=VERTEX_POINT('',#6430);
#1807=VERTEX_POINT('',#6432);
#1808=VERTEX_POINT('',#6434);
#1809=VERTEX_POINT('',#6436);
#1810=VERTEX_POINT('',#6438);
#1811=VERTEX_POINT('',#6440);
#1812=VERTEX_POINT('',#6442);
#1813=VERTEX_POINT('',#6450);
#1814=VERTEX_POINT('',#6455);
#1815=VERTEX_POINT('',#6457);
#1816=VERTEX_POINT('',#6461);
#1817=VERTEX_POINT('',#6463);
#1818=VERTEX_POINT('',#6470);
#1819=VERTEX_POINT('',#6472);
#1820=VERTEX_POINT('',#6474);
#1821=VERTEX_POINT('',#6476);
#1822=VERTEX_POINT('',#6478);
#1823=VERTEX_POINT('',#6500);
#1824=VERTEX_POINT('',#6501);
#1825=VERTEX_POINT('',#6503);
#1826=VERTEX_POINT('',#6505);
#1827=VERTEX_POINT('',#6507);
#1828=VERTEX_POINT('',#6509);
#1829=VERTEX_POINT('',#6520);
#1830=VERTEX_POINT('',#6522);
#1831=VERTEX_POINT('',#6526);
#1832=VERTEX_POINT('',#6528);
#1833=EDGE_CURVE('',#1482,#1483,#752,.T.);
#1834=EDGE_CURVE('',#1483,#1484,#753,.T.);
#1835=EDGE_CURVE('',#1485,#1484,#754,.T.);
#1836=EDGE_CURVE('',#1482,#1485,#755,.T.);
#1837=EDGE_CURVE('',#1486,#1482,#756,.T.);
#1838=EDGE_CURVE('',#1487,#1485,#757,.T.);
#1839=EDGE_CURVE('',#1486,#1487,#758,.T.);
#1840=EDGE_CURVE('',#1488,#1486,#759,.T.);
#1841=EDGE_CURVE('',#1489,#1487,#760,.T.);
#1842=EDGE_CURVE('',#1488,#1489,#761,.T.);
#1843=EDGE_CURVE('',#1490,#1488,#762,.T.);
#1844=EDGE_CURVE('',#1491,#1489,#763,.T.);
#1845=EDGE_CURVE('',#1490,#1491,#764,.T.);
#1846=EDGE_CURVE('',#1492,#1490,#765,.T.);
#1847=EDGE_CURVE('',#1493,#1491,#766,.T.);
#1848=EDGE_CURVE('',#1492,#1493,#767,.T.);
#1849=EDGE_CURVE('',#1483,#1492,#768,.T.);
#1850=EDGE_CURVE('',#1484,#1493,#769,.T.);
#1851=EDGE_CURVE('',#1494,#1495,#93,.T.);
#1852=EDGE_CURVE('',#1494,#1496,#770,.T.);
#1853=EDGE_CURVE('',#1497,#1496,#94,.T.);
#1854=EDGE_CURVE('',#1495,#1497,#771,.T.);
#1855=EDGE_CURVE('',#1498,#1495,#95,.T.);
#1856=EDGE_CURVE('',#1499,#1497,#96,.T.);
#1857=EDGE_CURVE('',#1498,#1499,#772,.T.);
#1858=EDGE_CURVE('',#1498,#1500,#97,.T.);
#1859=EDGE_CURVE('',#1501,#1499,#98,.T.);
#1860=EDGE_CURVE('',#1500,#1501,#773,.T.);
#1861=EDGE_CURVE('',#1502,#1500,#99,.T.);
#1862=EDGE_CURVE('',#1503,#1501,#100,.T.);
#1863=EDGE_CURVE('',#1502,#1503,#774,.T.);
#1864=EDGE_CURVE('',#1502,#1504,#101,.T.);
#1865=EDGE_CURVE('',#1505,#1503,#102,.T.);
#1866=EDGE_CURVE('',#1504,#1505,#775,.T.);
#1867=EDGE_CURVE('',#1506,#1504,#103,.T.);
#1868=EDGE_CURVE('',#1507,#1505,#104,.T.);
#1869=EDGE_CURVE('',#1506,#1507,#776,.T.);
#1870=EDGE_CURVE('',#1506,#1508,#105,.T.);
#1871=EDGE_CURVE('',#1509,#1507,#106,.T.);
#1872=EDGE_CURVE('',#1508,#1509,#777,.T.);
#1873=EDGE_CURVE('',#1510,#1508,#107,.T.);
#1874=EDGE_CURVE('',#1511,#1509,#108,.T.);
#1875=EDGE_CURVE('',#1510,#1511,#778,.T.);
#1876=EDGE_CURVE('',#1510,#1512,#109,.T.);
#1877=EDGE_CURVE('',#1513,#1511,#110,.T.);
#1878=EDGE_CURVE('',#1512,#1513,#779,.T.);
#1879=EDGE_CURVE('',#1514,#1512,#111,.T.);
#1880=EDGE_CURVE('',#1515,#1513,#112,.T.);
#1881=EDGE_CURVE('',#1514,#1515,#780,.T.);
#1882=EDGE_CURVE('',#1514,#1516,#113,.T.);
#1883=EDGE_CURVE('',#1517,#1515,#114,.T.);
#1884=EDGE_CURVE('',#1516,#1517,#781,.T.);
#1885=EDGE_CURVE('',#1518,#1516,#115,.T.);
#1886=EDGE_CURVE('',#1519,#1517,#116,.T.);
#1887=EDGE_CURVE('',#1518,#1519,#782,.T.);
#1888=EDGE_CURVE('',#1518,#1520,#117,.T.);
#1889=EDGE_CURVE('',#1521,#1519,#118,.T.);
#1890=EDGE_CURVE('',#1520,#1521,#783,.T.);
#1891=EDGE_CURVE('',#1522,#1520,#119,.T.);
#1892=EDGE_CURVE('',#1523,#1521,#120,.T.);
#1893=EDGE_CURVE('',#1522,#1523,#784,.T.);
#1894=EDGE_CURVE('',#1522,#1524,#121,.T.);
#1895=EDGE_CURVE('',#1525,#1523,#122,.T.);
#1896=EDGE_CURVE('',#1524,#1525,#785,.T.);
#1897=EDGE_CURVE('',#1526,#1524,#123,.T.);
#1898=EDGE_CURVE('',#1527,#1525,#124,.T.);
#1899=EDGE_CURVE('',#1526,#1527,#786,.T.);
#1900=EDGE_CURVE('',#1526,#1528,#125,.T.);
#1901=EDGE_CURVE('',#1529,#1527,#126,.T.);
#1902=EDGE_CURVE('',#1528,#1529,#787,.T.);
#1903=EDGE_CURVE('',#1530,#1528,#127,.T.);
#1904=EDGE_CURVE('',#1531,#1529,#128,.T.);
#1905=EDGE_CURVE('',#1530,#1531,#788,.T.);
#1906=EDGE_CURVE('',#1530,#1532,#129,.T.);
#1907=EDGE_CURVE('',#1533,#1531,#130,.T.);
#1908=EDGE_CURVE('',#1532,#1533,#789,.T.);
#1909=EDGE_CURVE('',#1534,#1532,#131,.T.);
#1910=EDGE_CURVE('',#1535,#1533,#132,.T.);
#1911=EDGE_CURVE('',#1534,#1535,#790,.T.);
#1912=EDGE_CURVE('',#1534,#1536,#133,.T.);
#1913=EDGE_CURVE('',#1537,#1535,#134,.T.);
#1914=EDGE_CURVE('',#1536,#1537,#791,.T.);
#1915=EDGE_CURVE('',#1538,#1536,#135,.T.);
#1916=EDGE_CURVE('',#1539,#1537,#136,.T.);
#1917=EDGE_CURVE('',#1538,#1539,#792,.T.);
#1918=EDGE_CURVE('',#1538,#1540,#137,.T.);
#1919=EDGE_CURVE('',#1541,#1539,#138,.T.);
#1920=EDGE_CURVE('',#1540,#1541,#793,.T.);
#1921=EDGE_CURVE('',#1542,#1540,#139,.T.);
#1922=EDGE_CURVE('',#1543,#1541,#140,.T.);
#1923=EDGE_CURVE('',#1542,#1543,#794,.T.);
#1924=EDGE_CURVE('',#1542,#1544,#141,.T.);
#1925=EDGE_CURVE('',#1545,#1543,#142,.T.);
#1926=EDGE_CURVE('',#1544,#1545,#795,.T.);
#1927=EDGE_CURVE('',#1546,#1544,#143,.T.);
#1928=EDGE_CURVE('',#1547,#1545,#144,.T.);
#1929=EDGE_CURVE('',#1546,#1547,#796,.T.);
#1930=EDGE_CURVE('',#1546,#1548,#145,.T.);
#1931=EDGE_CURVE('',#1549,#1547,#146,.T.);
#1932=EDGE_CURVE('',#1548,#1549,#797,.T.);
#1933=EDGE_CURVE('',#1550,#1548,#147,.T.);
#1934=EDGE_CURVE('',#1551,#1549,#148,.T.);
#1935=EDGE_CURVE('',#1550,#1551,#798,.T.);
#1936=EDGE_CURVE('',#1550,#1552,#149,.T.);
#1937=EDGE_CURVE('',#1553,#1551,#150,.T.);
#1938=EDGE_CURVE('',#1552,#1553,#799,.T.);
#1939=EDGE_CURVE('',#1554,#1552,#151,.T.);
#1940=EDGE_CURVE('',#1555,#1553,#152,.T.);
#1941=EDGE_CURVE('',#1554,#1555,#800,.T.);
#1942=EDGE_CURVE('',#1554,#1556,#153,.T.);
#1943=EDGE_CURVE('',#1557,#1555,#154,.T.);
#1944=EDGE_CURVE('',#1556,#1557,#801,.T.);
#1945=EDGE_CURVE('',#1558,#1556,#155,.T.);
#1946=EDGE_CURVE('',#1559,#1557,#156,.T.);
#1947=EDGE_CURVE('',#1558,#1559,#802,.T.);
#1948=EDGE_CURVE('',#1558,#1560,#157,.T.);
#1949=EDGE_CURVE('',#1561,#1559,#158,.T.);
#1950=EDGE_CURVE('',#1560,#1561,#803,.T.);
#1951=EDGE_CURVE('',#1562,#1560,#159,.T.);
#1952=EDGE_CURVE('',#1563,#1561,#160,.T.);
#1953=EDGE_CURVE('',#1562,#1563,#804,.T.);
#1954=EDGE_CURVE('',#1562,#1564,#161,.T.);
#1955=EDGE_CURVE('',#1565,#1563,#162,.T.);
#1956=EDGE_CURVE('',#1564,#1565,#805,.T.);
#1957=EDGE_CURVE('',#1566,#1564,#163,.T.);
#1958=EDGE_CURVE('',#1567,#1565,#164,.T.);
#1959=EDGE_CURVE('',#1566,#1567,#806,.T.);
#1960=EDGE_CURVE('',#1566,#1568,#165,.T.);
#1961=EDGE_CURVE('',#1569,#1567,#166,.T.);
#1962=EDGE_CURVE('',#1568,#1569,#807,.T.);
#1963=EDGE_CURVE('',#1570,#1568,#167,.T.);
#1964=EDGE_CURVE('',#1571,#1569,#168,.T.);
#1965=EDGE_CURVE('',#1570,#1571,#808,.T.);
#1966=EDGE_CURVE('',#1570,#1572,#169,.T.);
#1967=EDGE_CURVE('',#1573,#1571,#170,.T.);
#1968=EDGE_CURVE('',#1572,#1573,#809,.T.);
#1969=EDGE_CURVE('',#1494,#1572,#171,.T.);
#1970=EDGE_CURVE('',#1496,#1573,#172,.T.);
#1971=EDGE_CURVE('',#1574,#1575,#810,.T.);
#1972=EDGE_CURVE('',#1576,#1575,#173,.T.);
#1973=EDGE_CURVE('',#1574,#1576,#174,.T.);
#1974=EDGE_CURVE('',#1575,#1577,#811,.T.);
#1975=EDGE_CURVE('',#1575,#1577,#175,.T.);
#1976=EDGE_CURVE('',#1577,#1578,#812,.T.);
#1977=EDGE_CURVE('',#1577,#1578,#176,.T.);
#1978=EDGE_CURVE('',#1578,#1579,#813,.T.);
#1979=EDGE_CURVE('',#1578,#1579,#177,.T.);
#1980=EDGE_CURVE('',#1579,#1580,#814,.T.);
#1981=EDGE_CURVE('',#1579,#1580,#178,.T.);
#1982=EDGE_CURVE('',#1580,#1574,#815,.T.);
#1983=EDGE_CURVE('',#1580,#1574,#179,.T.);
#1984=EDGE_CURVE('',#1581,#1581,#180,.T.);
#1985=EDGE_CURVE('',#1581,#1576,#816,.T.);
#1986=EDGE_CURVE('',#1582,#1583,#817,.T.);
#1987=EDGE_CURVE('',#1582,#1584,#818,.T.);
#1988=EDGE_CURVE('',#1585,#1584,#819,.T.);
#1989=EDGE_CURVE('',#1583,#1585,#820,.T.);
#1990=EDGE_CURVE('',#1583,#1586,#821,.T.);
#1991=EDGE_CURVE('',#1587,#1585,#822,.T.);
#1992=EDGE_CURVE('',#1586,#1587,#823,.T.);
#1993=EDGE_CURVE('',#1586,#1588,#824,.T.);
#1994=EDGE_CURVE('',#1589,#1587,#825,.T.);
#1995=EDGE_CURVE('',#1588,#1589,#826,.T.);
#1996=EDGE_CURVE('',#1588,#1590,#827,.T.);
#1997=EDGE_CURVE('',#1591,#1589,#828,.T.);
#1998=EDGE_CURVE('',#1590,#1591,#829,.T.);
#1999=EDGE_CURVE('',#1590,#1592,#830,.T.);
#2000=EDGE_CURVE('',#1593,#1591,#831,.T.);
#2001=EDGE_CURVE('',#1592,#1593,#832,.T.);
#2002=EDGE_CURVE('',#1592,#1582,#833,.T.);
#2003=EDGE_CURVE('',#1584,#1593,#834,.T.);
#2004=EDGE_CURVE('',#1594,#1595,#835,.T.);
#2005=EDGE_CURVE('',#1595,#1574,#836,.T.);
#2006=EDGE_CURVE('',#1594,#1580,#837,.T.);
#2007=EDGE_CURVE('',#1596,#1594,#838,.T.);
#2008=EDGE_CURVE('',#1596,#1579,#839,.T.);
#2009=EDGE_CURVE('',#1597,#1596,#840,.T.);
#2010=EDGE_CURVE('',#1597,#1578,#841,.T.);
#2011=EDGE_CURVE('',#1598,#1597,#842,.T.);
#2012=EDGE_CURVE('',#1598,#1577,#843,.T.);
#2013=EDGE_CURVE('',#1599,#1598,#844,.T.);
#2014=EDGE_CURVE('',#1599,#1575,#845,.T.);
#2015=EDGE_CURVE('',#1595,#1599,#846,.T.);
#2016=EDGE_CURVE('',#1600,#1600,#181,.T.);
#2017=EDGE_CURVE('',#1600,#1601,#847,.T.);
#2018=EDGE_CURVE('',#1601,#1601,#182,.T.);
#2019=EDGE_CURVE('',#1602,#1602,#183,.T.);
#2020=EDGE_CURVE('',#1602,#1603,#848,.T.);
#2021=EDGE_CURVE('',#1603,#1603,#184,.T.);
#2022=EDGE_CURVE('',#1604,#1604,#185,.T.);
#2023=EDGE_CURVE('',#1604,#1605,#849,.T.);
#2024=EDGE_CURVE('',#1605,#1605,#186,.T.);
#2025=EDGE_CURVE('',#1605,#1606,#850,.T.);
#2026=EDGE_CURVE('',#1606,#1606,#187,.T.);
#2027=EDGE_CURVE('',#1607,#1607,#188,.T.);
#2028=EDGE_CURVE('',#1607,#1608,#851,.T.);
#2029=EDGE_CURVE('',#1608,#1608,#189,.T.);
#2030=EDGE_CURVE('',#1608,#1609,#852,.T.);
#2031=EDGE_CURVE('',#1609,#1609,#190,.T.);
#2032=EDGE_CURVE('',#1610,#1611,#853,.T.);
#2033=EDGE_CURVE('',#1611,#1612,#854,.T.);
#2034=EDGE_CURVE('',#1612,#1613,#855,.T.);
#2035=EDGE_CURVE('',#1613,#1610,#856,.T.);
#2036=EDGE_CURVE('',#1610,#1614,#857,.T.);
#2037=EDGE_CURVE('',#1614,#1615,#858,.T.);
#2038=EDGE_CURVE('',#1611,#1615,#859,.T.);
#2039=EDGE_CURVE('',#1613,#1616,#860,.T.);
#2040=EDGE_CURVE('',#1617,#1616,#861,.T.);
#2041=EDGE_CURVE('',#1618,#1617,#191,.T.);
#2042=EDGE_CURVE('',#1618,#1619,#862,.T.);
#2043=EDGE_CURVE('',#1619,#1620,#863,.T.);
#2044=EDGE_CURVE('',#1620,#1621,#864,.T.);
#2045=EDGE_CURVE('',#1610,#1621,#192,.T.);
#2046=EDGE_CURVE('',#1622,#1623,#865,.T.);
#2047=EDGE_CURVE('',#1623,#1624,#866,.T.);
#2048=EDGE_CURVE('',#1624,#1625,#867,.T.);
#2049=EDGE_CURVE('',#1625,#1622,#868,.T.);
#2050=EDGE_CURVE('',#1626,#1627,#869,.T.);
#2051=EDGE_CURVE('',#1627,#1628,#870,.T.);
#2052=EDGE_CURVE('',#1628,#1629,#871,.T.);
#2053=EDGE_CURVE('',#1629,#1626,#872,.T.);
#2054=EDGE_CURVE('',#1630,#1617,#873,.T.);
#2055=EDGE_CURVE('',#1616,#1631,#874,.T.);
#2056=EDGE_CURVE('',#1631,#1630,#875,.T.);
#2057=EDGE_CURVE('',#1632,#1630,#876,.T.);
#2058=EDGE_CURVE('',#1633,#1632,#877,.T.);
#2059=EDGE_CURVE('',#1617,#1633,#878,.T.);
#2060=EDGE_CURVE('',#1634,#1612,#879,.T.);
#2061=EDGE_CURVE('',#1635,#1634,#880,.T.);
#2062=EDGE_CURVE('',#1613,#1635,#881,.T.);
#2063=EDGE_CURVE('',#1635,#1614,#882,.T.);
#2064=EDGE_CURVE('',#1615,#1634,#883,.T.);
#2065=EDGE_CURVE('',#1614,#1636,#884,.T.);
#2066=EDGE_CURVE('',#1637,#1636,#885,.T.);
#2067=EDGE_CURVE('',#1633,#1637,#886,.T.);
#2068=EDGE_CURVE('',#1633,#1638,#887,.T.);
#2069=EDGE_CURVE('',#1638,#1616,#888,.T.);
#2070=EDGE_CURVE('',#1639,#1632,#889,.T.);
#2071=EDGE_CURVE('',#1638,#1639,#890,.T.);
#2072=EDGE_CURVE('',#1631,#1639,#891,.T.);
#2073=EDGE_CURVE('',#1640,#1641,#892,.T.);
#2074=EDGE_CURVE('',#1642,#1640,#41,.F.);
#2075=EDGE_CURVE('',#1642,#1641,#42,.T.);
#2076=EDGE_CURVE('',#1643,#1644,#893,.T.);
#2077=EDGE_CURVE('',#1645,#1643,#43,.T.);
#2078=EDGE_CURVE('',#1645,#1644,#44,.F.);
#2079=EDGE_CURVE('',#1644,#1640,#894,.T.);
#2080=EDGE_CURVE('',#1641,#1643,#895,.T.);
#2081=EDGE_CURVE('',#1646,#1647,#896,.T.);
#2082=EDGE_CURVE('',#1648,#1646,#45,.T.);
#2083=EDGE_CURVE('',#1648,#1647,#46,.F.);
#2084=EDGE_CURVE('',#1649,#1650,#897,.T.);
#2085=EDGE_CURVE('',#1651,#1649,#47,.F.);
#2086=EDGE_CURVE('',#1651,#1650,#48,.T.);
#2087=EDGE_CURVE('',#1650,#1646,#898,.T.);
#2088=EDGE_CURVE('',#1647,#1649,#899,.T.);
#2089=EDGE_CURVE('',#1652,#1653,#49,.T.);
#2090=EDGE_CURVE('',#1654,#1653,#50,.F.);
#2091=EDGE_CURVE('',#1652,#1654,#900,.T.);
#2092=EDGE_CURVE('',#1655,#1652,#901,.T.);
#2093=EDGE_CURVE('',#1656,#1655,#51,.F.);
#2094=EDGE_CURVE('',#1656,#1657,#52,.T.);
#2095=EDGE_CURVE('',#1654,#1657,#902,.T.);
#2096=EDGE_CURVE('',#1657,#1655,#903,.T.);
#2097=EDGE_CURVE('',#1623,#1652,#904,.T.);
#2098=EDGE_CURVE('',#1622,#1655,#905,.F.);
#2099=EDGE_CURVE('',#1625,#1657,#906,.T.);
#2100=EDGE_CURVE('',#1624,#1654,#907,.F.);
#2101=EDGE_CURVE('',#1658,#1659,#53,.T.);
#2102=EDGE_CURVE('',#1658,#1660,#54,.F.);
#2103=EDGE_CURVE('',#1659,#1660,#908,.T.);
#2104=EDGE_CURVE('',#1661,#1659,#909,.T.);
#2105=EDGE_CURVE('',#1662,#1661,#55,.T.);
#2106=EDGE_CURVE('',#1662,#1663,#56,.F.);
#2107=EDGE_CURVE('',#1660,#1663,#910,.T.);
#2108=EDGE_CURVE('',#1663,#1661,#911,.T.);
#2109=EDGE_CURVE('',#1627,#1663,#912,.T.);
#2110=EDGE_CURVE('',#1626,#1660,#913,.F.);
#2111=EDGE_CURVE('',#1629,#1659,#914,.T.);
#2112=EDGE_CURVE('',#1628,#1661,#915,.F.);
#2113=EDGE_CURVE('',#1664,#1665,#193,.T.);
#2114=EDGE_CURVE('',#1666,#1664,#916,.T.);
#2115=EDGE_CURVE('',#1667,#1666,#194,.T.);
#2116=EDGE_CURVE('',#1668,#1667,#917,.T.);
#2117=EDGE_CURVE('',#1668,#1669,#918,.T.);
#2118=EDGE_CURVE('',#1665,#1669,#919,.T.);
#2119=EDGE_CURVE('',#1667,#1670,#920,.T.);
#2120=EDGE_CURVE('',#1671,#1670,#921,.T.);
#2121=EDGE_CURVE('',#1668,#1671,#922,.T.);
#2122=EDGE_CURVE('',#1666,#1672,#923,.T.);
#2123=EDGE_CURVE('',#1670,#1672,#195,.T.);
#2124=EDGE_CURVE('',#1664,#1673,#924,.T.);
#2125=EDGE_CURVE('',#1672,#1673,#925,.T.);
#2126=EDGE_CURVE('',#1665,#1674,#926,.T.);
#2127=EDGE_CURVE('',#1673,#1674,#196,.T.);
#2128=EDGE_CURVE('',#1619,#1675,#927,.T.);
#2129=EDGE_CURVE('',#1676,#1675,#928,.T.);
#2130=EDGE_CURVE('',#1669,#1676,#929,.T.);
#2131=EDGE_CURVE('',#1677,#1671,#930,.T.);
#2132=EDGE_CURVE('',#1620,#1677,#931,.T.);
#2133=EDGE_CURVE('',#1678,#1677,#932,.T.);
#2134=EDGE_CURVE('',#1621,#1678,#933,.T.);
#2135=EDGE_CURVE('',#1636,#1678,#197,.T.);
#2136=EDGE_CURVE('',#1679,#1637,#198,.T.);
#2137=EDGE_CURVE('',#1618,#1679,#934,.T.);
#2138=EDGE_CURVE('',#1675,#1679,#935,.T.);
#2139=EDGE_CURVE('',#1674,#1676,#936,.T.);
#2140=EDGE_CURVE('',#1680,#1681,#937,.F.);
#2141=EDGE_CURVE('',#1681,#1682,#938,.T.);
#2142=EDGE_CURVE('',#1682,#1683,#939,.F.);
#2143=EDGE_CURVE('',#1683,#1680,#940,.T.);
#2144=EDGE_CURVE('',#1681,#1684,#941,.T.);
#2145=EDGE_CURVE('',#1685,#1684,#942,.T.);
#2146=EDGE_CURVE('',#1682,#1685,#943,.T.);
#2147=EDGE_CURVE('',#1686,#1686,#199,.T.);
#2148=EDGE_CURVE('',#1686,#1687,#944,.T.);
#2149=EDGE_CURVE('',#1687,#1687,#200,.T.);
#2150=EDGE_CURVE('',#1688,#1688,#201,.T.);
#2151=EDGE_CURVE('',#1688,#1689,#945,.T.);
#2152=EDGE_CURVE('',#1689,#1689,#202,.T.);
#2153=EDGE_CURVE('',#1690,#1690,#203,.T.);
#2154=EDGE_CURVE('',#1690,#1691,#946,.T.);
#2155=EDGE_CURVE('',#1691,#1691,#204,.T.);
#2156=EDGE_CURVE('',#1692,#1692,#205,.T.);
#2157=EDGE_CURVE('',#1692,#1693,#947,.T.);
#2158=EDGE_CURVE('',#1693,#1693,#206,.T.);
#2159=EDGE_CURVE('',#1683,#1694,#207,.T.);
#2160=EDGE_CURVE('',#1695,#1685,#948,.T.);
#2161=EDGE_CURVE('',#1696,#1695,#949,.T.);
#2162=EDGE_CURVE('',#1697,#1696,#950,.T.);
#2163=EDGE_CURVE('',#1698,#1697,#951,.T.);
#2164=EDGE_CURVE('',#1699,#1698,#952,.T.);
#2165=EDGE_CURVE('',#1700,#1699,#953,.T.);
#2166=EDGE_CURVE('',#1694,#1700,#954,.T.);
#2167=EDGE_CURVE('',#1701,#1680,#208,.T.);
#2168=EDGE_CURVE('',#1702,#1701,#955,.T.);
#2169=EDGE_CURVE('',#1703,#1702,#956,.T.);
#2170=EDGE_CURVE('',#1704,#1703,#957,.T.);
#2171=EDGE_CURVE('',#1705,#1704,#958,.T.);
#2172=EDGE_CURVE('',#1706,#1705,#959,.T.);
#2173=EDGE_CURVE('',#1707,#1706,#960,.T.);
#2174=EDGE_CURVE('',#1684,#1707,#961,.T.);
#2175=EDGE_CURVE('',#1708,#1707,#962,.T.);
#2176=EDGE_CURVE('',#1709,#1708,#963,.T.);
#2177=EDGE_CURVE('',#1710,#1709,#964,.T.);
#2178=EDGE_CURVE('',#1710,#1711,#965,.T.);
#2179=EDGE_CURVE('',#1695,#1711,#966,.T.);
#2180=EDGE_CURVE('',#1712,#1701,#967,.T.);
#2181=EDGE_CURVE('',#1713,#1712,#968,.T.);
#2182=EDGE_CURVE('',#1702,#1713,#969,.T.);
#2183=EDGE_CURVE('',#1714,#1700,#970,.T.);
#2184=EDGE_CURVE('',#1715,#1714,#971,.T.);
#2185=EDGE_CURVE('',#1694,#1715,#972,.T.);
#2186=EDGE_CURVE('',#1716,#1713,#209,.F.);
#2187=EDGE_CURVE('',#1716,#1717,#973,.T.);
#2188=EDGE_CURVE('',#1718,#1717,#974,.T.);
#2189=EDGE_CURVE('',#1719,#1718,#975,.T.);
#2190=EDGE_CURVE('',#1720,#1719,#976,.T.);
#2191=EDGE_CURVE('',#1720,#1721,#977,.T.);
#2192=EDGE_CURVE('',#1722,#1721,#978,.T.);
#2193=EDGE_CURVE('',#1723,#1722,#979,.T.);
#2194=EDGE_CURVE('',#1724,#1723,#210,.T.);
#2195=EDGE_CURVE('',#1703,#1724,#980,.T.);
#2196=EDGE_CURVE('',#1725,#1699,#981,.T.);
#2197=EDGE_CURVE('',#1726,#1725,#211,.T.);
#2198=EDGE_CURVE('',#1727,#1726,#982,.T.);
#2199=EDGE_CURVE('',#1728,#1727,#983,.T.);
#2200=EDGE_CURVE('',#1728,#1729,#984,.T.);
#2201=EDGE_CURVE('',#1714,#1729,#212,.F.);
#2202=EDGE_CURVE('',#1706,#1730,#985,.T.);
#2203=EDGE_CURVE('',#1730,#1731,#213,.T.);
#2204=EDGE_CURVE('',#1731,#1732,#986,.T.);
#2205=EDGE_CURVE('',#1732,#1733,#987,.T.);
#2206=EDGE_CURVE('',#1733,#1734,#988,.T.);
#2207=EDGE_CURVE('',#1734,#1708,#214,.T.);
#2208=EDGE_CURVE('',#1735,#1724,#989,.T.);
#2209=EDGE_CURVE('',#1704,#1735,#990,.T.);
#2210=EDGE_CURVE('',#1736,#1698,#991,.T.);
#2211=EDGE_CURVE('',#1725,#1736,#992,.T.);
#2212=EDGE_CURVE('',#1737,#1705,#993,.T.);
#2213=EDGE_CURVE('',#1737,#1730,#994,.T.);
#2214=EDGE_CURVE('',#1738,#1735,#215,.T.);
#2215=EDGE_CURVE('',#1739,#1738,#995,.T.);
#2216=EDGE_CURVE('',#1740,#1739,#996,.T.);
#2217=EDGE_CURVE('',#1740,#1741,#997,.T.);
#2218=EDGE_CURVE('',#1742,#1741,#998,.T.);
#2219=EDGE_CURVE('',#1742,#1743,#999,.T.);
#2220=EDGE_CURVE('',#1743,#1737,#216,.T.);
#2221=EDGE_CURVE('',#1736,#1744,#217,.T.);
#2222=EDGE_CURVE('',#1744,#1726,#1000,.T.);
#2223=EDGE_CURVE('',#1697,#1745,#1001,.T.);
#2224=EDGE_CURVE('',#1745,#1746,#218,.T.);
#2225=EDGE_CURVE('',#1746,#1747,#1002,.T.);
#2226=EDGE_CURVE('',#1748,#1747,#1003,.T.);
#2227=EDGE_CURVE('',#1749,#1748,#1004,.T.);
#2228=EDGE_CURVE('',#1750,#1749,#1005,.T.);
#2229=EDGE_CURVE('',#1750,#1744,#1006,.T.);
#2230=EDGE_CURVE('',#1723,#1738,#1007,.T.);
#2231=EDGE_CURVE('',#1751,#1752,#219,.T.);
#2232=EDGE_CURVE('',#1752,#1753,#1008,.T.);
#2233=EDGE_CURVE('',#1753,#1754,#220,.T.);
#2234=EDGE_CURVE('',#1755,#1754,#1009,.T.);
#2235=EDGE_CURVE('',#1755,#1756,#221,.T.);
#2236=EDGE_CURVE('',#1756,#1751,#1010,.T.);
#2237=EDGE_CURVE('',#1752,#1750,#1011,.T.);
#2238=EDGE_CURVE('',#1751,#1757,#1012,.T.);
#2239=EDGE_CURVE('',#1757,#1758,#1013,.T.);
#2240=EDGE_CURVE('',#1758,#1759,#1014,.T.);
#2241=EDGE_CURVE('',#1759,#1727,#1015,.T.);
#2242=EDGE_CURVE('',#1756,#1760,#1016,.T.);
#2243=EDGE_CURVE('',#1757,#1760,#1017,.T.);
#2244=EDGE_CURVE('',#1761,#1755,#1018,.T.);
#2245=EDGE_CURVE('',#1762,#1761,#222,.T.);
#2246=EDGE_CURVE('',#1763,#1762,#1019,.T.);
#2247=EDGE_CURVE('',#1764,#1763,#35,.T.);
#2248=EDGE_CURVE('',#1729,#1764,#1020,.T.);
#2249=EDGE_CURVE('',#1765,#1728,#1021,.T.);
#2250=EDGE_CURVE('',#1766,#1765,#1022,.T.);
#2251=EDGE_CURVE('',#1767,#1766,#1023,.T.);
#2252=EDGE_CURVE('',#1768,#1767,#223,.T.);
#2253=EDGE_CURVE('',#1769,#1768,#1024,.T.);
#2254=EDGE_CURVE('',#1770,#1769,#224,.T.);
#2255=EDGE_CURVE('',#1771,#1770,#1025,.T.);
#2256=EDGE_CURVE('',#1772,#1771,#1026,.T.);
#2257=EDGE_CURVE('',#1760,#1772,#1027,.T.);
#2258=EDGE_CURVE('',#1773,#1774,#225,.T.);
#2259=EDGE_CURVE('',#1774,#1775,#1028,.T.);
#2260=EDGE_CURVE('',#1775,#1722,#226,.T.);
#2261=EDGE_CURVE('',#1721,#1776,#227,.T.);
#2262=EDGE_CURVE('',#1773,#1776,#1029,.T.);
#2263=EDGE_CURVE('',#1777,#1720,#1030,.T.);
#2264=EDGE_CURVE('',#1778,#1777,#1031,.T.);
#2265=EDGE_CURVE('',#1717,#1778,#1032,.T.);
#2266=EDGE_CURVE('',#1779,#1716,#1033,.T.);
#2267=EDGE_CURVE('',#1780,#1779,#36,.T.);
#2268=EDGE_CURVE('',#1781,#1780,#1034,.T.);
#2269=EDGE_CURVE('',#1782,#1781,#228,.T.);
#2270=EDGE_CURVE('',#1776,#1782,#1035,.T.);
#2271=EDGE_CURVE('',#1761,#1783,#1036,.T.);
#2272=EDGE_CURVE('',#1783,#1784,#229,.T.);
#2273=EDGE_CURVE('',#1784,#1785,#1037,.T.);
#2274=EDGE_CURVE('',#1785,#1762,#37,.T.);
#2275=EDGE_CURVE('',#1786,#1763,#230,.T.);
#2276=EDGE_CURVE('',#1715,#1786,#38,.F.);
#2277=EDGE_CURVE('',#1764,#1715,#231,.T.);
#2278=EDGE_CURVE('',#1787,#1712,#39,.F.);
#2279=EDGE_CURVE('',#1780,#1787,#232,.T.);
#2280=EDGE_CURVE('',#1712,#1779,#233,.T.);
#2281=EDGE_CURVE('',#1787,#1788,#1038,.T.);
#2282=EDGE_CURVE('',#1788,#1781,#40,.T.);
#2283=EDGE_CURVE('',#1788,#1789,#1039,.T.);
#2284=EDGE_CURVE('',#1789,#1790,#234,.T.);
#2285=EDGE_CURVE('',#1790,#1782,#1040,.T.);
#2286=EDGE_CURVE('',#1786,#1787,#1041,.T.);
#2287=EDGE_CURVE('',#1785,#1786,#1042,.T.);
#2288=EDGE_CURVE('',#1790,#1773,#1043,.T.);
#2289=EDGE_CURVE('',#1791,#1789,#1044,.T.);
#2290=EDGE_CURVE('',#1791,#1734,#1045,.T.);
#2291=EDGE_CURVE('',#1733,#1792,#1046,.T.);
#2292=EDGE_CURVE('',#1792,#1793,#1047,.T.);
#2293=EDGE_CURVE('',#1793,#1794,#1048,.T.);
#2294=EDGE_CURVE('',#1794,#1795,#235,.T.);
#2295=EDGE_CURVE('',#1795,#1796,#1049,.T.);
#2296=EDGE_CURVE('',#1796,#1797,#236,.T.);
#2297=EDGE_CURVE('',#1797,#1798,#1050,.T.);
#2298=EDGE_CURVE('',#1798,#1799,#1051,.T.);
#2299=EDGE_CURVE('',#1799,#1800,#1052,.T.);
#2300=EDGE_CURVE('',#1800,#1801,#1053,.T.);
#2301=EDGE_CURVE('',#1741,#1801,#1054,.T.);
#2302=EDGE_CURVE('',#1774,#1740,#1055,.T.);
#2303=EDGE_CURVE('',#1784,#1802,#1056,.T.);
#2304=EDGE_CURVE('',#1802,#1710,#237,.T.);
#2305=EDGE_CURVE('',#1709,#1791,#238,.T.);
#2306=EDGE_CURVE('',#1749,#1753,#1057,.T.);
#2307=EDGE_CURVE('',#1803,#1748,#1058,.T.);
#2308=EDGE_CURVE('',#1803,#1804,#1059,.T.);
#2309=EDGE_CURVE('',#1804,#1805,#1060,.T.);
#2310=EDGE_CURVE('',#1805,#1806,#239,.T.);
#2311=EDGE_CURVE('',#1806,#1807,#1061,.T.);
#2312=EDGE_CURVE('',#1807,#1808,#240,.T.);
#2313=EDGE_CURVE('',#1808,#1809,#1062,.T.);
#2314=EDGE_CURVE('',#1809,#1810,#1063,.T.);
#2315=EDGE_CURVE('',#1810,#1811,#1064,.T.);
#2316=EDGE_CURVE('',#1812,#1811,#1065,.T.);
#2317=EDGE_CURVE('',#1802,#1812,#1066,.T.);
#2318=EDGE_CURVE('',#1754,#1783,#1067,.T.);
#2319=EDGE_CURVE('',#1743,#1731,#1068,.T.);
#2320=EDGE_CURVE('',#1813,#1696,#1069,.T.);
#2321=EDGE_CURVE('',#1745,#1813,#1070,.T.);
#2322=EDGE_CURVE('',#1711,#1812,#241,.T.);
#2323=EDGE_CURVE('',#1811,#1814,#1071,.T.);
#2324=EDGE_CURVE('',#1814,#1815,#1072,.T.);
#2325=EDGE_CURVE('',#1815,#1813,#242,.T.);
#2326=EDGE_CURVE('',#1742,#1816,#1073,.T.);
#2327=EDGE_CURVE('',#1817,#1816,#1074,.T.);
#2328=EDGE_CURVE('',#1719,#1817,#1075,.T.);
#2329=EDGE_CURVE('',#1718,#1732,#1076,.T.);
#2330=EDGE_CURVE('',#1746,#1815,#1077,.T.);
#2331=EDGE_CURVE('',#1814,#1818,#1078,.T.);
#2332=EDGE_CURVE('',#1818,#1819,#1079,.T.);
#2333=EDGE_CURVE('',#1819,#1820,#1080,.T.);
#2334=EDGE_CURVE('',#1820,#1821,#1081,.T.);
#2335=EDGE_CURVE('',#1821,#1822,#1082,.T.);
#2336=EDGE_CURVE('',#1822,#1747,#1083,.T.);
#2337=EDGE_CURVE('',#1778,#1792,#1084,.T.);
#2338=EDGE_CURVE('',#1770,#1805,#1085,.T.);
#2339=EDGE_CURVE('',#1771,#1804,#1086,.T.);
#2340=EDGE_CURVE('',#1769,#1806,#1087,.T.);
#2341=EDGE_CURVE('',#1807,#1768,#1088,.T.);
#2342=EDGE_CURVE('',#1767,#1808,#1089,.T.);
#2343=EDGE_CURVE('',#1766,#1809,#1090,.T.);
#2344=EDGE_CURVE('',#1765,#1810,#1091,.T.);
#2345=EDGE_CURVE('',#1814,#1759,#1092,.T.);
#2346=EDGE_CURVE('',#1823,#1824,#243,.T.);
#2347=EDGE_CURVE('',#1825,#1823,#1093,.T.);
#2348=EDGE_CURVE('',#1826,#1825,#244,.T.);
#2349=EDGE_CURVE('',#1827,#1826,#1094,.T.);
#2350=EDGE_CURVE('',#1827,#1828,#1095,.T.);
#2351=EDGE_CURVE('',#1824,#1828,#1096,.T.);
#2352=EDGE_CURVE('',#1826,#1794,#1097,.T.);
#2353=EDGE_CURVE('',#1827,#1793,#1098,.T.);
#2354=EDGE_CURVE('',#1825,#1795,#1099,.T.);
#2355=EDGE_CURVE('',#1823,#1796,#1100,.T.);
#2356=EDGE_CURVE('',#1821,#1829,#1101,.T.);
#2357=EDGE_CURVE('',#1820,#1830,#1102,.T.);
#2358=EDGE_CURVE('',#1830,#1829,#1103,.T.);
#2359=EDGE_CURVE('',#1829,#1831,#1104,.T.);
#2360=EDGE_CURVE('',#1832,#1830,#1105,.T.);
#2361=EDGE_CURVE('',#1831,#1832,#1106,.T.);
#2362=EDGE_CURVE('',#1819,#1832,#1107,.T.);
#2363=EDGE_CURVE('',#1831,#1818,#1108,.T.);
#2364=EDGE_CURVE('',#1822,#1758,#1109,.T.);
#2365=EDGE_CURVE('',#1824,#1797,#1110,.T.);
#2366=EDGE_CURVE('',#1828,#1798,#1111,.T.);
#2367=EDGE_CURVE('',#1817,#1800,#1112,.T.);
#2368=EDGE_CURVE('',#1777,#1799,#1113,.T.);
#2369=EDGE_CURVE('',#1816,#1801,#1114,.T.);
#2370=EDGE_CURVE('',#1772,#1803,#1115,.T.);
#2371=EDGE_CURVE('',#1739,#1775,#1116,.T.);
#2372=ORIENTED_EDGE('',*,*,#1833,.T.);
#2373=ORIENTED_EDGE('',*,*,#1834,.T.);
#2374=ORIENTED_EDGE('',*,*,#1835,.F.);
#2375=ORIENTED_EDGE('',*,*,#1836,.F.);
#2376=ORIENTED_EDGE('',*,*,#1837,.T.);
#2377=ORIENTED_EDGE('',*,*,#1836,.T.);
#2378=ORIENTED_EDGE('',*,*,#1838,.F.);
#2379=ORIENTED_EDGE('',*,*,#1839,.F.);
#2380=ORIENTED_EDGE('',*,*,#1840,.T.);
#2381=ORIENTED_EDGE('',*,*,#1839,.T.);
#2382=ORIENTED_EDGE('',*,*,#1841,.F.);
#2383=ORIENTED_EDGE('',*,*,#1842,.F.);
#2384=ORIENTED_EDGE('',*,*,#1843,.T.);
#2385=ORIENTED_EDGE('',*,*,#1842,.T.);
#2386=ORIENTED_EDGE('',*,*,#1844,.F.);
#2387=ORIENTED_EDGE('',*,*,#1845,.F.);
#2388=ORIENTED_EDGE('',*,*,#1846,.T.);
#2389=ORIENTED_EDGE('',*,*,#1845,.T.);
#2390=ORIENTED_EDGE('',*,*,#1847,.F.);
#2391=ORIENTED_EDGE('',*,*,#1848,.F.);
#2392=ORIENTED_EDGE('',*,*,#1849,.T.);
#2393=ORIENTED_EDGE('',*,*,#1848,.T.);
#2394=ORIENTED_EDGE('',*,*,#1850,.F.);
#2395=ORIENTED_EDGE('',*,*,#1834,.F.);
#2396=ORIENTED_EDGE('',*,*,#1851,.F.);
#2397=ORIENTED_EDGE('',*,*,#1852,.T.);
#2398=ORIENTED_EDGE('',*,*,#1853,.F.);
#2399=ORIENTED_EDGE('',*,*,#1854,.F.);
#2400=ORIENTED_EDGE('',*,*,#1855,.T.);
#2401=ORIENTED_EDGE('',*,*,#1854,.T.);
#2402=ORIENTED_EDGE('',*,*,#1856,.F.);
#2403=ORIENTED_EDGE('',*,*,#1857,.F.);
#2404=ORIENTED_EDGE('',*,*,#1858,.F.);
#2405=ORIENTED_EDGE('',*,*,#1857,.T.);
#2406=ORIENTED_EDGE('',*,*,#1859,.F.);
#2407=ORIENTED_EDGE('',*,*,#1860,.F.);
#2408=ORIENTED_EDGE('',*,*,#1861,.T.);
#2409=ORIENTED_EDGE('',*,*,#1860,.T.);
#2410=ORIENTED_EDGE('',*,*,#1862,.F.);
#2411=ORIENTED_EDGE('',*,*,#1863,.F.);
#2412=ORIENTED_EDGE('',*,*,#1864,.F.);
#2413=ORIENTED_EDGE('',*,*,#1863,.T.);
#2414=ORIENTED_EDGE('',*,*,#1865,.F.);
#2415=ORIENTED_EDGE('',*,*,#1866,.F.);
#2416=ORIENTED_EDGE('',*,*,#1867,.T.);
#2417=ORIENTED_EDGE('',*,*,#1866,.T.);
#2418=ORIENTED_EDGE('',*,*,#1868,.F.);
#2419=ORIENTED_EDGE('',*,*,#1869,.F.);
#2420=ORIENTED_EDGE('',*,*,#1870,.F.);
#2421=ORIENTED_EDGE('',*,*,#1869,.T.);
#2422=ORIENTED_EDGE('',*,*,#1871,.F.);
#2423=ORIENTED_EDGE('',*,*,#1872,.F.);
#2424=ORIENTED_EDGE('',*,*,#1873,.T.);
#2425=ORIENTED_EDGE('',*,*,#1872,.T.);
#2426=ORIENTED_EDGE('',*,*,#1874,.F.);
#2427=ORIENTED_EDGE('',*,*,#1875,.F.);
#2428=ORIENTED_EDGE('',*,*,#1876,.F.);
#2429=ORIENTED_EDGE('',*,*,#1875,.T.);
#2430=ORIENTED_EDGE('',*,*,#1877,.F.);
#2431=ORIENTED_EDGE('',*,*,#1878,.F.);
#2432=ORIENTED_EDGE('',*,*,#1879,.T.);
#2433=ORIENTED_EDGE('',*,*,#1878,.T.);
#2434=ORIENTED_EDGE('',*,*,#1880,.F.);
#2435=ORIENTED_EDGE('',*,*,#1881,.F.);
#2436=ORIENTED_EDGE('',*,*,#1882,.F.);
#2437=ORIENTED_EDGE('',*,*,#1881,.T.);
#2438=ORIENTED_EDGE('',*,*,#1883,.F.);
#2439=ORIENTED_EDGE('',*,*,#1884,.F.);
#2440=ORIENTED_EDGE('',*,*,#1885,.T.);
#2441=ORIENTED_EDGE('',*,*,#1884,.T.);
#2442=ORIENTED_EDGE('',*,*,#1886,.F.);
#2443=ORIENTED_EDGE('',*,*,#1887,.F.);
#2444=ORIENTED_EDGE('',*,*,#1888,.F.);
#2445=ORIENTED_EDGE('',*,*,#1887,.T.);
#2446=ORIENTED_EDGE('',*,*,#1889,.F.);
#2447=ORIENTED_EDGE('',*,*,#1890,.F.);
#2448=ORIENTED_EDGE('',*,*,#1891,.T.);
#2449=ORIENTED_EDGE('',*,*,#1890,.T.);
#2450=ORIENTED_EDGE('',*,*,#1892,.F.);
#2451=ORIENTED_EDGE('',*,*,#1893,.F.);
#2452=ORIENTED_EDGE('',*,*,#1894,.F.);
#2453=ORIENTED_EDGE('',*,*,#1893,.T.);
#2454=ORIENTED_EDGE('',*,*,#1895,.F.);
#2455=ORIENTED_EDGE('',*,*,#1896,.F.);
#2456=ORIENTED_EDGE('',*,*,#1897,.T.);
#2457=ORIENTED_EDGE('',*,*,#1896,.T.);
#2458=ORIENTED_EDGE('',*,*,#1898,.F.);
#2459=ORIENTED_EDGE('',*,*,#1899,.F.);
#2460=ORIENTED_EDGE('',*,*,#1900,.F.);
#2461=ORIENTED_EDGE('',*,*,#1899,.T.);
#2462=ORIENTED_EDGE('',*,*,#1901,.F.);
#2463=ORIENTED_EDGE('',*,*,#1902,.F.);
#2464=ORIENTED_EDGE('',*,*,#1903,.T.);
#2465=ORIENTED_EDGE('',*,*,#1902,.T.);
#2466=ORIENTED_EDGE('',*,*,#1904,.F.);
#2467=ORIENTED_EDGE('',*,*,#1905,.F.);
#2468=ORIENTED_EDGE('',*,*,#1906,.F.);
#2469=ORIENTED_EDGE('',*,*,#1905,.T.);
#2470=ORIENTED_EDGE('',*,*,#1907,.F.);
#2471=ORIENTED_EDGE('',*,*,#1908,.F.);
#2472=ORIENTED_EDGE('',*,*,#1909,.T.);
#2473=ORIENTED_EDGE('',*,*,#1908,.T.);
#2474=ORIENTED_EDGE('',*,*,#1910,.F.);
#2475=ORIENTED_EDGE('',*,*,#1911,.F.);
#2476=ORIENTED_EDGE('',*,*,#1912,.F.);
#2477=ORIENTED_EDGE('',*,*,#1911,.T.);
#2478=ORIENTED_EDGE('',*,*,#1913,.F.);
#2479=ORIENTED_EDGE('',*,*,#1914,.F.);
#2480=ORIENTED_EDGE('',*,*,#1915,.T.);
#2481=ORIENTED_EDGE('',*,*,#1914,.T.);
#2482=ORIENTED_EDGE('',*,*,#1916,.F.);
#2483=ORIENTED_EDGE('',*,*,#1917,.F.);
#2484=ORIENTED_EDGE('',*,*,#1918,.F.);
#2485=ORIENTED_EDGE('',*,*,#1917,.T.);
#2486=ORIENTED_EDGE('',*,*,#1919,.F.);
#2487=ORIENTED_EDGE('',*,*,#1920,.F.);
#2488=ORIENTED_EDGE('',*,*,#1921,.T.);
#2489=ORIENTED_EDGE('',*,*,#1920,.T.);
#2490=ORIENTED_EDGE('',*,*,#1922,.F.);
#2491=ORIENTED_EDGE('',*,*,#1923,.F.);
#2492=ORIENTED_EDGE('',*,*,#1924,.F.);
#2493=ORIENTED_EDGE('',*,*,#1923,.T.);
#2494=ORIENTED_EDGE('',*,*,#1925,.F.);
#2495=ORIENTED_EDGE('',*,*,#1926,.F.);
#2496=ORIENTED_EDGE('',*,*,#1927,.T.);
#2497=ORIENTED_EDGE('',*,*,#1926,.T.);
#2498=ORIENTED_EDGE('',*,*,#1928,.F.);
#2499=ORIENTED_EDGE('',*,*,#1929,.F.);
#2500=ORIENTED_EDGE('',*,*,#1930,.F.);
#2501=ORIENTED_EDGE('',*,*,#1929,.T.);
#2502=ORIENTED_EDGE('',*,*,#1931,.F.);
#2503=ORIENTED_EDGE('',*,*,#1932,.F.);
#2504=ORIENTED_EDGE('',*,*,#1933,.T.);
#2505=ORIENTED_EDGE('',*,*,#1932,.T.);
#2506=ORIENTED_EDGE('',*,*,#1934,.F.);
#2507=ORIENTED_EDGE('',*,*,#1935,.F.);
#2508=ORIENTED_EDGE('',*,*,#1936,.F.);
#2509=ORIENTED_EDGE('',*,*,#1935,.T.);
#2510=ORIENTED_EDGE('',*,*,#1937,.F.);
#2511=ORIENTED_EDGE('',*,*,#1938,.F.);
#2512=ORIENTED_EDGE('',*,*,#1939,.T.);
#2513=ORIENTED_EDGE('',*,*,#1938,.T.);
#2514=ORIENTED_EDGE('',*,*,#1940,.F.);
#2515=ORIENTED_EDGE('',*,*,#1941,.F.);
#2516=ORIENTED_EDGE('',*,*,#1942,.F.);
#2517=ORIENTED_EDGE('',*,*,#1941,.T.);
#2518=ORIENTED_EDGE('',*,*,#1943,.F.);
#2519=ORIENTED_EDGE('',*,*,#1944,.F.);
#2520=ORIENTED_EDGE('',*,*,#1945,.T.);
#2521=ORIENTED_EDGE('',*,*,#1944,.T.);
#2522=ORIENTED_EDGE('',*,*,#1946,.F.);
#2523=ORIENTED_EDGE('',*,*,#1947,.F.);
#2524=ORIENTED_EDGE('',*,*,#1948,.F.);
#2525=ORIENTED_EDGE('',*,*,#1947,.T.);
#2526=ORIENTED_EDGE('',*,*,#1949,.F.);
#2527=ORIENTED_EDGE('',*,*,#1950,.F.);
#2528=ORIENTED_EDGE('',*,*,#1951,.T.);
#2529=ORIENTED_EDGE('',*,*,#1950,.T.);
#2530=ORIENTED_EDGE('',*,*,#1952,.F.);
#2531=ORIENTED_EDGE('',*,*,#1953,.F.);
#2532=ORIENTED_EDGE('',*,*,#1954,.F.);
#2533=ORIENTED_EDGE('',*,*,#1953,.T.);
#2534=ORIENTED_EDGE('',*,*,#1955,.F.);
#2535=ORIENTED_EDGE('',*,*,#1956,.F.);
#2536=ORIENTED_EDGE('',*,*,#1957,.T.);
#2537=ORIENTED_EDGE('',*,*,#1956,.T.);
#2538=ORIENTED_EDGE('',*,*,#1958,.F.);
#2539=ORIENTED_EDGE('',*,*,#1959,.F.);
#2540=ORIENTED_EDGE('',*,*,#1960,.F.);
#2541=ORIENTED_EDGE('',*,*,#1959,.T.);
#2542=ORIENTED_EDGE('',*,*,#1961,.F.);
#2543=ORIENTED_EDGE('',*,*,#1962,.F.);
#2544=ORIENTED_EDGE('',*,*,#1963,.T.);
#2545=ORIENTED_EDGE('',*,*,#1962,.T.);
#2546=ORIENTED_EDGE('',*,*,#1964,.F.);
#2547=ORIENTED_EDGE('',*,*,#1965,.F.);
#2548=ORIENTED_EDGE('',*,*,#1966,.F.);
#2549=ORIENTED_EDGE('',*,*,#1965,.T.);
#2550=ORIENTED_EDGE('',*,*,#1967,.F.);
#2551=ORIENTED_EDGE('',*,*,#1968,.F.);
#2552=ORIENTED_EDGE('',*,*,#1969,.T.);
#2553=ORIENTED_EDGE('',*,*,#1968,.T.);
#2554=ORIENTED_EDGE('',*,*,#1970,.F.);
#2555=ORIENTED_EDGE('',*,*,#1852,.F.);
#2556=ORIENTED_EDGE('',*,*,#1970,.T.);
#2557=ORIENTED_EDGE('',*,*,#1967,.T.);
#2558=ORIENTED_EDGE('',*,*,#1964,.T.);
#2559=ORIENTED_EDGE('',*,*,#1961,.T.);
#2560=ORIENTED_EDGE('',*,*,#1958,.T.);
#2561=ORIENTED_EDGE('',*,*,#1955,.T.);
#2562=ORIENTED_EDGE('',*,*,#1952,.T.);
#2563=ORIENTED_EDGE('',*,*,#1949,.T.);
#2564=ORIENTED_EDGE('',*,*,#1946,.T.);
#2565=ORIENTED_EDGE('',*,*,#1943,.T.);
#2566=ORIENTED_EDGE('',*,*,#1940,.T.);
#2567=ORIENTED_EDGE('',*,*,#1937,.T.);
#2568=ORIENTED_EDGE('',*,*,#1934,.T.);
#2569=ORIENTED_EDGE('',*,*,#1931,.T.);
#2570=ORIENTED_EDGE('',*,*,#1928,.T.);
#2571=ORIENTED_EDGE('',*,*,#1925,.T.);
#2572=ORIENTED_EDGE('',*,*,#1922,.T.);
#2573=ORIENTED_EDGE('',*,*,#1919,.T.);
#2574=ORIENTED_EDGE('',*,*,#1916,.T.);
#2575=ORIENTED_EDGE('',*,*,#1913,.T.);
#2576=ORIENTED_EDGE('',*,*,#1910,.T.);
#2577=ORIENTED_EDGE('',*,*,#1907,.T.);
#2578=ORIENTED_EDGE('',*,*,#1904,.T.);
#2579=ORIENTED_EDGE('',*,*,#1901,.T.);
#2580=ORIENTED_EDGE('',*,*,#1898,.T.);
#2581=ORIENTED_EDGE('',*,*,#1895,.T.);
#2582=ORIENTED_EDGE('',*,*,#1892,.T.);
#2583=ORIENTED_EDGE('',*,*,#1889,.T.);
#2584=ORIENTED_EDGE('',*,*,#1886,.T.);
#2585=ORIENTED_EDGE('',*,*,#1883,.T.);
#2586=ORIENTED_EDGE('',*,*,#1880,.T.);
#2587=ORIENTED_EDGE('',*,*,#1877,.T.);
#2588=ORIENTED_EDGE('',*,*,#1874,.T.);
#2589=ORIENTED_EDGE('',*,*,#1871,.T.);
#2590=ORIENTED_EDGE('',*,*,#1868,.T.);
#2591=ORIENTED_EDGE('',*,*,#1865,.T.);
#2592=ORIENTED_EDGE('',*,*,#1862,.T.);
#2593=ORIENTED_EDGE('',*,*,#1859,.T.);
#2594=ORIENTED_EDGE('',*,*,#1856,.T.);
#2595=ORIENTED_EDGE('',*,*,#1853,.T.);
#2596=ORIENTED_EDGE('',*,*,#1850,.T.);
#2597=ORIENTED_EDGE('',*,*,#1847,.T.);
#2598=ORIENTED_EDGE('',*,*,#1844,.T.);
#2599=ORIENTED_EDGE('',*,*,#1841,.T.);
#2600=ORIENTED_EDGE('',*,*,#1838,.T.);
#2601=ORIENTED_EDGE('',*,*,#1835,.T.);
#2602=ORIENTED_EDGE('',*,*,#1969,.F.);
#2603=ORIENTED_EDGE('',*,*,#1851,.T.);
#2604=ORIENTED_EDGE('',*,*,#1855,.F.);
#2605=ORIENTED_EDGE('',*,*,#1858,.T.);
#2606=ORIENTED_EDGE('',*,*,#1861,.F.);
#2607=ORIENTED_EDGE('',*,*,#1864,.T.);
#2608=ORIENTED_EDGE('',*,*,#1867,.F.);
#2609=ORIENTED_EDGE('',*,*,#1870,.T.);
#2610=ORIENTED_EDGE('',*,*,#1873,.F.);
#2611=ORIENTED_EDGE('',*,*,#1876,.T.);
#2612=ORIENTED_EDGE('',*,*,#1879,.F.);
#2613=ORIENTED_EDGE('',*,*,#1882,.T.);
#2614=ORIENTED_EDGE('',*,*,#1885,.F.);
#2615=ORIENTED_EDGE('',*,*,#1888,.T.);
#2616=ORIENTED_EDGE('',*,*,#1891,.F.);
#2617=ORIENTED_EDGE('',*,*,#1894,.T.);
#2618=ORIENTED_EDGE('',*,*,#1897,.F.);
#2619=ORIENTED_EDGE('',*,*,#1900,.T.);
#2620=ORIENTED_EDGE('',*,*,#1903,.F.);
#2621=ORIENTED_EDGE('',*,*,#1906,.T.);
#2622=ORIENTED_EDGE('',*,*,#1909,.F.);
#2623=ORIENTED_EDGE('',*,*,#1912,.T.);
#2624=ORIENTED_EDGE('',*,*,#1915,.F.);
#2625=ORIENTED_EDGE('',*,*,#1918,.T.);
#2626=ORIENTED_EDGE('',*,*,#1921,.F.);
#2627=ORIENTED_EDGE('',*,*,#1924,.T.);
#2628=ORIENTED_EDGE('',*,*,#1927,.F.);
#2629=ORIENTED_EDGE('',*,*,#1930,.T.);
#2630=ORIENTED_EDGE('',*,*,#1933,.F.);
#2631=ORIENTED_EDGE('',*,*,#1936,.T.);
#2632=ORIENTED_EDGE('',*,*,#1939,.F.);
#2633=ORIENTED_EDGE('',*,*,#1942,.T.);
#2634=ORIENTED_EDGE('',*,*,#1945,.F.);
#2635=ORIENTED_EDGE('',*,*,#1948,.T.);
#2636=ORIENTED_EDGE('',*,*,#1951,.F.);
#2637=ORIENTED_EDGE('',*,*,#1954,.T.);
#2638=ORIENTED_EDGE('',*,*,#1957,.F.);
#2639=ORIENTED_EDGE('',*,*,#1960,.T.);
#2640=ORIENTED_EDGE('',*,*,#1963,.F.);
#2641=ORIENTED_EDGE('',*,*,#1966,.T.);
#2642=ORIENTED_EDGE('',*,*,#1849,.F.);
#2643=ORIENTED_EDGE('',*,*,#1833,.F.);
#2644=ORIENTED_EDGE('',*,*,#1837,.F.);
#2645=ORIENTED_EDGE('',*,*,#1840,.F.);
#2646=ORIENTED_EDGE('',*,*,#1843,.F.);
#2647=ORIENTED_EDGE('',*,*,#1846,.F.);
#2648=ORIENTED_EDGE('',*,*,#1971,.T.);
#2649=ORIENTED_EDGE('',*,*,#1972,.F.);
#2650=ORIENTED_EDGE('',*,*,#1973,.F.);
#2651=ORIENTED_EDGE('',*,*,#1974,.T.);
#2652=ORIENTED_EDGE('',*,*,#1975,.F.);
#2653=ORIENTED_EDGE('',*,*,#1976,.T.);
#2654=ORIENTED_EDGE('',*,*,#1977,.F.);
#2655=ORIENTED_EDGE('',*,*,#1978,.T.);
#2656=ORIENTED_EDGE('',*,*,#1979,.F.);
#2657=ORIENTED_EDGE('',*,*,#1980,.T.);
#2658=ORIENTED_EDGE('',*,*,#1981,.F.);
#2659=ORIENTED_EDGE('',*,*,#1982,.T.);
#2660=ORIENTED_EDGE('',*,*,#1983,.F.);
#2661=ORIENTED_EDGE('',*,*,#1984,.F.);
#2662=ORIENTED_EDGE('',*,*,#1985,.T.);
#2663=ORIENTED_EDGE('',*,*,#1972,.T.);
#2664=ORIENTED_EDGE('',*,*,#1975,.T.);
#2665=ORIENTED_EDGE('',*,*,#1977,.T.);
#2666=ORIENTED_EDGE('',*,*,#1979,.T.);
#2667=ORIENTED_EDGE('',*,*,#1981,.T.);
#2668=ORIENTED_EDGE('',*,*,#1983,.T.);
#2669=ORIENTED_EDGE('',*,*,#1973,.T.);
#2670=ORIENTED_EDGE('',*,*,#1985,.F.);
#2671=ORIENTED_EDGE('',*,*,#1984,.T.);
#2672=ORIENTED_EDGE('',*,*,#1986,.F.);
#2673=ORIENTED_EDGE('',*,*,#1987,.T.);
#2674=ORIENTED_EDGE('',*,*,#1988,.F.);
#2675=ORIENTED_EDGE('',*,*,#1989,.F.);
#2676=ORIENTED_EDGE('',*,*,#1990,.F.);
#2677=ORIENTED_EDGE('',*,*,#1989,.T.);
#2678=ORIENTED_EDGE('',*,*,#1991,.F.);
#2679=ORIENTED_EDGE('',*,*,#1992,.F.);
#2680=ORIENTED_EDGE('',*,*,#1993,.F.);
#2681=ORIENTED_EDGE('',*,*,#1992,.T.);
#2682=ORIENTED_EDGE('',*,*,#1994,.F.);
#2683=ORIENTED_EDGE('',*,*,#1995,.F.);
#2684=ORIENTED_EDGE('',*,*,#1996,.F.);
#2685=ORIENTED_EDGE('',*,*,#1995,.T.);
#2686=ORIENTED_EDGE('',*,*,#1997,.F.);
#2687=ORIENTED_EDGE('',*,*,#1998,.F.);
#2688=ORIENTED_EDGE('',*,*,#1999,.F.);
#2689=ORIENTED_EDGE('',*,*,#1998,.T.);
#2690=ORIENTED_EDGE('',*,*,#2000,.F.);
#2691=ORIENTED_EDGE('',*,*,#2001,.F.);
#2692=ORIENTED_EDGE('',*,*,#2002,.F.);
#2693=ORIENTED_EDGE('',*,*,#2001,.T.);
#2694=ORIENTED_EDGE('',*,*,#2003,.F.);
#2695=ORIENTED_EDGE('',*,*,#1987,.F.);
#2696=ORIENTED_EDGE('',*,*,#2003,.T.);
#2697=ORIENTED_EDGE('',*,*,#2000,.T.);
#2698=ORIENTED_EDGE('',*,*,#1997,.T.);
#2699=ORIENTED_EDGE('',*,*,#1994,.T.);
#2700=ORIENTED_EDGE('',*,*,#1991,.T.);
#2701=ORIENTED_EDGE('',*,*,#1988,.T.);
#2702=ORIENTED_EDGE('',*,*,#2004,.T.);
#2703=ORIENTED_EDGE('',*,*,#2005,.T.);
#2704=ORIENTED_EDGE('',*,*,#1982,.F.);
#2705=ORIENTED_EDGE('',*,*,#2006,.F.);
#2706=ORIENTED_EDGE('',*,*,#2007,.T.);
#2707=ORIENTED_EDGE('',*,*,#2006,.T.);
#2708=ORIENTED_EDGE('',*,*,#1980,.F.);
#2709=ORIENTED_EDGE('',*,*,#2008,.F.);
#2710=ORIENTED_EDGE('',*,*,#2009,.T.);
#2711=ORIENTED_EDGE('',*,*,#2008,.T.);
#2712=ORIENTED_EDGE('',*,*,#1978,.F.);
#2713=ORIENTED_EDGE('',*,*,#2010,.F.);
#2714=ORIENTED_EDGE('',*,*,#2011,.T.);
#2715=ORIENTED_EDGE('',*,*,#2010,.T.);
#2716=ORIENTED_EDGE('',*,*,#1976,.F.);
#2717=ORIENTED_EDGE('',*,*,#2012,.F.);
#2718=ORIENTED_EDGE('',*,*,#2013,.T.);
#2719=ORIENTED_EDGE('',*,*,#2012,.T.);
#2720=ORIENTED_EDGE('',*,*,#1974,.F.);
#2721=ORIENTED_EDGE('',*,*,#2014,.F.);
#2722=ORIENTED_EDGE('',*,*,#2015,.T.);
#2723=ORIENTED_EDGE('',*,*,#2014,.T.);
#2724=ORIENTED_EDGE('',*,*,#1971,.F.);
#2725=ORIENTED_EDGE('',*,*,#2005,.F.);
#2726=ORIENTED_EDGE('',*,*,#2015,.F.);
#2727=ORIENTED_EDGE('',*,*,#2004,.F.);
#2728=ORIENTED_EDGE('',*,*,#2007,.F.);
#2729=ORIENTED_EDGE('',*,*,#2009,.F.);
#2730=ORIENTED_EDGE('',*,*,#2011,.F.);
#2731=ORIENTED_EDGE('',*,*,#2013,.F.);
#2732=ORIENTED_EDGE('',*,*,#1986,.T.);
#2733=ORIENTED_EDGE('',*,*,#1990,.T.);
#2734=ORIENTED_EDGE('',*,*,#1993,.T.);
#2735=ORIENTED_EDGE('',*,*,#1996,.T.);
#2736=ORIENTED_EDGE('',*,*,#1999,.T.);
#2737=ORIENTED_EDGE('',*,*,#2002,.T.);
#2738=ORIENTED_EDGE('',*,*,#2016,.F.);
#2739=ORIENTED_EDGE('',*,*,#2017,.T.);
#2740=ORIENTED_EDGE('',*,*,#2018,.T.);
#2741=ORIENTED_EDGE('',*,*,#2017,.F.);
#2742=ORIENTED_EDGE('',*,*,#2018,.F.);
#2743=ORIENTED_EDGE('',*,*,#2019,.F.);
#2744=ORIENTED_EDGE('',*,*,#2020,.T.);
#2745=ORIENTED_EDGE('',*,*,#2021,.T.);
#2746=ORIENTED_EDGE('',*,*,#2020,.F.);
#2747=ORIENTED_EDGE('',*,*,#2021,.F.);
#2748=ORIENTED_EDGE('',*,*,#2022,.F.);
#2749=ORIENTED_EDGE('',*,*,#2023,.T.);
#2750=ORIENTED_EDGE('',*,*,#2024,.T.);
#2751=ORIENTED_EDGE('',*,*,#2023,.F.);
#2752=ORIENTED_EDGE('',*,*,#2024,.F.);
#2753=ORIENTED_EDGE('',*,*,#2025,.T.);
#2754=ORIENTED_EDGE('',*,*,#2026,.F.);
#2755=ORIENTED_EDGE('',*,*,#2025,.F.);
#2756=ORIENTED_EDGE('',*,*,#2027,.F.);
#2757=ORIENTED_EDGE('',*,*,#2028,.T.);
#2758=ORIENTED_EDGE('',*,*,#2029,.T.);
#2759=ORIENTED_EDGE('',*,*,#2028,.F.);
#2760=ORIENTED_EDGE('',*,*,#2029,.F.);
#2761=ORIENTED_EDGE('',*,*,#2030,.T.);
#2762=ORIENTED_EDGE('',*,*,#2031,.F.);
#2763=ORIENTED_EDGE('',*,*,#2030,.F.);
#2764=ORIENTED_EDGE('',*,*,#2032,.T.);
#2765=ORIENTED_EDGE('',*,*,#2033,.T.);
#2766=ORIENTED_EDGE('',*,*,#2034,.T.);
#2767=ORIENTED_EDGE('',*,*,#2035,.T.);
#2768=ORIENTED_EDGE('',*,*,#2032,.F.);
#2769=ORIENTED_EDGE('',*,*,#2036,.T.);
#2770=ORIENTED_EDGE('',*,*,#2037,.T.);
#2771=ORIENTED_EDGE('',*,*,#2038,.F.);
#2772=ORIENTED_EDGE('',*,*,#2035,.F.);
#2773=ORIENTED_EDGE('',*,*,#2039,.T.);
#2774=ORIENTED_EDGE('',*,*,#2040,.F.);
#2775=ORIENTED_EDGE('',*,*,#2041,.F.);
#2776=ORIENTED_EDGE('',*,*,#2042,.T.);
#2777=ORIENTED_EDGE('',*,*,#2043,.T.);
#2778=ORIENTED_EDGE('',*,*,#2044,.T.);
#2779=ORIENTED_EDGE('',*,*,#2045,.F.);
#2780=ORIENTED_EDGE('',*,*,#2022,.T.);
#2781=ORIENTED_EDGE('',*,*,#2027,.T.);
#2782=ORIENTED_EDGE('',*,*,#2046,.T.);
#2783=ORIENTED_EDGE('',*,*,#2047,.T.);
#2784=ORIENTED_EDGE('',*,*,#2048,.T.);
#2785=ORIENTED_EDGE('',*,*,#2049,.T.);
#2786=ORIENTED_EDGE('',*,*,#2050,.T.);
#2787=ORIENTED_EDGE('',*,*,#2051,.T.);
#2788=ORIENTED_EDGE('',*,*,#2052,.T.);
#2789=ORIENTED_EDGE('',*,*,#2053,.T.);
#2790=ORIENTED_EDGE('',*,*,#2054,.T.);
#2791=ORIENTED_EDGE('',*,*,#2040,.T.);
#2792=ORIENTED_EDGE('',*,*,#2055,.T.);
#2793=ORIENTED_EDGE('',*,*,#2056,.T.);
#2794=ORIENTED_EDGE('',*,*,#2054,.F.);
#2795=ORIENTED_EDGE('',*,*,#2057,.F.);
#2796=ORIENTED_EDGE('',*,*,#2058,.F.);
#2797=ORIENTED_EDGE('',*,*,#2059,.F.);
#2798=ORIENTED_EDGE('',*,*,#2034,.F.);
#2799=ORIENTED_EDGE('',*,*,#2060,.F.);
#2800=ORIENTED_EDGE('',*,*,#2061,.F.);
#2801=ORIENTED_EDGE('',*,*,#2062,.F.);
#2802=ORIENTED_EDGE('',*,*,#2063,.F.);
#2803=ORIENTED_EDGE('',*,*,#2061,.T.);
#2804=ORIENTED_EDGE('',*,*,#2064,.F.);
#2805=ORIENTED_EDGE('',*,*,#2037,.F.);
#2806=ORIENTED_EDGE('',*,*,#2033,.F.);
#2807=ORIENTED_EDGE('',*,*,#2038,.T.);
#2808=ORIENTED_EDGE('',*,*,#2064,.T.);
#2809=ORIENTED_EDGE('',*,*,#2060,.T.);
#2810=ORIENTED_EDGE('',*,*,#2062,.T.);
#2811=ORIENTED_EDGE('',*,*,#2063,.T.);
#2812=ORIENTED_EDGE('',*,*,#2065,.T.);
#2813=ORIENTED_EDGE('',*,*,#2066,.F.);
#2814=ORIENTED_EDGE('',*,*,#2067,.F.);
#2815=ORIENTED_EDGE('',*,*,#2068,.T.);
#2816=ORIENTED_EDGE('',*,*,#2069,.T.);
#2817=ORIENTED_EDGE('',*,*,#2039,.F.);
#2818=ORIENTED_EDGE('',*,*,#2068,.F.);
#2819=ORIENTED_EDGE('',*,*,#2058,.T.);
#2820=ORIENTED_EDGE('',*,*,#2070,.F.);
#2821=ORIENTED_EDGE('',*,*,#2071,.F.);
#2822=ORIENTED_EDGE('',*,*,#2055,.F.);
#2823=ORIENTED_EDGE('',*,*,#2069,.F.);
#2824=ORIENTED_EDGE('',*,*,#2071,.T.);
#2825=ORIENTED_EDGE('',*,*,#2072,.F.);
#2826=ORIENTED_EDGE('',*,*,#2056,.F.);
#2827=ORIENTED_EDGE('',*,*,#2072,.T.);
#2828=ORIENTED_EDGE('',*,*,#2070,.T.);
#2829=ORIENTED_EDGE('',*,*,#2057,.T.);
#2830=ORIENTED_EDGE('',*,*,#2073,.F.);
#2831=ORIENTED_EDGE('',*,*,#2074,.F.);
#2832=ORIENTED_EDGE('',*,*,#2075,.T.);
#2833=ORIENTED_EDGE('',*,*,#2076,.F.);
#2834=ORIENTED_EDGE('',*,*,#2077,.F.);
#2835=ORIENTED_EDGE('',*,*,#2078,.T.);
#2836=ORIENTED_EDGE('',*,*,#2079,.F.);
#2837=ORIENTED_EDGE('',*,*,#2078,.F.);
#2838=ORIENTED_EDGE('',*,*,#2077,.T.);
#2839=ORIENTED_EDGE('',*,*,#2080,.F.);
#2840=ORIENTED_EDGE('',*,*,#2075,.F.);
#2841=ORIENTED_EDGE('',*,*,#2074,.T.);
#2842=ORIENTED_EDGE('',*,*,#2081,.F.);
#2843=ORIENTED_EDGE('',*,*,#2082,.F.);
#2844=ORIENTED_EDGE('',*,*,#2083,.T.);
#2845=ORIENTED_EDGE('',*,*,#2084,.F.);
#2846=ORIENTED_EDGE('',*,*,#2085,.F.);
#2847=ORIENTED_EDGE('',*,*,#2086,.T.);
#2848=ORIENTED_EDGE('',*,*,#2087,.F.);
#2849=ORIENTED_EDGE('',*,*,#2086,.F.);
#2850=ORIENTED_EDGE('',*,*,#2085,.T.);
#2851=ORIENTED_EDGE('',*,*,#2088,.F.);
#2852=ORIENTED_EDGE('',*,*,#2083,.F.);
#2853=ORIENTED_EDGE('',*,*,#2082,.T.);
#2854=ORIENTED_EDGE('',*,*,#2089,.T.);
#2855=ORIENTED_EDGE('',*,*,#2090,.F.);
#2856=ORIENTED_EDGE('',*,*,#2091,.F.);
#2857=ORIENTED_EDGE('',*,*,#2090,.T.);
#2858=ORIENTED_EDGE('',*,*,#2089,.F.);
#2859=ORIENTED_EDGE('',*,*,#2092,.F.);
#2860=ORIENTED_EDGE('',*,*,#2093,.F.);
#2861=ORIENTED_EDGE('',*,*,#2094,.T.);
#2862=ORIENTED_EDGE('',*,*,#2095,.F.);
#2863=ORIENTED_EDGE('',*,*,#2093,.T.);
#2864=ORIENTED_EDGE('',*,*,#2096,.F.);
#2865=ORIENTED_EDGE('',*,*,#2094,.F.);
#2866=ORIENTED_EDGE('',*,*,#2092,.T.);
#2867=ORIENTED_EDGE('',*,*,#2097,.F.);
#2868=ORIENTED_EDGE('',*,*,#2046,.F.);
#2869=ORIENTED_EDGE('',*,*,#2098,.T.);
#2870=ORIENTED_EDGE('',*,*,#2096,.T.);
#2871=ORIENTED_EDGE('',*,*,#2098,.F.);
#2872=ORIENTED_EDGE('',*,*,#2049,.F.);
#2873=ORIENTED_EDGE('',*,*,#2099,.T.);
#2874=ORIENTED_EDGE('',*,*,#2095,.T.);
#2875=ORIENTED_EDGE('',*,*,#2099,.F.);
#2876=ORIENTED_EDGE('',*,*,#2048,.F.);
#2877=ORIENTED_EDGE('',*,*,#2100,.T.);
#2878=ORIENTED_EDGE('',*,*,#2091,.T.);
#2879=ORIENTED_EDGE('',*,*,#2100,.F.);
#2880=ORIENTED_EDGE('',*,*,#2047,.F.);
#2881=ORIENTED_EDGE('',*,*,#2097,.T.);
#2882=ORIENTED_EDGE('',*,*,#2101,.F.);
#2883=ORIENTED_EDGE('',*,*,#2102,.T.);
#2884=ORIENTED_EDGE('',*,*,#2103,.F.);
#2885=ORIENTED_EDGE('',*,*,#2102,.F.);
#2886=ORIENTED_EDGE('',*,*,#2101,.T.);
#2887=ORIENTED_EDGE('',*,*,#2104,.F.);
#2888=ORIENTED_EDGE('',*,*,#2105,.F.);
#2889=ORIENTED_EDGE('',*,*,#2106,.T.);
#2890=ORIENTED_EDGE('',*,*,#2107,.F.);
#2891=ORIENTED_EDGE('',*,*,#2106,.F.);
#2892=ORIENTED_EDGE('',*,*,#2105,.T.);
#2893=ORIENTED_EDGE('',*,*,#2108,.F.);
#2894=ORIENTED_EDGE('',*,*,#2107,.T.);
#2895=ORIENTED_EDGE('',*,*,#2109,.F.);
#2896=ORIENTED_EDGE('',*,*,#2050,.F.);
#2897=ORIENTED_EDGE('',*,*,#2110,.T.);
#2898=ORIENTED_EDGE('',*,*,#2103,.T.);
#2899=ORIENTED_EDGE('',*,*,#2110,.F.);
#2900=ORIENTED_EDGE('',*,*,#2053,.F.);
#2901=ORIENTED_EDGE('',*,*,#2111,.T.);
#2902=ORIENTED_EDGE('',*,*,#2108,.T.);
#2903=ORIENTED_EDGE('',*,*,#2112,.F.);
#2904=ORIENTED_EDGE('',*,*,#2051,.F.);
#2905=ORIENTED_EDGE('',*,*,#2109,.T.);
#2906=ORIENTED_EDGE('',*,*,#2104,.T.);
#2907=ORIENTED_EDGE('',*,*,#2111,.F.);
#2908=ORIENTED_EDGE('',*,*,#2052,.F.);
#2909=ORIENTED_EDGE('',*,*,#2112,.T.);
#2910=ORIENTED_EDGE('',*,*,#2113,.F.);
#2911=ORIENTED_EDGE('',*,*,#2114,.F.);
#2912=ORIENTED_EDGE('',*,*,#2115,.F.);
#2913=ORIENTED_EDGE('',*,*,#2116,.F.);
#2914=ORIENTED_EDGE('',*,*,#2117,.T.);
#2915=ORIENTED_EDGE('',*,*,#2118,.F.);
#2916=ORIENTED_EDGE('',*,*,#2116,.T.);
#2917=ORIENTED_EDGE('',*,*,#2119,.T.);
#2918=ORIENTED_EDGE('',*,*,#2120,.F.);
#2919=ORIENTED_EDGE('',*,*,#2121,.F.);
#2920=ORIENTED_EDGE('',*,*,#2115,.T.);
#2921=ORIENTED_EDGE('',*,*,#2122,.T.);
#2922=ORIENTED_EDGE('',*,*,#2123,.F.);
#2923=ORIENTED_EDGE('',*,*,#2119,.F.);
#2924=ORIENTED_EDGE('',*,*,#2114,.T.);
#2925=ORIENTED_EDGE('',*,*,#2124,.T.);
#2926=ORIENTED_EDGE('',*,*,#2125,.F.);
#2927=ORIENTED_EDGE('',*,*,#2122,.F.);
#2928=ORIENTED_EDGE('',*,*,#2113,.T.);
#2929=ORIENTED_EDGE('',*,*,#2126,.T.);
#2930=ORIENTED_EDGE('',*,*,#2127,.F.);
#2931=ORIENTED_EDGE('',*,*,#2124,.F.);
#2932=ORIENTED_EDGE('',*,*,#2043,.F.);
#2933=ORIENTED_EDGE('',*,*,#2128,.T.);
#2934=ORIENTED_EDGE('',*,*,#2129,.F.);
#2935=ORIENTED_EDGE('',*,*,#2130,.F.);
#2936=ORIENTED_EDGE('',*,*,#2117,.F.);
#2937=ORIENTED_EDGE('',*,*,#2121,.T.);
#2938=ORIENTED_EDGE('',*,*,#2131,.F.);
#2939=ORIENTED_EDGE('',*,*,#2132,.F.);
#2940=ORIENTED_EDGE('',*,*,#2044,.F.);
#2941=ORIENTED_EDGE('',*,*,#2132,.T.);
#2942=ORIENTED_EDGE('',*,*,#2133,.F.);
#2943=ORIENTED_EDGE('',*,*,#2134,.F.);
#2944=ORIENTED_EDGE('',*,*,#2084,.T.);
#2945=ORIENTED_EDGE('',*,*,#2087,.T.);
#2946=ORIENTED_EDGE('',*,*,#2081,.T.);
#2947=ORIENTED_EDGE('',*,*,#2088,.T.);
#2948=ORIENTED_EDGE('',*,*,#2045,.T.);
#2949=ORIENTED_EDGE('',*,*,#2134,.T.);
#2950=ORIENTED_EDGE('',*,*,#2135,.F.);
#2951=ORIENTED_EDGE('',*,*,#2065,.F.);
#2952=ORIENTED_EDGE('',*,*,#2036,.F.);
#2953=ORIENTED_EDGE('',*,*,#2041,.T.);
#2954=ORIENTED_EDGE('',*,*,#2059,.T.);
#2955=ORIENTED_EDGE('',*,*,#2067,.T.);
#2956=ORIENTED_EDGE('',*,*,#2136,.F.);
#2957=ORIENTED_EDGE('',*,*,#2137,.F.);
#2958=ORIENTED_EDGE('',*,*,#2042,.F.);
#2959=ORIENTED_EDGE('',*,*,#2137,.T.);
#2960=ORIENTED_EDGE('',*,*,#2138,.F.);
#2961=ORIENTED_EDGE('',*,*,#2128,.F.);
#2962=ORIENTED_EDGE('',*,*,#2076,.T.);
#2963=ORIENTED_EDGE('',*,*,#2079,.T.);
#2964=ORIENTED_EDGE('',*,*,#2073,.T.);
#2965=ORIENTED_EDGE('',*,*,#2080,.T.);
#2966=ORIENTED_EDGE('',*,*,#2118,.T.);
#2967=ORIENTED_EDGE('',*,*,#2130,.T.);
#2968=ORIENTED_EDGE('',*,*,#2139,.F.);
#2969=ORIENTED_EDGE('',*,*,#2126,.F.);
#2970=ORIENTED_EDGE('',*,*,#2139,.T.);
#2971=ORIENTED_EDGE('',*,*,#2129,.T.);
#2972=ORIENTED_EDGE('',*,*,#2138,.T.);
#2973=ORIENTED_EDGE('',*,*,#2136,.T.);
#2974=ORIENTED_EDGE('',*,*,#2066,.T.);
#2975=ORIENTED_EDGE('',*,*,#2135,.T.);
#2976=ORIENTED_EDGE('',*,*,#2133,.T.);
#2977=ORIENTED_EDGE('',*,*,#2131,.T.);
#2978=ORIENTED_EDGE('',*,*,#2120,.T.);
#2979=ORIENTED_EDGE('',*,*,#2123,.T.);
#2980=ORIENTED_EDGE('',*,*,#2125,.T.);
#2981=ORIENTED_EDGE('',*,*,#2127,.T.);
#2982=ORIENTED_EDGE('',*,*,#2016,.T.);
#2983=ORIENTED_EDGE('',*,*,#2019,.T.);
#2984=ORIENTED_EDGE('',*,*,#2026,.T.);
#2985=ORIENTED_EDGE('',*,*,#2031,.T.);
#2986=ORIENTED_EDGE('',*,*,#2140,.T.);
#2987=ORIENTED_EDGE('',*,*,#2141,.T.);
#2988=ORIENTED_EDGE('',*,*,#2142,.T.);
#2989=ORIENTED_EDGE('',*,*,#2143,.T.);
#2990=ORIENTED_EDGE('',*,*,#2141,.F.);
#2991=ORIENTED_EDGE('',*,*,#2144,.T.);
#2992=ORIENTED_EDGE('',*,*,#2145,.F.);
#2993=ORIENTED_EDGE('',*,*,#2146,.F.);
#2994=ORIENTED_EDGE('',*,*,#2147,.F.);
#2995=ORIENTED_EDGE('',*,*,#2148,.T.);
#2996=ORIENTED_EDGE('',*,*,#2149,.F.);
#2997=ORIENTED_EDGE('',*,*,#2148,.F.);
#2998=ORIENTED_EDGE('',*,*,#2147,.T.);
#2999=ORIENTED_EDGE('',*,*,#2150,.F.);
#3000=ORIENTED_EDGE('',*,*,#2151,.T.);
#3001=ORIENTED_EDGE('',*,*,#2152,.F.);
#3002=ORIENTED_EDGE('',*,*,#2151,.F.);
#3003=ORIENTED_EDGE('',*,*,#2150,.T.);
#3004=ORIENTED_EDGE('',*,*,#2153,.F.);
#3005=ORIENTED_EDGE('',*,*,#2154,.T.);
#3006=ORIENTED_EDGE('',*,*,#2155,.T.);
#3007=ORIENTED_EDGE('',*,*,#2154,.F.);
#3008=ORIENTED_EDGE('',*,*,#2155,.F.);
#3009=ORIENTED_EDGE('',*,*,#2156,.F.);
#3010=ORIENTED_EDGE('',*,*,#2157,.T.);
#3011=ORIENTED_EDGE('',*,*,#2158,.T.);
#3012=ORIENTED_EDGE('',*,*,#2157,.F.);
#3013=ORIENTED_EDGE('',*,*,#2158,.F.);
#3014=ORIENTED_EDGE('',*,*,#2159,.F.);
#3015=ORIENTED_EDGE('',*,*,#2142,.F.);
#3016=ORIENTED_EDGE('',*,*,#2146,.T.);
#3017=ORIENTED_EDGE('',*,*,#2160,.F.);
#3018=ORIENTED_EDGE('',*,*,#2161,.F.);
#3019=ORIENTED_EDGE('',*,*,#2162,.F.);
#3020=ORIENTED_EDGE('',*,*,#2163,.F.);
#3021=ORIENTED_EDGE('',*,*,#2164,.F.);
#3022=ORIENTED_EDGE('',*,*,#2165,.F.);
#3023=ORIENTED_EDGE('',*,*,#2166,.F.);
#3024=ORIENTED_EDGE('',*,*,#2167,.F.);
#3025=ORIENTED_EDGE('',*,*,#2168,.F.);
#3026=ORIENTED_EDGE('',*,*,#2169,.F.);
#3027=ORIENTED_EDGE('',*,*,#2170,.F.);
#3028=ORIENTED_EDGE('',*,*,#2171,.F.);
#3029=ORIENTED_EDGE('',*,*,#2172,.F.);
#3030=ORIENTED_EDGE('',*,*,#2173,.F.);
#3031=ORIENTED_EDGE('',*,*,#2174,.F.);
#3032=ORIENTED_EDGE('',*,*,#2144,.F.);
#3033=ORIENTED_EDGE('',*,*,#2140,.F.);
#3034=ORIENTED_EDGE('',*,*,#2160,.T.);
#3035=ORIENTED_EDGE('',*,*,#2145,.T.);
#3036=ORIENTED_EDGE('',*,*,#2174,.T.);
#3037=ORIENTED_EDGE('',*,*,#2175,.F.);
#3038=ORIENTED_EDGE('',*,*,#2176,.F.);
#3039=ORIENTED_EDGE('',*,*,#2177,.F.);
#3040=ORIENTED_EDGE('',*,*,#2178,.T.);
#3041=ORIENTED_EDGE('',*,*,#2179,.F.);
#3042=ORIENTED_EDGE('',*,*,#2168,.T.);
#3043=ORIENTED_EDGE('',*,*,#2180,.F.);
#3044=ORIENTED_EDGE('',*,*,#2181,.F.);
#3045=ORIENTED_EDGE('',*,*,#2182,.F.);
#3046=ORIENTED_EDGE('',*,*,#2166,.T.);
#3047=ORIENTED_EDGE('',*,*,#2183,.F.);
#3048=ORIENTED_EDGE('',*,*,#2184,.F.);
#3049=ORIENTED_EDGE('',*,*,#2185,.F.);
#3050=ORIENTED_EDGE('',*,*,#2169,.T.);
#3051=ORIENTED_EDGE('',*,*,#2182,.T.);
#3052=ORIENTED_EDGE('',*,*,#2186,.F.);
#3053=ORIENTED_EDGE('',*,*,#2187,.T.);
#3054=ORIENTED_EDGE('',*,*,#2188,.F.);
#3055=ORIENTED_EDGE('',*,*,#2189,.F.);
#3056=ORIENTED_EDGE('',*,*,#2190,.F.);
#3057=ORIENTED_EDGE('',*,*,#2191,.T.);
#3058=ORIENTED_EDGE('',*,*,#2192,.F.);
#3059=ORIENTED_EDGE('',*,*,#2193,.F.);
#3060=ORIENTED_EDGE('',*,*,#2194,.F.);
#3061=ORIENTED_EDGE('',*,*,#2195,.F.);
#3062=ORIENTED_EDGE('',*,*,#2165,.T.);
#3063=ORIENTED_EDGE('',*,*,#2196,.F.);
#3064=ORIENTED_EDGE('',*,*,#2197,.F.);
#3065=ORIENTED_EDGE('',*,*,#2198,.F.);
#3066=ORIENTED_EDGE('',*,*,#2199,.F.);
#3067=ORIENTED_EDGE('',*,*,#2200,.T.);
#3068=ORIENTED_EDGE('',*,*,#2201,.F.);
#3069=ORIENTED_EDGE('',*,*,#2183,.T.);
#3070=ORIENTED_EDGE('',*,*,#2173,.T.);
#3071=ORIENTED_EDGE('',*,*,#2202,.T.);
#3072=ORIENTED_EDGE('',*,*,#2203,.T.);
#3073=ORIENTED_EDGE('',*,*,#2204,.T.);
#3074=ORIENTED_EDGE('',*,*,#2205,.T.);
#3075=ORIENTED_EDGE('',*,*,#2206,.T.);
#3076=ORIENTED_EDGE('',*,*,#2207,.T.);
#3077=ORIENTED_EDGE('',*,*,#2175,.T.);
#3078=ORIENTED_EDGE('',*,*,#2156,.T.);
#3079=ORIENTED_EDGE('',*,*,#2170,.T.);
#3080=ORIENTED_EDGE('',*,*,#2195,.T.);
#3081=ORIENTED_EDGE('',*,*,#2208,.F.);
#3082=ORIENTED_EDGE('',*,*,#2209,.F.);
#3083=ORIENTED_EDGE('',*,*,#2164,.T.);
#3084=ORIENTED_EDGE('',*,*,#2210,.F.);
#3085=ORIENTED_EDGE('',*,*,#2211,.F.);
#3086=ORIENTED_EDGE('',*,*,#2196,.T.);
#3087=ORIENTED_EDGE('',*,*,#2172,.T.);
#3088=ORIENTED_EDGE('',*,*,#2212,.F.);
#3089=ORIENTED_EDGE('',*,*,#2213,.T.);
#3090=ORIENTED_EDGE('',*,*,#2202,.F.);
#3091=ORIENTED_EDGE('',*,*,#2171,.T.);
#3092=ORIENTED_EDGE('',*,*,#2209,.T.);
#3093=ORIENTED_EDGE('',*,*,#2214,.F.);
#3094=ORIENTED_EDGE('',*,*,#2215,.F.);
#3095=ORIENTED_EDGE('',*,*,#2216,.F.);
#3096=ORIENTED_EDGE('',*,*,#2217,.T.);
#3097=ORIENTED_EDGE('',*,*,#2218,.F.);
#3098=ORIENTED_EDGE('',*,*,#2219,.T.);
#3099=ORIENTED_EDGE('',*,*,#2220,.T.);
#3100=ORIENTED_EDGE('',*,*,#2212,.T.);
#3101=ORIENTED_EDGE('',*,*,#2149,.T.);
#3102=ORIENTED_EDGE('',*,*,#2221,.T.);
#3103=ORIENTED_EDGE('',*,*,#2222,.T.);
#3104=ORIENTED_EDGE('',*,*,#2197,.T.);
#3105=ORIENTED_EDGE('',*,*,#2211,.T.);
#3106=ORIENTED_EDGE('',*,*,#2163,.T.);
#3107=ORIENTED_EDGE('',*,*,#2223,.T.);
#3108=ORIENTED_EDGE('',*,*,#2224,.T.);
#3109=ORIENTED_EDGE('',*,*,#2225,.T.);
#3110=ORIENTED_EDGE('',*,*,#2226,.F.);
#3111=ORIENTED_EDGE('',*,*,#2227,.F.);
#3112=ORIENTED_EDGE('',*,*,#2228,.F.);
#3113=ORIENTED_EDGE('',*,*,#2229,.T.);
#3114=ORIENTED_EDGE('',*,*,#2221,.F.);
#3115=ORIENTED_EDGE('',*,*,#2210,.T.);
#3116=ORIENTED_EDGE('',*,*,#2152,.T.);
#3117=ORIENTED_EDGE('',*,*,#2214,.T.);
#3118=ORIENTED_EDGE('',*,*,#2208,.T.);
#3119=ORIENTED_EDGE('',*,*,#2194,.T.);
#3120=ORIENTED_EDGE('',*,*,#2230,.T.);
#3121=ORIENTED_EDGE('',*,*,#2231,.T.);
#3122=ORIENTED_EDGE('',*,*,#2232,.T.);
#3123=ORIENTED_EDGE('',*,*,#2233,.T.);
#3124=ORIENTED_EDGE('',*,*,#2234,.F.);
#3125=ORIENTED_EDGE('',*,*,#2235,.T.);
#3126=ORIENTED_EDGE('',*,*,#2236,.T.);
#3127=ORIENTED_EDGE('',*,*,#2222,.F.);
#3128=ORIENTED_EDGE('',*,*,#2229,.F.);
#3129=ORIENTED_EDGE('',*,*,#2237,.F.);
#3130=ORIENTED_EDGE('',*,*,#2231,.F.);
#3131=ORIENTED_EDGE('',*,*,#2238,.T.);
#3132=ORIENTED_EDGE('',*,*,#2239,.T.);
#3133=ORIENTED_EDGE('',*,*,#2240,.T.);
#3134=ORIENTED_EDGE('',*,*,#2241,.T.);
#3135=ORIENTED_EDGE('',*,*,#2198,.T.);
#3136=ORIENTED_EDGE('',*,*,#2236,.F.);
#3137=ORIENTED_EDGE('',*,*,#2242,.T.);
#3138=ORIENTED_EDGE('',*,*,#2243,.F.);
#3139=ORIENTED_EDGE('',*,*,#2238,.F.);
#3140=ORIENTED_EDGE('',*,*,#2235,.F.);
#3141=ORIENTED_EDGE('',*,*,#2244,.F.);
#3142=ORIENTED_EDGE('',*,*,#2245,.F.);
#3143=ORIENTED_EDGE('',*,*,#2246,.F.);
#3144=ORIENTED_EDGE('',*,*,#2247,.F.);
#3145=ORIENTED_EDGE('',*,*,#2248,.F.);
#3146=ORIENTED_EDGE('',*,*,#2200,.F.);
#3147=ORIENTED_EDGE('',*,*,#2249,.F.);
#3148=ORIENTED_EDGE('',*,*,#2250,.F.);
#3149=ORIENTED_EDGE('',*,*,#2251,.F.);
#3150=ORIENTED_EDGE('',*,*,#2252,.F.);
#3151=ORIENTED_EDGE('',*,*,#2253,.F.);
#3152=ORIENTED_EDGE('',*,*,#2254,.F.);
#3153=ORIENTED_EDGE('',*,*,#2255,.F.);
#3154=ORIENTED_EDGE('',*,*,#2256,.F.);
#3155=ORIENTED_EDGE('',*,*,#2257,.F.);
#3156=ORIENTED_EDGE('',*,*,#2242,.F.);
#3157=ORIENTED_EDGE('',*,*,#2258,.T.);
#3158=ORIENTED_EDGE('',*,*,#2259,.T.);
#3159=ORIENTED_EDGE('',*,*,#2260,.T.);
#3160=ORIENTED_EDGE('',*,*,#2192,.T.);
#3161=ORIENTED_EDGE('',*,*,#2261,.T.);
#3162=ORIENTED_EDGE('',*,*,#2262,.F.);
#3163=ORIENTED_EDGE('',*,*,#2261,.F.);
#3164=ORIENTED_EDGE('',*,*,#2191,.F.);
#3165=ORIENTED_EDGE('',*,*,#2263,.F.);
#3166=ORIENTED_EDGE('',*,*,#2264,.F.);
#3167=ORIENTED_EDGE('',*,*,#2265,.F.);
#3168=ORIENTED_EDGE('',*,*,#2187,.F.);
#3169=ORIENTED_EDGE('',*,*,#2266,.F.);
#3170=ORIENTED_EDGE('',*,*,#2267,.F.);
#3171=ORIENTED_EDGE('',*,*,#2268,.F.);
#3172=ORIENTED_EDGE('',*,*,#2269,.F.);
#3173=ORIENTED_EDGE('',*,*,#2270,.F.);
#3174=ORIENTED_EDGE('',*,*,#2271,.T.);
#3175=ORIENTED_EDGE('',*,*,#2272,.T.);
#3176=ORIENTED_EDGE('',*,*,#2273,.T.);
#3177=ORIENTED_EDGE('',*,*,#2274,.T.);
#3178=ORIENTED_EDGE('',*,*,#2245,.T.);
#3179=ORIENTED_EDGE('',*,*,#2275,.F.);
#3180=ORIENTED_EDGE('',*,*,#2276,.F.);
#3181=ORIENTED_EDGE('',*,*,#2277,.F.);
#3182=ORIENTED_EDGE('',*,*,#2247,.T.);
#3183=ORIENTED_EDGE('',*,*,#2278,.F.);
#3184=ORIENTED_EDGE('',*,*,#2279,.F.);
#3185=ORIENTED_EDGE('',*,*,#2267,.T.);
#3186=ORIENTED_EDGE('',*,*,#2280,.F.);
#3187=ORIENTED_EDGE('',*,*,#2268,.T.);
#3188=ORIENTED_EDGE('',*,*,#2279,.T.);
#3189=ORIENTED_EDGE('',*,*,#2281,.T.);
#3190=ORIENTED_EDGE('',*,*,#2282,.T.);
#3191=ORIENTED_EDGE('',*,*,#2283,.T.);
#3192=ORIENTED_EDGE('',*,*,#2284,.T.);
#3193=ORIENTED_EDGE('',*,*,#2285,.T.);
#3194=ORIENTED_EDGE('',*,*,#2269,.T.);
#3195=ORIENTED_EDGE('',*,*,#2282,.F.);
#3196=ORIENTED_EDGE('',*,*,#2186,.T.);
#3197=ORIENTED_EDGE('',*,*,#2181,.T.);
#3198=ORIENTED_EDGE('',*,*,#2280,.T.);
#3199=ORIENTED_EDGE('',*,*,#2266,.T.);
#3200=ORIENTED_EDGE('',*,*,#2159,.T.);
#3201=ORIENTED_EDGE('',*,*,#2185,.T.);
#3202=ORIENTED_EDGE('',*,*,#2276,.T.);
#3203=ORIENTED_EDGE('',*,*,#2286,.T.);
#3204=ORIENTED_EDGE('',*,*,#2278,.T.);
#3205=ORIENTED_EDGE('',*,*,#2180,.T.);
#3206=ORIENTED_EDGE('',*,*,#2167,.T.);
#3207=ORIENTED_EDGE('',*,*,#2143,.F.);
#3208=ORIENTED_EDGE('',*,*,#2201,.T.);
#3209=ORIENTED_EDGE('',*,*,#2248,.T.);
#3210=ORIENTED_EDGE('',*,*,#2277,.T.);
#3211=ORIENTED_EDGE('',*,*,#2184,.T.);
#3212=ORIENTED_EDGE('',*,*,#2287,.T.);
#3213=ORIENTED_EDGE('',*,*,#2275,.T.);
#3214=ORIENTED_EDGE('',*,*,#2246,.T.);
#3215=ORIENTED_EDGE('',*,*,#2274,.F.);
#3216=ORIENTED_EDGE('',*,*,#2258,.F.);
#3217=ORIENTED_EDGE('',*,*,#2288,.F.);
#3218=ORIENTED_EDGE('',*,*,#2284,.F.);
#3219=ORIENTED_EDGE('',*,*,#2289,.F.);
#3220=ORIENTED_EDGE('',*,*,#2290,.T.);
#3221=ORIENTED_EDGE('',*,*,#2206,.F.);
#3222=ORIENTED_EDGE('',*,*,#2291,.T.);
#3223=ORIENTED_EDGE('',*,*,#2292,.T.);
#3224=ORIENTED_EDGE('',*,*,#2293,.T.);
#3225=ORIENTED_EDGE('',*,*,#2294,.T.);
#3226=ORIENTED_EDGE('',*,*,#2295,.T.);
#3227=ORIENTED_EDGE('',*,*,#2296,.T.);
#3228=ORIENTED_EDGE('',*,*,#2297,.T.);
#3229=ORIENTED_EDGE('',*,*,#2298,.T.);
#3230=ORIENTED_EDGE('',*,*,#2299,.T.);
#3231=ORIENTED_EDGE('',*,*,#2300,.T.);
#3232=ORIENTED_EDGE('',*,*,#2301,.F.);
#3233=ORIENTED_EDGE('',*,*,#2217,.F.);
#3234=ORIENTED_EDGE('',*,*,#2302,.F.);
#3235=ORIENTED_EDGE('',*,*,#2283,.F.);
#3236=ORIENTED_EDGE('',*,*,#2281,.F.);
#3237=ORIENTED_EDGE('',*,*,#2286,.F.);
#3238=ORIENTED_EDGE('',*,*,#2287,.F.);
#3239=ORIENTED_EDGE('',*,*,#2273,.F.);
#3240=ORIENTED_EDGE('',*,*,#2303,.T.);
#3241=ORIENTED_EDGE('',*,*,#2304,.T.);
#3242=ORIENTED_EDGE('',*,*,#2177,.T.);
#3243=ORIENTED_EDGE('',*,*,#2305,.T.);
#3244=ORIENTED_EDGE('',*,*,#2289,.T.);
#3245=ORIENTED_EDGE('',*,*,#2233,.F.);
#3246=ORIENTED_EDGE('',*,*,#2306,.F.);
#3247=ORIENTED_EDGE('',*,*,#2227,.T.);
#3248=ORIENTED_EDGE('',*,*,#2307,.F.);
#3249=ORIENTED_EDGE('',*,*,#2308,.T.);
#3250=ORIENTED_EDGE('',*,*,#2309,.T.);
#3251=ORIENTED_EDGE('',*,*,#2310,.T.);
#3252=ORIENTED_EDGE('',*,*,#2311,.T.);
#3253=ORIENTED_EDGE('',*,*,#2312,.T.);
#3254=ORIENTED_EDGE('',*,*,#2313,.T.);
#3255=ORIENTED_EDGE('',*,*,#2314,.T.);
#3256=ORIENTED_EDGE('',*,*,#2315,.T.);
#3257=ORIENTED_EDGE('',*,*,#2316,.F.);
#3258=ORIENTED_EDGE('',*,*,#2317,.F.);
#3259=ORIENTED_EDGE('',*,*,#2303,.F.);
#3260=ORIENTED_EDGE('',*,*,#2272,.F.);
#3261=ORIENTED_EDGE('',*,*,#2318,.F.);
#3262=ORIENTED_EDGE('',*,*,#2271,.F.);
#3263=ORIENTED_EDGE('',*,*,#2244,.T.);
#3264=ORIENTED_EDGE('',*,*,#2234,.T.);
#3265=ORIENTED_EDGE('',*,*,#2318,.T.);
#3266=ORIENTED_EDGE('',*,*,#2203,.F.);
#3267=ORIENTED_EDGE('',*,*,#2213,.F.);
#3268=ORIENTED_EDGE('',*,*,#2220,.F.);
#3269=ORIENTED_EDGE('',*,*,#2319,.T.);
#3270=ORIENTED_EDGE('',*,*,#2162,.T.);
#3271=ORIENTED_EDGE('',*,*,#2320,.F.);
#3272=ORIENTED_EDGE('',*,*,#2321,.F.);
#3273=ORIENTED_EDGE('',*,*,#2223,.F.);
#3274=ORIENTED_EDGE('',*,*,#2161,.T.);
#3275=ORIENTED_EDGE('',*,*,#2179,.T.);
#3276=ORIENTED_EDGE('',*,*,#2322,.T.);
#3277=ORIENTED_EDGE('',*,*,#2316,.T.);
#3278=ORIENTED_EDGE('',*,*,#2323,.T.);
#3279=ORIENTED_EDGE('',*,*,#2324,.T.);
#3280=ORIENTED_EDGE('',*,*,#2325,.T.);
#3281=ORIENTED_EDGE('',*,*,#2320,.T.);
#3282=ORIENTED_EDGE('',*,*,#2153,.T.);
#3283=ORIENTED_EDGE('',*,*,#2319,.F.);
#3284=ORIENTED_EDGE('',*,*,#2219,.F.);
#3285=ORIENTED_EDGE('',*,*,#2326,.T.);
#3286=ORIENTED_EDGE('',*,*,#2327,.F.);
#3287=ORIENTED_EDGE('',*,*,#2328,.F.);
#3288=ORIENTED_EDGE('',*,*,#2189,.T.);
#3289=ORIENTED_EDGE('',*,*,#2329,.T.);
#3290=ORIENTED_EDGE('',*,*,#2204,.F.);
#3291=ORIENTED_EDGE('',*,*,#2325,.F.);
#3292=ORIENTED_EDGE('',*,*,#2330,.F.);
#3293=ORIENTED_EDGE('',*,*,#2224,.F.);
#3294=ORIENTED_EDGE('',*,*,#2321,.T.);
#3295=ORIENTED_EDGE('',*,*,#2330,.T.);
#3296=ORIENTED_EDGE('',*,*,#2324,.F.);
#3297=ORIENTED_EDGE('',*,*,#2331,.T.);
#3298=ORIENTED_EDGE('',*,*,#2332,.T.);
#3299=ORIENTED_EDGE('',*,*,#2333,.T.);
#3300=ORIENTED_EDGE('',*,*,#2334,.T.);
#3301=ORIENTED_EDGE('',*,*,#2335,.T.);
#3302=ORIENTED_EDGE('',*,*,#2336,.T.);
#3303=ORIENTED_EDGE('',*,*,#2225,.F.);
#3304=ORIENTED_EDGE('',*,*,#2188,.T.);
#3305=ORIENTED_EDGE('',*,*,#2265,.T.);
#3306=ORIENTED_EDGE('',*,*,#2337,.T.);
#3307=ORIENTED_EDGE('',*,*,#2291,.F.);
#3308=ORIENTED_EDGE('',*,*,#2205,.F.);
#3309=ORIENTED_EDGE('',*,*,#2329,.F.);
#3310=ORIENTED_EDGE('',*,*,#2255,.T.);
#3311=ORIENTED_EDGE('',*,*,#2338,.T.);
#3312=ORIENTED_EDGE('',*,*,#2309,.F.);
#3313=ORIENTED_EDGE('',*,*,#2339,.F.);
#3314=ORIENTED_EDGE('',*,*,#2254,.T.);
#3315=ORIENTED_EDGE('',*,*,#2340,.T.);
#3316=ORIENTED_EDGE('',*,*,#2310,.F.);
#3317=ORIENTED_EDGE('',*,*,#2338,.F.);
#3318=ORIENTED_EDGE('',*,*,#2253,.T.);
#3319=ORIENTED_EDGE('',*,*,#2341,.F.);
#3320=ORIENTED_EDGE('',*,*,#2311,.F.);
#3321=ORIENTED_EDGE('',*,*,#2340,.F.);
#3322=ORIENTED_EDGE('',*,*,#2252,.T.);
#3323=ORIENTED_EDGE('',*,*,#2342,.T.);
#3324=ORIENTED_EDGE('',*,*,#2312,.F.);
#3325=ORIENTED_EDGE('',*,*,#2341,.T.);
#3326=ORIENTED_EDGE('',*,*,#2251,.T.);
#3327=ORIENTED_EDGE('',*,*,#2343,.T.);
#3328=ORIENTED_EDGE('',*,*,#2313,.F.);
#3329=ORIENTED_EDGE('',*,*,#2342,.F.);
#3330=ORIENTED_EDGE('',*,*,#2285,.F.);
#3331=ORIENTED_EDGE('',*,*,#2288,.T.);
#3332=ORIENTED_EDGE('',*,*,#2262,.T.);
#3333=ORIENTED_EDGE('',*,*,#2270,.T.);
#3334=ORIENTED_EDGE('',*,*,#2250,.T.);
#3335=ORIENTED_EDGE('',*,*,#2344,.T.);
#3336=ORIENTED_EDGE('',*,*,#2314,.F.);
#3337=ORIENTED_EDGE('',*,*,#2343,.F.);
#3338=ORIENTED_EDGE('',*,*,#2249,.T.);
#3339=ORIENTED_EDGE('',*,*,#2199,.T.);
#3340=ORIENTED_EDGE('',*,*,#2241,.F.);
#3341=ORIENTED_EDGE('',*,*,#2345,.F.);
#3342=ORIENTED_EDGE('',*,*,#2323,.F.);
#3343=ORIENTED_EDGE('',*,*,#2315,.F.);
#3344=ORIENTED_EDGE('',*,*,#2344,.F.);
#3345=ORIENTED_EDGE('',*,*,#2346,.F.);
#3346=ORIENTED_EDGE('',*,*,#2347,.F.);
#3347=ORIENTED_EDGE('',*,*,#2348,.F.);
#3348=ORIENTED_EDGE('',*,*,#2349,.F.);
#3349=ORIENTED_EDGE('',*,*,#2350,.T.);
#3350=ORIENTED_EDGE('',*,*,#2351,.F.);
#3351=ORIENTED_EDGE('',*,*,#2349,.T.);
#3352=ORIENTED_EDGE('',*,*,#2352,.T.);
#3353=ORIENTED_EDGE('',*,*,#2293,.F.);
#3354=ORIENTED_EDGE('',*,*,#2353,.F.);
#3355=ORIENTED_EDGE('',*,*,#2348,.T.);
#3356=ORIENTED_EDGE('',*,*,#2354,.T.);
#3357=ORIENTED_EDGE('',*,*,#2294,.F.);
#3358=ORIENTED_EDGE('',*,*,#2352,.F.);
#3359=ORIENTED_EDGE('',*,*,#2347,.T.);
#3360=ORIENTED_EDGE('',*,*,#2355,.T.);
#3361=ORIENTED_EDGE('',*,*,#2295,.F.);
#3362=ORIENTED_EDGE('',*,*,#2354,.F.);
#3363=ORIENTED_EDGE('',*,*,#2356,.F.);
#3364=ORIENTED_EDGE('',*,*,#2334,.F.);
#3365=ORIENTED_EDGE('',*,*,#2357,.T.);
#3366=ORIENTED_EDGE('',*,*,#2358,.T.);
#3367=ORIENTED_EDGE('',*,*,#2359,.F.);
#3368=ORIENTED_EDGE('',*,*,#2358,.F.);
#3369=ORIENTED_EDGE('',*,*,#2360,.F.);
#3370=ORIENTED_EDGE('',*,*,#2361,.F.);
#3371=ORIENTED_EDGE('',*,*,#2333,.F.);
#3372=ORIENTED_EDGE('',*,*,#2362,.T.);
#3373=ORIENTED_EDGE('',*,*,#2360,.T.);
#3374=ORIENTED_EDGE('',*,*,#2357,.F.);
#3375=ORIENTED_EDGE('',*,*,#2363,.F.);
#3376=ORIENTED_EDGE('',*,*,#2361,.T.);
#3377=ORIENTED_EDGE('',*,*,#2362,.F.);
#3378=ORIENTED_EDGE('',*,*,#2332,.F.);
#3379=ORIENTED_EDGE('',*,*,#2356,.T.);
#3380=ORIENTED_EDGE('',*,*,#2359,.T.);
#3381=ORIENTED_EDGE('',*,*,#2363,.T.);
#3382=ORIENTED_EDGE('',*,*,#2331,.F.);
#3383=ORIENTED_EDGE('',*,*,#2345,.T.);
#3384=ORIENTED_EDGE('',*,*,#2240,.F.);
#3385=ORIENTED_EDGE('',*,*,#2364,.F.);
#3386=ORIENTED_EDGE('',*,*,#2335,.F.);
#3387=ORIENTED_EDGE('',*,*,#2346,.T.);
#3388=ORIENTED_EDGE('',*,*,#2365,.T.);
#3389=ORIENTED_EDGE('',*,*,#2296,.F.);
#3390=ORIENTED_EDGE('',*,*,#2355,.F.);
#3391=ORIENTED_EDGE('',*,*,#2351,.T.);
#3392=ORIENTED_EDGE('',*,*,#2366,.T.);
#3393=ORIENTED_EDGE('',*,*,#2297,.F.);
#3394=ORIENTED_EDGE('',*,*,#2365,.F.);
#3395=ORIENTED_EDGE('',*,*,#2190,.T.);
#3396=ORIENTED_EDGE('',*,*,#2328,.T.);
#3397=ORIENTED_EDGE('',*,*,#2367,.T.);
#3398=ORIENTED_EDGE('',*,*,#2299,.F.);
#3399=ORIENTED_EDGE('',*,*,#2368,.F.);
#3400=ORIENTED_EDGE('',*,*,#2263,.T.);
#3401=ORIENTED_EDGE('',*,*,#2300,.F.);
#3402=ORIENTED_EDGE('',*,*,#2367,.F.);
#3403=ORIENTED_EDGE('',*,*,#2327,.T.);
#3404=ORIENTED_EDGE('',*,*,#2369,.T.);
#3405=ORIENTED_EDGE('',*,*,#2264,.T.);
#3406=ORIENTED_EDGE('',*,*,#2368,.T.);
#3407=ORIENTED_EDGE('',*,*,#2298,.F.);
#3408=ORIENTED_EDGE('',*,*,#2366,.F.);
#3409=ORIENTED_EDGE('',*,*,#2350,.F.);
#3410=ORIENTED_EDGE('',*,*,#2353,.T.);
#3411=ORIENTED_EDGE('',*,*,#2292,.F.);
#3412=ORIENTED_EDGE('',*,*,#2337,.F.);
#3413=ORIENTED_EDGE('',*,*,#2256,.T.);
#3414=ORIENTED_EDGE('',*,*,#2339,.T.);
#3415=ORIENTED_EDGE('',*,*,#2308,.F.);
#3416=ORIENTED_EDGE('',*,*,#2370,.F.);
#3417=ORIENTED_EDGE('',*,*,#2259,.F.);
#3418=ORIENTED_EDGE('',*,*,#2302,.T.);
#3419=ORIENTED_EDGE('',*,*,#2216,.T.);
#3420=ORIENTED_EDGE('',*,*,#2371,.T.);
#3421=ORIENTED_EDGE('',*,*,#2326,.F.);
#3422=ORIENTED_EDGE('',*,*,#2218,.T.);
#3423=ORIENTED_EDGE('',*,*,#2301,.T.);
#3424=ORIENTED_EDGE('',*,*,#2369,.F.);
#3425=ORIENTED_EDGE('',*,*,#2257,.T.);
#3426=ORIENTED_EDGE('',*,*,#2370,.T.);
#3427=ORIENTED_EDGE('',*,*,#2307,.T.);
#3428=ORIENTED_EDGE('',*,*,#2226,.T.);
#3429=ORIENTED_EDGE('',*,*,#2336,.F.);
#3430=ORIENTED_EDGE('',*,*,#2364,.T.);
#3431=ORIENTED_EDGE('',*,*,#2239,.F.);
#3432=ORIENTED_EDGE('',*,*,#2243,.T.);
#3433=ORIENTED_EDGE('',*,*,#2232,.F.);
#3434=ORIENTED_EDGE('',*,*,#2237,.T.);
#3435=ORIENTED_EDGE('',*,*,#2228,.T.);
#3436=ORIENTED_EDGE('',*,*,#2306,.T.);
#3437=ORIENTED_EDGE('',*,*,#2230,.F.);
#3438=ORIENTED_EDGE('',*,*,#2193,.T.);
#3439=ORIENTED_EDGE('',*,*,#2260,.F.);
#3440=ORIENTED_EDGE('',*,*,#2371,.F.);
#3441=ORIENTED_EDGE('',*,*,#2215,.T.);
#3442=ORIENTED_EDGE('',*,*,#2304,.F.);
#3443=ORIENTED_EDGE('',*,*,#2317,.T.);
#3444=ORIENTED_EDGE('',*,*,#2322,.F.);
#3445=ORIENTED_EDGE('',*,*,#2178,.F.);
#3446=ORIENTED_EDGE('',*,*,#2305,.F.);
#3447=ORIENTED_EDGE('',*,*,#2176,.T.);
#3448=ORIENTED_EDGE('',*,*,#2207,.F.);
#3449=ORIENTED_EDGE('',*,*,#2290,.F.);
#3450=PLANE('',#3808);
#3451=PLANE('',#3809);
#3452=PLANE('',#3810);
#3453=PLANE('',#3811);
#3454=PLANE('',#3812);
#3455=PLANE('',#3813);
#3456=PLANE('',#3934);
#3457=PLANE('',#3935);
#3458=PLANE('',#3937);
#3459=PLANE('',#3940);
#3460=PLANE('',#3942);
#3461=PLANE('',#3944);
#3462=PLANE('',#3946);
#3463=PLANE('',#3948);
#3464=PLANE('',#3952);
#3465=PLANE('',#3953);
#3466=PLANE('',#3954);
#3467=PLANE('',#3955);
#3468=PLANE('',#3956);
#3469=PLANE('',#3957);
#3470=PLANE('',#3958);
#3471=PLANE('',#3959);
#3472=PLANE('',#3960);
#3473=PLANE('',#3961);
#3474=PLANE('',#3962);
#3475=PLANE('',#3963);
#3476=PLANE('',#3964);
#3477=PLANE('',#3965);
#3478=PLANE('',#3966);
#3479=PLANE('',#3971);
#3480=PLANE('',#3975);
#3481=PLANE('',#3986);
#3482=PLANE('',#3987);
#3483=PLANE('',#3988);
#3484=PLANE('',#3991);
#3485=PLANE('',#3992);
#3486=PLANE('',#3993);
#3487=PLANE('',#3994);
#3488=PLANE('',#3995);
#3489=PLANE('',#3996);
#3490=PLANE('',#3997);
#3491=PLANE('',#3998);
#3492=PLANE('',#3999);
#3493=PLANE('',#4021);
#3494=PLANE('',#4022);
#3495=PLANE('',#4023);
#3496=PLANE('',#4024);
#3497=PLANE('',#4032);
#3498=PLANE('',#4033);
#3499=PLANE('',#4034);
#3500=PLANE('',#4035);
#3501=PLANE('',#4036);
#3502=PLANE('',#4039);
#3503=PLANE('',#4042);
#3504=PLANE('',#4045);
#3505=PLANE('',#4046);
#3506=PLANE('',#4051);
#3507=PLANE('',#4052);
#3508=PLANE('',#4053);
#3509=PLANE('',#4055);
#3510=PLANE('',#4056);
#3511=PLANE('',#4060);
#3512=PLANE('',#4064);
#3513=PLANE('',#4068);
#3514=PLANE('',#4072);
#3515=PLANE('',#4073);
#3516=PLANE('',#4075);
#3517=PLANE('',#4077);
#3518=PLANE('',#4078);
#3519=PLANE('',#4079);
#3520=PLANE('',#4080);
#3521=PLANE('',#4083);
#3522=PLANE('',#4086);
#3523=PLANE('',#4089);
#3524=PLANE('',#4090);
#3525=PLANE('',#4091);
#3526=PLANE('',#4092);
#3527=PLANE('',#4097);
#3528=PLANE('',#4104);
#3529=PLANE('',#4105);
#3530=PLANE('',#4106);
#3531=PLANE('',#4114);
#3532=PLANE('',#4129);
#3533=PLANE('',#4132);
#3534=PLANE('',#4135);
#3535=PLANE('',#4138);
#3536=PLANE('',#4140);
#3537=PLANE('',#4141);
#3538=PLANE('',#4144);
#3539=PLANE('',#4146);
#3540=PLANE('',#4147);
#3541=PLANE('',#4148);
#3542=PLANE('',#4150);
#3543=PLANE('',#4152);
#3544=PLANE('',#4153);
#3545=PLANE('',#4154);
#3546=PLANE('',#4155);
#3547=PLANE('',#4156);
#3548=PLANE('',#4159);
#3549=PLANE('',#4161);
#3550=PLANE('',#4162);
#3551=PLANE('',#4163);
#3552=PLANE('',#4164);
#3553=PLANE('',#4165);
#3554=PLANE('',#4166);
#3555=PLANE('',#4168);
#3556=PLANE('',#4169);
#3557=PLANE('',#4170);
#3558=PLANE('',#4171);
#3559=PLANE('',#4172);
#3560=PLANE('',#4173);
#3561=PLANE('',#4174);
#3562=PLANE('',#4175);
#3563=PLANE('',#4176);
#3564=PLANE('',#4177);
#3565=ADVANCED_FACE('',(#329),#3450,.T.);
#3566=ADVANCED_FACE('',(#330),#3451,.T.);
#3567=ADVANCED_FACE('',(#331),#3452,.T.);
#3568=ADVANCED_FACE('',(#332),#3453,.T.);
#3569=ADVANCED_FACE('',(#333),#3454,.T.);
#3570=ADVANCED_FACE('',(#334),#3455,.T.);
#3571=ADVANCED_FACE('',(#335),#245,.F.);
#3572=ADVANCED_FACE('',(#336),#246,.T.);
#3573=ADVANCED_FACE('',(#337),#247,.F.);
#3574=ADVANCED_FACE('',(#338),#248,.T.);
#3575=ADVANCED_FACE('',(#339),#249,.F.);
#3576=ADVANCED_FACE('',(#340),#250,.T.);
#3577=ADVANCED_FACE('',(#341),#251,.F.);
#3578=ADVANCED_FACE('',(#342),#252,.T.);
#3579=ADVANCED_FACE('',(#343),#253,.F.);
#3580=ADVANCED_FACE('',(#344),#254,.T.);
#3581=ADVANCED_FACE('',(#345),#255,.F.);
#3582=ADVANCED_FACE('',(#346),#256,.T.);
#3583=ADVANCED_FACE('',(#347),#257,.F.);
#3584=ADVANCED_FACE('',(#348),#258,.T.);
#3585=ADVANCED_FACE('',(#349),#259,.F.);
#3586=ADVANCED_FACE('',(#350),#260,.T.);
#3587=ADVANCED_FACE('',(#351),#261,.F.);
#3588=ADVANCED_FACE('',(#352),#262,.T.);
#3589=ADVANCED_FACE('',(#353),#263,.F.);
#3590=ADVANCED_FACE('',(#354),#264,.T.);
#3591=ADVANCED_FACE('',(#355),#265,.F.);
#3592=ADVANCED_FACE('',(#356),#266,.T.);
#3593=ADVANCED_FACE('',(#357),#267,.F.);
#3594=ADVANCED_FACE('',(#358),#268,.T.);
#3595=ADVANCED_FACE('',(#359),#269,.F.);
#3596=ADVANCED_FACE('',(#360),#270,.T.);
#3597=ADVANCED_FACE('',(#361),#271,.F.);
#3598=ADVANCED_FACE('',(#362),#272,.T.);
#3599=ADVANCED_FACE('',(#363),#273,.F.);
#3600=ADVANCED_FACE('',(#364),#274,.T.);
#3601=ADVANCED_FACE('',(#365),#275,.F.);
#3602=ADVANCED_FACE('',(#366),#276,.T.);
#3603=ADVANCED_FACE('',(#367),#277,.F.);
#3604=ADVANCED_FACE('',(#368),#278,.T.);
#3605=ADVANCED_FACE('',(#369),#279,.F.);
#3606=ADVANCED_FACE('',(#370),#280,.T.);
#3607=ADVANCED_FACE('',(#371),#281,.F.);
#3608=ADVANCED_FACE('',(#372),#282,.T.);
#3609=ADVANCED_FACE('',(#373),#283,.F.);
#3610=ADVANCED_FACE('',(#374),#284,.T.);
#3611=ADVANCED_FACE('',(#375,#76),#3456,.T.);
#3612=ADVANCED_FACE('',(#376,#77),#3457,.F.);
#3613=ADVANCED_FACE('',(#377),#3458,.F.);
#3614=ADVANCED_FACE('',(#378),#3459,.F.);
#3615=ADVANCED_FACE('',(#379),#3460,.F.);
#3616=ADVANCED_FACE('',(#380),#3461,.F.);
#3617=ADVANCED_FACE('',(#381),#3462,.F.);
#3618=ADVANCED_FACE('',(#382),#3463,.F.);
#3619=ADVANCED_FACE('',(#383),#285,.T.);
#3620=ADVANCED_FACE('',(#384),#3464,.T.);
#3621=ADVANCED_FACE('',(#385),#3465,.T.);
#3622=ADVANCED_FACE('',(#386),#3466,.T.);
#3623=ADVANCED_FACE('',(#387),#3467,.T.);
#3624=ADVANCED_FACE('',(#388),#3468,.T.);
#3625=ADVANCED_FACE('',(#389),#3469,.T.);
#3626=ADVANCED_FACE('',(#390),#3470,.T.);
#3627=ADVANCED_FACE('',(#391),#3471,.T.);
#3628=ADVANCED_FACE('',(#392),#3472,.T.);
#3629=ADVANCED_FACE('',(#393),#3473,.T.);
#3630=ADVANCED_FACE('',(#394),#3474,.T.);
#3631=ADVANCED_FACE('',(#395),#3475,.T.);
#3632=ADVANCED_FACE('',(#396),#3476,.T.);
#3633=ADVANCED_FACE('',(#397),#3477,.T.);
#3634=ADVANCED_FACE('',(#398,#78),#3478,.F.);
#3635=ADVANCED_FACE('',(#399),#286,.F.);
#3636=ADVANCED_FACE('',(#400),#3479,.F.);
#3637=ADVANCED_FACE('',(#401),#287,.F.);
#3638=ADVANCED_FACE('',(#402),#3480,.F.);
#3639=ADVANCED_FACE('',(#403),#57,.F.);
#3640=ADVANCED_FACE('',(#404),#288,.F.);
#3641=ADVANCED_FACE('',(#405),#58,.F.);
#3642=ADVANCED_FACE('',(#406),#289,.F.);
#3643=ADVANCED_FACE('',(#407),#3481,.T.);
#3644=ADVANCED_FACE('',(#408),#3482,.T.);
#3645=ADVANCED_FACE('',(#409,#79,#80,#81,#82),#3483,.F.);
#3646=ADVANCED_FACE('',(#410),#3484,.T.);
#3647=ADVANCED_FACE('',(#411),#3485,.T.);
#3648=ADVANCED_FACE('',(#412),#3486,.T.);
#3649=ADVANCED_FACE('',(#413),#3487,.T.);
#3650=ADVANCED_FACE('',(#414),#3488,.T.);
#3651=ADVANCED_FACE('',(#415),#3489,.T.);
#3652=ADVANCED_FACE('',(#416),#3490,.T.);
#3653=ADVANCED_FACE('',(#417),#3491,.T.);
#3654=ADVANCED_FACE('',(#418),#3492,.T.);
#3655=ADVANCED_FACE('',(#419),#290,.F.);
#3656=ADVANCED_FACE('',(#420),#291,.F.);
#3657=ADVANCED_FACE('',(#421),#292,.F.);
#3658=ADVANCED_FACE('',(#422),#293,.F.);
#3659=ADVANCED_FACE('',(#423),#294,.F.);
#3660=ADVANCED_FACE('',(#424),#295,.F.);
#3661=ADVANCED_FACE('',(#425),#296,.F.);
#3662=ADVANCED_FACE('',(#426),#297,.F.);
#3663=ADVANCED_FACE('',(#427),#298,.F.);
#3664=ADVANCED_FACE('',(#428),#3493,.F.);
#3665=ADVANCED_FACE('',(#429),#3494,.F.);
#3666=ADVANCED_FACE('',(#430),#3495,.F.);
#3667=ADVANCED_FACE('',(#431),#3496,.F.);
#3668=ADVANCED_FACE('',(#432),#299,.F.);
#3669=ADVANCED_FACE('',(#433),#300,.F.);
#3670=ADVANCED_FACE('',(#434),#301,.F.);
#3671=ADVANCED_FACE('',(#435),#3497,.F.);
#3672=ADVANCED_FACE('',(#436),#3498,.F.);
#3673=ADVANCED_FACE('',(#437),#3499,.F.);
#3674=ADVANCED_FACE('',(#438),#3500,.F.);
#3675=ADVANCED_FACE('',(#439),#3501,.T.);
#3676=ADVANCED_FACE('',(#440),#3502,.T.);
#3677=ADVANCED_FACE('',(#441),#302,.F.);
#3678=ADVANCED_FACE('',(#442),#3503,.T.);
#3679=ADVANCED_FACE('',(#443),#303,.F.);
#3680=ADVANCED_FACE('',(#444),#3504,.T.);
#3681=ADVANCED_FACE('',(#445,#83),#3505,.T.);
#3682=ADVANCED_FACE('',(#446),#304,.T.);
#3683=ADVANCED_FACE('',(#447),#305,.T.);
#3684=ADVANCED_FACE('',(#448,#84),#3506,.T.);
#3685=ADVANCED_FACE('',(#449),#3507,.T.);
#3686=ADVANCED_FACE('',(#450,#85,#86,#87,#88),#3508,.T.);
#3687=ADVANCED_FACE('',(#451),#3509,.T.);
#3688=ADVANCED_FACE('',(#452),#3510,.F.);
#3689=ADVANCED_FACE('',(#453),#306,.T.);
#3690=ADVANCED_FACE('',(#454),#3511,.T.);
#3691=ADVANCED_FACE('',(#455),#307,.T.);
#3692=ADVANCED_FACE('',(#456),#3512,.T.);
#3693=ADVANCED_FACE('',(#457),#308,.F.);
#3694=ADVANCED_FACE('',(#458),#3513,.F.);
#3695=ADVANCED_FACE('',(#459),#309,.F.);
#3696=ADVANCED_FACE('',(#460),#3514,.F.);
#3697=ADVANCED_FACE('',(#461),#3515,.F.);
#3698=ADVANCED_FACE('',(#462),#3516,.F.);
#3699=ADVANCED_FACE('',(#463),#3517,.F.);
#3700=ADVANCED_FACE('',(#464),#3518,.F.);
#3701=ADVANCED_FACE('',(#465),#3519,.F.);
#3702=ADVANCED_FACE('',(#466),#3520,.F.);
#3703=ADVANCED_FACE('',(#467),#3521,.F.);
#3704=ADVANCED_FACE('',(#468,#89),#3522,.F.);
#3705=ADVANCED_FACE('',(#469),#3523,.F.);
#3706=ADVANCED_FACE('',(#470),#3524,.F.);
#3707=ADVANCED_FACE('',(#471),#3525,.F.);
#3708=ADVANCED_FACE('',(#472,#90),#3526,.F.);
#3709=ADVANCED_FACE('',(#473),#310,.T.);
#3710=ADVANCED_FACE('',(#474,#91),#3527,.F.);
#3711=ADVANCED_FACE('',(#475),#311,.T.);
#3712=ADVANCED_FACE('',(#476),#312,.T.);
#3713=ADVANCED_FACE('',(#477),#3528,.F.);
#3714=ADVANCED_FACE('',(#478),#3529,.F.);
#3715=ADVANCED_FACE('',(#479),#3530,.F.);
#3716=ADVANCED_FACE('',(#480),#313,.T.);
#3717=ADVANCED_FACE('',(#481),#3531,.F.);
#3718=ADVANCED_FACE('',(#482),#314,.T.);
#3719=ADVANCED_FACE('',(#483),#33,.T.);
#3720=ADVANCED_FACE('',(#484),#34,.T.);
#3721=ADVANCED_FACE('',(#485),#315,.T.);
#3722=ADVANCED_FACE('',(#486),#316,.T.);
#3723=ADVANCED_FACE('',(#487),#317,.T.);
#3724=ADVANCED_FACE('',(#488),#318,.T.);
#3725=ADVANCED_FACE('',(#489),#319,.T.);
#3726=ADVANCED_FACE('',(#490),#320,.T.);
#3727=ADVANCED_FACE('',(#491),#3532,.F.);
#3728=ADVANCED_FACE('',(#492),#3533,.T.);
#3729=ADVANCED_FACE('',(#493),#3534,.F.);
#3730=ADVANCED_FACE('',(#494),#3535,.F.);
#3731=ADVANCED_FACE('',(#495),#321,.F.);
#3732=ADVANCED_FACE('',(#496),#3536,.F.);
#3733=ADVANCED_FACE('',(#497,#92),#3537,.F.);
#3734=ADVANCED_FACE('',(#498),#3538,.F.);
#3735=ADVANCED_FACE('',(#499),#322,.F.);
#3736=ADVANCED_FACE('',(#500),#3539,.F.);
#3737=ADVANCED_FACE('',(#501),#3540,.F.);
#3738=ADVANCED_FACE('',(#502),#3541,.F.);
#3739=ADVANCED_FACE('',(#503),#323,.F.);
#3740=ADVANCED_FACE('',(#504),#3542,.F.);
#3741=ADVANCED_FACE('',(#505),#324,.F.);
#3742=ADVANCED_FACE('',(#506),#3543,.F.);
#3743=ADVANCED_FACE('',(#507),#3544,.F.);
#3744=ADVANCED_FACE('',(#508),#3545,.F.);
#3745=ADVANCED_FACE('',(#509),#3546,.F.);
#3746=ADVANCED_FACE('',(#510),#3547,.F.);
#3747=ADVANCED_FACE('',(#511),#3548,.F.);
#3748=ADVANCED_FACE('',(#512),#325,.F.);
#3749=ADVANCED_FACE('',(#513),#3549,.F.);
#3750=ADVANCED_FACE('',(#514),#3550,.F.);
#3751=ADVANCED_FACE('',(#515),#3551,.F.);
#3752=ADVANCED_FACE('',(#516),#3552,.F.);
#3753=ADVANCED_FACE('',(#517),#3553,.F.);
#3754=ADVANCED_FACE('',(#518),#3554,.F.);
#3755=ADVANCED_FACE('',(#519),#326,.F.);
#3756=ADVANCED_FACE('',(#520),#3555,.F.);
#3757=ADVANCED_FACE('',(#521),#3556,.F.);
#3758=ADVANCED_FACE('',(#522),#3557,.F.);
#3759=ADVANCED_FACE('',(#523),#3558,.F.);
#3760=ADVANCED_FACE('',(#524),#3559,.F.);
#3761=ADVANCED_FACE('',(#525),#3560,.T.);
#3762=ADVANCED_FACE('',(#526),#3561,.F.);
#3763=ADVANCED_FACE('',(#527),#3562,.F.);
#3764=ADVANCED_FACE('',(#528),#3563,.T.);
#3765=ADVANCED_FACE('',(#529),#3564,.F.);
#3766=ADVANCED_FACE('',(#530),#327,.F.);
#3767=ADVANCED_FACE('',(#531),#328,.F.);
#3768=CLOSED_SHELL('',(#3565,#3566,#3567,#3568,#3569,#3570,#3571,#3572,
#3573,#3574,#3575,#3576,#3577,#3578,#3579,#3580,#3581,#3582,#3583,#3584,
#3585,#3586,#3587,#3588,#3589,#3590,#3591,#3592,#3593,#3594,#3595,#3596,
#3597,#3598,#3599,#3600,#3601,#3602,#3603,#3604,#3605,#3606,#3607,#3608,
#3609,#3610,#3611,#3612));
#3769=CLOSED_SHELL('',(#3613,#3614,#3615,#3616,#3617,#3618,#3619,#3620,
#3621,#3622,#3623,#3624,#3625,#3626,#3627,#3628,#3629,#3630,#3631,#3632,
#3633,#3634));
#3770=CLOSED_SHELL('',(#3635,#3636,#3637,#3638,#3639,#3640,#3641,#3642,
#3643,#3644,#3645,#3646,#3647,#3648,#3649,#3650,#3651,#3652,#3653,#3654,
#3655,#3656,#3657,#3658,#3659,#3660,#3661,#3662,#3663,#3664,#3665,#3666,
#3667,#3668,#3669,#3670,#3671,#3672,#3673,#3674,#3675,#3676,#3677,#3678,
#3679,#3680,#3681,#3682,#3683,#3684,#3685,#3686));
#3771=CLOSED_SHELL('',(#3687,#3688,#3689,#3690,#3691,#3692,#3693,#3694,
#3695,#3696,#3697,#3698,#3699,#3700,#3701,#3702,#3703,#3704,#3705,#3706,
#3707,#3708,#3709,#3710,#3711,#3712,#3713,#3714,#3715,#3716,#3717,#3718,
#3719,#3720,#3721,#3722,#3723,#3724,#3725,#3726,#3727,#3728,#3729,#3730,
#3731,#3732,#3733,#3734,#3735,#3736,#3737,#3738,#3739,#3740,#3741,#3742,
#3743,#3744,#3745,#3746,#3747,#3748,#3749,#3750,#3751,#3752,#3753,#3754,
#3755,#3756,#3757,#3758,#3759,#3760,#3761,#3762,#3763,#3764,#3765,#3766,
#3767));
#3772=DERIVED_UNIT_ELEMENT(#3778,1.);
#3773=DERIVED_UNIT_ELEMENT(#6575,-3.);
#3774=DERIVED_UNIT_ELEMENT(#3778,1.);
#3775=DERIVED_UNIT_ELEMENT(#6575,-3.);
#3776=DERIVED_UNIT_ELEMENT(#3778,1.);
#3777=DERIVED_UNIT_ELEMENT(#6575,-3.);
#3778=(
MASS_UNIT()
NAMED_UNIT(*)
SI_UNIT(.KILO.,.GRAM.)
);
#3779=DERIVED_UNIT((#3772,#3773));
#3780=DERIVED_UNIT((#3774,#3775));
#3781=DERIVED_UNIT((#3776,#3777));
#3782=MEASURE_REPRESENTATION_ITEM('density measure',
POSITIVE_RATIO_MEASURE(7850.),#3779);
#3783=MEASURE_REPRESENTATION_ITEM('density measure',
POSITIVE_RATIO_MEASURE(7850.),#3780);
#3784=MEASURE_REPRESENTATION_ITEM('density measure',
POSITIVE_RATIO_MEASURE(7850.),#3781);
#3785=PROPERTY_DEFINITION_REPRESENTATION(#3800,#3791);
#3786=PROPERTY_DEFINITION_REPRESENTATION(#3801,#3792);
#3787=PROPERTY_DEFINITION_REPRESENTATION(#3802,#3793);
#3788=PROPERTY_DEFINITION_REPRESENTATION(#3803,#3794);
#3789=PROPERTY_DEFINITION_REPRESENTATION(#3804,#3795);
#3790=PROPERTY_DEFINITION_REPRESENTATION(#3805,#3796);
#3791=REPRESENTATION('material name',(#3797),#6569);
#3792=REPRESENTATION('density',(#3782),#6569);
#3793=REPRESENTATION('material name',(#3798),#6570);
#3794=REPRESENTATION('density',(#3783),#6570);
#3795=REPRESENTATION('material name',(#3799),#6572);
#3796=REPRESENTATION('density',(#3784),#6572);
#3797=DESCRIPTIVE_REPRESENTATION_ITEM('\X2\92FC\X0\','\X2\92FC\X0\');
#3798=DESCRIPTIVE_REPRESENTATION_ITEM('\X2\92FC\X0\','\X2\92FC\X0\');
#3799=DESCRIPTIVE_REPRESENTATION_ITEM('\X2\92FC\X0\','\X2\92FC\X0\');
#3800=PROPERTY_DEFINITION('material property','material name',#6599);
#3801=PROPERTY_DEFINITION('material property','density of part',#6599);
#3802=PROPERTY_DEFINITION('material property','material name',#6600);
#3803=PROPERTY_DEFINITION('material property','density of part',#6600);
#3804=PROPERTY_DEFINITION('material property','material name',#6602);
#3805=PROPERTY_DEFINITION('material property','density of part',#6602);
#3806=AXIS2_PLACEMENT_3D('',#5308,#4185,#4186);
#3807=AXIS2_PLACEMENT_3D('',#5309,#4187,#4188);
#3808=AXIS2_PLACEMENT_3D('',#5310,#4189,#4190);
#3809=AXIS2_PLACEMENT_3D('',#5319,#4195,#4196);
#3810=AXIS2_PLACEMENT_3D('',#5325,#4200,#4201);
#3811=AXIS2_PLACEMENT_3D('',#5331,#4205,#4206);
#3812=AXIS2_PLACEMENT_3D('',#5337,#4210,#4211);
#3813=AXIS2_PLACEMENT_3D('',#5343,#4215,#4216);
#3814=AXIS2_PLACEMENT_3D('',#5346,#4219,#4220);
#3815=AXIS2_PLACEMENT_3D('',#5349,#4221,#4222);
#3816=AXIS2_PLACEMENT_3D('',#5353,#4224,#4225);
#3817=AXIS2_PLACEMENT_3D('',#5355,#4227,#4228);
#3818=AXIS2_PLACEMENT_3D('',#5357,#4229,#4230);
#3819=AXIS2_PLACEMENT_3D('',#5359,#4231,#4232);
#3820=AXIS2_PLACEMENT_3D('',#5361,#4234,#4235);
#3821=AXIS2_PLACEMENT_3D('',#5363,#4236,#4237);
#3822=AXIS2_PLACEMENT_3D('',#5365,#4238,#4239);
#3823=AXIS2_PLACEMENT_3D('',#5367,#4241,#4242);
#3824=AXIS2_PLACEMENT_3D('',#5369,#4243,#4244);
#3825=AXIS2_PLACEMENT_3D('',#5371,#4245,#4246);
#3826=AXIS2_PLACEMENT_3D('',#5373,#4248,#4249);
#3827=AXIS2_PLACEMENT_3D('',#5375,#4250,#4251);
#3828=AXIS2_PLACEMENT_3D('',#5377,#4252,#4253);
#3829=AXIS2_PLACEMENT_3D('',#5379,#4255,#4256);
#3830=AXIS2_PLACEMENT_3D('',#5381,#4257,#4258);
#3831=AXIS2_PLACEMENT_3D('',#5383,#4259,#4260);
#3832=AXIS2_PLACEMENT_3D('',#5385,#4262,#4263);
#3833=AXIS2_PLACEMENT_3D('',#5387,#4264,#4265);
#3834=AXIS2_PLACEMENT_3D('',#5389,#4266,#4267);
#3835=AXIS2_PLACEMENT_3D('',#5391,#4269,#4270);
#3836=AXIS2_PLACEMENT_3D('',#5393,#4271,#4272);
#3837=AXIS2_PLACEMENT_3D('',#5395,#4273,#4274);
#3838=AXIS2_PLACEMENT_3D('',#5397,#4276,#4277);
#3839=AXIS2_PLACEMENT_3D('',#5399,#4278,#4279);
#3840=AXIS2_PLACEMENT_3D('',#5401,#4280,#4281);
#3841=AXIS2_PLACEMENT_3D('',#5403,#4283,#4284);
#3842=AXIS2_PLACEMENT_3D('',#5405,#4285,#4286);
#3843=AXIS2_PLACEMENT_3D('',#5407,#4287,#4288);
#3844=AXIS2_PLACEMENT_3D('',#5409,#4290,#4291);
#3845=AXIS2_PLACEMENT_3D('',#5411,#4292,#4293);
#3846=AXIS2_PLACEMENT_3D('',#5413,#4294,#4295);
#3847=AXIS2_PLACEMENT_3D('',#5415,#4297,#4298);
#3848=AXIS2_PLACEMENT_3D('',#5417,#4299,#4300);
#3849=AXIS2_PLACEMENT_3D('',#5419,#4301,#4302);
#3850=AXIS2_PLACEMENT_3D('',#5421,#4304,#4305);
#3851=AXIS2_PLACEMENT_3D('',#5423,#4306,#4307);
#3852=AXIS2_PLACEMENT_3D('',#5425,#4308,#4309);
#3853=AXIS2_PLACEMENT_3D('',#5427,#4311,#4312);
#3854=AXIS2_PLACEMENT_3D('',#5429,#4313,#4314);
#3855=AXIS2_PLACEMENT_3D('',#5431,#4315,#4316);
#3856=AXIS2_PLACEMENT_3D('',#5433,#4318,#4319);
#3857=AXIS2_PLACEMENT_3D('',#5435,#4320,#4321);
#3858=AXIS2_PLACEMENT_3D('',#5437,#4322,#4323);
#3859=AXIS2_PLACEMENT_3D('',#5439,#4325,#4326);
#3860=AXIS2_PLACEMENT_3D('',#5441,#4327,#4328);
#3861=AXIS2_PLACEMENT_3D('',#5443,#4329,#4330);
#3862=AXIS2_PLACEMENT_3D('',#5445,#4332,#4333);
#3863=AXIS2_PLACEMENT_3D('',#5447,#4334,#4335);
#3864=AXIS2_PLACEMENT_3D('',#5449,#4336,#4337);
#3865=AXIS2_PLACEMENT_3D('',#5451,#4339,#4340);
#3866=AXIS2_PLACEMENT_3D('',#5453,#4341,#4342);
#3867=AXIS2_PLACEMENT_3D('',#5455,#4343,#4344);
#3868=AXIS2_PLACEMENT_3D('',#5457,#4346,#4347);
#3869=AXIS2_PLACEMENT_3D('',#5459,#4348,#4349);
#3870=AXIS2_PLACEMENT_3D('',#5461,#4350,#4351);
#3871=AXIS2_PLACEMENT_3D('',#5463,#4353,#4354);
#3872=AXIS2_PLACEMENT_3D('',#5465,#4355,#4356);
#3873=AXIS2_PLACEMENT_3D('',#5467,#4357,#4358);
#3874=AXIS2_PLACEMENT_3D('',#5469,#4360,#4361);
#3875=AXIS2_PLACEMENT_3D('',#5471,#4362,#4363);
#3876=AXIS2_PLACEMENT_3D('',#5473,#4364,#4365);
#3877=AXIS2_PLACEMENT_3D('',#5475,#4367,#4368);
#3878=AXIS2_PLACEMENT_3D('',#5477,#4369,#4370);
#3879=AXIS2_PLACEMENT_3D('',#5479,#4371,#4372);
#3880=AXIS2_PLACEMENT_3D('',#5481,#4374,#4375);
#3881=AXIS2_PLACEMENT_3D('',#5483,#4376,#4377);
#3882=AXIS2_PLACEMENT_3D('',#5485,#4378,#4379);
#3883=AXIS2_PLACEMENT_3D('',#5487,#4381,#4382);
#3884=AXIS2_PLACEMENT_3D('',#5489,#4383,#4384);
#3885=AXIS2_PLACEMENT_3D('',#5491,#4385,#4386);
#3886=AXIS2_PLACEMENT_3D('',#5493,#4388,#4389);
#3887=AXIS2_PLACEMENT_3D('',#5495,#4390,#4391);
#3888=AXIS2_PLACEMENT_3D('',#5497,#4392,#4393);
#3889=AXIS2_PLACEMENT_3D('',#5499,#4395,#4396);
#3890=AXIS2_PLACEMENT_3D('',#5501,#4397,#4398);
#3891=AXIS2_PLACEMENT_3D('',#5503,#4399,#4400);
#3892=AXIS2_PLACEMENT_3D('',#5505,#4402,#4403);
#3893=AXIS2_PLACEMENT_3D('',#5507,#4404,#4405);
#3894=AXIS2_PLACEMENT_3D('',#5509,#4406,#4407);
#3895=AXIS2_PLACEMENT_3D('',#5511,#4409,#4410);
#3896=AXIS2_PLACEMENT_3D('',#5513,#4411,#4412);
#3897=AXIS2_PLACEMENT_3D('',#5515,#4413,#4414);
#3898=AXIS2_PLACEMENT_3D('',#5517,#4416,#4417);
#3899=AXIS2_PLACEMENT_3D('',#5519,#4418,#4419);
#3900=AXIS2_PLACEMENT_3D('',#5521,#4420,#4421);
#3901=AXIS2_PLACEMENT_3D('',#5523,#4423,#4424);
#3902=AXIS2_PLACEMENT_3D('',#5525,#4425,#4426);
#3903=AXIS2_PLACEMENT_3D('',#5527,#4427,#4428);
#3904=AXIS2_PLACEMENT_3D('',#5529,#4430,#4431);
#3905=AXIS2_PLACEMENT_3D('',#5531,#4432,#4433);
#3906=AXIS2_PLACEMENT_3D('',#5533,#4434,#4435);
#3907=AXIS2_PLACEMENT_3D('',#5535,#4437,#4438);
#3908=AXIS2_PLACEMENT_3D('',#5537,#4439,#4440);
#3909=AXIS2_PLACEMENT_3D('',#5539,#4441,#4442);
#3910=AXIS2_PLACEMENT_3D('',#5541,#4444,#4445);
#3911=AXIS2_PLACEMENT_3D('',#5543,#4446,#4447);
#3912=AXIS2_PLACEMENT_3D('',#5545,#4448,#4449);
#3913=AXIS2_PLACEMENT_3D('',#5547,#4451,#4452);
#3914=AXIS2_PLACEMENT_3D('',#5549,#4453,#4454);
#3915=AXIS2_PLACEMENT_3D('',#5551,#4455,#4456);
#3916=AXIS2_PLACEMENT_3D('',#5553,#4458,#4459);
#3917=AXIS2_PLACEMENT_3D('',#5555,#4460,#4461);
#3918=AXIS2_PLACEMENT_3D('',#5557,#4462,#4463);
#3919=AXIS2_PLACEMENT_3D('',#5559,#4465,#4466);
#3920=AXIS2_PLACEMENT_3D('',#5561,#4467,#4468);
#3921=AXIS2_PLACEMENT_3D('',#5563,#4469,#4470);
#3922=AXIS2_PLACEMENT_3D('',#5565,#4472,#4473);
#3923=AXIS2_PLACEMENT_3D('',#5567,#4474,#4475);
#3924=AXIS2_PLACEMENT_3D('',#5569,#4476,#4477);
#3925=AXIS2_PLACEMENT_3D('',#5571,#4479,#4480);
#3926=AXIS2_PLACEMENT_3D('',#5573,#4481,#4482);
#3927=AXIS2_PLACEMENT_3D('',#5575,#4483,#4484);
#3928=AXIS2_PLACEMENT_3D('',#5577,#4486,#4487);
#3929=AXIS2_PLACEMENT_3D('',#5579,#4488,#4489);
#3930=AXIS2_PLACEMENT_3D('',#5581,#4490,#4491);
#3931=AXIS2_PLACEMENT_3D('',#5583,#4493,#4494);
#3932=AXIS2_PLACEMENT_3D('',#5584,#4495,#4496);
#3933=AXIS2_PLACEMENT_3D('',#5585,#4497,#4498);
#3934=AXIS2_PLACEMENT_3D('',#5586,#4499,#4500);
#3935=AXIS2_PLACEMENT_3D('',#5587,#4501,#4502);
#3936=AXIS2_PLACEMENT_3D('',#5588,#4503,#4504);
#3937=AXIS2_PLACEMENT_3D('',#5589,#4505,#4506);
#3938=AXIS2_PLACEMENT_3D('',#5594,#4508,#4509);
#3939=AXIS2_PLACEMENT_3D('',#5595,#4510,#4511);
#3940=AXIS2_PLACEMENT_3D('',#5596,#4512,#4513);
#3941=AXIS2_PLACEMENT_3D('',#5599,#4515,#4516);
#3942=AXIS2_PLACEMENT_3D('',#5600,#4517,#4518);
#3943=AXIS2_PLACEMENT_3D('',#5603,#4520,#4521);
#3944=AXIS2_PLACEMENT_3D('',#5604,#4522,#4523);
#3945=AXIS2_PLACEMENT_3D('',#5607,#4525,#4526);
#3946=AXIS2_PLACEMENT_3D('',#5608,#4527,#4528);
#3947=AXIS2_PLACEMENT_3D('',#5611,#4530,#4531);
#3948=AXIS2_PLACEMENT_3D('',#5612,#4532,#4533);
#3949=AXIS2_PLACEMENT_3D('',#5614,#4535,#4536);
#3950=AXIS2_PLACEMENT_3D('',#5615,#4537,#4538);
#3951=AXIS2_PLACEMENT_3D('',#5617,#4539,#4540);
#3952=AXIS2_PLACEMENT_3D('',#5619,#4542,#4543);
#3953=AXIS2_PLACEMENT_3D('',#5620,#4544,#4545);
#3954=AXIS2_PLACEMENT_3D('',#5629,#4550,#4551);
#3955=AXIS2_PLACEMENT_3D('',#5635,#4555,#4556);
#3956=AXIS2_PLACEMENT_3D('',#5641,#4560,#4561);
#3957=AXIS2_PLACEMENT_3D('',#5647,#4565,#4566);
#3958=AXIS2_PLACEMENT_3D('',#5653,#4570,#4571);
#3959=AXIS2_PLACEMENT_3D('',#5656,#4574,#4575);
#3960=AXIS2_PLACEMENT_3D('',#5657,#4576,#4577);
#3961=AXIS2_PLACEMENT_3D('',#5663,#4581,#4582);
#3962=AXIS2_PLACEMENT_3D('',#5667,#4585,#4586);
#3963=AXIS2_PLACEMENT_3D('',#5671,#4589,#4590);
#3964=AXIS2_PLACEMENT_3D('',#5675,#4593,#4594);
#3965=AXIS2_PLACEMENT_3D('',#5679,#4597,#4598);
#3966=AXIS2_PLACEMENT_3D('',#5681,#4600,#4601);
#3967=AXIS2_PLACEMENT_3D('',#5682,#4602,#4603);
#3968=AXIS2_PLACEMENT_3D('',#5683,#4604,#4605);
#3969=AXIS2_PLACEMENT_3D('',#5685,#4606,#4607);
#3970=AXIS2_PLACEMENT_3D('',#5688,#4609,#4610);
#3971=AXIS2_PLACEMENT_3D('',#5689,#4611,#4612);
#3972=AXIS2_PLACEMENT_3D('',#5690,#4613,#4614);
#3973=AXIS2_PLACEMENT_3D('',#5692,#4615,#4616);
#3974=AXIS2_PLACEMENT_3D('',#5695,#4618,#4619);
#3975=AXIS2_PLACEMENT_3D('',#5696,#4620,#4621);
#3976=AXIS2_PLACEMENT_3D('',#5697,#4622,#4623);
#3977=AXIS2_PLACEMENT_3D('',#5699,#4624,#4625);
#3978=AXIS2_PLACEMENT_3D('',#5702,#4627,#4628);
#3979=AXIS2_PLACEMENT_3D('',#5703,#4629,#4630);
#3980=AXIS2_PLACEMENT_3D('',#5706,#4632,#4633);
#3981=AXIS2_PLACEMENT_3D('',#5707,#4634,#4635);
#3982=AXIS2_PLACEMENT_3D('',#5709,#4636,#4637);
#3983=AXIS2_PLACEMENT_3D('',#5712,#4639,#4640);
#3984=AXIS2_PLACEMENT_3D('',#5713,#4641,#4642);
#3985=AXIS2_PLACEMENT_3D('',#5716,#4644,#4645);
#3986=AXIS2_PLACEMENT_3D('',#5717,#4646,#4647);
#3987=AXIS2_PLACEMENT_3D('',#5726,#4652,#4653);
#3988=AXIS2_PLACEMENT_3D('',#5732,#4657,#4658);
#3989=AXIS2_PLACEMENT_3D('',#5738,#4661,#4662);
#3990=AXIS2_PLACEMENT_3D('',#5745,#4666,#4667);
#3991=AXIS2_PLACEMENT_3D('',#5762,#4676,#4677);
#3992=AXIS2_PLACEMENT_3D('',#5768,#4681,#4682);
#3993=AXIS2_PLACEMENT_3D('',#5774,#4686,#4687);
#3994=AXIS2_PLACEMENT_3D('',#5780,#4691,#4692);
#3995=AXIS2_PLACEMENT_3D('',#5783,#4695,#4696);
#3996=AXIS2_PLACEMENT_3D('',#5784,#4697,#4698);
#3997=AXIS2_PLACEMENT_3D('',#5793,#4704,#4705);
#3998=AXIS2_PLACEMENT_3D('',#5797,#4708,#4709);
#3999=AXIS2_PLACEMENT_3D('',#5799,#4711,#4712);
#4000=AXIS2_PLACEMENT_3D('',#5800,#4713,#4714);
#4001=AXIS2_PLACEMENT_3D('',#5805,#4716,#4717);
#4002=AXIS2_PLACEMENT_3D('',#5806,#4718,#4719);
#4003=AXIS2_PLACEMENT_3D('',#5807,#4720,#4721);
#4004=AXIS2_PLACEMENT_3D('',#5812,#4723,#4724);
#4005=AXIS2_PLACEMENT_3D('',#5813,#4725,#4726);
#4006=AXIS2_PLACEMENT_3D('',#5814,#4727,#4728);
#4007=AXIS2_PLACEMENT_3D('',#5817,#4731,#4732);
#4008=AXIS2_PLACEMENT_3D('',#5822,#4734,#4735);
#4009=AXIS2_PLACEMENT_3D('',#5823,#4736,#4737);
#4010=AXIS2_PLACEMENT_3D('',#5824,#4738,#4739);
#4011=AXIS2_PLACEMENT_3D('',#5829,#4741,#4742);
#4012=AXIS2_PLACEMENT_3D('',#5830,#4743,#4744);
#4013=AXIS2_PLACEMENT_3D('',#5831,#4745,#4746);
#4014=AXIS2_PLACEMENT_3D('',#5834,#4749,#4750);
#4015=AXIS2_PLACEMENT_3D('',#5837,#4751,#4752);
#4016=AXIS2_PLACEMENT_3D('',#5839,#4753,#4754);
#4017=AXIS2_PLACEMENT_3D('',#5841,#4756,#4757);
#4018=AXIS2_PLACEMENT_3D('',#5845,#4759,#4760);
#4019=AXIS2_PLACEMENT_3D('',#5847,#4761,#4762);
#4020=AXIS2_PLACEMENT_3D('',#5849,#4764,#4765);
#4021=AXIS2_PLACEMENT_3D('',#5851,#4767,#4768);
#4022=AXIS2_PLACEMENT_3D('',#5854,#4771,#4772);
#4023=AXIS2_PLACEMENT_3D('',#5856,#4774,#4775);
#4024=AXIS2_PLACEMENT_3D('',#5858,#4777,#4778);
#4025=AXIS2_PLACEMENT_3D('',#5859,#4779,#4780);
#4026=AXIS2_PLACEMENT_3D('',#5862,#4781,#4782);
#4027=AXIS2_PLACEMENT_3D('',#5864,#4783,#4784);
#4028=AXIS2_PLACEMENT_3D('',#5866,#4786,#4787);
#4029=AXIS2_PLACEMENT_3D('',#5870,#4789,#4790);
#4030=AXIS2_PLACEMENT_3D('',#5872,#4791,#4792);
#4031=AXIS2_PLACEMENT_3D('',#5874,#4794,#4795);
#4032=AXIS2_PLACEMENT_3D('',#5876,#4797,#4798);
#4033=AXIS2_PLACEMENT_3D('',#5879,#4801,#4802);
#4034=AXIS2_PLACEMENT_3D('',#5881,#4804,#4805);
#4035=AXIS2_PLACEMENT_3D('',#5883,#4807,#4808);
#4036=AXIS2_PLACEMENT_3D('',#5884,#4809,#4810);
#4037=AXIS2_PLACEMENT_3D('',#5887,#4811,#4812);
#4038=AXIS2_PLACEMENT_3D('',#5891,#4814,#4815);
#4039=AXIS2_PLACEMENT_3D('',#5897,#4819,#4820);
#4040=AXIS2_PLACEMENT_3D('',#5903,#4824,#4825);
#4041=AXIS2_PLACEMENT_3D('',#5906,#4827,#4828);
#4042=AXIS2_PLACEMENT_3D('',#5907,#4829,#4830);
#4043=AXIS2_PLACEMENT_3D('',#5911,#4833,#4834);
#4044=AXIS2_PLACEMENT_3D('',#5914,#4836,#4837);
#4045=AXIS2_PLACEMENT_3D('',#5915,#4838,#4839);
#4046=AXIS2_PLACEMENT_3D('',#5924,#4845,#4846);
#4047=AXIS2_PLACEMENT_3D('',#5928,#4849,#4850);
#4048=AXIS2_PLACEMENT_3D('',#5929,#4851,#4852);
#4049=AXIS2_PLACEMENT_3D('',#5930,#4853,#4854);
#4050=AXIS2_PLACEMENT_3D('',#5932,#4855,#4856);
#4051=AXIS2_PLACEMENT_3D('',#5934,#4858,#4859);
#4052=AXIS2_PLACEMENT_3D('',#5936,#4861,#4862);
#4053=AXIS2_PLACEMENT_3D('',#5938,#4864,#4865);
#4054=AXIS2_PLACEMENT_3D('',#5939,#4866,#4867);
#4055=AXIS2_PLACEMENT_3D('',#5940,#4868,#4869);
#4056=AXIS2_PLACEMENT_3D('',#5949,#4874,#4875);
#4057=AXIS2_PLACEMENT_3D('',#5955,#4879,#4880);
#4058=AXIS2_PLACEMENT_3D('',#5957,#4881,#4882);
#4059=AXIS2_PLACEMENT_3D('',#5960,#4884,#4885);
#4060=AXIS2_PLACEMENT_3D('',#5961,#4886,#4887);
#4061=AXIS2_PLACEMENT_3D('',#5962,#4888,#4889);
#4062=AXIS2_PLACEMENT_3D('',#5964,#4890,#4891);
#4063=AXIS2_PLACEMENT_3D('',#5967,#4893,#4894);
#4064=AXIS2_PLACEMENT_3D('',#5968,#4895,#4896);
#4065=AXIS2_PLACEMENT_3D('',#5969,#4897,#4898);
#4066=AXIS2_PLACEMENT_3D('',#5971,#4899,#4900);
#4067=AXIS2_PLACEMENT_3D('',#5974,#4902,#4903);
#4068=AXIS2_PLACEMENT_3D('',#5975,#4904,#4905);
#4069=AXIS2_PLACEMENT_3D('',#5976,#4906,#4907);
#4070=AXIS2_PLACEMENT_3D('',#5978,#4908,#4909);
#4071=AXIS2_PLACEMENT_3D('',#5981,#4911,#4912);
#4072=AXIS2_PLACEMENT_3D('',#5982,#4913,#4914);
#4073=AXIS2_PLACEMENT_3D('',#5983,#4915,#4916);
#4074=AXIS2_PLACEMENT_3D('',#5985,#4917,#4918);
#4075=AXIS2_PLACEMENT_3D('',#5999,#4926,#4927);
#4076=AXIS2_PLACEMENT_3D('',#6001,#4928,#4929);
#4077=AXIS2_PLACEMENT_3D('',#6015,#4937,#4938);
#4078=AXIS2_PLACEMENT_3D('',#6025,#4944,#4945);
#4079=AXIS2_PLACEMENT_3D('',#6031,#4949,#4950);
#4080=AXIS2_PLACEMENT_3D('',#6037,#4954,#4955);
#4081=AXIS2_PLACEMENT_3D('',#6039,#4956,#4957);
#4082=AXIS2_PLACEMENT_3D('',#6055,#4965,#4966);
#4083=AXIS2_PLACEMENT_3D('',#6057,#4968,#4969);
#4084=AXIS2_PLACEMENT_3D('',#6061,#4971,#4972);
#4085=AXIS2_PLACEMENT_3D('',#6068,#4976,#4977);
#4086=AXIS2_PLACEMENT_3D('',#6069,#4978,#4979);
#4087=AXIS2_PLACEMENT_3D('',#6073,#4981,#4982);
#4088=AXIS2_PLACEMENT_3D('',#6080,#4986,#4987);
#4089=AXIS2_PLACEMENT_3D('',#6081,#4988,#4989);
#4090=AXIS2_PLACEMENT_3D('',#6085,#4992,#4993);
#4091=AXIS2_PLACEMENT_3D('',#6089,#4996,#4997);
#4092=AXIS2_PLACEMENT_3D('',#6093,#5000,#5001);
#4093=AXIS2_PLACEMENT_3D('',#6095,#5002,#5003);
#4094=AXIS2_PLACEMENT_3D('',#6106,#5009,#5010);
#4095=AXIS2_PLACEMENT_3D('',#6107,#5011,#5012);
#4096=AXIS2_PLACEMENT_3D('',#6109,#5013,#5014);
#4097=AXIS2_PLACEMENT_3D('',#6111,#5016,#5017);
#4098=AXIS2_PLACEMENT_3D('',#6115,#5019,#5020);
#4099=AXIS2_PLACEMENT_3D('',#6125,#5026,#5027);
#4100=AXIS2_PLACEMENT_3D('',#6127,#5029,#5030);
#4101=AXIS2_PLACEMENT_3D('',#6130,#5031,#5032);
#4102=AXIS2_PLACEMENT_3D('',#6134,#5034,#5035);
#4103=AXIS2_PLACEMENT_3D('',#6138,#5037,#5038);
#4104=AXIS2_PLACEMENT_3D('',#6140,#5040,#5041);
#4105=AXIS2_PLACEMENT_3D('',#6149,#5047,#5048);
#4106=AXIS2_PLACEMENT_3D('',#6153,#5051,#5052);
#4107=AXIS2_PLACEMENT_3D('',#6157,#5054,#5055);
#4108=AXIS2_PLACEMENT_3D('',#6176,#5061,#5062);
#4109=AXIS2_PLACEMENT_3D('',#6180,#5064,#5065);
#4110=AXIS2_PLACEMENT_3D('',#6186,#5069,#5070);
#4111=AXIS2_PLACEMENT_3D('',#6189,#5071,#5072);
#4112=AXIS2_PLACEMENT_3D('',#6192,#5074,#5075);
#4113=AXIS2_PLACEMENT_3D('',#6194,#5076,#5077);
#4114=AXIS2_PLACEMENT_3D('',#6196,#5079,#5080);
#4115=AXIS2_PLACEMENT_3D('',#6216,#5086,#5087);
#4116=AXIS2_PLACEMENT_3D('',#6218,#5089,#5090);
#4117=AXIS2_PLACEMENT_3D('',#6222,#5092,#5093);
#4118=AXIS2_PLACEMENT_3D('',#6287,#5095,#5096);
#4119=AXIS2_PLACEMENT_3D('',#6295,#5097,#5098);
#4120=AXIS2_PLACEMENT_3D('',#6361,#5099,#5100);
#4121=AXIS2_PLACEMENT_3D('',#6362,#5101,#5102);
#4122=AXIS2_PLACEMENT_3D('',#6363,#5103,#5104);
#4123=AXIS2_PLACEMENT_3D('',#6378,#5106,#5107);
#4124=AXIS2_PLACEMENT_3D('',#6382,#5109,#5110);
#4125=AXIS2_PLACEMENT_3D('',#6384,#5112,#5113);
#4126=AXIS2_PLACEMENT_3D('',#6385,#5114,#5115);
#4127=AXIS2_PLACEMENT_3D('',#6387,#5117,#5118);
#4128=AXIS2_PLACEMENT_3D('',#6388,#5119,#5120);
#4129=AXIS2_PLACEMENT_3D('',#6390,#5122,#5123);
#4130=AXIS2_PLACEMENT_3D('',#6402,#5130,#5131);
#4131=AXIS2_PLACEMENT_3D('',#6406,#5133,#5134);
#4132=AXIS2_PLACEMENT_3D('',#6417,#5141,#5142);
#4133=AXIS2_PLACEMENT_3D('',#6420,#5144,#5145);
#4134=AXIS2_PLACEMENT_3D('',#6421,#5146,#5147);
#4135=AXIS2_PLACEMENT_3D('',#6422,#5148,#5149);
#4136=AXIS2_PLACEMENT_3D('',#6431,#5154,#5155);
#4137=AXIS2_PLACEMENT_3D('',#6435,#5157,#5158);
#4138=AXIS2_PLACEMENT_3D('',#6446,#5165,#5166);
#4139=AXIS2_PLACEMENT_3D('',#6447,#5167,#5168);
#4140=AXIS2_PLACEMENT_3D('',#6449,#5170,#5171);
#4141=AXIS2_PLACEMENT_3D('',#6453,#5174,#5175);
#4142=AXIS2_PLACEMENT_3D('',#6454,#5176,#5177);
#4143=AXIS2_PLACEMENT_3D('',#6459,#5180,#5181);
#4144=AXIS2_PLACEMENT_3D('',#6460,#5182,#5183);
#4145=AXIS2_PLACEMENT_3D('',#6467,#5188,#5189);
#4146=AXIS2_PLACEMENT_3D('',#6469,#5191,#5192);
#4147=AXIS2_PLACEMENT_3D('',#6481,#5199,#5200);
#4148=AXIS2_PLACEMENT_3D('',#6483,#5202,#5203);
#4149=AXIS2_PLACEMENT_3D('',#6486,#5206,#5207);
#4150=AXIS2_PLACEMENT_3D('',#6488,#5209,#5210);
#4151=AXIS2_PLACEMENT_3D('',#6490,#5212,#5213);
#4152=AXIS2_PLACEMENT_3D('',#6492,#5215,#5216);
#4153=AXIS2_PLACEMENT_3D('',#6494,#5218,#5219);
#4154=AXIS2_PLACEMENT_3D('',#6495,#5220,#5221);
#4155=AXIS2_PLACEMENT_3D('',#6497,#5223,#5224);
#4156=AXIS2_PLACEMENT_3D('',#6499,#5226,#5227);
#4157=AXIS2_PLACEMENT_3D('',#6502,#5228,#5229);
#4158=AXIS2_PLACEMENT_3D('',#6506,#5231,#5232);
#4159=AXIS2_PLACEMENT_3D('',#6512,#5236,#5237);
#4160=AXIS2_PLACEMENT_3D('',#6515,#5240,#5241);
#4161=AXIS2_PLACEMENT_3D('',#6517,#5243,#5244);
#4162=AXIS2_PLACEMENT_3D('',#6519,#5246,#5247);
#4163=AXIS2_PLACEMENT_3D('',#6525,#5251,#5252);
#4164=AXIS2_PLACEMENT_3D('',#6531,#5256,#5257);
#4165=AXIS2_PLACEMENT_3D('',#6533,#5259,#5260);
#4166=AXIS2_PLACEMENT_3D('',#6535,#5262,#5263);
#4167=AXIS2_PLACEMENT_3D('',#6537,#5265,#5266);
#4168=AXIS2_PLACEMENT_3D('',#6539,#5268,#5269);
#4169=AXIS2_PLACEMENT_3D('',#6541,#5271,#5272);
#4170=AXIS2_PLACEMENT_3D('',#6544,#5275,#5276);
#4171=AXIS2_PLACEMENT_3D('',#6546,#5278,#5279);
#4172=AXIS2_PLACEMENT_3D('',#6547,#5280,#5281);
#4173=AXIS2_PLACEMENT_3D('',#6549,#5283,#5284);
#4174=AXIS2_PLACEMENT_3D('',#6551,#5286,#5287);
#4175=AXIS2_PLACEMENT_3D('',#6552,#5288,#5289);
#4176=AXIS2_PLACEMENT_3D('',#6553,#5290,#5291);
#4177=AXIS2_PLACEMENT_3D('',#6554,#5292,#5293);
#4178=AXIS2_PLACEMENT_3D('',#6555,#5294,#5295);
#4179=AXIS2_PLACEMENT_3D('',#6556,#5296,#5297);
#4180=AXIS2_PLACEMENT_3D('',#6557,#5298,#5299);
#4181=AXIS2_PLACEMENT_3D('',#6558,#5300,#5301);
#4182=AXIS2_PLACEMENT_3D('',#6559,#5302,#5303);
#4183=AXIS2_PLACEMENT_3D('',#6560,#5304,#5305);
#4184=AXIS2_PLACEMENT_3D('',#6561,#5306,#5307);
#4185=DIRECTION('axis',(0.,0.,1.));
#4186=DIRECTION('refdir',(1.,0.,0.));
#4187=DIRECTION('axis',(0.,0.,1.));
#4188=DIRECTION('refdir',(1.,0.,0.));
#4189=DIRECTION('center_axis',(0.,0.777842620354175,-0.628459113992749));
#4190=DIRECTION('ref_axis',(0.,0.628459113992749,0.777842620354175));
#4191=DIRECTION('',(0.,0.628459113992749,0.777842620354175));
#4192=DIRECTION('',(1.,0.,0.));
#4193=DIRECTION('',(0.,0.628459113992749,0.777842620354175));
#4194=DIRECTION('',(1.,0.,0.));
#4195=DIRECTION('center_axis',(0.,0.933182868134669,0.359401912376595));
#4196=DIRECTION('ref_axis',(0.,-0.359401912376595,0.933182868134669));
#4197=DIRECTION('',(0.,-0.359401912376595,0.933182868134669));
#4198=DIRECTION('',(0.,-0.359401912376595,0.933182868134669));
#4199=DIRECTION('',(1.,0.,0.));
#4200=DIRECTION('center_axis',(0.,0.155340247780494,0.987861026369345));
#4201=DIRECTION('ref_axis',(0.,-0.987861026369345,0.155340247780494));
#4202=DIRECTION('',(0.,-0.987861026369344,0.155340247780494));
#4203=DIRECTION('',(0.,-0.987861026369344,0.155340247780494));
#4204=DIRECTION('',(1.,0.,0.));
#4205=DIRECTION('center_axis',(0.,-0.777842620354174,0.62845911399275));
#4206=DIRECTION('ref_axis',(0.,-0.62845911399275,-0.777842620354174));
#4207=DIRECTION('',(0.,-0.62845911399275,-0.777842620354174));
#4208=DIRECTION('',(0.,-0.62845911399275,-0.777842620354174));
#4209=DIRECTION('',(1.,0.,0.));
#4210=DIRECTION('center_axis',(0.,-0.933182868134669,-0.359401912376595));
#4211=DIRECTION('ref_axis',(0.,0.359401912376595,-0.933182868134669));
#4212=DIRECTION('',(0.,0.359401912376595,-0.933182868134669));
#4213=DIRECTION('',(0.,0.359401912376595,-0.933182868134669));
#4214=DIRECTION('',(1.,0.,0.));
#4215=DIRECTION('center_axis',(0.,-0.155340247780494,-0.987861026369344));
#4216=DIRECTION('ref_axis',(0.,0.987861026369344,-0.155340247780494));
#4217=DIRECTION('',(0.,0.987861026369344,-0.155340247780494));
#4218=DIRECTION('',(0.,0.987861026369344,-0.155340247780494));
#4219=DIRECTION('center_axis',(1.,0.,0.));
#4220=DIRECTION('ref_axis',(0.,0.,-1.));
#4221=DIRECTION('center_axis',(1.,0.,0.));
#4222=DIRECTION('ref_axis',(0.,0.,-1.));
#4223=DIRECTION('',(1.,0.,0.));
#4224=DIRECTION('center_axis',(-1.,0.,0.));
#4225=DIRECTION('ref_axis',(0.,0.,-1.));
#4226=DIRECTION('',(1.,0.,0.));
#4227=DIRECTION('center_axis',(1.,0.,0.));
#4228=DIRECTION('ref_axis',(0.,0.,-1.));
#4229=DIRECTION('center_axis',(1.,0.,0.));
#4230=DIRECTION('ref_axis',(0.,0.,-1.));
#4231=DIRECTION('center_axis',(1.,0.,0.));
#4232=DIRECTION('ref_axis',(0.,0.,-1.));
#4233=DIRECTION('',(1.,0.,0.));
#4234=DIRECTION('center_axis',(1.,0.,0.));
#4235=DIRECTION('ref_axis',(0.,-0.948733920528649,0.316075858044139));
#4236=DIRECTION('center_axis',(1.,0.,0.));
#4237=DIRECTION('ref_axis',(0.,0.,-1.));
#4238=DIRECTION('center_axis',(-1.,0.,0.));
#4239=DIRECTION('ref_axis',(0.,0.,-1.));
#4240=DIRECTION('',(1.,0.,0.));
#4241=DIRECTION('center_axis',(1.,0.,0.));
#4242=DIRECTION('ref_axis',(0.,0.,-1.));
#4243=DIRECTION('center_axis',(1.,0.,0.));
#4244=DIRECTION('ref_axis',(0.,0.,-1.));
#4245=DIRECTION('center_axis',(1.,0.,0.));
#4246=DIRECTION('ref_axis',(0.,0.,-1.));
#4247=DIRECTION('',(1.,0.,0.));
#4248=DIRECTION('center_axis',(1.,0.,0.));
#4249=DIRECTION('ref_axis',(0.,-0.804626765701736,0.593780909019786));
#4250=DIRECTION('center_axis',(1.,0.,0.));
#4251=DIRECTION('ref_axis',(0.,0.,-1.));
#4252=DIRECTION('center_axis',(-1.,0.,0.));
#4253=DIRECTION('ref_axis',(0.,0.,-1.));
#4254=DIRECTION('',(1.,0.,0.));
#4255=DIRECTION('center_axis',(1.,0.,0.));
#4256=DIRECTION('ref_axis',(0.,0.,-1.));
#4257=DIRECTION('center_axis',(1.,0.,0.));
#4258=DIRECTION('ref_axis',(0.,0.,-1.));
#4259=DIRECTION('center_axis',(1.,0.,0.));
#4260=DIRECTION('ref_axis',(0.,0.,-1.));
#4261=DIRECTION('',(1.,0.,0.));
#4262=DIRECTION('center_axis',(1.,0.,0.));
#4263=DIRECTION('ref_axis',(0.,-0.809016994374948,-0.587785252292473));
#4264=DIRECTION('center_axis',(1.,0.,0.));
#4265=DIRECTION('ref_axis',(0.,-0.809016994374948,-0.587785252292473));
#4266=DIRECTION('center_axis',(-1.,0.,0.));
#4267=DIRECTION('ref_axis',(0.,-0.809016994374948,-0.587785252292473));
#4268=DIRECTION('',(1.,0.,0.));
#4269=DIRECTION('center_axis',(1.,0.,0.));
#4270=DIRECTION('ref_axis',(0.,0.,-1.));
#4271=DIRECTION('center_axis',(1.,0.,0.));
#4272=DIRECTION('ref_axis',(0.,0.,-1.));
#4273=DIRECTION('center_axis',(1.,0.,0.));
#4274=DIRECTION('ref_axis',(0.,0.,-1.));
#4275=DIRECTION('',(1.,0.,0.));
#4276=DIRECTION('center_axis',(1.,0.,0.));
#4277=DIRECTION('ref_axis',(0.,-0.951056516295154,-0.309016994374946));
#4278=DIRECTION('center_axis',(1.,0.,0.));
#4279=DIRECTION('ref_axis',(0.,-0.951056516295154,-0.309016994374946));
#4280=DIRECTION('center_axis',(-1.,0.,0.));
#4281=DIRECTION('ref_axis',(0.,-0.951056516295154,-0.309016994374946));
#4282=DIRECTION('',(1.,0.,0.));
#4283=DIRECTION('center_axis',(1.,0.,0.));
#4284=DIRECTION('ref_axis',(0.,0.,-1.));
#4285=DIRECTION('center_axis',(1.,0.,0.));
#4286=DIRECTION('ref_axis',(0.,0.,-1.));
#4287=DIRECTION('center_axis',(1.,0.,0.));
#4288=DIRECTION('ref_axis',(0.,0.,-1.));
#4289=DIRECTION('',(1.,0.,0.));
#4290=DIRECTION('center_axis',(1.,0.,0.));
#4291=DIRECTION('ref_axis',(0.,-1.,0.));
#4292=DIRECTION('center_axis',(1.,0.,0.));
#4293=DIRECTION('ref_axis',(0.,-1.,0.));
#4294=DIRECTION('center_axis',(-1.,0.,0.));
#4295=DIRECTION('ref_axis',(0.,-1.,0.));
#4296=DIRECTION('',(1.,0.,0.));
#4297=DIRECTION('center_axis',(1.,0.,0.));
#4298=DIRECTION('ref_axis',(0.,0.,-1.));
#4299=DIRECTION('center_axis',(1.,0.,0.));
#4300=DIRECTION('ref_axis',(0.,0.,-1.));
#4301=DIRECTION('center_axis',(1.,0.,0.));
#4302=DIRECTION('ref_axis',(0.,0.,-1.));
#4303=DIRECTION('',(1.,0.,0.));
#4304=DIRECTION('center_axis',(1.,0.,0.));
#4305=DIRECTION('ref_axis',(0.,-0.951056516295154,0.309016994374946));
#4306=DIRECTION('center_axis',(1.,0.,0.));
#4307=DIRECTION('ref_axis',(0.,-0.951056516295154,0.309016994374946));
#4308=DIRECTION('center_axis',(-1.,0.,0.));
#4309=DIRECTION('ref_axis',(0.,-0.951056516295154,0.309016994374946));
#4310=DIRECTION('',(1.,0.,0.));
#4311=DIRECTION('center_axis',(1.,0.,0.));
#4312=DIRECTION('ref_axis',(0.,0.,-1.));
#4313=DIRECTION('center_axis',(1.,0.,0.));
#4314=DIRECTION('ref_axis',(0.,0.,-1.));
#4315=DIRECTION('center_axis',(1.,0.,0.));
#4316=DIRECTION('ref_axis',(0.,0.,-1.));
#4317=DIRECTION('',(1.,0.,0.));
#4318=DIRECTION('center_axis',(1.,0.,0.));
#4319=DIRECTION('ref_axis',(0.,-0.809016994374948,0.587785252292473));
#4320=DIRECTION('center_axis',(1.,0.,0.));
#4321=DIRECTION('ref_axis',(0.,-0.809016994374948,0.587785252292473));
#4322=DIRECTION('center_axis',(-1.,0.,0.));
#4323=DIRECTION('ref_axis',(0.,-0.809016994374948,0.587785252292473));
#4324=DIRECTION('',(1.,0.,0.));
#4325=DIRECTION('center_axis',(1.,0.,0.));
#4326=DIRECTION('ref_axis',(0.,0.,-1.));
#4327=DIRECTION('center_axis',(1.,0.,0.));
#4328=DIRECTION('ref_axis',(0.,0.,-1.));
#4329=DIRECTION('center_axis',(1.,0.,0.));
#4330=DIRECTION('ref_axis',(0.,0.,-1.));
#4331=DIRECTION('',(1.,0.,0.));
#4332=DIRECTION('center_axis',(1.,0.,0.));
#4333=DIRECTION('ref_axis',(0.,-0.587785252292474,0.809016994374947));
#4334=DIRECTION('center_axis',(1.,0.,0.));
#4335=DIRECTION('ref_axis',(0.,-0.587785252292474,0.809016994374947));
#4336=DIRECTION('center_axis',(-1.,0.,0.));
#4337=DIRECTION('ref_axis',(0.,-0.587785252292474,0.809016994374947));
#4338=DIRECTION('',(1.,0.,0.));
#4339=DIRECTION('center_axis',(1.,0.,0.));
#4340=DIRECTION('ref_axis',(0.,0.,-1.));
#4341=DIRECTION('center_axis',(1.,0.,0.));
#4342=DIRECTION('ref_axis',(0.,0.,-1.));
#4343=DIRECTION('center_axis',(1.,0.,0.));
#4344=DIRECTION('ref_axis',(0.,0.,-1.));
#4345=DIRECTION('',(1.,0.,0.));
#4346=DIRECTION('center_axis',(1.,0.,0.));
#4347=DIRECTION('ref_axis',(0.,-0.309016994374947,0.951056516295154));
#4348=DIRECTION('center_axis',(1.,0.,0.));
#4349=DIRECTION('ref_axis',(0.,-0.309016994374947,0.951056516295154));
#4350=DIRECTION('center_axis',(-1.,0.,0.));
#4351=DIRECTION('ref_axis',(0.,-0.309016994374947,0.951056516295154));
#4352=DIRECTION('',(1.,0.,0.));
#4353=DIRECTION('center_axis',(1.,0.,0.));
#4354=DIRECTION('ref_axis',(0.,0.,-1.));
#4355=DIRECTION('center_axis',(1.,0.,0.));
#4356=DIRECTION('ref_axis',(0.,0.,-1.));
#4357=DIRECTION('center_axis',(1.,0.,0.));
#4358=DIRECTION('ref_axis',(0.,0.,-1.));
#4359=DIRECTION('',(1.,0.,0.));
#4360=DIRECTION('center_axis',(1.,0.,0.));
#4361=DIRECTION('ref_axis',(0.,0.,1.));
#4362=DIRECTION('center_axis',(1.,0.,0.));
#4363=DIRECTION('ref_axis',(0.,0.,1.));
#4364=DIRECTION('center_axis',(-1.,0.,0.));
#4365=DIRECTION('ref_axis',(0.,0.,1.));
#4366=DIRECTION('',(1.,0.,0.));
#4367=DIRECTION('center_axis',(1.,0.,0.));
#4368=DIRECTION('ref_axis',(0.,0.,-1.));
#4369=DIRECTION('center_axis',(1.,0.,0.));
#4370=DIRECTION('ref_axis',(0.,0.,-1.));
#4371=DIRECTION('center_axis',(1.,0.,0.));
#4372=DIRECTION('ref_axis',(0.,0.,-1.));
#4373=DIRECTION('',(1.,0.,0.));
#4374=DIRECTION('center_axis',(1.,0.,0.));
#4375=DIRECTION('ref_axis',(0.,0.309016994374948,0.951056516295154));
#4376=DIRECTION('center_axis',(1.,0.,0.));
#4377=DIRECTION('ref_axis',(0.,0.309016994374948,0.951056516295154));
#4378=DIRECTION('center_axis',(-1.,0.,0.));
#4379=DIRECTION('ref_axis',(0.,0.309016994374948,0.951056516295154));
#4380=DIRECTION('',(1.,0.,0.));
#4381=DIRECTION('center_axis',(1.,0.,0.));
#4382=DIRECTION('ref_axis',(0.,0.,-1.));
#4383=DIRECTION('center_axis',(1.,0.,0.));
#4384=DIRECTION('ref_axis',(0.,0.,-1.));
#4385=DIRECTION('center_axis',(1.,0.,0.));
#4386=DIRECTION('ref_axis',(0.,0.,-1.));
#4387=DIRECTION('',(1.,0.,0.));
#4388=DIRECTION('center_axis',(1.,0.,0.));
#4389=DIRECTION('ref_axis',(0.,0.587785252292473,0.809016994374948));
#4390=DIRECTION('center_axis',(1.,0.,0.));
#4391=DIRECTION('ref_axis',(0.,0.587785252292473,0.809016994374948));
#4392=DIRECTION('center_axis',(-1.,0.,0.));
#4393=DIRECTION('ref_axis',(0.,0.587785252292473,0.809016994374948));
#4394=DIRECTION('',(1.,0.,0.));
#4395=DIRECTION('center_axis',(1.,0.,0.));
#4396=DIRECTION('ref_axis',(0.,0.,-1.));
#4397=DIRECTION('center_axis',(1.,0.,0.));
#4398=DIRECTION('ref_axis',(0.,0.,-1.));
#4399=DIRECTION('center_axis',(1.,0.,0.));
#4400=DIRECTION('ref_axis',(0.,0.,-1.));
#4401=DIRECTION('',(1.,0.,0.));
#4402=DIRECTION('center_axis',(1.,0.,0.));
#4403=DIRECTION('ref_axis',(0.,0.809016994374947,0.587785252292473));
#4404=DIRECTION('center_axis',(1.,0.,0.));
#4405=DIRECTION('ref_axis',(0.,0.809016994374947,0.587785252292473));
#4406=DIRECTION('center_axis',(-1.,0.,0.));
#4407=DIRECTION('ref_axis',(0.,0.809016994374947,0.587785252292473));
#4408=DIRECTION('',(1.,0.,0.));
#4409=DIRECTION('center_axis',(1.,0.,0.));
#4410=DIRECTION('ref_axis',(0.,0.,-1.));
#4411=DIRECTION('center_axis',(1.,0.,0.));
#4412=DIRECTION('ref_axis',(0.,0.,-1.));
#4413=DIRECTION('center_axis',(1.,0.,0.));
#4414=DIRECTION('ref_axis',(0.,0.,-1.));
#4415=DIRECTION('',(1.,0.,0.));
#4416=DIRECTION('center_axis',(1.,0.,0.));
#4417=DIRECTION('ref_axis',(0.,0.951056516295154,0.309016994374948));
#4418=DIRECTION('center_axis',(1.,0.,0.));
#4419=DIRECTION('ref_axis',(0.,0.951056516295154,0.309016994374948));
#4420=DIRECTION('center_axis',(-1.,0.,0.));
#4421=DIRECTION('ref_axis',(0.,0.951056516295154,0.309016994374948));
#4422=DIRECTION('',(1.,0.,0.));
#4423=DIRECTION('center_axis',(1.,0.,0.));
#4424=DIRECTION('ref_axis',(0.,0.,-1.));
#4425=DIRECTION('center_axis',(1.,0.,0.));
#4426=DIRECTION('ref_axis',(0.,0.,-1.));
#4427=DIRECTION('center_axis',(1.,0.,0.));
#4428=DIRECTION('ref_axis',(0.,0.,-1.));
#4429=DIRECTION('',(1.,0.,0.));
#4430=DIRECTION('center_axis',(1.,0.,0.));
#4431=DIRECTION('ref_axis',(0.,1.,0.));
#4432=DIRECTION('center_axis',(1.,0.,0.));
#4433=DIRECTION('ref_axis',(0.,1.,0.));
#4434=DIRECTION('center_axis',(-1.,0.,0.));
#4435=DIRECTION('ref_axis',(0.,1.,0.));
#4436=DIRECTION('',(1.,0.,0.));
#4437=DIRECTION('center_axis',(1.,0.,0.));
#4438=DIRECTION('ref_axis',(0.,0.,-1.));
#4439=DIRECTION('center_axis',(1.,0.,0.));
#4440=DIRECTION('ref_axis',(0.,0.,-1.));
#4441=DIRECTION('center_axis',(1.,0.,0.));
#4442=DIRECTION('ref_axis',(0.,0.,-1.));
#4443=DIRECTION('',(1.,0.,0.));
#4444=DIRECTION('center_axis',(1.,0.,0.));
#4445=DIRECTION('ref_axis',(0.,0.951056516295154,-0.309016994374948));
#4446=DIRECTION('center_axis',(1.,0.,0.));
#4447=DIRECTION('ref_axis',(0.,0.951056516295154,-0.309016994374948));
#4448=DIRECTION('center_axis',(-1.,0.,0.));
#4449=DIRECTION('ref_axis',(0.,0.951056516295154,-0.309016994374948));
#4450=DIRECTION('',(1.,0.,0.));
#4451=DIRECTION('center_axis',(1.,0.,0.));
#4452=DIRECTION('ref_axis',(0.,0.,-1.));
#4453=DIRECTION('center_axis',(1.,0.,0.));
#4454=DIRECTION('ref_axis',(0.,0.,-1.));
#4455=DIRECTION('center_axis',(1.,0.,0.));
#4456=DIRECTION('ref_axis',(0.,0.,-1.));
#4457=DIRECTION('',(1.,0.,0.));
#4458=DIRECTION('center_axis',(1.,0.,0.));
#4459=DIRECTION('ref_axis',(0.,0.809016994374947,-0.587785252292473));
#4460=DIRECTION('center_axis',(1.,0.,0.));
#4461=DIRECTION('ref_axis',(0.,0.809016994374947,-0.587785252292473));
#4462=DIRECTION('center_axis',(-1.,0.,0.));
#4463=DIRECTION('ref_axis',(0.,0.809016994374947,-0.587785252292473));
#4464=DIRECTION('',(1.,0.,0.));
#4465=DIRECTION('center_axis',(1.,0.,0.));
#4466=DIRECTION('ref_axis',(0.,0.,-1.));
#4467=DIRECTION('center_axis',(1.,0.,0.));
#4468=DIRECTION('ref_axis',(0.,0.,-1.));
#4469=DIRECTION('center_axis',(1.,0.,0.));
#4470=DIRECTION('ref_axis',(0.,0.,-1.));
#4471=DIRECTION('',(1.,0.,0.));
#4472=DIRECTION('center_axis',(1.,0.,0.));
#4473=DIRECTION('ref_axis',(0.,0.587785252292472,-0.809016994374948));
#4474=DIRECTION('center_axis',(1.,0.,0.));
#4475=DIRECTION('ref_axis',(0.,0.587785252292472,-0.809016994374948));
#4476=DIRECTION('center_axis',(-1.,0.,0.));
#4477=DIRECTION('ref_axis',(0.,0.587785252292472,-0.809016994374948));
#4478=DIRECTION('',(1.,0.,0.));
#4479=DIRECTION('center_axis',(1.,0.,0.));
#4480=DIRECTION('ref_axis',(0.,0.,-1.));
#4481=DIRECTION('center_axis',(1.,0.,0.));
#4482=DIRECTION('ref_axis',(0.,0.,-1.));
#4483=DIRECTION('center_axis',(1.,0.,0.));
#4484=DIRECTION('ref_axis',(0.,0.,-1.));
#4485=DIRECTION('',(1.,0.,0.));
#4486=DIRECTION('center_axis',(1.,0.,0.));
#4487=DIRECTION('ref_axis',(0.,0.309016994374948,-0.951056516295154));
#4488=DIRECTION('center_axis',(1.,0.,0.));
#4489=DIRECTION('ref_axis',(0.,0.309016994374948,-0.951056516295154));
#4490=DIRECTION('center_axis',(-1.,0.,0.));
#4491=DIRECTION('ref_axis',(0.,0.309016994374948,-0.951056516295154));
#4492=DIRECTION('',(1.,0.,0.));
#4493=DIRECTION('center_axis',(1.,0.,0.));
#4494=DIRECTION('ref_axis',(0.,0.,-1.));
#4495=DIRECTION('center_axis',(1.,0.,0.));
#4496=DIRECTION('ref_axis',(0.,0.,-1.));
#4497=DIRECTION('center_axis',(1.,0.,0.));
#4498=DIRECTION('ref_axis',(0.,0.,-1.));
#4499=DIRECTION('center_axis',(1.,0.,0.));
#4500=DIRECTION('ref_axis',(0.,0.,-1.));
#4501=DIRECTION('center_axis',(1.,0.,0.));
#4502=DIRECTION('ref_axis',(0.,0.,-1.));
#4503=DIRECTION('axis',(0.,0.,1.));
#4504=DIRECTION('refdir',(1.,0.,0.));
#4505=DIRECTION('center_axis',(1.,0.,0.));
#4506=DIRECTION('ref_axis',(0.,1.,0.));
#4507=DIRECTION('',(0.,0.00944833464904704,-0.999955363489971));
#4508=DIRECTION('center_axis',(1.,0.,0.));
#4509=DIRECTION('ref_axis',(0.,1.,0.));
#4510=DIRECTION('center_axis',(1.,0.,0.));
#4511=DIRECTION('ref_axis',(0.,1.,0.));
#4512=DIRECTION('center_axis',(1.,0.,0.));
#4513=DIRECTION('ref_axis',(0.,1.,0.));
#4514=DIRECTION('',(0.,0.870710914757341,-0.491795183915453));
#4515=DIRECTION('center_axis',(1.,0.,0.));
#4516=DIRECTION('ref_axis',(0.,1.,0.));
#4517=DIRECTION('center_axis',(1.,0.,0.));
#4518=DIRECTION('ref_axis',(0.,1.,0.));
#4519=DIRECTION('',(0.,0.861262580108293,0.508160179574517));
#4520=DIRECTION('center_axis',(1.,0.,0.));
#4521=DIRECTION('ref_axis',(0.,1.,0.));
#4522=DIRECTION('center_axis',(1.,0.,0.));
#4523=DIRECTION('ref_axis',(0.,1.,0.));
#4524=DIRECTION('',(0.,-0.00944833464904704,0.999955363489971));
#4525=DIRECTION('center_axis',(1.,0.,0.));
#4526=DIRECTION('ref_axis',(0.,1.,0.));
#4527=DIRECTION('center_axis',(1.,0.,0.));
#4528=DIRECTION('ref_axis',(0.,1.,0.));
#4529=DIRECTION('',(0.,-0.870710914757341,0.491795183915453));
#4530=DIRECTION('center_axis',(1.,0.,0.));
#4531=DIRECTION('ref_axis',(0.,1.,0.));
#4532=DIRECTION('center_axis',(1.,0.,0.));
#4533=DIRECTION('ref_axis',(0.,1.,0.));
#4534=DIRECTION('',(0.,-0.861262580108293,-0.508160179574517));
#4535=DIRECTION('center_axis',(1.,0.,0.));
#4536=DIRECTION('ref_axis',(0.,1.,0.));
#4537=DIRECTION('center_axis',(1.,0.,0.));
#4538=DIRECTION('ref_axis',(0.,1.,0.));
#4539=DIRECTION('center_axis',(1.,0.,0.));
#4540=DIRECTION('ref_axis',(0.,1.,0.));
#4541=DIRECTION('',(-1.,0.,0.));
#4542=DIRECTION('center_axis',(1.,0.,0.));
#4543=DIRECTION('ref_axis',(0.,1.,0.));
#4544=DIRECTION('center_axis',(0.,0.500000000000001,-0.866025403784438));
#4545=DIRECTION('ref_axis',(0.,-0.866025403784438,-0.500000000000001));
#4546=DIRECTION('',(0.,0.866025403784438,0.500000000000001));
#4547=DIRECTION('',(-1.,0.,0.));
#4548=DIRECTION('',(0.,-0.866025403784438,-0.500000000000001));
#4549=DIRECTION('',(-1.,0.,0.));
#4550=DIRECTION('center_axis',(0.,1.,-3.92639850172315E-15));
#4551=DIRECTION('ref_axis',(0.,-3.92639850172315E-15,-1.));
#4552=DIRECTION('',(0.,3.92639850172315E-15,1.));
#4553=DIRECTION('',(0.,-3.92639850172315E-15,-1.));
#4554=DIRECTION('',(-1.,0.,0.));
#4555=DIRECTION('center_axis',(0.,0.500000000000004,0.866025403784437));
#4556=DIRECTION('ref_axis',(0.,0.866025403784437,-0.500000000000004));
#4557=DIRECTION('',(0.,-0.866025403784437,0.500000000000004));
#4558=DIRECTION('',(0.,0.866025403784437,-0.500000000000004));
#4559=DIRECTION('',(-1.,0.,0.));
#4560=DIRECTION('center_axis',(0.,-0.499999999999996,0.866025403784441));
#4561=DIRECTION('ref_axis',(0.,0.866025403784441,0.499999999999996));
#4562=DIRECTION('',(0.,-0.866025403784441,-0.499999999999996));
#4563=DIRECTION('',(0.,0.866025403784441,0.499999999999996));
#4564=DIRECTION('',(-1.,0.,0.));
#4565=DIRECTION('center_axis',(0.,-1.,4.0617915535067E-15));
#4566=DIRECTION('ref_axis',(0.,4.0617915535067E-15,1.));
#4567=DIRECTION('',(0.,-4.0617915535067E-15,-1.));
#4568=DIRECTION('',(0.,4.0617915535067E-15,1.));
#4569=DIRECTION('',(-1.,0.,0.));
#4570=DIRECTION('center_axis',(0.,-0.500000000000012,-0.866025403784432));
#4571=DIRECTION('ref_axis',(0.,-0.866025403784432,0.500000000000012));
#4572=DIRECTION('',(0.,0.866025403784432,-0.500000000000012));
#4573=DIRECTION('',(0.,-0.866025403784432,0.500000000000012));
#4574=DIRECTION('center_axis',(-1.,0.,0.));
#4575=DIRECTION('ref_axis',(0.,0.,1.));
#4576=DIRECTION('center_axis',(0.,-0.508160179574517,0.861262580108293));
#4577=DIRECTION('ref_axis',(0.,-0.861262580108293,-0.508160179574517));
#4578=DIRECTION('',(0.,-0.861262580108293,-0.508160179574517));
#4579=DIRECTION('',(1.,0.,0.));
#4580=DIRECTION('',(1.,0.,0.));
#4581=DIRECTION('center_axis',(0.,0.491795183915453,0.870710914757341));
#4582=DIRECTION('ref_axis',(0.,-0.870710914757341,0.491795183915453));
#4583=DIRECTION('',(0.,-0.870710914757341,0.491795183915453));
#4584=DIRECTION('',(1.,0.,0.));
#4585=DIRECTION('center_axis',(0.,0.999955363489971,0.00944833464904704));
#4586=DIRECTION('ref_axis',(0.,-0.00944833464904704,0.999955363489971));
#4587=DIRECTION('',(0.,-0.00944833464904704,0.999955363489971));
#4588=DIRECTION('',(1.,0.,0.));
#4589=DIRECTION('center_axis',(0.,0.508160179574517,-0.861262580108293));
#4590=DIRECTION('ref_axis',(0.,0.861262580108293,0.508160179574517));
#4591=DIRECTION('',(0.,0.861262580108293,0.508160179574517));
#4592=DIRECTION('',(1.,0.,0.));
#4593=DIRECTION('center_axis',(0.,-0.491795183915453,-0.870710914757341));
#4594=DIRECTION('ref_axis',(0.,0.870710914757341,-0.491795183915453));
#4595=DIRECTION('',(0.,0.870710914757341,-0.491795183915453));
#4596=DIRECTION('',(1.,0.,0.));
#4597=DIRECTION('center_axis',(0.,-0.999955363489971,-0.00944833464904704));
#4598=DIRECTION('ref_axis',(0.,0.00944833464904704,-0.999955363489971));
#4599=DIRECTION('',(0.,0.00944833464904704,-0.999955363489971));
#4600=DIRECTION('center_axis',(1.,0.,0.));
#4601=DIRECTION('ref_axis',(0.,0.,-1.));
#4602=DIRECTION('axis',(0.,0.,1.));
#4603=DIRECTION('refdir',(1.,0.,0.));
#4604=DIRECTION('center_axis',(0.,0.,-1.));
#4605=DIRECTION('ref_axis',(1.,0.,0.));
#4606=DIRECTION('center_axis',(0.,0.,-1.));
#4607=DIRECTION('ref_axis',(1.,0.,0.));
#4608=DIRECTION('',(0.,0.,-1.));
#4609=DIRECTION('center_axis',(0.,0.,-1.));
#4610=DIRECTION('ref_axis',(1.,0.,0.));
#4611=DIRECTION('center_axis',(0.,0.,-1.));
#4612=DIRECTION('ref_axis',(1.,0.,0.));
#4613=DIRECTION('center_axis',(0.,0.,-1.));
#4614=DIRECTION('ref_axis',(1.,0.,0.));
#4615=DIRECTION('center_axis',(0.,0.,-1.));
#4616=DIRECTION('ref_axis',(1.,0.,0.));
#4617=DIRECTION('',(0.,0.,-1.));
#4618=DIRECTION('center_axis',(0.,0.,-1.));
#4619=DIRECTION('ref_axis',(1.,0.,0.));
#4620=DIRECTION('center_axis',(0.,0.,-1.));
#4621=DIRECTION('ref_axis',(1.,0.,0.));
#4622=DIRECTION('center_axis',(0.,0.,-1.));
#4623=DIRECTION('ref_axis',(-1.,0.,0.));
#4624=DIRECTION('center_axis',(0.,0.,1.));
#4625=DIRECTION('ref_axis',(-1.,0.,0.));
#4626=DIRECTION('',(-0.707106781186547,-8.65956056235493E-17,0.707106781186548));
#4627=DIRECTION('center_axis',(0.,0.,1.));
#4628=DIRECTION('ref_axis',(-1.,0.,0.));
#4629=DIRECTION('center_axis',(0.,0.,1.));
#4630=DIRECTION('ref_axis',(-1.,0.,0.));
#4631=DIRECTION('',(0.,0.,1.));
#4632=DIRECTION('center_axis',(0.,0.,-1.));
#4633=DIRECTION('ref_axis',(-1.,0.,0.));
#4634=DIRECTION('center_axis',(0.,0.,-1.));
#4635=DIRECTION('ref_axis',(-1.,0.,0.));
#4636=DIRECTION('center_axis',(0.,0.,1.));
#4637=DIRECTION('ref_axis',(-1.,0.,0.));
#4638=DIRECTION('',(-0.707106781186547,-8.65956056235493E-17,0.707106781186548));
#4639=DIRECTION('center_axis',(0.,0.,1.));
#4640=DIRECTION('ref_axis',(-1.,0.,0.));
#4641=DIRECTION('center_axis',(0.,0.,1.));
#4642=DIRECTION('ref_axis',(-1.,0.,0.));
#4643=DIRECTION('',(0.,0.,1.));
#4644=DIRECTION('center_axis',(0.,0.,-1.));
#4645=DIRECTION('ref_axis',(-1.,0.,0.));
#4646=DIRECTION('center_axis',(0.,0.707106781186548,-0.707106781186547));
#4647=DIRECTION('ref_axis',(-1.,0.,0.));
#4648=DIRECTION('',(0.,0.707106781186547,0.707106781186548));
#4649=DIRECTION('',(1.,0.,0.));
#4650=DIRECTION('',(0.,-0.707106781186547,-0.707106781186548));
#4651=DIRECTION('',(-1.,0.,0.));
#4652=DIRECTION('center_axis',(-1.,0.,0.));
#4653=DIRECTION('ref_axis',(0.,0.,1.));
#4654=DIRECTION('',(0.,0.,1.));
#4655=DIRECTION('',(0.,1.,0.));
#4656=DIRECTION('',(0.,0.,1.));
#4657=DIRECTION('center_axis',(0.,0.,1.));
#4658=DIRECTION('ref_axis',(1.,0.,0.));
#4659=DIRECTION('',(1.,0.,0.));
#4660=DIRECTION('',(-1.,0.,0.));
#4661=DIRECTION('center_axis',(0.,0.,1.));
#4662=DIRECTION('ref_axis',(1.,-4.1895208476421E-16,0.));
#4663=DIRECTION('',(-6.21973683263394E-17,-1.,0.));
#4664=DIRECTION('',(-1.,1.20024110770287E-15,0.));
#4665=DIRECTION('',(-1.24394736652679E-16,1.,0.));
#4666=DIRECTION('center_axis',(0.,0.,1.));
#4667=DIRECTION('ref_axis',(4.1895208476421E-16,1.,0.));
#4668=DIRECTION('',(-1.,0.,0.));
#4669=DIRECTION('',(2.77555756156229E-15,-1.,0.));
#4670=DIRECTION('',(1.,0.,0.));
#4671=DIRECTION('',(-1.8503717077082E-15,1.,0.));
#4672=DIRECTION('',(-1.,0.,0.));
#4673=DIRECTION('',(3.70074341541639E-15,-1.,0.));
#4674=DIRECTION('',(1.,0.,0.));
#4675=DIRECTION('',(0.,1.,0.));
#4676=DIRECTION('center_axis',(0.,0.707106781186548,-0.707106781186547));
#4677=DIRECTION('ref_axis',(-1.,0.,0.));
#4678=DIRECTION('',(0.,-0.707106781186547,-0.707106781186548));
#4679=DIRECTION('',(0.,0.707106781186547,0.707106781186548));
#4680=DIRECTION('',(1.,0.,0.));
#4681=DIRECTION('center_axis',(1.,0.,0.));
#4682=DIRECTION('ref_axis',(0.,0.,-1.));
#4683=DIRECTION('',(0.,0.,-1.));
#4684=DIRECTION('',(0.,1.,0.));
#4685=DIRECTION('',(0.,0.,1.));
#4686=DIRECTION('center_axis',(1.,0.,0.));
#4687=DIRECTION('ref_axis',(0.,0.,-1.));
#4688=DIRECTION('',(0.,0.,-1.));
#4689=DIRECTION('',(0.,1.,0.));
#4690=DIRECTION('',(0.,0.,1.));
#4691=DIRECTION('center_axis',(0.,0.,1.));
#4692=DIRECTION('ref_axis',(1.,0.,0.));
#4693=DIRECTION('',(-1.,0.,0.));
#4694=DIRECTION('',(1.,0.,0.));
#4695=DIRECTION('center_axis',(0.,1.,0.));
#4696=DIRECTION('ref_axis',(0.,0.,1.));
#4697=DIRECTION('center_axis',(0.,1.,0.));
#4698=DIRECTION('ref_axis',(-1.,0.,0.));
#4699=DIRECTION('',(0.,0.,1.));
#4700=DIRECTION('',(-1.,0.,0.));
#4701=DIRECTION('',(0.,0.,1.));
#4702=DIRECTION('',(-1.,0.,0.));
#4703=DIRECTION('',(0.,0.,-1.));
#4704=DIRECTION('center_axis',(0.,0.,1.));
#4705=DIRECTION('ref_axis',(1.,0.,0.));
#4706=DIRECTION('',(1.,0.,0.));
#4707=DIRECTION('',(0.,1.,0.));
#4708=DIRECTION('center_axis',(-1.,0.,0.));
#4709=DIRECTION('ref_axis',(0.,0.,1.));
#4710=DIRECTION('',(0.,0.,1.));
#4711=DIRECTION('center_axis',(0.,1.,0.));
#4712=DIRECTION('ref_axis',(0.,0.,1.));
#4713=DIRECTION('center_axis',(0.,0.,-1.));
#4714=DIRECTION('ref_axis',(-0.707106781186548,0.707106781186548,0.));
#4715=DIRECTION('',(0.,0.,-1.));
#4716=DIRECTION('center_axis',(0.,-0.707106781186547,0.707106781186548));
#4717=DIRECTION('ref_axis',(6.13317366673349E-17,-0.707106781186548,-0.707106781186547));
#4718=DIRECTION('center_axis',(0.,-0.707106781186547,-0.707106781186548));
#4719=DIRECTION('ref_axis',(6.13317366673349E-17,0.707106781186548,-0.707106781186547));
#4720=DIRECTION('center_axis',(0.,0.,1.));
#4721=DIRECTION('ref_axis',(-0.707106781186548,-0.707106781186548,0.));
#4722=DIRECTION('',(0.,0.,1.));
#4723=DIRECTION('center_axis',(0.,-0.707106781186547,0.707106781186548));
#4724=DIRECTION('ref_axis',(-6.13317366673349E-17,-0.707106781186548,-0.707106781186547));
#4725=DIRECTION('center_axis',(0.,-0.707106781186547,-0.707106781186548));
#4726=DIRECTION('ref_axis',(-6.13317366673349E-17,0.707106781186548,-0.707106781186547));
#4727=DIRECTION('center_axis',(0.,-1.,0.));
#4728=DIRECTION('ref_axis',(-0.707106781186548,0.,-0.707106781186547));
#4729=DIRECTION('',(0.,1.,0.));
#4730=DIRECTION('',(0.,-1.,0.));
#4731=DIRECTION('center_axis',(0.,0.,1.));
#4732=DIRECTION('ref_axis',(0.707106781186548,0.707106781186548,0.));
#4733=DIRECTION('',(0.,0.,1.));
#4734=DIRECTION('center_axis',(0.,0.707106781186547,0.707106781186548));
#4735=DIRECTION('ref_axis',(6.13317366673349E-17,0.707106781186548,-0.707106781186547));
#4736=DIRECTION('center_axis',(0.,0.707106781186547,-0.707106781186548));
#4737=DIRECTION('ref_axis',(6.13317366673349E-17,-0.707106781186548,-0.707106781186547));
#4738=DIRECTION('center_axis',(0.,0.,-1.));
#4739=DIRECTION('ref_axis',(0.707106781186548,-0.707106781186548,0.));
#4740=DIRECTION('',(0.,0.,-1.));
#4741=DIRECTION('center_axis',(0.,0.707106781186547,0.707106781186548));
#4742=DIRECTION('ref_axis',(-6.13317366673349E-17,0.707106781186548,-0.707106781186547));
#4743=DIRECTION('center_axis',(0.,0.707106781186547,-0.707106781186548));
#4744=DIRECTION('ref_axis',(-6.13317366673349E-17,-0.707106781186548,-0.707106781186547));
#4745=DIRECTION('center_axis',(0.,1.,0.));
#4746=DIRECTION('ref_axis',(0.707106781186548,0.,-0.707106781186547));
#4747=DIRECTION('',(0.,1.,0.));
#4748=DIRECTION('',(0.,-1.,0.));
#4749=DIRECTION('center_axis',(2.77555756156229E-15,-1.,0.));
#4750=DIRECTION('ref_axis',(-0.707106781186548,0.,0.707106781186547));
#4751=DIRECTION('center_axis',(0.707106781186548,0.707106781186548,0.));
#4752=DIRECTION('ref_axis',(0.707106781186548,-0.707106781186548,-1.2266347333467E-16));
#4753=DIRECTION('center_axis',(0.707106781186549,-0.707106781186546,0.));
#4754=DIRECTION('ref_axis',(-0.707106781186546,-0.707106781186549,0.));
#4755=DIRECTION('',(2.77555756156229E-15,-1.,0.));
#4756=DIRECTION('center_axis',(1.,0.,0.));
#4757=DIRECTION('ref_axis',(0.,-0.70710678118655,0.707106781186545));
#4758=DIRECTION('',(-1.,0.,0.));
#4759=DIRECTION('center_axis',(0.707106781186549,-0.707106781186547,0.));
#4760=DIRECTION('ref_axis',(-0.707106781186547,-0.707106781186548,0.));
#4761=DIRECTION('center_axis',(0.707106781186547,0.707106781186549,0.));
#4762=DIRECTION('ref_axis',(0.707106781186549,-0.707106781186547,0.));
#4763=DIRECTION('',(1.,0.,0.));
#4764=DIRECTION('center_axis',(-1.8503717077082E-15,1.,0.));
#4765=DIRECTION('ref_axis',(0.707106781186548,0.,0.707106781186547));
#4766=DIRECTION('',(-1.8503717077082E-15,1.,0.));
#4767=DIRECTION('center_axis',(0.,1.,0.));
#4768=DIRECTION('ref_axis',(-1.,0.,0.));
#4769=DIRECTION('',(0.,0.,1.));
#4770=DIRECTION('',(0.,0.,-1.));
#4771=DIRECTION('center_axis',(1.,1.8503717077082E-15,0.));
#4772=DIRECTION('ref_axis',(-1.8503717077082E-15,1.,0.));
#4773=DIRECTION('',(0.,0.,1.));
#4774=DIRECTION('center_axis',(0.,-1.,0.));
#4775=DIRECTION('ref_axis',(1.,0.,0.));
#4776=DIRECTION('',(0.,0.,-1.));
#4777=DIRECTION('center_axis',(-1.,-2.77555756156229E-15,0.));
#4778=DIRECTION('ref_axis',(2.77555756156229E-15,-1.,0.));
#4779=DIRECTION('center_axis',(0.,1.,0.));
#4780=DIRECTION('ref_axis',(0.707106781186548,0.,0.707106781186547));
#4781=DIRECTION('center_axis',(0.707106781186548,0.707106781186548,0.));
#4782=DIRECTION('ref_axis',(0.707106781186548,-0.707106781186548,-1.2266347333467E-16));
#4783=DIRECTION('center_axis',(0.707106781186548,-0.707106781186547,0.));
#4784=DIRECTION('ref_axis',(-0.707106781186547,-0.707106781186548,0.));
#4785=DIRECTION('',(0.,1.,0.));
#4786=DIRECTION('center_axis',(1.,0.,0.));
#4787=DIRECTION('ref_axis',(0.,-0.70710678118655,0.707106781186545));
#4788=DIRECTION('',(1.,0.,0.));
#4789=DIRECTION('center_axis',(0.707106781186549,-0.707106781186546,0.));
#4790=DIRECTION('ref_axis',(-0.707106781186546,-0.707106781186549,-1.2266347333467E-16));
#4791=DIRECTION('center_axis',(0.707106781186546,0.707106781186549,0.));
#4792=DIRECTION('ref_axis',(0.707106781186549,-0.707106781186546,-1.2266347333467E-16));
#4793=DIRECTION('',(-1.,0.,0.));
#4794=DIRECTION('center_axis',(3.70074341541639E-15,-1.,0.));
#4795=DIRECTION('ref_axis',(-0.707106781186548,0.,0.707106781186547));
#4796=DIRECTION('',(3.70074341541639E-15,-1.,0.));
#4797=DIRECTION('center_axis',(0.,1.,0.));
#4798=DIRECTION('ref_axis',(-1.,0.,0.));
#4799=DIRECTION('',(0.,0.,1.));
#4800=DIRECTION('',(0.,0.,-1.));
#4801=DIRECTION('center_axis',(1.,0.,0.));
#4802=DIRECTION('ref_axis',(0.,1.,0.));
#4803=DIRECTION('',(0.,0.,1.));
#4804=DIRECTION('center_axis',(-1.,-3.70074341541639E-15,0.));
#4805=DIRECTION('ref_axis',(3.70074341541639E-15,-1.,0.));
#4806=DIRECTION('',(0.,0.,-1.));
#4807=DIRECTION('center_axis',(0.,-1.,0.));
#4808=DIRECTION('ref_axis',(1.,0.,0.));
#4809=DIRECTION('center_axis',(0.,0.,1.));
#4810=DIRECTION('ref_axis',(1.,0.,0.));
#4811=DIRECTION('center_axis',(0.,0.,-1.));
#4812=DIRECTION('ref_axis',(1.,0.,0.));
#4813=DIRECTION('',(1.,0.,0.));
#4814=DIRECTION('center_axis',(0.,0.,-1.));
#4815=DIRECTION('ref_axis',(0.,1.,0.));
#4816=DIRECTION('',(8.54017711250118E-16,1.,0.));
#4817=DIRECTION('',(1.,-1.20024110770287E-15,0.));
#4818=DIRECTION('',(-5.04646829375072E-17,-1.,0.));
#4819=DIRECTION('center_axis',(1.,-8.54017711250118E-16,0.));
#4820=DIRECTION('ref_axis',(8.54017711250118E-16,1.,0.));
#4821=DIRECTION('',(0.,0.,1.));
#4822=DIRECTION('',(8.54017711250118E-16,1.,0.));
#4823=DIRECTION('',(0.,0.,1.));
#4824=DIRECTION('center_axis',(0.,0.,1.));
#4825=DIRECTION('ref_axis',(0.,1.,0.));
#4826=DIRECTION('',(0.,0.,1.));
#4827=DIRECTION('center_axis',(0.,0.,-1.));
#4828=DIRECTION('ref_axis',(0.,1.,0.));
#4829=DIRECTION('center_axis',(0.,-1.,0.));
#4830=DIRECTION('ref_axis',(1.,0.,0.));
#4831=DIRECTION('',(0.,0.,1.));
#4832=DIRECTION('',(1.,0.,0.));
#4833=DIRECTION('center_axis',(0.,0.,1.));
#4834=DIRECTION('ref_axis',(1.,0.,0.));
#4835=DIRECTION('',(0.,0.,1.));
#4836=DIRECTION('center_axis',(0.,0.,-1.));
#4837=DIRECTION('ref_axis',(1.,0.,0.));
#4838=DIRECTION('center_axis',(-1.20024110770287E-15,-1.,0.));
#4839=DIRECTION('ref_axis',(1.,-1.20024110770287E-15,0.));
#4840=DIRECTION('',(0.,0.,1.));
#4841=DIRECTION('',(1.,1.20024110770287E-15,0.));
#4842=DIRECTION('',(0.,0.,1.));
#4843=DIRECTION('',(1.,-1.20024110770287E-15,0.));
#4844=DIRECTION('',(0.,0.,1.));
#4845=DIRECTION('center_axis',(-1.,-1.24394736652679E-16,0.));
#4846=DIRECTION('ref_axis',(1.24394736652679E-16,-1.,0.));
#4847=DIRECTION('',(1.24394736652679E-16,-1.,0.));
#4848=DIRECTION('',(0.,0.,1.));
#4849=DIRECTION('center_axis',(0.,0.,1.));
#4850=DIRECTION('ref_axis',(4.1895208476421E-16,1.,0.));
#4851=DIRECTION('center_axis',(0.,0.,1.));
#4852=DIRECTION('ref_axis',(4.1895208476421E-16,1.,0.));
#4853=DIRECTION('center_axis',(0.,0.,1.));
#4854=DIRECTION('ref_axis',(1.,-4.1895208476421E-16,0.));
#4855=DIRECTION('center_axis',(0.,0.,1.));
#4856=DIRECTION('ref_axis',(1.,-4.1895208476421E-16,0.));
#4857=DIRECTION('',(0.,0.,1.));
#4858=DIRECTION('center_axis',(1.,-6.21973683263394E-17,0.));
#4859=DIRECTION('ref_axis',(6.21973683263394E-17,1.,0.));
#4860=DIRECTION('',(6.21973683263394E-17,1.,0.));
#4861=DIRECTION('center_axis',(-1.,5.04646829375072E-17,0.));
#4862=DIRECTION('ref_axis',(-5.04646829375072E-17,-1.,0.));
#4863=DIRECTION('',(-5.04646829375072E-17,-1.,0.));
#4864=DIRECTION('center_axis',(0.,0.,1.));
#4865=DIRECTION('ref_axis',(1.,0.,0.));
#4866=DIRECTION('axis',(0.,0.,1.));
#4867=DIRECTION('refdir',(1.,0.,0.));
#4868=DIRECTION('center_axis',(0.,0.580688879933223,-0.814125558327399));
#4869=DIRECTION('ref_axis',(-1.,0.,0.));
#4870=DIRECTION('',(0.,0.814125558327399,0.580688879933223));
#4871=DIRECTION('',(-1.,0.,0.));
#4872=DIRECTION('',(0.,-0.814125558327399,-0.580688879933223));
#4873=DIRECTION('',(1.,0.,0.));
#4874=DIRECTION('center_axis',(0.,0.,1.));
#4875=DIRECTION('ref_axis',(-1.,0.,0.));
#4876=DIRECTION('',(0.,-1.,0.));
#4877=DIRECTION('',(1.,0.,0.));
#4878=DIRECTION('',(0.,-1.,0.));
#4879=DIRECTION('center_axis',(0.,0.,-1.));
#4880=DIRECTION('ref_axis',(1.,0.,0.));
#4881=DIRECTION('center_axis',(0.,0.,-1.));
#4882=DIRECTION('ref_axis',(1.,0.,0.));
#4883=DIRECTION('',(0.,0.,1.));
#4884=DIRECTION('center_axis',(0.,0.,1.));
#4885=DIRECTION('ref_axis',(1.,0.,0.));
#4886=DIRECTION('center_axis',(0.,0.,-1.));
#4887=DIRECTION('ref_axis',(1.,0.,0.));
#4888=DIRECTION('center_axis',(0.,0.,-1.));
#4889=DIRECTION('ref_axis',(1.,0.,0.));
#4890=DIRECTION('center_axis',(0.,0.,-1.));
#4891=DIRECTION('ref_axis',(1.,0.,0.));
#4892=DIRECTION('',(0.,0.,1.));
#4893=DIRECTION('center_axis',(0.,0.,1.));
#4894=DIRECTION('ref_axis',(1.,0.,0.));
#4895=DIRECTION('center_axis',(0.,0.,-1.));
#4896=DIRECTION('ref_axis',(1.,0.,0.));
#4897=DIRECTION('center_axis',(0.,0.,1.));
#4898=DIRECTION('ref_axis',(-1.,0.,0.));
#4899=DIRECTION('center_axis',(0.,0.,1.));
#4900=DIRECTION('ref_axis',(-1.,0.,0.));
#4901=DIRECTION('',(0.,0.,1.));
#4902=DIRECTION('center_axis',(0.,0.,1.));
#4903=DIRECTION('ref_axis',(-1.,0.,0.));
#4904=DIRECTION('center_axis',(0.,0.,1.));
#4905=DIRECTION('ref_axis',(-1.,0.,0.));
#4906=DIRECTION('center_axis',(0.,0.,1.));
#4907=DIRECTION('ref_axis',(-1.,0.,0.));
#4908=DIRECTION('center_axis',(0.,0.,1.));
#4909=DIRECTION('ref_axis',(-1.,0.,0.));
#4910=DIRECTION('',(0.,0.,1.));
#4911=DIRECTION('center_axis',(0.,0.,1.));
#4912=DIRECTION('ref_axis',(-1.,0.,0.));
#4913=DIRECTION('center_axis',(0.,0.,1.));
#4914=DIRECTION('ref_axis',(-1.,0.,0.));
#4915=DIRECTION('center_axis',(-1.,0.,0.));
#4916=DIRECTION('ref_axis',(0.,0.,-1.));
#4917=DIRECTION('center_axis',(-1.,0.,0.));
#4918=DIRECTION('ref_axis',(0.,0.707106781186548,0.707106781186547));
#4919=DIRECTION('',(0.,0.,1.));
#4920=DIRECTION('',(0.,-1.,0.));
#4921=DIRECTION('',(0.,0.,1.));
#4922=DIRECTION('',(0.,-1.,0.));
#4923=DIRECTION('',(0.,0.,-1.));
#4924=DIRECTION('',(0.,1.,0.));
#4925=DIRECTION('',(0.,0.,-1.));
#4926=DIRECTION('center_axis',(1.,0.,0.));
#4927=DIRECTION('ref_axis',(0.,0.,1.));
#4928=DIRECTION('center_axis',(1.,0.,0.));
#4929=DIRECTION('ref_axis',(0.,0.707106781186548,0.707106781186547));
#4930=DIRECTION('',(0.,0.,1.));
#4931=DIRECTION('',(0.,-1.,0.));
#4932=DIRECTION('',(0.,0.,1.));
#4933=DIRECTION('',(0.,1.,0.));
#4934=DIRECTION('',(0.,0.,-1.));
#4935=DIRECTION('',(0.,1.,0.));
#4936=DIRECTION('',(0.,0.,-1.));
#4937=DIRECTION('center_axis',(0.,1.,0.));
#4938=DIRECTION('ref_axis',(1.,0.,0.));
#4939=DIRECTION('',(-1.,0.,0.));
#4940=DIRECTION('',(0.,0.,-1.));
#4941=DIRECTION('',(1.,0.,0.));
#4942=DIRECTION('',(0.,0.,-1.));
#4943=DIRECTION('',(-1.,0.,0.));
#4944=DIRECTION('center_axis',(0.,-1.,0.));
#4945=DIRECTION('ref_axis',(1.,0.,0.));
#4946=DIRECTION('',(-1.,0.,0.));
#4947=DIRECTION('',(0.,0.,1.));
#4948=DIRECTION('',(1.,0.,0.));
#4949=DIRECTION('center_axis',(0.,-1.,0.));
#4950=DIRECTION('ref_axis',(1.,0.,0.));
#4951=DIRECTION('',(1.,0.,0.));
#4952=DIRECTION('',(0.,0.,-1.));
#4953=DIRECTION('',(-1.,0.,0.));
#4954=DIRECTION('center_axis',(0.,0.,-1.));
#4955=DIRECTION('ref_axis',(-1.,0.,0.));
#4956=DIRECTION('center_axis',(0.,0.,-1.));
#4957=DIRECTION('ref_axis',(0.707106781186548,0.707106781186548,0.));
#4958=DIRECTION('',(-5.5930630963484E-17,-1.,0.));
#4959=DIRECTION('',(-1.,0.,0.));
#4960=DIRECTION('',(0.,1.,0.));
#4961=DIRECTION('',(1.,0.,0.));
#4962=DIRECTION('',(-5.5930630963484E-17,-1.,0.));
#4963=DIRECTION('',(-1.,0.,0.));
#4964=DIRECTION('',(0.,-1.,0.));
#4965=DIRECTION('center_axis',(0.,0.,-1.));
#4966=DIRECTION('ref_axis',(0.707106781186548,0.707106781186547,0.));
#4967=DIRECTION('',(1.,0.,0.));
#4968=DIRECTION('center_axis',(0.,0.,-1.));
#4969=DIRECTION('ref_axis',(-1.,0.,0.));
#4970=DIRECTION('',(1.,0.,0.));
#4971=DIRECTION('center_axis',(0.,0.,-1.));
#4972=DIRECTION('ref_axis',(-0.707106781186548,0.707106781186547,0.));
#4973=DIRECTION('',(0.,1.,0.));
#4974=DIRECTION('',(-1.,0.,0.));
#4975=DIRECTION('',(0.,1.,0.));
#4976=DIRECTION('center_axis',(0.,0.,-1.));
#4977=DIRECTION('ref_axis',(-0.707106781186548,0.707106781186548,0.));
#4978=DIRECTION('center_axis',(0.,0.,1.));
#4979=DIRECTION('ref_axis',(0.,1.,0.));
#4980=DIRECTION('',(1.,0.,0.));
#4981=DIRECTION('center_axis',(0.,0.,-1.));
#4982=DIRECTION('ref_axis',(0.,1.,0.));
#4983=DIRECTION('',(0.,-1.,0.));
#4984=DIRECTION('',(-1.,0.,0.));
#4985=DIRECTION('',(0.,1.,0.));
#4986=DIRECTION('center_axis',(0.,0.,1.));
#4987=DIRECTION('ref_axis',(1.,0.,0.));
#4988=DIRECTION('center_axis',(0.,-1.,0.));
#4989=DIRECTION('ref_axis',(0.,0.,-1.));
#4990=DIRECTION('',(0.,0.,1.));
#4991=DIRECTION('',(1.,0.,0.));
#4992=DIRECTION('center_axis',(0.,-1.,0.));
#4993=DIRECTION('ref_axis',(0.,0.,-1.));
#4994=DIRECTION('',(1.,0.,0.));
#4995=DIRECTION('',(0.,0.,-1.));
#4996=DIRECTION('center_axis',(0.,1.,0.));
#4997=DIRECTION('ref_axis',(0.,0.,1.));
#4998=DIRECTION('',(-1.,0.,0.));
#4999=DIRECTION('',(0.,0.,1.));
#5000=DIRECTION('center_axis',(0.,0.,1.));
#5001=DIRECTION('ref_axis',(0.,-1.,0.));
#5002=DIRECTION('center_axis',(0.,0.,1.));
#5003=DIRECTION('ref_axis',(0.707106781186548,0.707106781186547,0.));
#5004=DIRECTION('',(0.,1.,0.));
#5005=DIRECTION('',(1.,0.,0.));
#5006=DIRECTION('',(0.,1.,0.));
#5007=DIRECTION('',(-1.,0.,0.));
#5008=DIRECTION('',(0.,1.,0.));
#5009=DIRECTION('center_axis',(0.,0.,1.));
#5010=DIRECTION('ref_axis',(0.,1.,0.));
#5011=DIRECTION('center_axis',(0.,0.,-1.));
#5012=DIRECTION('ref_axis',(-0.707106781186548,0.707106781186547,0.));
#5013=DIRECTION('center_axis',(0.,0.,1.));
#5014=DIRECTION('ref_axis',(-0.707106781186548,0.707106781186547,0.));
#5015=DIRECTION('',(0.,0.,1.));
#5016=DIRECTION('center_axis',(0.,0.,1.));
#5017=DIRECTION('ref_axis',(0.,-1.,0.));
#5018=DIRECTION('',(-1.,0.,0.));
#5019=DIRECTION('center_axis',(0.,0.,1.));
#5020=DIRECTION('ref_axis',(-1.,0.,0.));
#5021=DIRECTION('',(0.,-1.,0.));
#5022=DIRECTION('',(-1.,0.,0.));
#5023=DIRECTION('',(0.,1.,0.));
#5024=DIRECTION('',(1.,0.,0.));
#5025=DIRECTION('',(0.,1.,0.));
#5026=DIRECTION('center_axis',(0.,0.,-1.));
#5027=DIRECTION('ref_axis',(0.707106781186548,0.707106781186547,0.));
#5028=DIRECTION('',(0.,0.,-1.));
#5029=DIRECTION('center_axis',(1.,0.,0.));
#5030=DIRECTION('ref_axis',(0.,-0.35,0.93674969975976));
#5031=DIRECTION('center_axis',(1.,0.,0.));
#5032=DIRECTION('ref_axis',(0.,-0.35,0.93674969975976));
#5033=DIRECTION('',(1.,0.,0.));
#5034=DIRECTION('center_axis',(-1.,0.,0.));
#5035=DIRECTION('ref_axis',(0.,-0.35,0.93674969975976));
#5036=DIRECTION('',(1.,0.,0.));
#5037=DIRECTION('center_axis',(1.,0.,0.));
#5038=DIRECTION('ref_axis',(0.,-0.35,0.93674969975976));
#5039=DIRECTION('',(-1.,0.,0.));
#5040=DIRECTION('center_axis',(1.,0.,0.));
#5041=DIRECTION('ref_axis',(0.,0.,1.));
#5042=DIRECTION('',(0.,0.,-1.));
#5043=DIRECTION('',(0.,1.,0.));
#5044=DIRECTION('',(0.,0.,-1.));
#5045=DIRECTION('',(0.,1.,0.));
#5046=DIRECTION('',(0.,1.33394903011131E-15,1.));
#5047=DIRECTION('center_axis',(0.,0.,-1.));
#5048=DIRECTION('ref_axis',(-1.,0.,0.));
#5049=DIRECTION('',(0.,1.,0.));
#5050=DIRECTION('',(1.,0.,0.));
#5051=DIRECTION('center_axis',(1.,0.,0.));
#5052=DIRECTION('ref_axis',(0.,1.,0.));
#5053=DIRECTION('',(0.,0.,-1.));
#5054=DIRECTION('center_axis',(1.,0.,0.));
#5055=DIRECTION('ref_axis',(0.,-0.707106781186548,0.707106781186547));
#5056=DIRECTION('',(0.,-1.,0.));
#5057=DIRECTION('',(0.,0.,1.));
#5058=DIRECTION('',(0.,-1.33394903011131E-15,-1.));
#5059=DIRECTION('',(0.,1.,-7.31855744787772E-15));
#5060=DIRECTION('',(0.,-6.13805405360158E-15,-1.));
#5061=DIRECTION('center_axis',(-1.,0.,0.));
#5062=DIRECTION('ref_axis',(0.,7.03141248929265E-15,1.));
#5063=DIRECTION('',(0.,1.,-6.03570936865972E-15));
#5064=DIRECTION('center_axis',(-1.,0.,0.));
#5065=DIRECTION('ref_axis',(0.,-1.,4.44089209850063E-15));
#5066=DIRECTION('',(0.,5.73282951594188E-15,1.));
#5067=DIRECTION('',(0.,1.,-5.2154848648441E-15));
#5068=DIRECTION('',(0.,0.,1.));
#5069=DIRECTION('center_axis',(1.,0.,0.));
#5070=DIRECTION('ref_axis',(0.,-0.35,0.93674969975976));
#5071=DIRECTION('center_axis',(1.,0.,0.));
#5072=DIRECTION('ref_axis',(0.,-0.35,0.93674969975976));
#5073=DIRECTION('',(1.,0.,0.));
#5074=DIRECTION('center_axis',(-1.,0.,0.));
#5075=DIRECTION('ref_axis',(0.,-0.35,0.93674969975976));
#5076=DIRECTION('center_axis',(-1.,5.5930630963484E-17,0.));
#5077=DIRECTION('ref_axis',(0.,-0.35,0.93674969975976));
#5078=DIRECTION('',(1.,0.,0.));
#5079=DIRECTION('center_axis',(-1.,5.5930630963484E-17,0.));
#5080=DIRECTION('ref_axis',(-5.5930630963484E-17,-1.,0.));
#5081=DIRECTION('',(0.,0.,-1.));
#5082=DIRECTION('',(-5.5930630963484E-17,-1.,0.));
#5083=DIRECTION('',(-1.30322504487162E-32,-2.33007391910611E-16,1.));
#5084=DIRECTION('',(0.,0.,-1.));
#5085=DIRECTION('',(5.5930630963484E-17,1.,0.));
#5086=DIRECTION('center_axis',(-1.,5.5930630963484E-17,0.));
#5087=DIRECTION('ref_axis',(0.,-0.707106781186548,0.707106781186547));
#5088=DIRECTION('',(0.,0.,1.));
#5089=DIRECTION('center_axis',(1.,0.,0.));
#5090=DIRECTION('ref_axis',(0.,-0.707106781186548,0.707106781186547));
#5091=DIRECTION('',(1.,0.,0.));
#5092=DIRECTION('center_axis',(-1.,0.,0.));
#5093=DIRECTION('ref_axis',(0.,-0.707106781186548,0.707106781186547));
#5094=DIRECTION('',(-1.,0.,0.));
#5095=DIRECTION('center_axis',(0.,-1.,0.));
#5096=DIRECTION('ref_axis',(0.,0.,1.));
#5097=DIRECTION('center_axis',(0.,0.,-1.));
#5098=DIRECTION('ref_axis',(-1.,0.,0.));
#5099=DIRECTION('center_axis',(0.,-1.,0.));
#5100=DIRECTION('ref_axis',(1.,0.,0.));
#5101=DIRECTION('center_axis',(0.,0.,-1.));
#5102=DIRECTION('ref_axis',(0.,1.,0.));
#5103=DIRECTION('center_axis',(5.5930630963484E-17,1.,0.));
#5104=DIRECTION('ref_axis',(0.707106781186547,0.,0.707106781186548));
#5105=DIRECTION('',(-5.5930630963484E-17,-1.,0.));
#5106=DIRECTION('center_axis',(1.,0.,0.));
#5107=DIRECTION('ref_axis',(0.,-0.707106781186548,0.707106781186547));
#5108=DIRECTION('',(-1.,0.,0.));
#5109=DIRECTION('center_axis',(1.,0.,0.));
#5110=DIRECTION('ref_axis',(0.,-0.707106781186548,0.707106781186547));
#5111=DIRECTION('',(1.,0.,0.));
#5112=DIRECTION('center_axis',(0.,0.,1.));
#5113=DIRECTION('ref_axis',(0.707106781186548,0.707106781186548,0.));
#5114=DIRECTION('center_axis',(-1.,0.,0.));
#5115=DIRECTION('ref_axis',(0.,0.707106781186548,0.707106781186547));
#5116=DIRECTION('',(1.,0.,0.));
#5117=DIRECTION('center_axis',(0.,0.,1.));
#5118=DIRECTION('ref_axis',(-0.707106781186548,0.707106781186548,0.));
#5119=DIRECTION('center_axis',(0.,-1.,0.));
#5120=DIRECTION('ref_axis',(-0.707106781186547,0.,0.707106781186548));
#5121=DIRECTION('',(0.,1.,0.));
#5122=DIRECTION('center_axis',(1.,0.,0.));
#5123=DIRECTION('ref_axis',(0.,-1.,0.));
#5124=DIRECTION('',(0.,0.,-1.));
#5125=DIRECTION('',(0.,-1.,0.));
#5126=DIRECTION('',(0.,0.,-1.));
#5127=DIRECTION('',(0.,-2.33007391910611E-16,1.));
#5128=DIRECTION('',(0.,-1.,0.));
#5129=DIRECTION('',(0.,0.,1.));
#5130=DIRECTION('center_axis',(1.,0.,0.));
#5131=DIRECTION('ref_axis',(0.,1.,0.));
#5132=DIRECTION('',(0.,-1.,0.));
#5133=DIRECTION('center_axis',(1.,0.,0.));
#5134=DIRECTION('ref_axis',(0.,0.,1.));
#5135=DIRECTION('',(0.,-5.04646829375071E-16,-1.));
#5136=DIRECTION('',(0.,-1.,-1.00929365875014E-15));
#5137=DIRECTION('',(0.,0.,-1.));
#5138=DIRECTION('',(0.,1.,0.));
#5139=DIRECTION('',(0.,0.,1.));
#5140=DIRECTION('',(0.,0.,-1.));
#5141=DIRECTION('center_axis',(0.,0.,1.));
#5142=DIRECTION('ref_axis',(0.,1.,0.));
#5143=DIRECTION('',(0.,1.,0.));
#5144=DIRECTION('center_axis',(0.,0.,-1.));
#5145=DIRECTION('ref_axis',(0.,1.,0.));
#5146=DIRECTION('center_axis',(0.,0.,-1.));
#5147=DIRECTION('ref_axis',(1.,0.,0.));
#5148=DIRECTION('center_axis',(-1.,0.,0.));
#5149=DIRECTION('ref_axis',(0.,1.,0.));
#5150=DIRECTION('',(0.,0.,1.));
#5151=DIRECTION('',(0.,0.,-1.));
#5152=DIRECTION('',(0.,1.,-5.2154848648441E-15));
#5153=DIRECTION('',(0.,5.73282951594188E-15,1.));
#5154=DIRECTION('center_axis',(-1.,0.,0.));
#5155=DIRECTION('ref_axis',(0.,-1.,4.44089209850063E-15));
#5156=DIRECTION('',(0.,1.,-6.03570936865972E-15));
#5157=DIRECTION('center_axis',(-1.,0.,0.));
#5158=DIRECTION('ref_axis',(0.,7.03141248929265E-15,1.));
#5159=DIRECTION('',(0.,-6.13805405360158E-15,-1.));
#5160=DIRECTION('',(0.,1.,-7.31855744787772E-15));
#5161=DIRECTION('',(0.,-1.33394903011131E-15,-1.));
#5162=DIRECTION('',(0.,-1.,0.));
#5163=DIRECTION('',(0.,0.,-1.));
#5164=DIRECTION('',(0.,0.,1.));
#5165=DIRECTION('center_axis',(0.,1.,0.));
#5166=DIRECTION('ref_axis',(0.,0.,-1.));
#5167=DIRECTION('center_axis',(0.,0.,-1.));
#5168=DIRECTION('ref_axis',(0.,1.,0.));
#5169=DIRECTION('',(0.,0.,1.));
#5170=DIRECTION('center_axis',(0.,1.,0.));
#5171=DIRECTION('ref_axis',(0.,0.,1.));
#5172=DIRECTION('',(1.,0.,0.));
#5173=DIRECTION('',(0.,0.,1.));
#5174=DIRECTION('center_axis',(0.,0.,1.));
#5175=DIRECTION('ref_axis',(0.,1.,0.));
#5176=DIRECTION('center_axis',(0.,0.,1.));
#5177=DIRECTION('ref_axis',(0.,1.,0.));
#5178=DIRECTION('',(-1.,0.,0.));
#5179=DIRECTION('',(0.,1.,0.));
#5180=DIRECTION('center_axis',(0.,0.,-1.));
#5181=DIRECTION('ref_axis',(-1.,0.,0.));
#5182=DIRECTION('center_axis',(1.,0.,0.));
#5183=DIRECTION('ref_axis',(0.,0.,1.));
#5184=DIRECTION('',(0.,0.,1.));
#5185=DIRECTION('',(0.,1.,0.));
#5186=DIRECTION('',(0.,0.,-1.));
#5187=DIRECTION('',(0.,2.33007391910611E-16,-1.));
#5188=DIRECTION('center_axis',(0.,0.,-1.));
#5189=DIRECTION('ref_axis',(-1.,0.,0.));
#5190=DIRECTION('',(0.,0.,1.));
#5191=DIRECTION('center_axis',(-1.,0.,0.));
#5192=DIRECTION('ref_axis',(0.,0.,-1.));
#5193=DIRECTION('',(0.,-1.,0.));
#5194=DIRECTION('',(0.,0.,-1.));
#5195=DIRECTION('',(0.,-1.,0.));
#5196=DIRECTION('',(0.,0.,1.));
#5197=DIRECTION('',(0.,-1.,0.));
#5198=DIRECTION('',(0.,0.,-1.));
#5199=DIRECTION('center_axis',(0.,1.,2.33007391910611E-16));
#5200=DIRECTION('ref_axis',(0.,2.33007391910611E-16,-1.));
#5201=DIRECTION('',(-1.,0.,0.));
#5202=DIRECTION('center_axis',(0.,-1.,5.73282951594188E-15));
#5203=DIRECTION('ref_axis',(0.,-5.73282951594188E-15,-1.));
#5204=DIRECTION('',(1.,0.,0.));
#5205=DIRECTION('',(1.,0.,0.));
#5206=DIRECTION('center_axis',(1.,0.,0.));
#5207=DIRECTION('ref_axis',(0.,-1.,4.44089209850063E-15));
#5208=DIRECTION('',(1.,0.,0.));
#5209=DIRECTION('center_axis',(0.,6.03570936865972E-15,1.));
#5210=DIRECTION('ref_axis',(0.,-1.,6.03570936865972E-15));
#5211=DIRECTION('',(-1.,0.,0.));
#5212=DIRECTION('center_axis',(1.,0.,0.));
#5213=DIRECTION('ref_axis',(0.,7.03141248929265E-15,1.));
#5214=DIRECTION('',(1.,0.,0.));
#5215=DIRECTION('center_axis',(0.,1.,-6.13805405360158E-15));
#5216=DIRECTION('ref_axis',(0.,6.13805405360158E-15,1.));
#5217=DIRECTION('',(1.,0.,0.));
#5218=DIRECTION('center_axis',(0.,1.,0.));
#5219=DIRECTION('ref_axis',(0.,0.,-1.));
#5220=DIRECTION('center_axis',(0.,7.31855744787772E-15,1.));
#5221=DIRECTION('ref_axis',(0.,-1.,7.31855744787772E-15));
#5222=DIRECTION('',(1.,0.,0.));
#5223=DIRECTION('center_axis',(0.,1.,-1.33394903011131E-15));
#5224=DIRECTION('ref_axis',(0.,1.33394903011131E-15,1.));
#5225=DIRECTION('',(-1.,0.,0.));
#5226=DIRECTION('center_axis',(1.,0.,0.));
#5227=DIRECTION('ref_axis',(0.,1.,0.));
#5228=DIRECTION('center_axis',(1.,0.,0.));
#5229=DIRECTION('ref_axis',(0.,0.,1.));
#5230=DIRECTION('',(0.,-1.,0.));
#5231=DIRECTION('center_axis',(1.,0.,0.));
#5232=DIRECTION('ref_axis',(0.,1.,0.));
#5233=DIRECTION('',(0.,0.,1.));
#5234=DIRECTION('',(0.,-1.,5.28677630773884E-16));
#5235=DIRECTION('',(0.,-5.04646829375071E-16,-1.));
#5236=DIRECTION('center_axis',(0.,1.,0.));
#5237=DIRECTION('ref_axis',(0.,0.,-1.));
#5238=DIRECTION('',(-1.,0.,0.));
#5239=DIRECTION('',(-1.,0.,0.));
#5240=DIRECTION('center_axis',(-1.,0.,0.));
#5241=DIRECTION('ref_axis',(0.,1.,0.));
#5242=DIRECTION('',(-1.,0.,0.));
#5243=DIRECTION('center_axis',(0.,0.,1.));
#5244=DIRECTION('ref_axis',(0.,1.,0.));
#5245=DIRECTION('',(-1.,0.,0.));
#5246=DIRECTION('center_axis',(0.,-1.,0.));
#5247=DIRECTION('ref_axis',(0.,0.,1.));
#5248=DIRECTION('',(-1.,0.,0.));
#5249=DIRECTION('',(-1.,0.,0.));
#5250=DIRECTION('',(0.,0.,1.));
#5251=DIRECTION('center_axis',(-1.,0.,0.));
#5252=DIRECTION('ref_axis',(0.,0.,1.));
#5253=DIRECTION('',(0.,1.,0.));
#5254=DIRECTION('',(0.,-1.,0.));
#5255=DIRECTION('',(0.,0.,-1.));
#5256=DIRECTION('center_axis',(0.,0.,-1.));
#5257=DIRECTION('ref_axis',(0.,-1.,0.));
#5258=DIRECTION('',(-1.,0.,0.));
#5259=DIRECTION('center_axis',(0.,1.,0.));
#5260=DIRECTION('ref_axis',(0.,0.,-1.));
#5261=DIRECTION('',(1.,0.,0.));
#5262=DIRECTION('center_axis',(0.,0.,-1.));
#5263=DIRECTION('ref_axis',(0.,-1.,0.));
#5264=DIRECTION('',(-1.,0.,0.));
#5265=DIRECTION('center_axis',(-1.,0.,0.));
#5266=DIRECTION('ref_axis',(0.,0.,1.));
#5267=DIRECTION('',(-1.,0.,0.));
#5268=DIRECTION('center_axis',(0.,-1.,5.04646829375071E-16));
#5269=DIRECTION('ref_axis',(0.,5.04646829375071E-16,1.));
#5270=DIRECTION('',(-1.,0.,0.));
#5271=DIRECTION('center_axis',(0.,-1.,0.));
#5272=DIRECTION('ref_axis',(0.,0.,1.));
#5273=DIRECTION('',(-1.,0.,0.));
#5274=DIRECTION('',(-1.,0.,0.));
#5275=DIRECTION('center_axis',(0.,0.,-1.));
#5276=DIRECTION('ref_axis',(0.,-1.,0.));
#5277=DIRECTION('',(-1.,0.,0.));
#5278=DIRECTION('center_axis',(0.,0.,1.));
#5279=DIRECTION('ref_axis',(0.,1.,0.));
#5280=DIRECTION('center_axis',(0.,5.2154848648441E-15,1.));
#5281=DIRECTION('ref_axis',(0.,-1.,5.2154848648441E-15));
#5282=DIRECTION('',(1.,0.,0.));
#5283=DIRECTION('center_axis',(0.,-1.,0.));
#5284=DIRECTION('ref_axis',(0.,0.,1.));
#5285=DIRECTION('',(0.,0.,1.));
#5286=DIRECTION('center_axis',(0.,-1.,0.));
#5287=DIRECTION('ref_axis',(0.,0.,1.));
#5288=DIRECTION('center_axis',(0.,-1.,0.));
#5289=DIRECTION('ref_axis',(0.,0.,1.));
#5290=DIRECTION('center_axis',(0.,-1.,0.));
#5291=DIRECTION('ref_axis',(0.,0.,1.));
#5292=DIRECTION('center_axis',(-1.,0.,0.));
#5293=DIRECTION('ref_axis',(0.,0.,-1.));
#5294=DIRECTION('center_axis',(0.,0.,-1.));
#5295=DIRECTION('ref_axis',(0.,1.,0.));
#5296=DIRECTION('center_axis',(0.,0.,-1.));
#5297=DIRECTION('ref_axis',(1.,0.,0.));
#5298=DIRECTION('',(1.98846316465039E-16,0.851637699787401,-0.524130926678446));
#5299=DIRECTION('',(1.00000000000001,-2.33486982284567E-16,-1.10817368112733E-25));
#5300=DIRECTION('',(2.29128751507295E-16,0.981334159556192,-0.192310341084776));
#5301=DIRECTION('',(1.,-2.33486982263934E-16,9.4520893678788E-34));
#5302=DIRECTION('',(0.,0.,1.));
#5303=DIRECTION('',(1.,0.,0.));
#5304=DIRECTION('',(0.,0.,1.));
#5305=DIRECTION('',(1.,0.,0.));
#5306=DIRECTION('center_axis',(0.,0.,1.));
#5307=DIRECTION('ref_axis',(1.,0.,0.));
#5308=CARTESIAN_POINT('',(0.,0.,0.));
#5309=CARTESIAN_POINT('',(0.,0.,0.));
#5310=CARTESIAN_POINT('Origin',(0.,-1.97052479774009,-9.58770448800288));
#5311=CARTESIAN_POINT('',(0.,-1.97052479774009,-9.58770448800288));
#5312=CARTESIAN_POINT('',(0.,-0.701037387474735,-8.01646239488744));
#5313=CARTESIAN_POINT('',(0.,-0.701037387474735,-8.01646239488744));
#5314=CARTESIAN_POINT('',(6.5,-0.701037387474735,-8.01646239488744));
#5315=CARTESIAN_POINT('',(0.,-0.701037387474735,-8.01646239488744));
#5316=CARTESIAN_POINT('',(6.5,-1.97052479774009,-9.58770448800288));
#5317=CARTESIAN_POINT('',(6.5,-0.701037387474735,-8.01646239488744));
#5318=CARTESIAN_POINT('',(0.,-1.97052479774009,-9.58770448800288));
#5319=CARTESIAN_POINT('Origin',(0.,-1.24453293473937,-11.4727338816349));
#5320=CARTESIAN_POINT('',(0.,-1.24453293473937,-11.4727338816349));
#5321=CARTESIAN_POINT('',(0.,-1.97052479774009,-9.58770448800288));
#5322=CARTESIAN_POINT('',(6.5,-1.24453293473937,-11.4727338816349));
#5323=CARTESIAN_POINT('',(6.5,-1.97052479774009,-9.58770448800288));
#5324=CARTESIAN_POINT('',(0.,-1.24453293473937,-11.4727338816349));
#5325=CARTESIAN_POINT('Origin',(0.,0.750946338526705,-11.7865211821515));
#5326=CARTESIAN_POINT('',(0.,0.750946338526705,-11.7865211821515));
#5327=CARTESIAN_POINT('',(0.,-1.24453293473937,-11.4727338816349));
#5328=CARTESIAN_POINT('',(6.5,0.750946338526705,-11.7865211821515));
#5329=CARTESIAN_POINT('',(6.5,-1.24453293473937,-11.4727338816349));
#5330=CARTESIAN_POINT('',(0.,0.750946338526705,-11.7865211821515));
#5331=CARTESIAN_POINT('Origin',(0.,2.02043374879206,-10.2152790890361));
#5332=CARTESIAN_POINT('',(0.,2.02043374879206,-10.2152790890361));
#5333=CARTESIAN_POINT('',(0.,0.750946338526705,-11.7865211821515));
#5334=CARTESIAN_POINT('',(6.5,2.02043374879206,-10.2152790890361));
#5335=CARTESIAN_POINT('',(6.5,0.750946338526705,-11.7865211821515));
#5336=CARTESIAN_POINT('',(0.,2.02043374879206,-10.2152790890361));
#5337=CARTESIAN_POINT('Origin',(0.,1.29444188579134,-8.33024969540404));
#5338=CARTESIAN_POINT('',(0.,1.29444188579134,-8.33024969540404));
#5339=CARTESIAN_POINT('',(0.,2.02043374879206,-10.2152790890361));
#5340=CARTESIAN_POINT('',(6.5,1.29444188579134,-8.33024969540404));
#5341=CARTESIAN_POINT('',(6.5,2.02043374879206,-10.2152790890361));
#5342=CARTESIAN_POINT('',(0.,1.29444188579134,-8.33024969540404));
#5343=CARTESIAN_POINT('Origin',(0.,-0.701037387474734,-8.01646239488744));
#5344=CARTESIAN_POINT('',(0.,1.29444188579134,-8.33024969540404));
#5345=CARTESIAN_POINT('',(6.5,1.29444188579134,-8.33024969540404));
#5346=CARTESIAN_POINT('Origin',(0.,7.02476119850011,-9.95350948749144));
#5347=CARTESIAN_POINT('',(0.,7.01061772825615,-9.45370956527309));
#5348=CARTESIAN_POINT('',(0.,7.00319136913705,-10.4530440132864));
#5349=CARTESIAN_POINT('Origin',(0.,7.02476119850011,-9.95350948749144));
#5350=CARTESIAN_POINT('',(6.5,7.01061772825615,-9.45370956527309));
#5351=CARTESIAN_POINT('',(0.,7.01061772825615,-9.45370956527309));
#5352=CARTESIAN_POINT('',(6.5,7.00319136913705,-10.4530440132864));
#5353=CARTESIAN_POINT('Origin',(6.5,7.02476119850011,-9.95350948749144));
#5354=CARTESIAN_POINT('',(0.,7.00319136913705,-10.4530440132864));
#5355=CARTESIAN_POINT('Origin',(0.,0.0249544755259876,-9.90149178851947));
#5356=CARTESIAN_POINT('',(0.,6.80708734944073,-11.6343142492941));
#5357=CARTESIAN_POINT('Origin',(0.,0.0249544755259876,-9.90149178851947));
#5358=CARTESIAN_POINT('',(6.5,6.80708734944073,-11.6343142492941));
#5359=CARTESIAN_POINT('Origin',(6.5,0.0249544755259876,-9.90149178851947));
#5360=CARTESIAN_POINT('',(0.,6.80708734944073,-11.6343142492941));
#5361=CARTESIAN_POINT('Origin',(0.,6.66609191922653,-12.1140227948285));
#5362=CARTESIAN_POINT('',(0.,6.49121313470773,-12.5824429168613));
#5363=CARTESIAN_POINT('Origin',(0.,6.66609191922653,-12.1140227948285));
#5364=CARTESIAN_POINT('',(6.5,6.49121313470773,-12.5824429168613));
#5365=CARTESIAN_POINT('Origin',(6.5,6.66609191922653,-12.1140227948285));
#5366=CARTESIAN_POINT('',(0.,6.49121313470773,-12.5824429168613));
#5367=CARTESIAN_POINT('Origin',(0.,0.0249544755259876,-9.90149178851947));
#5368=CARTESIAN_POINT('',(0.,5.93967455102822,-13.6452981975704));
#5369=CARTESIAN_POINT('Origin',(0.,0.0249544755259876,-9.90149178851947));
#5370=CARTESIAN_POINT('',(6.5,5.93967455102822,-13.6452981975704));
#5371=CARTESIAN_POINT('Origin',(6.5,0.0249544755259876,-9.90149178851947));
#5372=CARTESIAN_POINT('',(0.,5.93967455102822,-13.6452981975704));
#5373=CARTESIAN_POINT('Origin',(0.,5.65734183543815,-14.057958151658));
#5374=CARTESIAN_POINT('',(0.,5.34627244964445,-14.4494116447091));
#5375=CARTESIAN_POINT('Origin',(0.,5.65734183543815,-14.057958151658));
#5376=CARTESIAN_POINT('',(6.5,5.34627244964445,-14.4494116447091));
#5377=CARTESIAN_POINT('Origin',(6.5,5.65734183543815,-14.057958151658));
#5378=CARTESIAN_POINT('',(0.,5.34627244964445,-14.4494116447091));
#5379=CARTESIAN_POINT('Origin',(0.,0.0249544755259876,-9.90149178851947));
#5380=CARTESIAN_POINT('',(0.,4.49328774134756,-15.2898122898958));
#5381=CARTESIAN_POINT('Origin',(0.,0.0249544755259876,-9.90149178851947));
#5382=CARTESIAN_POINT('',(6.5,4.49328774134756,-15.2898122898958));
#5383=CARTESIAN_POINT('Origin',(6.5,0.0249544755259876,-9.90149178851947));
#5384=CARTESIAN_POINT('',(0.,4.49328774134756,-15.2898122898958));
#5385=CARTESIAN_POINT('Origin',(0.,4.09725443371128,-15.5950296210595));
#5386=CARTESIAN_POINT('',(0.,3.68044408547202,-15.8711982898122));
#5387=CARTESIAN_POINT('Origin',(0.,4.09725443371128,-15.5950296210595));
#5388=CARTESIAN_POINT('',(6.5,3.68044408547202,-15.8711982898122));
#5389=CARTESIAN_POINT('Origin',(6.5,4.09725443371128,-15.5950296210595));
#5390=CARTESIAN_POINT('',(0.,3.68044408547202,-15.8711982898122));
#5391=CARTESIAN_POINT('Origin',(0.,0.0249544755259876,-9.90149178851947));
#5392=CARTESIAN_POINT('',(0.,2.60950933889978,-16.40688002891));
#5393=CARTESIAN_POINT('Origin',(0.,0.0249544755259876,-9.90149178851947));
#5394=CARTESIAN_POINT('',(6.5,2.60950933889978,-16.40688002891));
#5395=CARTESIAN_POINT('Origin',(6.5,0.0249544755259876,-9.90149178851947));
#5396=CARTESIAN_POINT('',(0.,2.60950933889978,-16.40688002891));
#5397=CARTESIAN_POINT('Origin',(0.,2.13854193869504,-16.5747779382012));
#5398=CARTESIAN_POINT('',(0.,1.65679092898433,-16.7086284691778));
#5399=CARTESIAN_POINT('Origin',(0.,2.13854193869504,-16.5747779382012));
#5400=CARTESIAN_POINT('',(6.5,1.65679092898433,-16.7086284691778));
#5401=CARTESIAN_POINT('Origin',(6.5,2.13854193869504,-16.5747779382012));
#5402=CARTESIAN_POINT('',(0.,1.65679092898433,-16.7086284691778));
#5403=CARTESIAN_POINT('Origin',(0.,0.0249544755259876,-9.90149178851947));
#5404=CARTESIAN_POINT('',(0.,0.472736698772367,-16.8871550412496));
#5405=CARTESIAN_POINT('Origin',(0.,0.0249544755259876,-9.90149178851947));
#5406=CARTESIAN_POINT('',(6.5,0.472736698772367,-16.8871550412496));
#5407=CARTESIAN_POINT('Origin',(6.5,0.0249544755259876,-9.90149178851947));
#5408=CARTESIAN_POINT('',(0.,0.472736698772367,-16.8871550412496));
#5409=CARTESIAN_POINT('Origin',(0.,-0.0270632234459749,-16.9012985114936));
#5410=CARTESIAN_POINT('',(0.,-0.52659774924099,-16.8797286821305));
#5411=CARTESIAN_POINT('Origin',(0.,-0.0270632234459749,-16.9012985114936));
#5412=CARTESIAN_POINT('',(6.5,-0.52659774924099,-16.8797286821305));
#5413=CARTESIAN_POINT('Origin',(6.5,-0.0270632234459749,-16.9012985114936));
#5414=CARTESIAN_POINT('',(0.,-0.52659774924099,-16.8797286821305));
#5415=CARTESIAN_POINT('Origin',(0.,0.0249544755259876,-9.90149178851947));
#5416=CARTESIAN_POINT('',(0.,-1.70786798524861,-16.6836246624342));
#5417=CARTESIAN_POINT('Origin',(0.,0.0249544755259876,-9.90149178851947));
#5418=CARTESIAN_POINT('',(6.5,-1.70786798524861,-16.6836246624342));
#5419=CARTESIAN_POINT('Origin',(6.5,0.0249544755259876,-9.90149178851947));
#5420=CARTESIAN_POINT('',(0.,-1.70786798524861,-16.6836246624342));
#5421=CARTESIAN_POINT('Origin',(0.,-2.18757653078299,-16.54262923222));
#5422=CARTESIAN_POINT('',(0.,-2.6559966528158,-16.3677504477012));
#5423=CARTESIAN_POINT('Origin',(0.,-2.18757653078299,-16.54262923222));
#5424=CARTESIAN_POINT('',(6.5,-2.6559966528158,-16.3677504477012));
#5425=CARTESIAN_POINT('Origin',(6.5,-2.18757653078299,-16.54262923222));
#5426=CARTESIAN_POINT('',(0.,-2.6559966528158,-16.3677504477012));
#5427=CARTESIAN_POINT('Origin',(0.,0.0249544755259876,-9.90149178851947));
#5428=CARTESIAN_POINT('',(0.,-3.71885193352495,-15.8162118640217));
#5429=CARTESIAN_POINT('Origin',(0.,0.0249544755259876,-9.90149178851947));
#5430=CARTESIAN_POINT('',(6.5,-3.71885193352495,-15.8162118640217));
#5431=CARTESIAN_POINT('Origin',(6.5,0.0249544755259876,-9.90149178851947));
#5432=CARTESIAN_POINT('',(0.,-3.71885193352495,-15.8162118640217));
#5433=CARTESIAN_POINT('Origin',(0.,-4.1315118876125,-15.5338791484316));
#5434=CARTESIAN_POINT('',(0.,-4.52296538066363,-15.2228097626379));
#5435=CARTESIAN_POINT('Origin',(0.,-4.1315118876125,-15.5338791484316));
#5436=CARTESIAN_POINT('',(6.5,-4.52296538066363,-15.2228097626379));
#5437=CARTESIAN_POINT('Origin',(6.5,-4.1315118876125,-15.5338791484316));
#5438=CARTESIAN_POINT('',(0.,-4.52296538066363,-15.2228097626379));
#5439=CARTESIAN_POINT('Origin',(0.,0.0249544755259876,-9.90149178851947));
#5440=CARTESIAN_POINT('',(0.,-5.36336602585033,-14.369825054341));
#5441=CARTESIAN_POINT('Origin',(0.,0.0249544755259876,-9.90149178851947));
#5442=CARTESIAN_POINT('',(6.5,-5.36336602585033,-14.369825054341));
#5443=CARTESIAN_POINT('Origin',(6.5,0.0249544755259876,-9.90149178851947));
#5444=CARTESIAN_POINT('',(0.,-5.36336602585033,-14.369825054341));
#5445=CARTESIAN_POINT('Origin',(0.,-5.66858335701399,-13.9737917467048));
#5446=CARTESIAN_POINT('',(0.,-5.94475202576674,-13.5569813984655));
#5447=CARTESIAN_POINT('Origin',(0.,-5.66858335701399,-13.9737917467048));
#5448=CARTESIAN_POINT('',(6.5,-5.94475202576674,-13.5569813984655));
#5449=CARTESIAN_POINT('Origin',(6.5,-5.66858335701399,-13.9737917467048));
#5450=CARTESIAN_POINT('',(0.,-5.94475202576674,-13.5569813984655));
#5451=CARTESIAN_POINT('Origin',(0.,0.0249544755259876,-9.90149178851947));
#5452=CARTESIAN_POINT('',(0.,-6.4804337648645,-12.4860466518933));
#5453=CARTESIAN_POINT('Origin',(0.,0.0249544755259876,-9.90149178851947));
#5454=CARTESIAN_POINT('',(6.5,-6.4804337648645,-12.4860466518933));
#5455=CARTESIAN_POINT('Origin',(6.5,0.0249544755259876,-9.90149178851947));
#5456=CARTESIAN_POINT('',(0.,-6.4804337648645,-12.4860466518933));
#5457=CARTESIAN_POINT('Origin',(0.,-6.64833167415579,-12.0150792516885));
#5458=CARTESIAN_POINT('',(0.,-6.78218220513237,-11.5333282419778));
#5459=CARTESIAN_POINT('Origin',(0.,-6.64833167415579,-12.0150792516885));
#5460=CARTESIAN_POINT('',(6.5,-6.78218220513237,-11.5333282419778));
#5461=CARTESIAN_POINT('Origin',(6.5,-6.64833167415579,-12.0150792516885));
#5462=CARTESIAN_POINT('',(0.,-6.78218220513237,-11.5333282419778));
#5463=CARTESIAN_POINT('Origin',(0.,0.0249544755259876,-9.90149178851947));
#5464=CARTESIAN_POINT('',(0.,-6.96070877720417,-10.3492740117659));
#5465=CARTESIAN_POINT('Origin',(0.,0.0249544755259876,-9.90149178851947));
#5466=CARTESIAN_POINT('',(6.5,-6.96070877720417,-10.3492740117659));
#5467=CARTESIAN_POINT('Origin',(6.5,0.0249544755259876,-9.90149178851947));
#5468=CARTESIAN_POINT('',(0.,-6.96070877720417,-10.3492740117659));
#5469=CARTESIAN_POINT('Origin',(0.,-6.97485224744813,-9.84947408954751));
#5470=CARTESIAN_POINT('',(0.,-6.95328241808508,-9.3499395637525));
#5471=CARTESIAN_POINT('Origin',(0.,-6.97485224744813,-9.84947408954751));
#5472=CARTESIAN_POINT('',(6.5,-6.95328241808508,-9.3499395637525));
#5473=CARTESIAN_POINT('Origin',(6.5,-6.97485224744813,-9.84947408954751));
#5474=CARTESIAN_POINT('',(0.,-6.95328241808508,-9.3499395637525));
#5475=CARTESIAN_POINT('Origin',(0.,0.0249544755259876,-9.90149178851947));
#5476=CARTESIAN_POINT('',(0.,-6.75717839838876,-8.16866932774488));
#5477=CARTESIAN_POINT('Origin',(0.,0.0249544755259876,-9.90149178851947));
#5478=CARTESIAN_POINT('',(6.5,-6.75717839838876,-8.16866932774488));
#5479=CARTESIAN_POINT('Origin',(6.5,0.0249544755259876,-9.90149178851947));
#5480=CARTESIAN_POINT('',(0.,-6.75717839838876,-8.16866932774488));
#5481=CARTESIAN_POINT('Origin',(0.,-6.61618296817456,-7.6889607822105));
#5482=CARTESIAN_POINT('',(0.,-6.44130418365576,-7.22054066017769));
#5483=CARTESIAN_POINT('Origin',(0.,-6.61618296817456,-7.6889607822105));
#5484=CARTESIAN_POINT('',(6.5,-6.44130418365576,-7.22054066017769));
#5485=CARTESIAN_POINT('Origin',(6.5,-6.61618296817456,-7.6889607822105));
#5486=CARTESIAN_POINT('',(0.,-6.44130418365576,-7.22054066017769));
#5487=CARTESIAN_POINT('Origin',(0.,0.0249544755259876,-9.90149178851947));
#5488=CARTESIAN_POINT('',(0.,-5.88976559997624,-6.15768537946854));
#5489=CARTESIAN_POINT('Origin',(0.,0.0249544755259876,-9.90149178851947));
#5490=CARTESIAN_POINT('',(6.5,-5.88976559997624,-6.15768537946854));
#5491=CARTESIAN_POINT('Origin',(6.5,0.0249544755259876,-9.90149178851947));
#5492=CARTESIAN_POINT('',(0.,-5.88976559997624,-6.15768537946854));
#5493=CARTESIAN_POINT('Origin',(0.,-5.60743288438618,-5.74502542538099));
#5494=CARTESIAN_POINT('',(0.,-5.29636349859247,-5.35357193232986));
#5495=CARTESIAN_POINT('Origin',(0.,-5.60743288438618,-5.74502542538099));
#5496=CARTESIAN_POINT('',(6.5,-5.29636349859247,-5.35357193232986));
#5497=CARTESIAN_POINT('Origin',(6.5,-5.60743288438618,-5.74502542538099));
#5498=CARTESIAN_POINT('',(0.,-5.29636349859247,-5.35357193232986));
#5499=CARTESIAN_POINT('Origin',(0.,0.0249544755259876,-9.90149178851947));
#5500=CARTESIAN_POINT('',(0.,-4.44337879029559,-4.51317128714316));
#5501=CARTESIAN_POINT('Origin',(0.,0.0249544755259876,-9.90149178851947));
#5502=CARTESIAN_POINT('',(6.5,-4.44337879029559,-4.51317128714316));
#5503=CARTESIAN_POINT('Origin',(6.5,0.0249544755259876,-9.90149178851947));
#5504=CARTESIAN_POINT('',(0.,-4.44337879029559,-4.51317128714316));
#5505=CARTESIAN_POINT('Origin',(0.,-4.04734548265931,-4.20795395597949));
#5506=CARTESIAN_POINT('',(0.,-3.63053513442004,-3.93178528722675));
#5507=CARTESIAN_POINT('Origin',(0.,-4.04734548265931,-4.20795395597949));
#5508=CARTESIAN_POINT('',(6.5,-3.63053513442004,-3.93178528722675));
#5509=CARTESIAN_POINT('Origin',(6.5,-4.04734548265931,-4.20795395597949));
#5510=CARTESIAN_POINT('',(0.,-3.63053513442004,-3.93178528722675));
#5511=CARTESIAN_POINT('Origin',(0.,0.0249544755259876,-9.90149178851947));
#5512=CARTESIAN_POINT('',(0.,-2.55960038784781,-3.39610354812898));
#5513=CARTESIAN_POINT('Origin',(0.,0.0249544755259876,-9.90149178851947));
#5514=CARTESIAN_POINT('',(6.5,-2.55960038784781,-3.39610354812898));
#5515=CARTESIAN_POINT('Origin',(6.5,0.0249544755259876,-9.90149178851947));
#5516=CARTESIAN_POINT('',(0.,-2.55960038784781,-3.39610354812898));
#5517=CARTESIAN_POINT('Origin',(0.,-2.08863298764306,-3.2282056388377));
#5518=CARTESIAN_POINT('',(0.,-1.60688197793235,-3.09435510786112));
#5519=CARTESIAN_POINT('Origin',(0.,-2.08863298764306,-3.2282056388377));
#5520=CARTESIAN_POINT('',(6.5,-1.60688197793235,-3.09435510786112));
#5521=CARTESIAN_POINT('Origin',(6.5,-2.08863298764306,-3.2282056388377));
#5522=CARTESIAN_POINT('',(0.,-1.60688197793235,-3.09435510786112));
#5523=CARTESIAN_POINT('Origin',(0.,0.0249544755259876,-9.90149178851947));
#5524=CARTESIAN_POINT('',(0.,-0.422827747720392,-2.91582853578931));
#5525=CARTESIAN_POINT('Origin',(0.,0.0249544755259876,-9.90149178851947));
#5526=CARTESIAN_POINT('',(6.5,-0.422827747720392,-2.91582853578931));
#5527=CARTESIAN_POINT('Origin',(6.5,0.0249544755259876,-9.90149178851947));
#5528=CARTESIAN_POINT('',(0.,-0.422827747720392,-2.91582853578931));
#5529=CARTESIAN_POINT('Origin',(0.,0.0769721744979492,-2.90168506554536));
#5530=CARTESIAN_POINT('',(0.,0.576506700292964,-2.92325489490841));
#5531=CARTESIAN_POINT('Origin',(0.,0.0769721744979492,-2.90168506554536));
#5532=CARTESIAN_POINT('',(6.5,0.576506700292964,-2.92325489490841));
#5533=CARTESIAN_POINT('Origin',(6.5,0.0769721744979492,-2.90168506554536));
#5534=CARTESIAN_POINT('',(0.,0.576506700292964,-2.92325489490841));
#5535=CARTESIAN_POINT('Origin',(0.,0.0249544755259876,-9.90149178851947));
#5536=CARTESIAN_POINT('',(0.,1.75777693630058,-3.11935891460473));
#5537=CARTESIAN_POINT('Origin',(0.,0.0249544755259876,-9.90149178851947));
#5538=CARTESIAN_POINT('',(6.5,1.75777693630058,-3.11935891460473));
#5539=CARTESIAN_POINT('Origin',(6.5,0.0249544755259876,-9.90149178851947));
#5540=CARTESIAN_POINT('',(0.,1.75777693630058,-3.11935891460473));
#5541=CARTESIAN_POINT('Origin',(0.,2.23748548183496,-3.26035434481893));
#5542=CARTESIAN_POINT('',(0.,2.70590560386777,-3.43523312933773));
#5543=CARTESIAN_POINT('Origin',(0.,2.23748548183496,-3.26035434481893));
#5544=CARTESIAN_POINT('',(6.5,2.70590560386777,-3.43523312933773));
#5545=CARTESIAN_POINT('Origin',(6.5,2.23748548183496,-3.26035434481893));
#5546=CARTESIAN_POINT('',(0.,2.70590560386777,-3.43523312933773));
#5547=CARTESIAN_POINT('Origin',(0.,0.0249544755259876,-9.90149178851947));
#5548=CARTESIAN_POINT('',(0.,3.76876088457692,-3.98677171301724));
#5549=CARTESIAN_POINT('Origin',(0.,0.0249544755259876,-9.90149178851947));
#5550=CARTESIAN_POINT('',(6.5,3.76876088457692,-3.98677171301724));
#5551=CARTESIAN_POINT('Origin',(6.5,0.0249544755259876,-9.90149178851947));
#5552=CARTESIAN_POINT('',(0.,3.76876088457692,-3.98677171301724));
#5553=CARTESIAN_POINT('Origin',(0.,4.18142083866448,-4.26910442860731));
#5554=CARTESIAN_POINT('',(0.,4.5728743317156,-4.58017381440101));
#5555=CARTESIAN_POINT('Origin',(0.,4.18142083866448,-4.26910442860731));
#5556=CARTESIAN_POINT('',(6.5,4.5728743317156,-4.58017381440101));
#5557=CARTESIAN_POINT('Origin',(6.5,4.18142083866448,-4.26910442860731));
#5558=CARTESIAN_POINT('',(0.,4.5728743317156,-4.58017381440101));
#5559=CARTESIAN_POINT('Origin',(0.,0.0249544755259876,-9.90149178851947));
#5560=CARTESIAN_POINT('',(0.,5.4132749769023,-5.4331585226979));
#5561=CARTESIAN_POINT('Origin',(0.,0.0249544755259876,-9.90149178851947));
#5562=CARTESIAN_POINT('',(6.5,5.4132749769023,-5.4331585226979));
#5563=CARTESIAN_POINT('Origin',(6.5,0.0249544755259876,-9.90149178851947));
#5564=CARTESIAN_POINT('',(0.,5.4132749769023,-5.4331585226979));
#5565=CARTESIAN_POINT('Origin',(0.,5.71849230806597,-5.82919183033418));
#5566=CARTESIAN_POINT('',(0.,5.99466097681871,-6.24600217857345));
#5567=CARTESIAN_POINT('Origin',(0.,5.71849230806597,-5.82919183033418));
#5568=CARTESIAN_POINT('',(6.5,5.99466097681871,-6.24600217857345));
#5569=CARTESIAN_POINT('Origin',(6.5,5.71849230806597,-5.82919183033418));
#5570=CARTESIAN_POINT('',(0.,5.99466097681871,-6.24600217857345));
#5571=CARTESIAN_POINT('Origin',(0.,0.0249544755259876,-9.90149178851947));
#5572=CARTESIAN_POINT('',(0.,6.53034271591648,-7.31693692514568));
#5573=CARTESIAN_POINT('Origin',(0.,0.0249544755259876,-9.90149178851947));
#5574=CARTESIAN_POINT('',(6.5,6.53034271591648,-7.31693692514568));
#5575=CARTESIAN_POINT('Origin',(6.5,0.0249544755259876,-9.90149178851947));
#5576=CARTESIAN_POINT('',(0.,6.53034271591648,-7.31693692514568));
#5577=CARTESIAN_POINT('Origin',(0.,6.69824062520776,-7.78790432535042));
#5578=CARTESIAN_POINT('',(0.,6.83209115618435,-8.26965533506113));
#5579=CARTESIAN_POINT('Origin',(0.,6.69824062520776,-7.78790432535042));
#5580=CARTESIAN_POINT('',(6.5,6.83209115618435,-8.26965533506113));
#5581=CARTESIAN_POINT('Origin',(6.5,6.69824062520776,-7.78790432535042));
#5582=CARTESIAN_POINT('',(0.,6.83209115618435,-8.26965533506113));
#5583=CARTESIAN_POINT('Origin',(0.,0.0249544755259876,-9.90149178851947));
#5584=CARTESIAN_POINT('Origin',(0.,0.0249544755259876,-9.90149178851947));
#5585=CARTESIAN_POINT('Origin',(6.5,0.0249544755259876,-9.90149178851947));
#5586=CARTESIAN_POINT('Origin',(6.5,0.0249544755259878,-9.90149178851947));
#5587=CARTESIAN_POINT('Origin',(0.,0.0249544755259878,-9.90149178851947));
#5588=CARTESIAN_POINT('',(0.,0.,0.));
#5589=CARTESIAN_POINT('Origin',(9.5,7.7715611723761E-15,-29.7500004470348));
#5590=CARTESIAN_POINT('',(9.5,-1.74142182951467,-28.7664100792039));
#5591=CARTESIAN_POINT('',(9.5,-1.72252516021658,-30.7663208061839));
#5592=CARTESIAN_POINT('',(9.5,-1.74142182951467,-28.7664100792039));
#5593=CARTESIAN_POINT('',(9.5,-1.99999999999999,-29.7500004470348));
#5594=CARTESIAN_POINT('Origin',(9.5,7.7715611723761E-15,-29.7500004470348));
#5595=CARTESIAN_POINT('Origin',(9.5,7.7715611723761E-15,-29.7500004470348));
#5596=CARTESIAN_POINT('Origin',(9.5,7.7715611723761E-15,-29.7500004470348));
#5597=CARTESIAN_POINT('',(9.5,0.0188966692981021,-31.7499111740148));
#5598=CARTESIAN_POINT('',(9.5,-1.72252516021658,-30.7663208061839));
#5599=CARTESIAN_POINT('Origin',(9.5,7.7715611723761E-15,-29.7500004470348));
#5600=CARTESIAN_POINT('Origin',(9.5,7.7715611723761E-15,-29.7500004470348));
#5601=CARTESIAN_POINT('',(9.5,1.74142182951469,-30.7335908148657));
#5602=CARTESIAN_POINT('',(9.5,0.0188966692981021,-31.7499111740148));
#5603=CARTESIAN_POINT('Origin',(9.5,7.7715611723761E-15,-29.7500004470348));
#5604=CARTESIAN_POINT('Origin',(9.5,7.7715611723761E-15,-29.7500004470348));
#5605=CARTESIAN_POINT('',(9.5,1.72252516021659,-28.7336800878858));
#5606=CARTESIAN_POINT('',(9.5,1.74142182951469,-30.7335908148657));
#5607=CARTESIAN_POINT('Origin',(9.5,7.7715611723761E-15,-29.7500004470348));
#5608=CARTESIAN_POINT('Origin',(9.5,7.7715611723761E-15,-29.7500004470348));
#5609=CARTESIAN_POINT('',(9.5,-0.018896669298086,-27.7500897200549));
#5610=CARTESIAN_POINT('',(9.5,1.72252516021659,-28.7336800878858));
#5611=CARTESIAN_POINT('Origin',(9.5,7.7715611723761E-15,-29.7500004470348));
#5612=CARTESIAN_POINT('Origin',(9.5,7.7715611723761E-15,-29.7500004470348));
#5613=CARTESIAN_POINT('',(9.5,-0.018896669298086,-27.7500897200549));
#5614=CARTESIAN_POINT('Origin',(9.5,7.7715611723761E-15,-29.7500004470348));
#5615=CARTESIAN_POINT('Origin',(9.5,7.7715611723761E-15,-29.7500004470348));
#5616=CARTESIAN_POINT('',(12.5,-1.99999999999999,-29.7500004470348));
#5617=CARTESIAN_POINT('Origin',(12.5,7.7715611723761E-15,-29.7500004470348));
#5618=CARTESIAN_POINT('',(9.5,-1.99999999999999,-29.7500004470348));
#5619=CARTESIAN_POINT('Origin',(12.5,7.7715611723761E-15,-29.7500004470348));
#5620=CARTESIAN_POINT('Origin',(0.,0.887676038879049,-30.2625004470348));
#5621=CARTESIAN_POINT('',(0.,1.66533453693773E-15,-30.7750004470348));
#5622=CARTESIAN_POINT('',(0.,0.887676038879049,-30.2625004470348));
#5623=CARTESIAN_POINT('',(0.,0.66575702915929,-30.3906254470348));
#5624=CARTESIAN_POINT('',(-2.7,1.66533453693773E-15,-30.7750004470348));
#5625=CARTESIAN_POINT('',(0.,1.66533453693773E-15,-30.7750004470348));
#5626=CARTESIAN_POINT('',(-2.7,0.887676038879049,-30.2625004470348));
#5627=CARTESIAN_POINT('',(-2.7,1.62847166307323E-15,-30.7750004470348));
#5628=CARTESIAN_POINT('',(0.,0.887676038879049,-30.2625004470348));
#5629=CARTESIAN_POINT('Origin',(0.,0.887676038879053,-29.2375004470348));
#5630=CARTESIAN_POINT('',(0.,0.887676038879053,-29.2375004470348));
#5631=CARTESIAN_POINT('',(0.,0.887676038879052,-29.4937504470348));
#5632=CARTESIAN_POINT('',(-2.7,0.887676038879053,-29.2375004470348));
#5633=CARTESIAN_POINT('',(-2.7,0.887676038879049,-30.2625004470348));
#5634=CARTESIAN_POINT('',(0.,0.887676038879053,-29.2375004470348));
#5635=CARTESIAN_POINT('Origin',(0.,1.16573417585641E-14,-28.7250004470348));
#5636=CARTESIAN_POINT('',(0.,1.159445803256E-14,-28.7250004470348));
#5637=CARTESIAN_POINT('',(0.,0.221919009719772,-28.8531254470348));
#5638=CARTESIAN_POINT('',(-2.7,1.16573417585641E-14,-28.7250004470348));
#5639=CARTESIAN_POINT('',(-2.7,0.887676038879053,-29.2375004470348));
#5640=CARTESIAN_POINT('',(0.,1.159445803256E-14,-28.7250004470348));
#5641=CARTESIAN_POINT('Origin',(0.,-0.887676038879032,-29.2375004470348));
#5642=CARTESIAN_POINT('',(0.,-0.887676038879032,-29.2375004470348));
#5643=CARTESIAN_POINT('',(0.,-0.665757029159271,-29.1093754470348));
#5644=CARTESIAN_POINT('',(-2.7,-0.887676038879032,-29.2375004470348));
#5645=CARTESIAN_POINT('',(-2.7,1.159445803256E-14,-28.7250004470348));
#5646=CARTESIAN_POINT('',(0.,-0.887676038879032,-29.2375004470348));
#5647=CARTESIAN_POINT('Origin',(0.,-0.887676038879036,-30.2625004470348));
#5648=CARTESIAN_POINT('',(0.,-0.887676038879036,-30.2625004470348));
#5649=CARTESIAN_POINT('',(0.,-0.887676038879035,-30.0062504470348));
#5650=CARTESIAN_POINT('',(-2.7,-0.887676038879036,-30.2625004470348));
#5651=CARTESIAN_POINT('',(-2.7,-0.887676038879032,-29.2375004470348));
#5652=CARTESIAN_POINT('',(0.,-0.887676038879036,-30.2625004470348));
#5653=CARTESIAN_POINT('Origin',(0.,1.66533453693773E-15,-30.7750004470348));
#5654=CARTESIAN_POINT('',(0.,-0.221919009719762,-30.6468754470348));
#5655=CARTESIAN_POINT('',(-2.7,-0.887676038879036,-30.2625004470348));
#5656=CARTESIAN_POINT('Origin',(-2.7,8.60422844084496E-15,-29.7500004470348));
#5657=CARTESIAN_POINT('Origin',(0.,-0.018896669298086,-27.7500897200549));
#5658=CARTESIAN_POINT('',(0.,-0.018896669298086,-27.7500897200549));
#5659=CARTESIAN_POINT('',(0.,-1.74142182951467,-28.7664100792039));
#5660=CARTESIAN_POINT('',(0.,-0.018896669298086,-27.7500897200549));
#5661=CARTESIAN_POINT('',(0.,-1.74142182951467,-28.7664100792039));
#5662=CARTESIAN_POINT('',(0.,-0.018896669298086,-27.7500897200549));
#5663=CARTESIAN_POINT('Origin',(0.,1.72252516021659,-28.7336800878858));
#5664=CARTESIAN_POINT('',(0.,1.72252516021659,-28.7336800878858));
#5665=CARTESIAN_POINT('',(0.,1.72252516021659,-28.7336800878858));
#5666=CARTESIAN_POINT('',(0.,1.72252516021659,-28.7336800878858));
#5667=CARTESIAN_POINT('Origin',(0.,1.74142182951469,-30.7335908148657));
#5668=CARTESIAN_POINT('',(0.,1.74142182951469,-30.7335908148657));
#5669=CARTESIAN_POINT('',(0.,1.74142182951469,-30.7335908148657));
#5670=CARTESIAN_POINT('',(0.,1.74142182951469,-30.7335908148657));
#5671=CARTESIAN_POINT('Origin',(0.,0.0188966692981021,-31.7499111740148));
#5672=CARTESIAN_POINT('',(0.,0.0188966692981021,-31.7499111740148));
#5673=CARTESIAN_POINT('',(0.,0.0188966692981021,-31.7499111740148));
#5674=CARTESIAN_POINT('',(0.,0.0188966692981021,-31.7499111740148));
#5675=CARTESIAN_POINT('Origin',(0.,-1.72252516021658,-30.7663208061839));
#5676=CARTESIAN_POINT('',(0.,-1.72252516021658,-30.7663208061839));
#5677=CARTESIAN_POINT('',(0.,-1.72252516021658,-30.7663208061839));
#5678=CARTESIAN_POINT('',(0.,-1.72252516021658,-30.7663208061839));
#5679=CARTESIAN_POINT('Origin',(0.,-1.74142182951467,-28.7664100792039));
#5680=CARTESIAN_POINT('',(0.,-1.74142182951467,-28.7664100792039));
#5681=CARTESIAN_POINT('Origin',(0.,7.7715611723761E-15,-29.7500004470348));
#5682=CARTESIAN_POINT('',(0.,0.,0.));
#5683=CARTESIAN_POINT('Origin',(-6.45,-10.1,2.4));
#5684=CARTESIAN_POINT('',(-7.25,-10.1,3.));
#5685=CARTESIAN_POINT('Origin',(-6.45,-10.1,3.));
#5686=CARTESIAN_POINT('',(-7.25,-10.1,1.8));
#5687=CARTESIAN_POINT('',(-7.25,-10.1,2.4));
#5688=CARTESIAN_POINT('Origin',(-6.45,-10.1,1.8));
#5689=CARTESIAN_POINT('Origin',(-6.45,-10.1,1.8));
#5690=CARTESIAN_POINT('Origin',(6.45,-10.1,2.4));
#5691=CARTESIAN_POINT('',(5.65,-10.1,3.));
#5692=CARTESIAN_POINT('Origin',(6.45,-10.1,3.));
#5693=CARTESIAN_POINT('',(5.65,-10.1,1.8));
#5694=CARTESIAN_POINT('',(5.65,-10.1,2.4));
#5695=CARTESIAN_POINT('Origin',(6.45,-10.1,1.8));
#5696=CARTESIAN_POINT('Origin',(6.45,-10.1,1.8));
#5697=CARTESIAN_POINT('Origin',(6.25,6.25,0.5));
#5698=CARTESIAN_POINT('',(8.45,6.25,-6.93889390390723E-17));
#5699=CARTESIAN_POINT('Origin',(6.25,6.25,0.));
#5700=CARTESIAN_POINT('',(7.45,6.25,1.));
#5701=CARTESIAN_POINT('',(7.95,6.25,0.5));
#5702=CARTESIAN_POINT('Origin',(6.25,6.25,1.));
#5703=CARTESIAN_POINT('Origin',(6.25,6.25,1.5));
#5704=CARTESIAN_POINT('',(7.45,6.25,3.));
#5705=CARTESIAN_POINT('',(7.45,6.25,1.5));
#5706=CARTESIAN_POINT('Origin',(6.25,6.25,3.));
#5707=CARTESIAN_POINT('Origin',(-6.25,6.25,0.5));
#5708=CARTESIAN_POINT('',(-4.05,6.25,-6.93889390390723E-17));
#5709=CARTESIAN_POINT('Origin',(-6.25,6.25,0.));
#5710=CARTESIAN_POINT('',(-5.05,6.25,1.));
#5711=CARTESIAN_POINT('',(-4.55,6.25,0.5));
#5712=CARTESIAN_POINT('Origin',(-6.25,6.25,1.));
#5713=CARTESIAN_POINT('Origin',(-6.25,6.25,1.5));
#5714=CARTESIAN_POINT('',(-5.05,6.25,3.));
#5715=CARTESIAN_POINT('',(-5.05,6.25,1.5));
#5716=CARTESIAN_POINT('Origin',(-6.25,6.25,3.));
#5717=CARTESIAN_POINT('Origin',(-2.25,9.4,0.5));
#5718=CARTESIAN_POINT('',(-6.25,8.9,0.));
#5719=CARTESIAN_POINT('',(-6.25,9.9,1.));
#5720=CARTESIAN_POINT('',(-6.25,9.15,0.25));
#5721=CARTESIAN_POINT('',(-2.75,9.9,1.));
#5722=CARTESIAN_POINT('',(-2.25,9.9,1.));
#5723=CARTESIAN_POINT('',(-2.75,8.9,0.));
#5724=CARTESIAN_POINT('',(-2.75,9.6375,0.7375));
#5725=CARTESIAN_POINT('',(-2.25,8.9,0.));
#5726=CARTESIAN_POINT('Origin',(-6.25,8.9,0.));
#5727=CARTESIAN_POINT('',(-6.25,8.9,1.95));
#5728=CARTESIAN_POINT('',(-6.25,8.9,0.));
#5729=CARTESIAN_POINT('',(-6.25,9.9,1.95));
#5730=CARTESIAN_POINT('',(-6.25,8.9,1.95));
#5731=CARTESIAN_POINT('',(-6.25,9.9,1.95));
#5732=CARTESIAN_POINT('Origin',(0.,-1.35,0.));
#5733=CARTESIAN_POINT('',(2.75,8.9,0.));
#5734=CARTESIAN_POINT('',(-6.25,8.9,0.));
#5735=CARTESIAN_POINT('',(6.25,8.9,0.));
#5736=CARTESIAN_POINT('',(2.25,8.9,0.));
#5737=CARTESIAN_POINT('',(8.9,6.25,0.));
#5738=CARTESIAN_POINT('Origin',(6.25,6.25,0.));
#5739=CARTESIAN_POINT('',(8.9,-11.6,0.));
#5740=CARTESIAN_POINT('',(8.9,6.25,0.));
#5741=CARTESIAN_POINT('',(-8.9,-11.6,0.));
#5742=CARTESIAN_POINT('',(-3.35,-11.6,0.));
#5743=CARTESIAN_POINT('',(-8.9,6.25,0.));
#5744=CARTESIAN_POINT('',(-8.9,-11.6,0.));
#5745=CARTESIAN_POINT('Origin',(-6.25,6.25,0.));
#5746=CARTESIAN_POINT('',(7.15000000000055,-9.89999999999987,0.));
#5747=CARTESIAN_POINT('',(4.35000000000055,-9.89999999999987,0.));
#5748=CARTESIAN_POINT('',(3.52500000000028,-9.89999999999987,0.));
#5749=CARTESIAN_POINT('',(4.35000000000056,-10.7,0.));
#5750=CARTESIAN_POINT('',(4.35000000000054,-5.67499999999993,0.));
#5751=CARTESIAN_POINT('',(7.15000000000055,-10.7,0.));
#5752=CARTESIAN_POINT('',(2.22500000000028,-10.7,0.));
#5753=CARTESIAN_POINT('',(7.15000000000055,-5.97499999999999,0.));
#5754=CARTESIAN_POINT('',(-4.34999999999945,-9.89999999999987,0.));
#5755=CARTESIAN_POINT('',(-7.14999999999945,-9.89999999999987,0.));
#5756=CARTESIAN_POINT('',(-2.22499999999972,-9.89999999999987,0.));
#5757=CARTESIAN_POINT('',(-7.14999999999944,-10.7,0.));
#5758=CARTESIAN_POINT('',(-7.14999999999946,-5.67499999999995,0.));
#5759=CARTESIAN_POINT('',(-4.34999999999945,-10.7,0.));
#5760=CARTESIAN_POINT('',(-3.52499999999972,-10.7,0.));
#5761=CARTESIAN_POINT('',(-4.34999999999945,-5.975,0.));
#5762=CARTESIAN_POINT('Origin',(2.25,9.4,0.5));
#5763=CARTESIAN_POINT('',(6.25,9.9,1.));
#5764=CARTESIAN_POINT('',(6.25,9.6375,0.7375));
#5765=CARTESIAN_POINT('',(2.75,9.9,1.));
#5766=CARTESIAN_POINT('',(2.75,9.15,0.25));
#5767=CARTESIAN_POINT('',(2.25,9.9,1.));
#5768=CARTESIAN_POINT('Origin',(6.25,8.9,1.95));
#5769=CARTESIAN_POINT('',(6.25,9.9,1.95));
#5770=CARTESIAN_POINT('',(6.25,9.9,1.95));
#5771=CARTESIAN_POINT('',(6.25,8.9,1.95));
#5772=CARTESIAN_POINT('',(6.25,8.9,1.95));
#5773=CARTESIAN_POINT('',(6.25,8.9,0.));
#5774=CARTESIAN_POINT('Origin',(-2.75,8.9,1.95));
#5775=CARTESIAN_POINT('',(-2.75,9.9,1.95));
#5776=CARTESIAN_POINT('',(-2.75,9.9,0.));
#5777=CARTESIAN_POINT('',(-2.75,8.9,1.95));
#5778=CARTESIAN_POINT('',(-2.75,8.9,1.95));
#5779=CARTESIAN_POINT('',(-2.75,8.9,0.975));
#5780=CARTESIAN_POINT('Origin',(-6.25,8.9,1.95));
#5781=CARTESIAN_POINT('',(-1.11022302462516E-15,8.9,1.95));
#5782=CARTESIAN_POINT('',(-2.75,9.9,1.95));
#5783=CARTESIAN_POINT('Origin',(-4.5,9.9,0.975));
#5784=CARTESIAN_POINT('Origin',(6.25,8.9,0.));
#5785=CARTESIAN_POINT('',(-6.25,8.9,3.));
#5786=CARTESIAN_POINT('',(-6.25,8.9,0.));
#5787=CARTESIAN_POINT('',(6.25,8.9,3.));
#5788=CARTESIAN_POINT('',(-6.25,8.9,3.));
#5789=CARTESIAN_POINT('',(6.25,8.9,0.));
#5790=CARTESIAN_POINT('',(2.75,8.9,1.95));
#5791=CARTESIAN_POINT('',(4.5,8.9,1.95));
#5792=CARTESIAN_POINT('',(2.75,8.9,0.));
#5793=CARTESIAN_POINT('Origin',(2.75,8.9,1.95));
#5794=CARTESIAN_POINT('',(2.75,9.9,1.95));
#5795=CARTESIAN_POINT('',(2.75,9.9,1.95));
#5796=CARTESIAN_POINT('',(2.75,8.9,1.95));
#5797=CARTESIAN_POINT('Origin',(2.75,8.9,0.));
#5798=CARTESIAN_POINT('',(2.75,9.9,0.));
#5799=CARTESIAN_POINT('Origin',(4.5,9.9,0.975));
#5800=CARTESIAN_POINT('Origin',(9.,-4.65,1.35));
#5801=CARTESIAN_POINT('',(8.9,-4.26270166537926,1.58729833462074));
#5802=CARTESIAN_POINT('',(8.9,-4.26270166537926,0.812701665379258));
#5803=CARTESIAN_POINT('',(8.9,-4.26270166537926,1.35));
#5804=CARTESIAN_POINT('',(8.6,-4.65,1.2));
#5805=CARTESIAN_POINT('Origin',(9.,-4.65,1.2));
#5806=CARTESIAN_POINT('Origin',(9.,-4.65,1.2));
#5807=CARTESIAN_POINT('Origin',(9.,-7.05,1.05));
#5808=CARTESIAN_POINT('',(8.9,-7.43729833462074,0.812701665379258));
#5809=CARTESIAN_POINT('',(8.9,-7.43729833462074,1.58729833462074));
#5810=CARTESIAN_POINT('',(8.9,-7.43729833462074,1.05));
#5811=CARTESIAN_POINT('',(8.6,-7.05,1.2));
#5812=CARTESIAN_POINT('Origin',(9.,-7.05,1.2));
#5813=CARTESIAN_POINT('Origin',(9.,-7.05,1.2));
#5814=CARTESIAN_POINT('Origin',(9.,-5.1,1.2));
#5815=CARTESIAN_POINT('',(8.9,-5.1,1.58729833462074));
#5816=CARTESIAN_POINT('',(8.9,-5.1,0.812701665379258));
#5817=CARTESIAN_POINT('Origin',(-9.,-4.65,1.35));
#5818=CARTESIAN_POINT('',(-8.9,-4.26270166537926,0.812701665379258));
#5819=CARTESIAN_POINT('',(-8.9,-4.26270166537926,1.58729833462074));
#5820=CARTESIAN_POINT('',(-8.9,-4.26270166537926,1.35));
#5821=CARTESIAN_POINT('',(-8.6,-4.65,1.2));
#5822=CARTESIAN_POINT('Origin',(-9.,-4.65,1.2));
#5823=CARTESIAN_POINT('Origin',(-9.,-4.65,1.2));
#5824=CARTESIAN_POINT('Origin',(-9.,-7.05,1.05));
#5825=CARTESIAN_POINT('',(-8.9,-7.43729833462074,1.58729833462074));
#5826=CARTESIAN_POINT('',(-8.9,-7.43729833462074,0.812701665379258));
#5827=CARTESIAN_POINT('',(-8.9,-7.43729833462074,1.05));
#5828=CARTESIAN_POINT('',(-8.6,-7.05,1.2));
#5829=CARTESIAN_POINT('Origin',(-9.,-7.05,1.2));
#5830=CARTESIAN_POINT('Origin',(-9.,-7.05,1.2));
#5831=CARTESIAN_POINT('Origin',(-9.,-5.1,1.2));
#5832=CARTESIAN_POINT('',(-8.9,-5.1,0.812701665379258));
#5833=CARTESIAN_POINT('',(-8.9,-5.1,1.58729833462074));
#5834=CARTESIAN_POINT('Origin',(4.75000000000055,-10.1499999999999,0.1));
#5835=CARTESIAN_POINT('',(4.35000000000055,-9.89999999999987,0.1));
#5836=CARTESIAN_POINT('',(4.75000000000056,-10.3,0.5));
#5837=CARTESIAN_POINT('Origin',(4.75000000000056,-10.3,0.1));
#5838=CARTESIAN_POINT('',(4.35000000000056,-10.7,0.1));
#5839=CARTESIAN_POINT('Origin',(4.75000000000056,-10.3,0.1));
#5840=CARTESIAN_POINT('',(4.35000000000055,-10.1499999999999,0.1));
#5841=CARTESIAN_POINT('Origin',(5.10000000000056,-10.3,0.1));
#5842=CARTESIAN_POINT('',(7.15000000000055,-9.89999999999987,0.1));
#5843=CARTESIAN_POINT('',(6.40000000000055,-9.89999999999987,0.1));
#5844=CARTESIAN_POINT('',(6.75000000000056,-10.3,0.5));
#5845=CARTESIAN_POINT('Origin',(6.75000000000056,-10.3,0.1));
#5846=CARTESIAN_POINT('',(7.15000000000056,-10.7,0.1));
#5847=CARTESIAN_POINT('Origin',(6.75000000000056,-10.3,0.1));
#5848=CARTESIAN_POINT('',(5.10000000000056,-10.7,0.1));
#5849=CARTESIAN_POINT('Origin',(6.75000000000056,-10.45,0.1));
#5850=CARTESIAN_POINT('',(7.15000000000056,-10.45,0.1));
#5851=CARTESIAN_POINT('Origin',(7.05000000000055,-9.89999999999987,0.));
#5852=CARTESIAN_POINT('',(4.35000000000055,-9.89999999999987,0.));
#5853=CARTESIAN_POINT('',(7.15000000000055,-9.89999999999987,0.));
#5854=CARTESIAN_POINT('Origin',(7.15000000000056,-10.6,0.));
#5855=CARTESIAN_POINT('',(7.15000000000056,-10.7,0.));
#5856=CARTESIAN_POINT('Origin',(4.45000000000056,-10.7,0.));
#5857=CARTESIAN_POINT('',(4.35000000000056,-10.7,0.));
#5858=CARTESIAN_POINT('Origin',(4.35000000000055,-9.99999999999987,0.));
#5859=CARTESIAN_POINT('Origin',(-4.74999999999945,-10.45,0.1));
#5860=CARTESIAN_POINT('',(-4.74999999999945,-10.2999999999999,0.5));
#5861=CARTESIAN_POINT('',(-4.34999999999945,-10.7,0.1));
#5862=CARTESIAN_POINT('Origin',(-4.74999999999945,-10.3,0.1));
#5863=CARTESIAN_POINT('',(-4.34999999999945,-9.89999999999987,0.1));
#5864=CARTESIAN_POINT('Origin',(-4.74999999999945,-10.3,0.1));
#5865=CARTESIAN_POINT('',(-4.34999999999945,-10.45,0.1));
#5866=CARTESIAN_POINT('Origin',(-6.39999999999945,-10.3,0.1));
#5867=CARTESIAN_POINT('',(-7.14999999999945,-10.7,0.1));
#5868=CARTESIAN_POINT('',(-6.39999999999945,-10.7,0.1));
#5869=CARTESIAN_POINT('',(-6.74999999999945,-10.2999999999999,0.5));
#5870=CARTESIAN_POINT('Origin',(-6.74999999999945,-10.3,0.1));
#5871=CARTESIAN_POINT('',(-7.14999999999945,-9.9,0.1));
#5872=CARTESIAN_POINT('Origin',(-6.74999999999945,-10.3,0.1));
#5873=CARTESIAN_POINT('',(-5.09999999999945,-9.89999999999987,0.1));
#5874=CARTESIAN_POINT('Origin',(-6.74999999999945,-10.1499999999999,0.1));
#5875=CARTESIAN_POINT('',(-7.14999999999945,-10.1499999999999,0.1));
#5876=CARTESIAN_POINT('Origin',(-4.44999999999945,-9.89999999999987,0.));
#5877=CARTESIAN_POINT('',(-7.14999999999945,-9.89999999999987,0.));
#5878=CARTESIAN_POINT('',(-4.34999999999945,-9.89999999999987,0.));
#5879=CARTESIAN_POINT('Origin',(-4.34999999999945,-10.6,0.));
#5880=CARTESIAN_POINT('',(-4.34999999999945,-10.7,0.));
#5881=CARTESIAN_POINT('Origin',(-7.14999999999945,-9.99999999999987,0.));
#5882=CARTESIAN_POINT('',(-7.14999999999945,-10.7,0.));
#5883=CARTESIAN_POINT('Origin',(-7.04999999999945,-10.7,0.));
#5884=CARTESIAN_POINT('Origin',(0.,-4.775,1.5));
#5885=CARTESIAN_POINT('',(2.,2.05,1.5));
#5886=CARTESIAN_POINT('',(4.,0.0500000000000039,1.5));
#5887=CARTESIAN_POINT('Origin',(2.,0.0500000000000039,1.5));
#5888=CARTESIAN_POINT('',(-2.,2.05,1.5));
#5889=CARTESIAN_POINT('',(-1.,2.05,1.5));
#5890=CARTESIAN_POINT('',(-4.,0.0500000000000029,1.5));
#5891=CARTESIAN_POINT('Origin',(-2.,0.0500000000000028,1.5));
#5892=CARTESIAN_POINT('',(-4.,-11.6,1.5));
#5893=CARTESIAN_POINT('',(-4.,-8.1875,1.5));
#5894=CARTESIAN_POINT('',(4.,-11.6,1.5));
#5895=CARTESIAN_POINT('',(-3.35,-11.6,1.5));
#5896=CARTESIAN_POINT('',(4.,-2.3625,1.5));
#5897=CARTESIAN_POINT('Origin',(-4.,-11.6,0.));
#5898=CARTESIAN_POINT('',(-4.,0.0500000000000034,3.));
#5899=CARTESIAN_POINT('',(-4.,0.0500000000000029,0.));
#5900=CARTESIAN_POINT('',(-4.,-11.6,3.));
#5901=CARTESIAN_POINT('',(-4.,-10.95,3.));
#5902=CARTESIAN_POINT('',(-4.,-11.6,0.));
#5903=CARTESIAN_POINT('Origin',(-2.,0.0500000000000028,0.));
#5904=CARTESIAN_POINT('',(-2.,2.05,3.));
#5905=CARTESIAN_POINT('',(-2.,2.05,0.));
#5906=CARTESIAN_POINT('Origin',(-2.,0.0500000000000028,3.));
#5907=CARTESIAN_POINT('Origin',(-2.,2.05,0.));
#5908=CARTESIAN_POINT('',(2.,2.05,3.));
#5909=CARTESIAN_POINT('',(2.,2.05,0.));
#5910=CARTESIAN_POINT('',(2.,2.05,3.));
#5911=CARTESIAN_POINT('Origin',(2.,0.0500000000000039,0.));
#5912=CARTESIAN_POINT('',(4.,0.0500000000000034,3.));
#5913=CARTESIAN_POINT('',(4.,0.0500000000000039,0.));
#5914=CARTESIAN_POINT('Origin',(2.,0.0500000000000039,3.));
#5915=CARTESIAN_POINT('Origin',(-8.9,-11.6,0.));
#5916=CARTESIAN_POINT('',(8.9,-11.6,3.));
#5917=CARTESIAN_POINT('',(8.9,-11.6,0.));
#5918=CARTESIAN_POINT('',(4.,-11.6,3.));
#5919=CARTESIAN_POINT('',(8.9,-11.6,3.));
#5920=CARTESIAN_POINT('',(4.,-11.6,0.));
#5921=CARTESIAN_POINT('',(-8.9,-11.6,3.));
#5922=CARTESIAN_POINT('',(-3.35,-11.6,3.));
#5923=CARTESIAN_POINT('',(-8.9,-11.6,0.));
#5924=CARTESIAN_POINT('Origin',(-8.9,6.25,0.));
#5925=CARTESIAN_POINT('',(-8.9,6.25,3.));
#5926=CARTESIAN_POINT('',(-8.9,-11.6,3.));
#5927=CARTESIAN_POINT('',(-8.9,6.25,0.));
#5928=CARTESIAN_POINT('Origin',(-6.25,6.25,0.));
#5929=CARTESIAN_POINT('Origin',(-6.25,6.25,3.));
#5930=CARTESIAN_POINT('Origin',(6.25,6.25,0.));
#5931=CARTESIAN_POINT('',(8.9,6.25,3.));
#5932=CARTESIAN_POINT('Origin',(6.25,6.25,3.));
#5933=CARTESIAN_POINT('',(8.9,6.25,0.));
#5934=CARTESIAN_POINT('Origin',(8.9,-11.6,0.));
#5935=CARTESIAN_POINT('',(8.9,6.25,3.));
#5936=CARTESIAN_POINT('Origin',(4.,0.0500000000000034,0.));
#5937=CARTESIAN_POINT('',(4.,-10.95,3.));
#5938=CARTESIAN_POINT('Origin',(0.,-1.35,3.));
#5939=CARTESIAN_POINT('',(0.,0.,0.));
#5940=CARTESIAN_POINT('Origin',(-4.125,6.19781148235754,10.4893096174686));
#5941=CARTESIAN_POINT('',(2.86361242537015,7.50650223330959,11.4227555197329));
#5942=CARTESIAN_POINT('',(2.86361242537015,4.88912073140549,9.55586371520437));
#5943=CARTESIAN_POINT('',(2.86361242537015,5.32301806995724,9.8653483603582));
#5944=CARTESIAN_POINT('',(-2.63638757462985,4.88912073140549,9.55586371520437));
#5945=CARTESIAN_POINT('',(-4.125,4.88912073140549,9.55586371520437));
#5946=CARTESIAN_POINT('',(-2.63638757462985,7.50650223330959,11.4227555197329));
#5947=CARTESIAN_POINT('',(-2.63638757462985,6.87267234824787,10.9706655905322));
#5948=CARTESIAN_POINT('',(-4.125,7.50650223330959,11.4227555197329));
#5949=CARTESIAN_POINT('Origin',(2.86361242537015,8.9,9.55586371520437));
#5950=CARTESIAN_POINT('',(2.86361242537015,3.65,9.55586371520437));
#5951=CARTESIAN_POINT('',(2.86361242537015,8.9,9.55586371520437));
#5952=CARTESIAN_POINT('',(-2.63638757462985,3.65,9.55586371520437));
#5953=CARTESIAN_POINT('',(-0.0681937873149271,3.65,9.55586371520436));
#5954=CARTESIAN_POINT('',(-2.63638757462985,8.9,9.55586371520437));
#5955=CARTESIAN_POINT('Origin',(6.45,-10.1,3.));
#5956=CARTESIAN_POINT('',(5.7,-10.1,2.));
#5957=CARTESIAN_POINT('Origin',(6.45,-10.1,2.));
#5958=CARTESIAN_POINT('',(5.7,-10.1,3.));
#5959=CARTESIAN_POINT('',(5.7,-10.1,3.));
#5960=CARTESIAN_POINT('Origin',(6.45,-10.1,3.));
#5961=CARTESIAN_POINT('Origin',(6.45,-10.1,2.));
#5962=CARTESIAN_POINT('Origin',(-6.44999991713501,-10.1,3.));
#5963=CARTESIAN_POINT('',(-7.19999991713501,-10.1,2.));
#5964=CARTESIAN_POINT('Origin',(-6.44999991713501,-10.1,2.));
#5965=CARTESIAN_POINT('',(-7.19999991713501,-10.1,3.));
#5966=CARTESIAN_POINT('',(-7.19999991713501,-10.1,3.));
#5967=CARTESIAN_POINT('Origin',(-6.44999991713501,-10.1,3.));
#5968=CARTESIAN_POINT('Origin',(-6.44999991713501,-10.1,2.));
#5969=CARTESIAN_POINT('Origin',(-6.25,6.25,6.6));
#5970=CARTESIAN_POINT('',(-5.3,6.25,4.6));
#5971=CARTESIAN_POINT('Origin',(-6.25,6.25,4.6));
#5972=CARTESIAN_POINT('',(-5.3,6.25,8.6));
#5973=CARTESIAN_POINT('',(-5.3,6.25,6.6));
#5974=CARTESIAN_POINT('Origin',(-6.25,6.25,8.6));
#5975=CARTESIAN_POINT('Origin',(-6.25,6.25,8.6));
#5976=CARTESIAN_POINT('Origin',(6.25,6.25,6.6));
#5977=CARTESIAN_POINT('',(7.2,6.25,4.6));
#5978=CARTESIAN_POINT('Origin',(6.25,6.25,4.6));
#5979=CARTESIAN_POINT('',(7.2,6.25,8.6));
#5980=CARTESIAN_POINT('',(7.2,6.25,6.6));
#5981=CARTESIAN_POINT('Origin',(6.25,6.25,8.6));
#5982=CARTESIAN_POINT('Origin',(6.25,6.25,8.6));
#5983=CARTESIAN_POINT('Origin',(-2.63638757462985,8.9,9.55586371520437));
#5984=CARTESIAN_POINT('',(-2.63638757462985,8.25,9.1));
#5985=CARTESIAN_POINT('Origin',(-2.63638757462985,4.25,9.1));
#5986=CARTESIAN_POINT('',(-2.63638757462985,3.65,4.6));
#5987=CARTESIAN_POINT('',(-2.63638757462985,3.65,11.3279318576022));
#5988=CARTESIAN_POINT('',(-2.63638757462985,8.35,4.6));
#5989=CARTESIAN_POINT('',(-2.63638757462985,4.45,4.6));
#5990=CARTESIAN_POINT('',(-2.63638757462985,8.35000000000001,3.));
#5991=CARTESIAN_POINT('',(-2.63638757462985,8.35000000000001,8.80293185760218));
#5992=CARTESIAN_POINT('',(-2.63638757462985,8.9,3.));
#5993=CARTESIAN_POINT('',(-2.63638757462985,4.5875,3.));
#5994=CARTESIAN_POINT('',(-2.63638757462985,8.9,5.6));
#5995=CARTESIAN_POINT('',(-2.63638757462985,8.9,8.80293185760218));
#5996=CARTESIAN_POINT('',(-2.63638757462985,8.25,5.6));
#5997=CARTESIAN_POINT('',(-2.63638757462985,3.775,5.6));
#5998=CARTESIAN_POINT('',(-2.63638757462985,8.25,7.57793185760218));
#5999=CARTESIAN_POINT('Origin',(2.86361242537015,8.9,3.));
#6000=CARTESIAN_POINT('',(2.86361242537015,8.25,9.1));
#6001=CARTESIAN_POINT('Origin',(2.86361242537015,4.25,9.1));
#6002=CARTESIAN_POINT('',(2.86361242537015,8.25,5.6));
#6003=CARTESIAN_POINT('',(2.86361242537015,8.25,4.3));
#6004=CARTESIAN_POINT('',(2.86361242537015,8.9,5.6));
#6005=CARTESIAN_POINT('',(2.86361242537015,3.775,5.6));
#6006=CARTESIAN_POINT('',(2.86361242537015,8.9,3.));
#6007=CARTESIAN_POINT('',(2.86361242537015,8.9,5.525));
#6008=CARTESIAN_POINT('',(2.86361242537015,8.35000000000001,3.));
#6009=CARTESIAN_POINT('',(2.86361242537015,4.5875,3.));
#6010=CARTESIAN_POINT('',(2.86361242537015,8.35,4.6));
#6011=CARTESIAN_POINT('',(2.86361242537015,8.35000000000001,5.525));
#6012=CARTESIAN_POINT('',(2.86361242537015,3.65,4.6));
#6013=CARTESIAN_POINT('',(2.86361242537015,4.45,4.6));
#6014=CARTESIAN_POINT('',(2.86361242537015,3.65,8.05));
#6015=CARTESIAN_POINT('Origin',(-3.,3.65,13.1));
#6016=CARTESIAN_POINT('',(3.,3.65,4.6));
#6017=CARTESIAN_POINT('',(-1.5,3.65,4.6));
#6018=CARTESIAN_POINT('',(3.,3.65,13.1));
#6019=CARTESIAN_POINT('',(3.,3.65,13.1));
#6020=CARTESIAN_POINT('',(-3.,3.65,13.1));
#6021=CARTESIAN_POINT('',(-1.5,3.65,13.1));
#6022=CARTESIAN_POINT('',(-3.,3.65,4.6));
#6023=CARTESIAN_POINT('',(-3.,3.65,13.1));
#6024=CARTESIAN_POINT('',(-1.5,3.65,4.6));
#6025=CARTESIAN_POINT('Origin',(-8.25,8.25,5.6));
#6026=CARTESIAN_POINT('',(6.25,8.25,9.1));
#6027=CARTESIAN_POINT('',(-4.125,8.25,9.1));
#6028=CARTESIAN_POINT('',(6.25,8.25,5.6));
#6029=CARTESIAN_POINT('',(6.25,8.25,5.6));
#6030=CARTESIAN_POINT('',(-8.25,8.25,5.6));
#6031=CARTESIAN_POINT('Origin',(-8.25,8.25,5.6));
#6032=CARTESIAN_POINT('',(-6.25,8.25,5.6));
#6033=CARTESIAN_POINT('',(-8.25,8.25,5.6));
#6034=CARTESIAN_POINT('',(-6.25,8.25,9.1));
#6035=CARTESIAN_POINT('',(-6.25,8.25,5.6));
#6036=CARTESIAN_POINT('',(-4.125,8.25,9.1));
#6037=CARTESIAN_POINT('Origin',(4.47034842476768E-8,-1.35,5.6));
#6038=CARTESIAN_POINT('',(8.25,6.25,5.6));
#6039=CARTESIAN_POINT('Origin',(6.25,6.25,5.6));
#6040=CARTESIAN_POINT('',(8.25,0.300000000000002,5.6));
#6041=CARTESIAN_POINT('',(8.25,8.25,5.6));
#6042=CARTESIAN_POINT('',(8.34999999999999,0.300000000000003,5.6));
#6043=CARTESIAN_POINT('',(4.17500002235174,0.300000000000003,5.6));
#6044=CARTESIAN_POINT('',(8.34999999999999,-8.35,5.6));
#6045=CARTESIAN_POINT('',(8.35,-0.537499999999999,5.6));
#6046=CARTESIAN_POINT('',(8.25,-8.35,5.6));
#6047=CARTESIAN_POINT('',(4.17500002235174,-8.35,5.6));
#6048=CARTESIAN_POINT('',(8.25,-11.5381918037507,5.6));
#6049=CARTESIAN_POINT('',(8.25,8.25,5.6));
#6050=CARTESIAN_POINT('',(8.9,-11.5381918037507,5.6));
#6051=CARTESIAN_POINT('',(3.225,-11.5381918037507,5.6));
#6052=CARTESIAN_POINT('',(8.9,6.25,5.6));
#6053=CARTESIAN_POINT('',(8.9,-0.537499999999999,5.6));
#6054=CARTESIAN_POINT('',(6.25,8.9,5.6));
#6055=CARTESIAN_POINT('Origin',(6.25,6.25,5.6));
#6056=CARTESIAN_POINT('',(-4.31249997764826,8.9,5.6));
#6057=CARTESIAN_POINT('Origin',(4.47034842476768E-8,-1.35,5.6));
#6058=CARTESIAN_POINT('',(-6.25,8.9,5.6));
#6059=CARTESIAN_POINT('',(-4.31249997764826,8.9,5.6));
#6060=CARTESIAN_POINT('',(-8.9,6.25,5.6));
#6061=CARTESIAN_POINT('Origin',(-6.25,6.25,5.6));
#6062=CARTESIAN_POINT('',(-8.89999991059303,4.44089209850063E-15,5.6));
#6063=CARTESIAN_POINT('',(-8.9,-0.537499999999999,5.6));
#6064=CARTESIAN_POINT('',(-8.25,6.66133814775094E-15,5.6));
#6065=CARTESIAN_POINT('',(-4.17499997764826,4.71844785465692E-15,5.6));
#6066=CARTESIAN_POINT('',(-8.25,6.25,5.6));
#6067=CARTESIAN_POINT('',(-8.25,-11.6,5.6));
#6068=CARTESIAN_POINT('Origin',(-6.25,6.25,5.6));
#6069=CARTESIAN_POINT('Origin',(-4.44089209850063E-15,2.22044604925031E-15,
4.6));
#6070=CARTESIAN_POINT('',(6.25,8.35,4.6));
#6071=CARTESIAN_POINT('',(-4.44089209850063E-15,8.35,4.6));
#6072=CARTESIAN_POINT('',(8.34999999999999,6.25,4.6));
#6073=CARTESIAN_POINT('Origin',(6.25,6.25,4.6));
#6074=CARTESIAN_POINT('',(8.34999999999999,0.300000000000003,4.6));
#6075=CARTESIAN_POINT('',(8.34999999999999,2.22044604925031E-15,4.6));
#6076=CARTESIAN_POINT('',(4.,0.300000000000003,4.6));
#6077=CARTESIAN_POINT('',(4.175,0.300000000000003,4.6));
#6078=CARTESIAN_POINT('',(4.,2.65,4.6));
#6079=CARTESIAN_POINT('',(4.,1.325,4.6));
#6080=CARTESIAN_POINT('Origin',(3.,2.65,4.6));
#6081=CARTESIAN_POINT('Origin',(-8.625,8.9,8.05));
#6082=CARTESIAN_POINT('',(6.25,8.9,3.));
#6083=CARTESIAN_POINT('',(6.25,8.9,8.05));
#6084=CARTESIAN_POINT('',(8.625,8.9,3.));
#6085=CARTESIAN_POINT('Origin',(-8.625,8.9,8.05));
#6086=CARTESIAN_POINT('',(-6.25,8.9,3.));
#6087=CARTESIAN_POINT('',(8.625,8.9,3.));
#6088=CARTESIAN_POINT('',(-6.25,8.9,8.05));
#6089=CARTESIAN_POINT('Origin',(2.22044604925031E-15,8.35000000000001,8.05));
#6090=CARTESIAN_POINT('',(6.25,8.35,3.));
#6091=CARTESIAN_POINT('',(2.22044604925031E-15,8.35000000000001,3.));
#6092=CARTESIAN_POINT('',(6.25,8.35000000000001,4.6));
#6093=CARTESIAN_POINT('Origin',(-8.625,0.275,3.));
#6094=CARTESIAN_POINT('',(8.9,6.25,3.));
#6095=CARTESIAN_POINT('Origin',(6.25,6.25,3.));
#6096=CARTESIAN_POINT('',(8.9,-11.6,3.));
#6097=CARTESIAN_POINT('',(8.9,-9.925,3.));
#6098=CARTESIAN_POINT('',(4.,-11.6,3.));
#6099=CARTESIAN_POINT('',(6.45,-11.6,3.));
#6100=CARTESIAN_POINT('',(4.,-8.25,3.));
#6101=CARTESIAN_POINT('',(4.,-9.925,3.));
#6102=CARTESIAN_POINT('',(8.35,-8.25,3.));
#6103=CARTESIAN_POINT('',(6.45,-8.25,3.));
#6104=CARTESIAN_POINT('',(8.34999999999999,6.25,3.));
#6105=CARTESIAN_POINT('',(8.35,0.275,3.));
#6106=CARTESIAN_POINT('Origin',(6.25,6.25,3.));
#6107=CARTESIAN_POINT('Origin',(-6.25,6.25,8.05));
#6108=CARTESIAN_POINT('',(-8.90000005960465,6.25,3.));
#6109=CARTESIAN_POINT('Origin',(-6.25,6.25,3.));
#6110=CARTESIAN_POINT('',(-8.9,6.25,8.05));
#6111=CARTESIAN_POINT('Origin',(-8.625,0.275,3.));
#6112=CARTESIAN_POINT('',(-6.25,8.35,3.));
#6113=CARTESIAN_POINT('',(2.22044604925031E-15,8.35000000000001,3.));
#6114=CARTESIAN_POINT('',(-8.35,6.25,3.));
#6115=CARTESIAN_POINT('Origin',(-6.25,6.25,3.));
#6116=CARTESIAN_POINT('',(-8.35,-8.35,3.));
#6117=CARTESIAN_POINT('',(-8.35,0.275,3.));
#6118=CARTESIAN_POINT('',(-4.00000005960464,-8.35,3.));
#6119=CARTESIAN_POINT('',(-6.45000005960464,-8.35,3.));
#6120=CARTESIAN_POINT('',(-4.00000005960464,-11.6,3.));
#6121=CARTESIAN_POINT('',(-4.00000005960464,-9.975,3.));
#6122=CARTESIAN_POINT('',(-8.90000005960465,-11.6,3.));
#6123=CARTESIAN_POINT('',(-6.45000005960464,-11.6,3.));
#6124=CARTESIAN_POINT('',(-8.90000005960465,-9.975,3.));
#6125=CARTESIAN_POINT('Origin',(6.25,6.25,8.05));
#6126=CARTESIAN_POINT('',(8.9,6.25,8.05));
#6127=CARTESIAN_POINT('Origin',(-3.22500002980232,-6.6,4.8162515012012));
#6128=CARTESIAN_POINT('',(-8.9,-11.5381918037507,5.6));
#6129=CARTESIAN_POINT('',(-8.90000005960465,-11.6,4.8162515012012));
#6130=CARTESIAN_POINT('Origin',(-8.9,-6.6,4.8162515012012));
#6131=CARTESIAN_POINT('',(-4.00000005960464,-11.6,4.8162515012012));
#6132=CARTESIAN_POINT('',(-3.22500002980232,-11.6,4.8162515012012));
#6133=CARTESIAN_POINT('',(-4.00000005960464,-8.35,9.5));
#6134=CARTESIAN_POINT('Origin',(-4.,-6.6,4.8162515012012));
#6135=CARTESIAN_POINT('',(-8.25,-8.35,9.5));
#6136=CARTESIAN_POINT('',(-3.22500002980232,-8.35,9.5));
#6137=CARTESIAN_POINT('',(-8.25,-11.5381918037507,5.6));
#6138=CARTESIAN_POINT('Origin',(-8.25,-6.6,4.8162515012012));
#6139=CARTESIAN_POINT('',(-3.22500002980232,-11.5381918037507,5.6));
#6140=CARTESIAN_POINT('Origin',(-8.9,0.275,8.05));
#6141=CARTESIAN_POINT('',(-8.90000005960465,-11.6,6.25));
#6142=CARTESIAN_POINT('',(-8.89999991059303,-8.35,5.6));
#6143=CARTESIAN_POINT('',(-8.9,-0.537499999999999,5.6));
#6144=CARTESIAN_POINT('',(-8.9,-8.35,4.6));
#6145=CARTESIAN_POINT('',(-8.9,-8.35,6.325));
#6146=CARTESIAN_POINT('',(-8.9,3.33066907387547E-15,4.6));
#6147=CARTESIAN_POINT('',(-8.9,0.137500000000002,4.6));
#6148=CARTESIAN_POINT('',(-8.9,7.47665818146004E-15,7.69962323526302));
#6149=CARTESIAN_POINT('Origin',(4.47034842476768E-8,-1.35,5.6));
#6150=CARTESIAN_POINT('',(-8.25,-8.35,5.6));
#6151=CARTESIAN_POINT('',(-8.25,-11.6,5.6));
#6152=CARTESIAN_POINT('',(-3.22500000745058,-8.35,5.6));
#6153=CARTESIAN_POINT('Origin',(-8.25,-11.6,5.6));
#6154=CARTESIAN_POINT('',(-8.25,-8.35,11.1));
#6155=CARTESIAN_POINT('',(-8.25,-8.35,7.225));
#6156=CARTESIAN_POINT('',(-8.25,-8.08205080756888,12.1));
#6157=CARTESIAN_POINT('Origin',(-8.25,-6.35,11.1));
#6158=CARTESIAN_POINT('',(-8.25,4.25,12.1));
#6159=CARTESIAN_POINT('',(-8.25,-5.8,12.1));
#6160=CARTESIAN_POINT('',(-8.25,6.25,9.1));
#6161=CARTESIAN_POINT('Ctrl Pts',(-8.25,6.25,9.1));
#6162=CARTESIAN_POINT('Ctrl Pts',(-8.25,6.25,9.27817416127495));
#6163=CARTESIAN_POINT('Ctrl Pts',(-8.25,6.24298336790215,9.84606313488626));
#6164=CARTESIAN_POINT('Ctrl Pts',(-8.25,5.97694653381077,10.8772879817947));
#6165=CARTESIAN_POINT('Ctrl Pts',(-8.25,5.23479457173888,11.8257443019635));
#6166=CARTESIAN_POINT('Ctrl Pts',(-8.25,4.6063483225499,12.1));
#6167=CARTESIAN_POINT('Ctrl Pts',(-8.25,4.25,12.1));
#6168=CARTESIAN_POINT('',(-8.25,6.25,5.6));
#6169=CARTESIAN_POINT('',(-8.25,6.99802373677062E-15,7.34924647052603));
#6170=CARTESIAN_POINT('',(-8.25,4.44089209850063E-15,5.09999999999999));
#6171=CARTESIAN_POINT('',(-8.25,-0.606798830251496,7.34924647052604));
#6172=CARTESIAN_POINT('',(-8.25,-5.79999999999999,7.34924647052607));
#6173=CARTESIAN_POINT('',(-8.25,-0.606798830251478,10.458042526916));
#6174=CARTESIAN_POINT('',(-8.25,-0.606798830251501,6.47462323526299));
#6175=CARTESIAN_POINT('',(-8.25,-2.10679883025147,11.958042526916));
#6176=CARTESIAN_POINT('Origin',(-8.25,-2.10679883025148,10.458042526916));
#6177=CARTESIAN_POINT('',(-8.25,-5.78564735264708,11.958042526916));
#6178=CARTESIAN_POINT('',(-8.25,-6.85339941512571,11.958042526916));
#6179=CARTESIAN_POINT('',(-8.25,-7.28564735264709,10.458042526916));
#6180=CARTESIAN_POINT('Origin',(-8.25,-5.78564735264709,10.458042526916));
#6181=CARTESIAN_POINT('',(-8.25,-7.2856473526471,7.93511037599935));
#6182=CARTESIAN_POINT('',(-8.25,-7.2856473526471,8.029021263458));
#6183=CARTESIAN_POINT('',(-8.25,-8.35,7.93511037599935));
#6184=CARTESIAN_POINT('',(-8.25,-9.44282367632354,7.93511037599936));
#6185=CARTESIAN_POINT('',(-8.25,-8.35,5.925));
#6186=CARTESIAN_POINT('Origin',(3.225,-6.6,4.8162515012012));
#6187=CARTESIAN_POINT('',(4.,-8.35,9.5));
#6188=CARTESIAN_POINT('',(4.,-11.6,4.8162515012012));
#6189=CARTESIAN_POINT('Origin',(4.,-6.6,4.8162515012012));
#6190=CARTESIAN_POINT('',(8.9,-11.6,4.8162515012012));
#6191=CARTESIAN_POINT('',(3.225,-11.6,4.8162515012012));
#6192=CARTESIAN_POINT('Origin',(8.9,-6.6,4.8162515012012));
#6193=CARTESIAN_POINT('',(8.25,-8.35,9.5));
#6194=CARTESIAN_POINT('Origin',(8.25,-6.6,4.8162515012012));
#6195=CARTESIAN_POINT('',(3.225,-8.35,9.5));
#6196=CARTESIAN_POINT('Origin',(8.25,8.25,5.6));
#6197=CARTESIAN_POINT('',(8.25,-8.35,7.13127584063249));
#6198=CARTESIAN_POINT('',(8.25,-8.35,5.1));
#6199=CARTESIAN_POINT('',(8.25,0.300000000000003,7.13127584063249));
#6200=CARTESIAN_POINT('',(8.25,3.15,7.13127584063249));
#6201=CARTESIAN_POINT('',(8.25,0.300000000000003,6.36563792031624));
#6202=CARTESIAN_POINT('',(8.25,6.25,9.1));
#6203=CARTESIAN_POINT('',(8.25,6.25,5.6));
#6204=CARTESIAN_POINT('',(8.25,4.25,12.1));
#6205=CARTESIAN_POINT('Ctrl Pts',(8.25,4.25,12.1));
#6206=CARTESIAN_POINT('Ctrl Pts',(8.25,4.42817416127495,12.1));
#6207=CARTESIAN_POINT('Ctrl Pts',(8.25,4.92714166019344,11.9917225649485));
#6208=CARTESIAN_POINT('Ctrl Pts',(8.25,5.64150074720027,11.4068397394048));
#6209=CARTESIAN_POINT('Ctrl Pts',(8.25,6.10719699745017,10.4598390550852));
#6210=CARTESIAN_POINT('Ctrl Pts',(8.25,6.24118262956099,9.65637736706794));
#6211=CARTESIAN_POINT('Ctrl Pts',(8.25,6.25,9.27817416127495));
#6212=CARTESIAN_POINT('Ctrl Pts',(8.25,6.25,9.1));
#6213=CARTESIAN_POINT('',(8.25,-8.08205080756888,12.1));
#6214=CARTESIAN_POINT('',(8.25,4.125,12.1));
#6215=CARTESIAN_POINT('',(8.25,-8.35,11.1));
#6216=CARTESIAN_POINT('Origin',(8.25,-6.35,11.1));
#6217=CARTESIAN_POINT('',(8.25,-8.35,7.225));
#6218=CARTESIAN_POINT('Origin',(-4.44089209850063E-15,-6.35,11.1));
#6219=CARTESIAN_POINT('',(-4.,-8.35,11.1));
#6220=CARTESIAN_POINT('',(-4.44089209850063E-15,-8.35,11.1));
#6221=CARTESIAN_POINT('',(-4.,-6.35,13.1));
#6222=CARTESIAN_POINT('Origin',(-4.,-6.35,11.1));
#6223=CARTESIAN_POINT('',(-7.25,-6.35,13.1));
#6224=CARTESIAN_POINT('',(-4.44089209850063E-15,-6.35,13.1));
#6225=CARTESIAN_POINT('Ctrl Pts',(-7.25,-6.35,13.1));
#6226=CARTESIAN_POINT('Ctrl Pts',(-7.25133375897489,-6.35188622003121,13.1));
#6227=CARTESIAN_POINT('Ctrl Pts',(-7.25266751883913,-6.35377244132038,13.0999973316305));
#6228=CARTESIAN_POINT('Ctrl Pts',(-7.38186814117228,-6.53649026219312,13.0994803607131));
#6229=CARTESIAN_POINT('Ctrl Pts',(-7.51049390189052,-6.71836660123459,13.0744402914553));
#6230=CARTESIAN_POINT('Ctrl Pts',(-7.75229467415449,-7.07092041968359,12.9743857832958));
#6231=CARTESIAN_POINT('Ctrl Pts',(-7.86741739448563,-7.24404178907685,12.8994352193169));
#6232=CARTESIAN_POINT('Ctrl Pts',(-8.05735536999207,-7.55728746736342,12.7041960388316));
#6233=CARTESIAN_POINT('Ctrl Pts',(-8.13604093163514,-7.70067656470707,12.5872111452886));
#6234=CARTESIAN_POINT('Ctrl Pts',(-8.22645101596163,-7.92345220315919,12.3426055736124));
#6235=CARTESIAN_POINT('Ctrl Pts',(-8.25,-8.00931408712966,12.2259836953767));
#6236=CARTESIAN_POINT('Ctrl Pts',(-8.25,-8.08205080756888,12.1));
#6237=CARTESIAN_POINT('Ctrl Pts',(-8.25,4.25,12.1));
#6238=CARTESIAN_POINT('Ctrl Pts',(-8.25,4.6063483225499,12.1));
#6239=CARTESIAN_POINT('Ctrl Pts',(-8.25,5.23479457173888,11.8257443019635));
#6240=CARTESIAN_POINT('Ctrl Pts',(-8.25,5.97694653381077,10.8772879817947));
#6241=CARTESIAN_POINT('Ctrl Pts',(-8.25,6.24298336790215,9.84606313488626));
#6242=CARTESIAN_POINT('Ctrl Pts',(-8.25,6.25,9.27817416127495));
#6243=CARTESIAN_POINT('Ctrl Pts',(-8.25,6.25,9.1));
#6244=CARTESIAN_POINT('Ctrl Pts',(-8.25,4.25,12.2346870059403));
#6245=CARTESIAN_POINT('Ctrl Pts',(-8.25,4.64262535419813,12.2346870059403));
#6246=CARTESIAN_POINT('Ctrl Pts',(-8.24994885891517,5.33507050056803,11.9531272099976));
#6247=CARTESIAN_POINT('Ctrl Pts',(-8.24982524387041,6.17355479259981,10.9826741925367));
#6248=CARTESIAN_POINT('Ctrl Pts',(-8.24994795556699,6.50457659736439,9.88183125719377));
#6249=CARTESIAN_POINT('Ctrl Pts',(-8.25,6.51937401188059,9.28160138810386));
#6250=CARTESIAN_POINT('Ctrl Pts',(-8.25,6.51937401188059,9.1));
#6251=CARTESIAN_POINT('Ctrl Pts',(-8.19380402736751,4.25000000000001,12.5299337164739));
#6252=CARTESIAN_POINT('Ctrl Pts',(-8.19380402736751,4.71460101812568,12.5299337164739));
#6253=CARTESIAN_POINT('Ctrl Pts',(-8.18455246017415,5.53751796542463,12.2535599956785));
#6254=CARTESIAN_POINT('Ctrl Pts',(-8.1590719405887,6.60066793099547,11.2499254367785));
#6255=CARTESIAN_POINT('Ctrl Pts',(-8.14101797832421,7.08080051264734,9.98740576995014));
#6256=CARTESIAN_POINT('Ctrl Pts',(-8.13760805473501,7.10986743294775,9.29766704617569));
#6257=CARTESIAN_POINT('Ctrl Pts',(-8.13760805473501,7.10986743294775,9.10000000000001));
#6258=CARTESIAN_POINT('Ctrl Pts',(-7.91646616137388,4.25,12.8853304023692));
#6259=CARTESIAN_POINT('Ctrl Pts',(-7.91646616137388,4.76859891516551,12.8853304023692));
#6260=CARTESIAN_POINT('Ctrl Pts',(-7.84959540127433,5.69447126251525,12.66017699908));
#6261=CARTESIAN_POINT('Ctrl Pts',(-7.69060807524318,7.03753338249834,11.6898187000453));
#6262=CARTESIAN_POINT('Ctrl Pts',(-7.59572406907469,7.76066862171712,10.2193115230024));
#6263=CARTESIAN_POINT('Ctrl Pts',(-7.58293232274775,7.82066080473849,9.34909362441395));
#6264=CARTESIAN_POINT('Ctrl Pts',(-7.58293232274775,7.82066080473849,9.1));
#6265=CARTESIAN_POINT('Ctrl Pts',(-7.56639398542521,4.25,13.0688595180332));
#6266=CARTESIAN_POINT('Ctrl Pts',(-7.56639398542521,4.76497020189032,13.0688595180332));
#6267=CARTESIAN_POINT('Ctrl Pts',(-7.43762595724714,5.68342470173469,12.892535578687));
#6268=CARTESIAN_POINT('Ctrl Pts',(-7.11668608015862,7.15846434023046,12.0117556612933));
#6269=CARTESIAN_POINT('Ctrl Pts',(-6.9139288371811,8.08462307090003,10.4416708505566));
#6270=CARTESIAN_POINT('Ctrl Pts',(-6.88278797085041,8.18771903606647,9.40725324615041));
#6271=CARTESIAN_POINT('Ctrl Pts',(-6.88278797085041,8.18771903606647,9.1));
#6272=CARTESIAN_POINT('Ctrl Pts',(-7.35101525445522,4.25,13.1));
#6273=CARTESIAN_POINT('Ctrl Pts',(-7.35101525445522,4.74058364894896,13.1));
#6274=CARTESIAN_POINT('Ctrl Pts',(-7.196515236115,5.61475189614379,12.9467761558447));
#6275=CARTESIAN_POINT('Ctrl Pts',(-6.78326114174727,7.10154396944696,12.1320762365896));
#6276=CARTESIAN_POINT('Ctrl Pts',(-6.50217577962383,8.11768460270157,10.5558643838551));
#6277=CARTESIAN_POINT('Ctrl Pts',(-6.45203050891045,8.25,9.44090995772849));
#6278=CARTESIAN_POINT('Ctrl Pts',(-6.45203050891045,8.25,9.1));
#6279=CARTESIAN_POINT('Ctrl Pts',(-7.25,4.25,13.1));
#6280=CARTESIAN_POINT('Ctrl Pts',(-7.25,4.7251310967332,13.1));
#6281=CARTESIAN_POINT('Ctrl Pts',(-7.08673469387755,5.57227522428168,12.9571608918768));
#6282=CARTESIAN_POINT('Ctrl Pts',(-6.63192419825073,7.05318089276349,12.1747767892668));
#6283=CARTESIAN_POINT('Ctrl Pts',(-6.31122448979592,8.10393958501018,10.6052794975137));
#6284=CARTESIAN_POINT('Ctrl Pts',(-6.25,8.25,9.4563483225499));
#6285=CARTESIAN_POINT('Ctrl Pts',(-6.25,8.25,9.1));
#6286=CARTESIAN_POINT('',(-7.25,4.25,13.1));
#6287=CARTESIAN_POINT('Origin',(-7.25,4.25,12.1));
#6288=CARTESIAN_POINT('Ctrl Pts',(-7.25,4.25,13.1));
#6289=CARTESIAN_POINT('Ctrl Pts',(-7.25,4.7251310967332,13.1));
#6290=CARTESIAN_POINT('Ctrl Pts',(-7.08673469387755,5.57227522428168,12.9571608918768));
#6291=CARTESIAN_POINT('Ctrl Pts',(-6.63192419825073,7.05318089276349,12.1747767892668));
#6292=CARTESIAN_POINT('Ctrl Pts',(-6.31122448979592,8.10393958501018,10.6052794975137));
#6293=CARTESIAN_POINT('Ctrl Pts',(-6.25,8.25,9.4563483225499));
#6294=CARTESIAN_POINT('Ctrl Pts',(-6.25,8.25,9.1));
#6295=CARTESIAN_POINT('Origin',(-6.25,6.25,9.1));
#6296=CARTESIAN_POINT('Ctrl Pts',(8.25,6.25,9.1));
#6297=CARTESIAN_POINT('Ctrl Pts',(8.25,6.25,9.27817416127495));
#6298=CARTESIAN_POINT('Ctrl Pts',(8.25,6.24118262956099,9.65637736706794));
#6299=CARTESIAN_POINT('Ctrl Pts',(8.25,6.10719699745017,10.4598390550852));
#6300=CARTESIAN_POINT('Ctrl Pts',(8.25,5.64150074720027,11.4068397394048));
#6301=CARTESIAN_POINT('Ctrl Pts',(8.25,4.92714166019344,11.9917225649485));
#6302=CARTESIAN_POINT('Ctrl Pts',(8.25,4.42817416127495,12.1));
#6303=CARTESIAN_POINT('Ctrl Pts',(8.25,4.25,12.1));
#6304=CARTESIAN_POINT('Ctrl Pts',(8.25,6.51937401188059,9.1));
#6305=CARTESIAN_POINT('Ctrl Pts',(8.25,6.51937401188059,9.28160138810386));
#6306=CARTESIAN_POINT('Ctrl Pts',(8.24996947217363,6.50481204003992,9.67994131323613));
#6307=CARTESIAN_POINT('Ctrl Pts',(8.24988136529818,6.33419053564218,10.5387435944798));
#6308=CARTESIAN_POINT('Ctrl Pts',(8.24985388445094,5.78845766010656,11.5283794280684));
#6309=CARTESIAN_POINT('Ctrl Pts',(8.250006149881,4.99781435682698,12.1217188369495));
#6310=CARTESIAN_POINT('Ctrl Pts',(8.25,4.44631267709906,12.2346870059403));
#6311=CARTESIAN_POINT('Ctrl Pts',(8.25,4.25,12.2346870059403));
#6312=CARTESIAN_POINT('Ctrl Pts',(8.13760805473501,7.10986743294775,9.1));
#6313=CARTESIAN_POINT('Ctrl Pts',(8.13760805473501,7.10986743294775,9.29766704617569));
#6314=CARTESIAN_POINT('Ctrl Pts',(8.13988758906876,7.08468656131434,9.75251377429195));
#6315=CARTESIAN_POINT('Ctrl Pts',(8.15100146882936,6.83062607855603,10.745999176312));
#6316=CARTESIAN_POINT('Ctrl Pts',(8.17232674783019,6.09933152286294,11.8267459675027));
#6317=CARTESIAN_POINT('Ctrl Pts',(8.19028478874969,5.13670914348002,12.4162816612831));
#6318=CARTESIAN_POINT('Ctrl Pts',(8.19380402736751,4.48230050906284,12.5299337164739));
#6319=CARTESIAN_POINT('Ctrl Pts',(8.19380402736751,4.25,12.5299337164739));
#6320=CARTESIAN_POINT('Ctrl Pts',(7.58293232274775,7.8206608047385,9.1));
#6321=CARTESIAN_POINT('Ctrl Pts',(7.58293232274775,7.8206608047385,9.34909362441395));
#6322=CARTESIAN_POINT('Ctrl Pts',(7.59168020973349,7.77436156706397,9.92000995195907));
#6323=CARTESIAN_POINT('Ctrl Pts',(7.64737787069157,7.37760944445179,11.1159972928112));
#6324=CARTESIAN_POINT('Ctrl Pts',(7.77011463434999,6.37965411492342,12.2727747259633));
#6325=CARTESIAN_POINT('Ctrl Pts',(7.8909617212862,5.24092843821548,12.7885968723458));
#6326=CARTESIAN_POINT('Ctrl Pts',(7.91646616137388,4.50929945758276,12.8853304023693));
#6327=CARTESIAN_POINT('Ctrl Pts',(7.91646616137388,4.25,12.8853304023693));
#6328=CARTESIAN_POINT('Ctrl Pts',(6.88278797085041,8.18771903606647,9.1));
#6329=CARTESIAN_POINT('Ctrl Pts',(6.88278797085041,8.18771903606647,9.40725324615041));
#6330=CARTESIAN_POINT('Ctrl Pts',(6.90386451138246,8.11416927445816,10.0846922608498));
#6331=CARTESIAN_POINT('Ctrl Pts',(7.02500076816582,7.58549570402996,11.4143953440305));
#6332=CARTESIAN_POINT('Ctrl Pts',(7.27919013465928,6.41235896184535,12.5604891430412));
#6333=CARTESIAN_POINT('Ctrl Pts',(7.51742951320805,5.23243717579487,12.9893400122341));
#6334=CARTESIAN_POINT('Ctrl Pts',(7.56639398542521,4.50748510094516,13.0688595180332));
#6335=CARTESIAN_POINT('Ctrl Pts',(7.56639398542521,4.25,13.0688595180332));
#6336=CARTESIAN_POINT('Ctrl Pts',(6.45203050891045,8.25,9.1));
#6337=CARTESIAN_POINT('Ctrl Pts',(6.45203050891045,8.25,9.44090995772849));
#6338=CARTESIAN_POINT('Ctrl Pts',(6.4856119612362,8.15878047137426,10.1712037234627));
#6339=CARTESIAN_POINT('Ctrl Pts',(6.65740084413265,7.5641075831225,11.541983756423));
#6340=CARTESIAN_POINT('Ctrl Pts',(6.99604215148615,6.33672177805118,12.6478540949012));
#6341=CARTESIAN_POINT('Ctrl Pts',(7.29269133655712,5.18451354888703,13.0293689591369));
#6342=CARTESIAN_POINT('Ctrl Pts',(7.35101525445522,4.49529182447448,13.1));
#6343=CARTESIAN_POINT('Ctrl Pts',(7.35101525445522,4.25,13.1));
#6344=CARTESIAN_POINT('Ctrl Pts',(6.25,8.25,9.1));
#6345=CARTESIAN_POINT('Ctrl Pts',(6.25,8.25,9.4563483225499));
#6346=CARTESIAN_POINT('Ctrl Pts',(6.29081632653062,8.15061429712916,10.209131453658));
#6347=CARTESIAN_POINT('Ctrl Pts',(6.48906705539359,7.52863877924506,11.5917409406955));
#6348=CARTESIAN_POINT('Ctrl Pts',(6.86807580174928,6.28576094620652,12.6734995462827));
#6349=CARTESIAN_POINT('Ctrl Pts',(7.18877551020408,5.15446771381825,13.0336075034927));
#6350=CARTESIAN_POINT('Ctrl Pts',(7.25,4.4875655483666,13.1));
#6351=CARTESIAN_POINT('Ctrl Pts',(7.25,4.25,13.1));
#6352=CARTESIAN_POINT('',(7.25,4.25,13.1));
#6353=CARTESIAN_POINT('Ctrl Pts',(6.25,8.25,9.1));
#6354=CARTESIAN_POINT('Ctrl Pts',(6.25,8.25,9.4563483225499));
#6355=CARTESIAN_POINT('Ctrl Pts',(6.29081632653062,8.15061429712916,10.209131453658));
#6356=CARTESIAN_POINT('Ctrl Pts',(6.48906705539359,7.52863877924506,11.5917409406955));
#6357=CARTESIAN_POINT('Ctrl Pts',(6.86807580174928,6.28576094620652,12.6734995462827));
#6358=CARTESIAN_POINT('Ctrl Pts',(7.18877551020408,5.15446771381825,13.0336075034927));
#6359=CARTESIAN_POINT('Ctrl Pts',(7.25,4.4875655483666,13.1));
#6360=CARTESIAN_POINT('Ctrl Pts',(7.25,4.25,13.1));
#6361=CARTESIAN_POINT('Origin',(7.25,4.25,12.1));
#6362=CARTESIAN_POINT('Origin',(6.25,6.25,9.1));
#6363=CARTESIAN_POINT('Origin',(7.25,4.125,12.1));
#6364=CARTESIAN_POINT('',(7.25,-6.35,13.1));
#6365=CARTESIAN_POINT('',(7.25,4.125,13.1));
#6366=CARTESIAN_POINT('Ctrl Pts',(7.25,-6.35,13.1));
#6367=CARTESIAN_POINT('Ctrl Pts',(7.25136775041027,-6.35193429118015,13.1));
#6368=CARTESIAN_POINT('Ctrl Pts',(7.25273550178006,-6.35386858371768,13.0999971938882));
#6369=CARTESIAN_POINT('Ctrl Pts',(7.37781938111629,-6.53076446074157,13.0994839397057));
#6370=CARTESIAN_POINT('Ctrl Pts',(7.50221819707037,-6.70667318810141,13.0760144759228));
#6371=CARTESIAN_POINT('Ctrl Pts',(7.73371194790031,-7.04350438455283,12.9836727956256));
#6372=CARTESIAN_POINT('Ctrl Pts',(7.84277181626746,-7.20670319352731,12.9162080587219));
#6373=CARTESIAN_POINT('Ctrl Pts',(8.04530048927921,-7.53464792911176,12.7237428449806));
#6374=CARTESIAN_POINT('Ctrl Pts',(8.12829869657065,-7.68566091921279,12.6005146794975));
#6375=CARTESIAN_POINT('Ctrl Pts',(8.22401043257598,-7.91464986792979,12.3544570076835));
#6376=CARTESIAN_POINT('Ctrl Pts',(8.25,-8.00559231931726,12.2324299863217));
#6377=CARTESIAN_POINT('Ctrl Pts',(8.25,-8.08205080756888,12.1));
#6378=CARTESIAN_POINT('Origin',(-4.44089209850063E-15,-6.35,11.1));
#6379=CARTESIAN_POINT('',(4.,-6.35,13.1));
#6380=CARTESIAN_POINT('',(-4.44089209850063E-15,-6.35,13.1));
#6381=CARTESIAN_POINT('',(4.,-8.35,11.1));
#6382=CARTESIAN_POINT('Origin',(4.,-6.35,11.1));
#6383=CARTESIAN_POINT('',(-4.44089209850063E-15,-8.35,11.1));
#6384=CARTESIAN_POINT('Origin',(6.25,6.25,5.6));
#6385=CARTESIAN_POINT('Origin',(-4.125,4.25,9.1));
#6386=CARTESIAN_POINT('',(-4.125,4.25,13.1));
#6387=CARTESIAN_POINT('Origin',(-6.25,6.25,5.6));
#6388=CARTESIAN_POINT('Origin',(-7.25,-5.8,12.1));
#6389=CARTESIAN_POINT('',(-7.25,-5.8,13.1));
#6390=CARTESIAN_POINT('Origin',(4.,2.65,13.1));
#6391=CARTESIAN_POINT('',(4.,-8.35,10.975));
#6392=CARTESIAN_POINT('',(4.,2.65,13.1));
#6393=CARTESIAN_POINT('',(4.,1.325,13.1));
#6394=CARTESIAN_POINT('',(4.,2.65,13.1));
#6395=CARTESIAN_POINT('',(4.,0.300000000000003,7.13127584063249));
#6396=CARTESIAN_POINT('',(4.,0.300000000000002,10.1156379203162));
#6397=CARTESIAN_POINT('',(4.,-1.95,7.13127584063249));
#6398=CARTESIAN_POINT('',(4.,0.350000000000004,7.13127584063249));
#6399=CARTESIAN_POINT('',(4.,-1.95,9.33127584063249));
#6400=CARTESIAN_POINT('',(4.,-1.95,11.2156379203162));
#6401=CARTESIAN_POINT('',(4.,-3.95,11.3312758406325));
#6402=CARTESIAN_POINT('Origin',(4.,-3.95,9.33127584063249));
#6403=CARTESIAN_POINT('',(4.,-4.15,11.3312758406325));
#6404=CARTESIAN_POINT('',(4.,-0.749999999999997,11.3312758406325));
#6405=CARTESIAN_POINT('',(4.,-6.15,9.33127584063249));
#6406=CARTESIAN_POINT('Origin',(4.,-4.15,9.33127584063249));
#6407=CARTESIAN_POINT('',(4.,-6.15,7.13127584063249));
#6408=CARTESIAN_POINT('',(4.,-6.15,10.1156379203162));
#6409=CARTESIAN_POINT('',(4.,-8.35,7.13127584063249));
#6410=CARTESIAN_POINT('',(4.,-2.84999999999999,7.13127584063249));
#6411=CARTESIAN_POINT('',(4.,-8.35,4.6));
#6412=CARTESIAN_POINT('',(4.,-8.35,8.85));
#6413=CARTESIAN_POINT('',(4.,-8.25,4.6));
#6414=CARTESIAN_POINT('',(4.,1.475,4.6));
#6415=CARTESIAN_POINT('',(4.,-8.25,6.25));
#6416=CARTESIAN_POINT('',(4.,-11.6,6.25));
#6417=CARTESIAN_POINT('Origin',(-4.44089209850063E-15,2.22044604925031E-15,
13.1));
#6418=CARTESIAN_POINT('',(-4.,2.65,13.1));
#6419=CARTESIAN_POINT('',(-4.,-4.175,13.1));
#6420=CARTESIAN_POINT('Origin',(-3.,2.65,13.1));
#6421=CARTESIAN_POINT('Origin',(3.,2.65,13.1));
#6422=CARTESIAN_POINT('Origin',(-4.,-8.35,13.1));
#6423=CARTESIAN_POINT('',(-4.00000005960464,-11.6,6.25));
#6424=CARTESIAN_POINT('',(-4.,-8.35,7.93511037599935));
#6425=CARTESIAN_POINT('',(-4.00000005960464,-8.35,6.25));
#6426=CARTESIAN_POINT('',(-4.,-7.2856473526471,7.93511037599935));
#6427=CARTESIAN_POINT('',(-4.,-7.81782367632356,7.93511037599935));
#6428=CARTESIAN_POINT('',(-4.,-7.28564735264709,10.458042526916));
#6429=CARTESIAN_POINT('',(-4.,-7.28564735264708,11.779021263458));
#6430=CARTESIAN_POINT('',(-4.,-5.78564735264708,11.958042526916));
#6431=CARTESIAN_POINT('Origin',(-4.,-5.78564735264709,10.458042526916));
#6432=CARTESIAN_POINT('',(-4.,-2.10679883025147,11.958042526916));
#6433=CARTESIAN_POINT('',(-4.,-5.22839941512574,11.958042526916));
#6434=CARTESIAN_POINT('',(-4.,-0.606798830251478,10.458042526916));
#6435=CARTESIAN_POINT('Origin',(-4.,-2.10679883025148,10.458042526916));
#6436=CARTESIAN_POINT('',(-4.,-0.606798830251496,7.34924647052604));
#6437=CARTESIAN_POINT('',(-4.,-0.606798830251478,10.224623235263));
#6438=CARTESIAN_POINT('',(-4.,6.99802373677062E-15,7.34924647052603));
#6439=CARTESIAN_POINT('',(-4.,-4.17500000000002,7.34924647052606));
#6440=CARTESIAN_POINT('',(-4.,3.33066907387547E-15,4.6));
#6441=CARTESIAN_POINT('',(-4.,8.88178419700125E-15,8.84999999999999));
#6442=CARTESIAN_POINT('',(-4.,2.65,4.6));
#6443=CARTESIAN_POINT('',(-4.,-4.175,4.6));
#6444=CARTESIAN_POINT('',(-4.,2.65,13.1));
#6445=CARTESIAN_POINT('',(-4.,-8.35,10.975));
#6446=CARTESIAN_POINT('Origin',(-4.44089209850063E-15,-8.35,8.85));
#6447=CARTESIAN_POINT('Origin',(6.25,6.25,4.6));
#6448=CARTESIAN_POINT('',(8.35,6.25,4.6));
#6449=CARTESIAN_POINT('Origin',(2.22044604925031E-15,8.35000000000001,8.05));
#6450=CARTESIAN_POINT('',(-6.25,8.35,4.6));
#6451=CARTESIAN_POINT('',(-4.44089209850063E-15,8.35,4.6));
#6452=CARTESIAN_POINT('',(-6.25,8.35000000000001,4.6));
#6453=CARTESIAN_POINT('Origin',(-4.44089209850063E-15,2.22044604925031E-15,
4.6));
#6454=CARTESIAN_POINT('Origin',(-3.,2.65,4.6));
#6455=CARTESIAN_POINT('',(-8.35,3.33066907387547E-15,4.6));
#6456=CARTESIAN_POINT('',(-4.175,3.33066907387547E-15,4.6));
#6457=CARTESIAN_POINT('',(-8.35,6.25,4.6));
#6458=CARTESIAN_POINT('',(-8.35,2.22044604925031E-15,4.6));
#6459=CARTESIAN_POINT('Origin',(-6.25,6.25,4.6));
#6460=CARTESIAN_POINT('Origin',(8.35,0.275,8.05));
#6461=CARTESIAN_POINT('',(8.34999999999999,-8.25,4.6));
#6462=CARTESIAN_POINT('',(8.35,-8.25,7.15));
#6463=CARTESIAN_POINT('',(8.34999999999999,-8.35,4.6));
#6464=CARTESIAN_POINT('',(8.34999999999999,-8.35,4.6));
#6465=CARTESIAN_POINT('',(8.34999999999999,-8.35,13.1));
#6466=CARTESIAN_POINT('',(8.34999999999999,0.300000000000003,7.13127584063249));
#6467=CARTESIAN_POINT('Origin',(-6.25,6.25,4.6));
#6468=CARTESIAN_POINT('',(-8.35,6.25,4.6));
#6469=CARTESIAN_POINT('Origin',(-8.35,0.275,8.05));
#6470=CARTESIAN_POINT('',(-8.35,-0.399999991059303,4.6));
#6471=CARTESIAN_POINT('',(-8.35,0.137500000000002,4.6));
#6472=CARTESIAN_POINT('',(-8.35,-0.399999991059303,3.99999991059303));
#6473=CARTESIAN_POINT('',(-8.35,-0.399999991059303,6.7249999396503));
#6474=CARTESIAN_POINT('',(-8.35,-7.69999982789159,3.99999991059303));
#6475=CARTESIAN_POINT('',(-8.35,-0.0624999955296518,3.99999991059303));
#6476=CARTESIAN_POINT('',(-8.35,-7.69999982789159,4.6));
#6477=CARTESIAN_POINT('',(-8.35,-7.69999982789159,6.02499995529652));
#6478=CARTESIAN_POINT('',(-8.35,-8.35,4.6));
#6479=CARTESIAN_POINT('',(-8.35,0.137500000000002,4.6));
#6480=CARTESIAN_POINT('',(-8.35,-8.35,8.05));
#6481=CARTESIAN_POINT('Origin',(8.34999999999999,0.300000000000003,7.13127584063249));
#6482=CARTESIAN_POINT('',(8.34999999999999,0.300000000000003,7.13127584063249));
#6483=CARTESIAN_POINT('Origin',(-8.35,-7.28564735264709,10.458042526916));
#6484=CARTESIAN_POINT('',(-8.35,-7.28564735264709,10.458042526916));
#6485=CARTESIAN_POINT('',(-8.35,-7.2856473526471,7.93511037599935));
#6486=CARTESIAN_POINT('Origin',(-8.35,-5.78564735264709,10.458042526916));
#6487=CARTESIAN_POINT('',(-8.35,-5.78564735264708,11.958042526916));
#6488=CARTESIAN_POINT('Origin',(-8.35,-2.10679883025147,11.958042526916));
#6489=CARTESIAN_POINT('',(-8.35,-2.10679883025147,11.958042526916));
#6490=CARTESIAN_POINT('Origin',(-8.35,-2.10679883025148,10.458042526916));
#6491=CARTESIAN_POINT('',(-8.35,-0.606798830251478,10.458042526916));
#6492=CARTESIAN_POINT('Origin',(-8.35,-0.606798830251496,7.34924647052604));
#6493=CARTESIAN_POINT('',(-8.35,-0.606798830251496,7.34924647052604));
#6494=CARTESIAN_POINT('Origin',(-4.44089209850063E-15,-8.35,8.85));
#6495=CARTESIAN_POINT('Origin',(-8.35,7.0082828429463E-15,7.34924647052603));
#6496=CARTESIAN_POINT('',(-8.35,6.99802373677062E-15,7.34924647052603));
#6497=CARTESIAN_POINT('Origin',(-8.35,3.33066907387547E-15,4.6));
#6498=CARTESIAN_POINT('',(-8.35,3.33066907387547E-15,4.6));
#6499=CARTESIAN_POINT('Origin',(7.84999999999999,-4.05,9.23127584063249));
#6500=CARTESIAN_POINT('',(7.84999999999999,-4.15,11.3312758406325));
#6501=CARTESIAN_POINT('',(7.84999999999999,-6.15,9.33127584063249));
#6502=CARTESIAN_POINT('Origin',(7.84999999999999,-4.15,9.33127584063249));
#6503=CARTESIAN_POINT('',(7.84999999999999,-3.95,11.3312758406325));
#6504=CARTESIAN_POINT('',(7.84999999999999,-4.1,11.3312758406325));
#6505=CARTESIAN_POINT('',(7.84999999999999,-1.95,9.33127584063249));
#6506=CARTESIAN_POINT('Origin',(7.84999999999999,-3.95,9.33127584063249));
#6507=CARTESIAN_POINT('',(7.84999999999999,-1.95,7.13127584063249));
#6508=CARTESIAN_POINT('',(7.84999999999999,-1.95,9.28127584063249));
#6509=CARTESIAN_POINT('',(7.84999999999999,-6.15,7.13127584063249));
#6510=CARTESIAN_POINT('',(7.84999999999999,-6.15,7.13127584063249));
#6511=CARTESIAN_POINT('',(7.84999999999999,-6.15,8.18127584063249));
#6512=CARTESIAN_POINT('Origin',(8.34999999999999,-1.95,9.33127584063249));
#6513=CARTESIAN_POINT('',(8.34999999999999,-1.95,9.33127584063249));
#6514=CARTESIAN_POINT('',(8.34999999999999,-1.95,7.13127584063249));
#6515=CARTESIAN_POINT('Origin',(8.34999999999999,-3.95,9.33127584063249));
#6516=CARTESIAN_POINT('',(8.34999999999999,-3.95,11.3312758406325));
#6517=CARTESIAN_POINT('Origin',(8.34999999999999,-4.15,11.3312758406325));
#6518=CARTESIAN_POINT('',(8.34999999999999,-4.15,11.3312758406325));
#6519=CARTESIAN_POINT('Origin',(-8.35,-7.69999982789159,3.99999991059303));
#6520=CARTESIAN_POINT('',(-8.5,-7.69999982789159,4.6));
#6521=CARTESIAN_POINT('',(-8.35,-7.69999982789159,4.6));
#6522=CARTESIAN_POINT('',(-8.5,-7.69999982789159,3.99999991059303));
#6523=CARTESIAN_POINT('',(-8.35,-7.69999982789159,3.99999991059303));
#6524=CARTESIAN_POINT('',(-8.5,-7.69999982789159,3.99999991059303));
#6525=CARTESIAN_POINT('Origin',(-8.5,-4.04999990947545,4.69999989494681));
#6526=CARTESIAN_POINT('',(-8.5,-0.399999991059303,4.6));
#6527=CARTESIAN_POINT('',(-8.50000000000001,-2.02499995473772,4.6));
#6528=CARTESIAN_POINT('',(-8.5,-0.399999991059303,3.99999991059303));
#6529=CARTESIAN_POINT('',(-8.5,-0.399999991059303,3.99999991059303));
#6530=CARTESIAN_POINT('',(-8.5,-0.399999991059303,5.39999987930059));
#6531=CARTESIAN_POINT('Origin',(-8.35,-0.399999991059303,3.99999991059303));
#6532=CARTESIAN_POINT('',(-8.35,-0.399999991059303,3.99999991059303));
#6533=CARTESIAN_POINT('Origin',(-8.35,-0.399999991059303,5.39999987930059));
#6534=CARTESIAN_POINT('',(-8.35,-0.399999991059303,4.6));
#6535=CARTESIAN_POINT('Origin',(-8.35,3.33066907387547E-15,4.6));
#6536=CARTESIAN_POINT('',(-8.35,-8.35,4.6));
#6537=CARTESIAN_POINT('Origin',(8.34999999999999,-4.15,9.33127584063249));
#6538=CARTESIAN_POINT('',(8.34999999999999,-6.15,9.33127584063249));
#6539=CARTESIAN_POINT('Origin',(8.34999999999999,-6.15,7.13127584063249));
#6540=CARTESIAN_POINT('',(8.34999999999999,-6.15,7.13127584063249));
#6541=CARTESIAN_POINT('Origin',(8.34999999999999,-8.35,4.6));
#6542=CARTESIAN_POINT('',(8.34999999999999,-8.35,4.6));
#6543=CARTESIAN_POINT('',(8.34999999999999,-8.35,7.13127584063249));
#6544=CARTESIAN_POINT('Origin',(8.34999999999999,0.300000000000004,4.6));
#6545=CARTESIAN_POINT('',(3.225,-8.25,4.6));
#6546=CARTESIAN_POINT('Origin',(8.34999999999999,-1.95,7.13127584063249));
#6547=CARTESIAN_POINT('Origin',(-8.35,-7.2856473526471,7.93511037599935));
#6548=CARTESIAN_POINT('',(-8.35,-8.35,7.93511037599935));
#6549=CARTESIAN_POINT('Origin',(6.45,-11.6,6.25));
#6550=CARTESIAN_POINT('',(8.9,-11.6,6.25));
#6551=CARTESIAN_POINT('Origin',(6.45,-8.25,6.25));
#6552=CARTESIAN_POINT('Origin',(-6.45000005960464,-8.35,6.25));
#6553=CARTESIAN_POINT('Origin',(-6.45000005960464,-11.6,6.25));
#6554=CARTESIAN_POINT('Origin',(8.9,0.275,8.05));
#6555=CARTESIAN_POINT('Origin',(-3.,2.65,13.1));
#6556=CARTESIAN_POINT('Origin',(3.,2.65,13.1));
#6557=CARTESIAN_POINT('',(-3.259900011921,4.44873327246365,3.99860202463914));
#6558=CARTESIAN_POINT('',(-5.55990001192099,25.1946916854873,3.42876726675851));
#6559=CARTESIAN_POINT('',(0.,0.,0.));
#6560=CARTESIAN_POINT('',(0.,0.,0.));
#6561=CARTESIAN_POINT('Origin',(0.,0.,0.));
#6562=UNCERTAINTY_MEASURE_WITH_UNIT(LENGTH_MEASURE(0.01),#6574,
'DISTANCE_ACCURACY_VALUE',
'Maximum model space distance between geometric entities at asserted c
onnectivities');
#6563=UNCERTAINTY_MEASURE_WITH_UNIT(LENGTH_MEASURE(0.01),#6574,
'DISTANCE_ACCURACY_VALUE',
'Maximum model space distance between geometric entities at asserted c
onnectivities');
#6564=UNCERTAINTY_MEASURE_WITH_UNIT(LENGTH_MEASURE(0.01),#6574,
'DISTANCE_ACCURACY_VALUE',
'Maximum model space distance between geometric entities at asserted c
onnectivities');
#6565=UNCERTAINTY_MEASURE_WITH_UNIT(LENGTH_MEASURE(0.01),#6574,
'DISTANCE_ACCURACY_VALUE',
'Maximum model space distance between geometric entities at asserted c
onnectivities');
#6566=UNCERTAINTY_MEASURE_WITH_UNIT(LENGTH_MEASURE(0.01),#6574,
'DISTANCE_ACCURACY_VALUE',
'Maximum model space distance between geometric entities at asserted c
onnectivities');
#6567=UNCERTAINTY_MEASURE_WITH_UNIT(LENGTH_MEASURE(0.01),#6574,
'DISTANCE_ACCURACY_VALUE',
'Maximum model space distance between geometric entities at asserted c
onnectivities');
#6568=(
GEOMETRIC_REPRESENTATION_CONTEXT(3)
GLOBAL_UNCERTAINTY_ASSIGNED_CONTEXT((#6562))
GLOBAL_UNIT_ASSIGNED_CONTEXT((#6574,#6576,#6577))
REPRESENTATION_CONTEXT('','3D')
);
#6569=(
GEOMETRIC_REPRESENTATION_CONTEXT(3)
GLOBAL_UNCERTAINTY_ASSIGNED_CONTEXT((#6563))
GLOBAL_UNIT_ASSIGNED_CONTEXT((#6574,#6576,#6577))
REPRESENTATION_CONTEXT('','3D')
);
#6570=(
GEOMETRIC_REPRESENTATION_CONTEXT(3)
GLOBAL_UNCERTAINTY_ASSIGNED_CONTEXT((#6564))
GLOBAL_UNIT_ASSIGNED_CONTEXT((#6574,#6576,#6577))
REPRESENTATION_CONTEXT('','3D')
);
#6571=(
GEOMETRIC_REPRESENTATION_CONTEXT(3)
GLOBAL_UNCERTAINTY_ASSIGNED_CONTEXT((#6565))
GLOBAL_UNIT_ASSIGNED_CONTEXT((#6574,#6576,#6577))
REPRESENTATION_CONTEXT('','3D')
);
#6572=(
GEOMETRIC_REPRESENTATION_CONTEXT(3)
GLOBAL_UNCERTAINTY_ASSIGNED_CONTEXT((#6566))
GLOBAL_UNIT_ASSIGNED_CONTEXT((#6574,#6576,#6577))
REPRESENTATION_CONTEXT('','3D')
);
#6573=(
GEOMETRIC_REPRESENTATION_CONTEXT(3)
GLOBAL_UNCERTAINTY_ASSIGNED_CONTEXT((#6567))
GLOBAL_UNIT_ASSIGNED_CONTEXT((#6574,#6576,#6577))
REPRESENTATION_CONTEXT('','3D')
);
#6574=(
LENGTH_UNIT()
NAMED_UNIT(*)
SI_UNIT(.MILLI.,.METRE.)
);
#6575=(
LENGTH_UNIT()
NAMED_UNIT(*)
SI_UNIT($,.METRE.)
);
#6576=(
NAMED_UNIT(*)
PLANE_ANGLE_UNIT()
SI_UNIT($,.RADIAN.)
);
#6577=(
NAMED_UNIT(*)
SI_UNIT($,.STERADIAN.)
SOLID_ANGLE_UNIT()
);
#6578=SHAPE_DEFINITION_REPRESENTATION(#6583,#6592);
#6579=SHAPE_DEFINITION_REPRESENTATION(#6584,#6593);
#6580=SHAPE_DEFINITION_REPRESENTATION(#6585,#6594);
#6581=SHAPE_DEFINITION_REPRESENTATION(#6586,#6595);
#6582=SHAPE_DEFINITION_REPRESENTATION(#6587,#6596);
#6583=PRODUCT_DEFINITION_SHAPE('',$,#6598);
#6584=PRODUCT_DEFINITION_SHAPE('',$,#6599);
#6585=PRODUCT_DEFINITION_SHAPE('',$,#6600);
#6586=PRODUCT_DEFINITION_SHAPE('',$,#6601);
#6587=PRODUCT_DEFINITION_SHAPE('',$,#6602);
#6588=PRODUCT_DEFINITION_SHAPE($,$,#29);
#6589=PRODUCT_DEFINITION_SHAPE($,$,#30);
#6590=PRODUCT_DEFINITION_SHAPE($,$,#31);
#6591=PRODUCT_DEFINITION_SHAPE($,$,#32);
#6592=SHAPE_REPRESENTATION('',(#3806,#4180,#4181,#4182,#4183),#6568);
#6593=SHAPE_REPRESENTATION('',(#3807),#6569);
#6594=SHAPE_REPRESENTATION('',(#3936),#6570);
#6595=SHAPE_REPRESENTATION('',(#3967),#6571);
#6596=SHAPE_REPRESENTATION('',(#4054),#6572);
#6597=PRODUCT_DEFINITION_CONTEXT('part definition',#6614,'design');
#6598=PRODUCT_DEFINITION('HorizontalRotaryEncoder',
'HorizontalRotaryEncoder v2',#6603,#6597);
#6599=PRODUCT_DEFINITION('Wheel','Wheel',#6604,#6597);
#6600=PRODUCT_DEFINITION('Stem','Stem',#6605,#6597);
#6601=PRODUCT_DEFINITION('BottomPart','BottomPart',#6606,#6597);
#6602=PRODUCT_DEFINITION('TopPart','TopPart',#6607,#6597);
#6603=PRODUCT_DEFINITION_FORMATION('',$,#6616);
#6604=PRODUCT_DEFINITION_FORMATION('',$,#6617);
#6605=PRODUCT_DEFINITION_FORMATION('',$,#6618);
#6606=PRODUCT_DEFINITION_FORMATION('',$,#6619);
#6607=PRODUCT_DEFINITION_FORMATION('',$,#6620);
#6608=PRODUCT_RELATED_PRODUCT_CATEGORY('HorizontalRotaryEncoder v2',
'HorizontalRotaryEncoder v2',(#6616));
#6609=PRODUCT_RELATED_PRODUCT_CATEGORY('Wheel','Wheel',(#6617));
#6610=PRODUCT_RELATED_PRODUCT_CATEGORY('Stem','Stem',(#6618));
#6611=PRODUCT_RELATED_PRODUCT_CATEGORY('BottomPart','BottomPart',(#6619));
#6612=PRODUCT_RELATED_PRODUCT_CATEGORY('TopPart','TopPart',(#6620));
#6613=APPLICATION_PROTOCOL_DEFINITION('international standard',
'automotive_design',2009,#6614);
#6614=APPLICATION_CONTEXT(
'Core Data for Automotive Mechanical Design Process');
#6615=PRODUCT_CONTEXT('part definition',#6614,'mechanical');
#6616=PRODUCT('HorizontalRotaryEncoder','HorizontalRotaryEncoder v2',$,
(#6615));
#6617=PRODUCT('Wheel','Wheel',$,(#6615));
#6618=PRODUCT('Stem','Stem',$,(#6615));
#6619=PRODUCT('BottomPart','BottomPart',$,(#6615));
#6620=PRODUCT('TopPart','TopPart',$,(#6615));
#6621=PRESENTATION_STYLE_ASSIGNMENT((#6625));
#6622=PRESENTATION_STYLE_ASSIGNMENT((#6626));
#6623=PRESENTATION_STYLE_ASSIGNMENT((#6627));
#6624=PRESENTATION_STYLE_ASSIGNMENT((NULL_STYLE(.NULL.)));
#6625=SURFACE_STYLE_USAGE(.BOTH.,#6628);
#6626=SURFACE_STYLE_USAGE(.BOTH.,#6629);
#6627=SURFACE_STYLE_USAGE(.BOTH.,#6630);
#6628=SURFACE_SIDE_STYLE('',(#6631));
#6629=SURFACE_SIDE_STYLE('',(#6632));
#6630=SURFACE_SIDE_STYLE('',(#6633));
#6631=SURFACE_STYLE_FILL_AREA(#6634);
#6632=SURFACE_STYLE_FILL_AREA(#6635);
#6633=SURFACE_STYLE_FILL_AREA(#6636);
#6634=FILL_AREA_STYLE('\X2\92FC\X0\ - \X2\30B530C630F3\X0\',(#6637));
#6635=FILL_AREA_STYLE('\X2\30D730E930B930C130C330AF\X0\ - \X2\30DE30C330C8\X0\(
\X2\767D\X0\)',(#6638));
#6636=FILL_AREA_STYLE('\X2\30D730E930B930C130C330AF\X0\ - \X2\30DE30C330C8\X0\(
\X2\9ED2\X0\)',(#6639));
#6637=FILL_AREA_STYLE_COLOUR('\X2\92FC\X0\ - \X2\30B530C630F3\X0\',#6640);
#6638=FILL_AREA_STYLE_COLOUR('\X2\30D730E930B930C130C330AF\X0\ - \X2\30DE30C330C8\X0\(
\X2\767D\X0\)',#6641);
#6639=FILL_AREA_STYLE_COLOUR('\X2\30D730E930B930C130C330AF\X0\ - \X2\30DE30C330C8\X0\(
\X2\9ED2\X0\)',#6642);
#6640=COLOUR_RGB('\X2\92FC\X0\ - \X2\30B530C630F3\X0\',0.627450980392157,
0.627450980392157,0.627450980392157);
#6641=COLOUR_RGB('\X2\30D730E930B930C130C330AF\X0\ - \X2\30DE30C330C8\X0\(
\X2\767D\X0\)',0.964705882352941,0.964705882352941,0.952941176470588);
#6642=COLOUR_RGB('\X2\30D730E930B930C130C330AF\X0\ - \X2\30DE30C330C8\X0\(
\X2\9ED2\X0\)',0.0980392156862745,0.0980392156862745,0.0980392156862745);
ENDSEC;
END-ISO-10303-21;
