ISO-10303-21;
HEADER;
/* Generated by software containing ST-Developer
 * from STEP Tools, Inc. (www.steptools.com) 
 */

FILE_DESCRIPTION(
/* description */ (''),
/* implementation_level */ '2;1');

FILE_NAME(
/* name */ 'KeySwitch.step',
/* time_stamp */ '2026-10-02T21:36:16+09:00',
/* author */ (''),
/* organization */ (''),
/* preprocessor_version */ 'ST-DEVELOPER v20.2',
/* originating_system */ 'Autodesk Translation Framework v15.15.0.0',
/* authorisation */ '');

FILE_SCHEMA (('AUTOMOTIVE_DESIGN { 1 0 10303 214 3 1 1 }'));
ENDSEC;

DATA;
#10=MECHANICAL_DESIGN_GEOMETRIC_PRESENTATION_REPRESENTATION('',(#39,#40),
#2479);
#11=ITEM_DEFINED_TRANSFORMATION($,$,#1489,#1622);
#12=ITEM_DEFINED_TRANSFORMATION($,$,#1512,#1623);
#13=(
REPRESENTATION_RELATIONSHIP($,$,#2493,#2492)
REPRESENTATION_RELATIONSHIP_WITH_TRANSFORMATION(#11)
SHAPE_REPRESENTATION_RELATIONSHIP()
);
#14=(
REPRESENTATION_RELATIONSHIP($,$,#2494,#2492)
REPRESENTATION_RELATIONSHIP_WITH_TRANSFORMATION(#12)
SHAPE_REPRESENTATION_RELATIONSHIP()
);
#15=CONTEXT_DEPENDENT_SHAPE_REPRESENTATION(#13,#2490);
#16=CONTEXT_DEPENDENT_SHAPE_REPRESENTATION(#14,#2491);
#17=NEXT_ASSEMBLY_USAGE_OCCURRENCE('SwitchPlate:1','SwitchPlate:1',
'SwitchPlate:1',#2496,#2497,'SwitchPlate:1');
#18=NEXT_ASSEMBLY_USAGE_OCCURRENCE('Case:1','Case:1','Case:1',#2496,#2498,
'Case:1');
#19=ELLIPSE('',#1514,0.565685424949238,0.4);
#20=ELLIPSE('',#1515,0.565685424949237,0.4);
#21=ELLIPSE('',#1517,0.565685424949237,0.4);
#22=ELLIPSE('',#1518,0.565685424949239,0.4);
#23=ELLIPSE('',#1525,0.565685424949238,0.4);
#24=ELLIPSE('',#1526,0.565685424949238,0.4);
#25=ELLIPSE('',#1528,0.565685424949238,0.4);
#26=ELLIPSE('',#1529,0.565685424949238,0.4);
#27=ELLIPSE('',#1532,0.565685424949238,0.4);
#28=ELLIPSE('',#1533,0.565685424949238,0.4);
#29=ELLIPSE('',#1535,0.565685424949238,0.4);
#30=ELLIPSE('',#1536,0.565685424949238,0.4);
#31=ELLIPSE('',#1539,0.565685424949238,0.4);
#32=ELLIPSE('',#1540,0.565685424949238,0.4);
#33=ELLIPSE('',#1542,0.565685424949237,0.4);
#34=ELLIPSE('',#1543,0.56568542494924,0.4);
#35=SHAPE_REPRESENTATION_RELATIONSHIP('SRR','None',#2493,#37);
#36=SHAPE_REPRESENTATION_RELATIONSHIP('SRR','None',#2494,#38);
#37=ADVANCED_BREP_SHAPE_REPRESENTATION('',(#41),#2477);
#38=ADVANCED_BREP_SHAPE_REPRESENTATION('',(#42),#2478);
#39=STYLED_ITEM('',(#2513),#41);
#40=STYLED_ITEM('',(#2513),#42);
#41=MANIFOLD_SOLID_BREP('SwitchPlate',#1474);
#42=MANIFOLD_SOLID_BREP('Case',#1475);
#43=FACE_BOUND('',#211,.T.);
#44=FACE_BOUND('',#213,.T.);
#45=FACE_BOUND('',#236,.T.);
#46=FACE_BOUND('',#237,.T.);
#47=FACE_BOUND('',#238,.T.);
#48=FACE_BOUND('',#264,.T.);
#49=FACE_BOUND('',#275,.T.);
#50=FACE_BOUND('',#286,.T.);
#51=FACE_BOUND('',#287,.T.);
#52=FACE_BOUND('',#288,.T.);
#53=FACE_BOUND('',#289,.T.);
#54=FACE_BOUND('',#290,.T.);
#55=CIRCLE('',#1496,2.05);
#56=CIRCLE('',#1497,2.05);
#57=CIRCLE('',#1500,2.05);
#58=CIRCLE('',#1501,2.05);
#59=CIRCLE('',#1504,2.05000000000001);
#60=CIRCLE('',#1505,2.05000000000001);
#61=CIRCLE('',#1508,2.05);
#62=CIRCLE('',#1509,2.05);
#63=CIRCLE('',#1551,2.65);
#64=CIRCLE('',#1552,2.65);
#65=CIRCLE('',#1553,2.525);
#66=CIRCLE('',#1567,0.95);
#67=CIRCLE('',#1568,0.95);
#68=CIRCLE('',#1571,0.95);
#69=CIRCLE('',#1572,0.95);
#70=CIRCLE('',#1575,1.1);
#71=CIRCLE('',#1576,1.1);
#72=CIRCLE('',#1579,1.1);
#73=CIRCLE('',#1580,1.1);
#74=CIRCLE('',#1583,1.1);
#75=CIRCLE('',#1584,1.1);
#76=CIRCLE('',#1588,2.10000000012762);
#77=CIRCLE('',#1589,2.10000000001881);
#78=CIRCLE('',#1590,2.10000000001016);
#79=CIRCLE('',#1591,2.09999999999999);
#80=CIRCLE('',#1592,2.65);
#81=CIRCLE('',#1593,2.65);
#82=CIRCLE('',#1596,2.10000000012762);
#83=CIRCLE('',#1599,2.10000000001881);
#84=CIRCLE('',#1603,2.10000000001016);
#85=CIRCLE('',#1605,2.09999999999999);
#86=CIRCLE('',#1614,2.525);
#87=CIRCLE('',#1617,2.525);
#88=CIRCLE('',#1618,2.525);
#89=CYLINDRICAL_SURFACE('',#1495,2.05);
#90=CYLINDRICAL_SURFACE('',#1499,2.05);
#91=CYLINDRICAL_SURFACE('',#1503,2.05000000000001);
#92=CYLINDRICAL_SURFACE('',#1507,2.05);
#93=CYLINDRICAL_SURFACE('',#1513,0.4);
#94=CYLINDRICAL_SURFACE('',#1516,0.4);
#95=CYLINDRICAL_SURFACE('',#1519,0.4);
#96=CYLINDRICAL_SURFACE('',#1524,0.4);
#97=CYLINDRICAL_SURFACE('',#1527,0.4);
#98=CYLINDRICAL_SURFACE('',#1530,0.4);
#99=CYLINDRICAL_SURFACE('',#1531,0.4);
#100=CYLINDRICAL_SURFACE('',#1534,0.4);
#101=CYLINDRICAL_SURFACE('',#1537,0.4);
#102=CYLINDRICAL_SURFACE('',#1538,0.4);
#103=CYLINDRICAL_SURFACE('',#1541,0.4);
#104=CYLINDRICAL_SURFACE('',#1544,0.4);
#105=CYLINDRICAL_SURFACE('',#1566,0.95);
#106=CYLINDRICAL_SURFACE('',#1570,0.95);
#107=CYLINDRICAL_SURFACE('',#1574,1.1);
#108=CYLINDRICAL_SURFACE('',#1578,1.1);
#109=CYLINDRICAL_SURFACE('',#1582,1.1);
#110=CYLINDRICAL_SURFACE('',#1595,2.10000000012762);
#111=CYLINDRICAL_SURFACE('',#1598,2.10000000001881);
#112=CYLINDRICAL_SURFACE('',#1602,2.10000000001016);
#113=CYLINDRICAL_SURFACE('',#1604,2.09999999999999);
#114=CYLINDRICAL_SURFACE('',#1609,2.65);
#115=CYLINDRICAL_SURFACE('',#1610,2.65);
#116=CYLINDRICAL_SURFACE('',#1616,2.525);
#117=FACE_OUTER_BOUND('',#198,.T.);
#118=FACE_OUTER_BOUND('',#199,.T.);
#119=FACE_OUTER_BOUND('',#200,.T.);
#120=FACE_OUTER_BOUND('',#201,.T.);
#121=FACE_OUTER_BOUND('',#202,.T.);
#122=FACE_OUTER_BOUND('',#203,.T.);
#123=FACE_OUTER_BOUND('',#204,.T.);
#124=FACE_OUTER_BOUND('',#205,.T.);
#125=FACE_OUTER_BOUND('',#206,.T.);
#126=FACE_OUTER_BOUND('',#207,.T.);
#127=FACE_OUTER_BOUND('',#208,.T.);
#128=FACE_OUTER_BOUND('',#209,.T.);
#129=FACE_OUTER_BOUND('',#210,.T.);
#130=FACE_OUTER_BOUND('',#212,.T.);
#131=FACE_OUTER_BOUND('',#214,.T.);
#132=FACE_OUTER_BOUND('',#215,.T.);
#133=FACE_OUTER_BOUND('',#216,.T.);
#134=FACE_OUTER_BOUND('',#217,.T.);
#135=FACE_OUTER_BOUND('',#218,.T.);
#136=FACE_OUTER_BOUND('',#219,.T.);
#137=FACE_OUTER_BOUND('',#220,.T.);
#138=FACE_OUTER_BOUND('',#221,.T.);
#139=FACE_OUTER_BOUND('',#222,.T.);
#140=FACE_OUTER_BOUND('',#223,.T.);
#141=FACE_OUTER_BOUND('',#224,.T.);
#142=FACE_OUTER_BOUND('',#225,.T.);
#143=FACE_OUTER_BOUND('',#226,.T.);
#144=FACE_OUTER_BOUND('',#227,.T.);
#145=FACE_OUTER_BOUND('',#228,.T.);
#146=FACE_OUTER_BOUND('',#229,.T.);
#147=FACE_OUTER_BOUND('',#230,.T.);
#148=FACE_OUTER_BOUND('',#231,.T.);
#149=FACE_OUTER_BOUND('',#232,.T.);
#150=FACE_OUTER_BOUND('',#233,.T.);
#151=FACE_OUTER_BOUND('',#234,.T.);
#152=FACE_OUTER_BOUND('',#235,.T.);
#153=FACE_OUTER_BOUND('',#239,.T.);
#154=FACE_OUTER_BOUND('',#240,.T.);
#155=FACE_OUTER_BOUND('',#241,.T.);
#156=FACE_OUTER_BOUND('',#242,.T.);
#157=FACE_OUTER_BOUND('',#243,.T.);
#158=FACE_OUTER_BOUND('',#244,.T.);
#159=FACE_OUTER_BOUND('',#245,.T.);
#160=FACE_OUTER_BOUND('',#246,.T.);
#161=FACE_OUTER_BOUND('',#247,.T.);
#162=FACE_OUTER_BOUND('',#248,.T.);
#163=FACE_OUTER_BOUND('',#249,.T.);
#164=FACE_OUTER_BOUND('',#250,.T.);
#165=FACE_OUTER_BOUND('',#251,.T.);
#166=FACE_OUTER_BOUND('',#252,.T.);
#167=FACE_OUTER_BOUND('',#253,.T.);
#168=FACE_OUTER_BOUND('',#254,.T.);
#169=FACE_OUTER_BOUND('',#255,.T.);
#170=FACE_OUTER_BOUND('',#256,.T.);
#171=FACE_OUTER_BOUND('',#257,.T.);
#172=FACE_OUTER_BOUND('',#258,.T.);
#173=FACE_OUTER_BOUND('',#259,.T.);
#174=FACE_OUTER_BOUND('',#260,.T.);
#175=FACE_OUTER_BOUND('',#261,.T.);
#176=FACE_OUTER_BOUND('',#262,.T.);
#177=FACE_OUTER_BOUND('',#263,.T.);
#178=FACE_OUTER_BOUND('',#265,.T.);
#179=FACE_OUTER_BOUND('',#266,.T.);
#180=FACE_OUTER_BOUND('',#267,.T.);
#181=FACE_OUTER_BOUND('',#268,.T.);
#182=FACE_OUTER_BOUND('',#269,.T.);
#183=FACE_OUTER_BOUND('',#270,.T.);
#184=FACE_OUTER_BOUND('',#271,.T.);
#185=FACE_OUTER_BOUND('',#272,.T.);
#186=FACE_OUTER_BOUND('',#273,.T.);
#187=FACE_OUTER_BOUND('',#274,.T.);
#188=FACE_OUTER_BOUND('',#276,.T.);
#189=FACE_OUTER_BOUND('',#277,.T.);
#190=FACE_OUTER_BOUND('',#278,.T.);
#191=FACE_OUTER_BOUND('',#279,.T.);
#192=FACE_OUTER_BOUND('',#280,.T.);
#193=FACE_OUTER_BOUND('',#281,.T.);
#194=FACE_OUTER_BOUND('',#282,.T.);
#195=FACE_OUTER_BOUND('',#283,.T.);
#196=FACE_OUTER_BOUND('',#284,.T.);
#197=FACE_OUTER_BOUND('',#285,.T.);
#198=EDGE_LOOP('',(#934,#935,#936,#937));
#199=EDGE_LOOP('',(#938,#939,#940,#941));
#200=EDGE_LOOP('',(#942,#943,#944,#945));
#201=EDGE_LOOP('',(#946,#947,#948,#949));
#202=EDGE_LOOP('',(#950,#951,#952,#953));
#203=EDGE_LOOP('',(#954,#955,#956,#957));
#204=EDGE_LOOP('',(#958,#959,#960,#961));
#205=EDGE_LOOP('',(#962,#963,#964,#965));
#206=EDGE_LOOP('',(#966,#967,#968,#969));
#207=EDGE_LOOP('',(#970,#971,#972,#973));
#208=EDGE_LOOP('',(#974,#975,#976,#977));
#209=EDGE_LOOP('',(#978,#979,#980,#981));
#210=EDGE_LOOP('',(#982,#983,#984,#985,#986,#987,#988,#989));
#211=EDGE_LOOP('',(#990,#991,#992,#993));
#212=EDGE_LOOP('',(#994,#995,#996,#997,#998,#999,#1000,#1001));
#213=EDGE_LOOP('',(#1002,#1003,#1004,#1005));
#214=EDGE_LOOP('',(#1006,#1007,#1008));
#215=EDGE_LOOP('',(#1009,#1010,#1011,#1012,#1013,#1014));
#216=EDGE_LOOP('',(#1015,#1016,#1017));
#217=EDGE_LOOP('',(#1018,#1019,#1020,#1021));
#218=EDGE_LOOP('',(#1022,#1023,#1024,#1025));
#219=EDGE_LOOP('',(#1026,#1027,#1028,#1029));
#220=EDGE_LOOP('',(#1030,#1031,#1032,#1033));
#221=EDGE_LOOP('',(#1034,#1035,#1036));
#222=EDGE_LOOP('',(#1037,#1038,#1039));
#223=EDGE_LOOP('',(#1040,#1041,#1042,#1043,#1044,#1045));
#224=EDGE_LOOP('',(#1046,#1047,#1048));
#225=EDGE_LOOP('',(#1049,#1050,#1051));
#226=EDGE_LOOP('',(#1052,#1053,#1054,#1055,#1056,#1057));
#227=EDGE_LOOP('',(#1058,#1059,#1060));
#228=EDGE_LOOP('',(#1061,#1062,#1063,#1064,#1065,#1066));
#229=EDGE_LOOP('',(#1067,#1068,#1069));
#230=EDGE_LOOP('',(#1070,#1071,#1072,#1073));
#231=EDGE_LOOP('',(#1074,#1075,#1076,#1077));
#232=EDGE_LOOP('',(#1078,#1079,#1080,#1081));
#233=EDGE_LOOP('',(#1082,#1083,#1084,#1085));
#234=EDGE_LOOP('',(#1086,#1087,#1088,#1089));
#235=EDGE_LOOP('',(#1090,#1091,#1092,#1093,#1094,#1095,#1096,#1097,#1098,
#1099,#1100,#1101,#1102,#1103));
#236=EDGE_LOOP('',(#1104,#1105,#1106,#1107));
#237=EDGE_LOOP('',(#1108,#1109,#1110,#1111));
#238=EDGE_LOOP('',(#1112));
#239=EDGE_LOOP('',(#1113,#1114,#1115,#1116));
#240=EDGE_LOOP('',(#1117,#1118,#1119,#1120));
#241=EDGE_LOOP('',(#1121,#1122,#1123,#1124));
#242=EDGE_LOOP('',(#1125,#1126,#1127,#1128));
#243=EDGE_LOOP('',(#1129,#1130,#1131,#1132));
#244=EDGE_LOOP('',(#1133,#1134,#1135,#1136));
#245=EDGE_LOOP('',(#1137,#1138,#1139,#1140));
#246=EDGE_LOOP('',(#1141,#1142,#1143,#1144));
#247=EDGE_LOOP('',(#1145,#1146,#1147,#1148,#1149,#1150,#1151));
#248=EDGE_LOOP('',(#1152,#1153,#1154,#1155,#1156,#1157,#1158));
#249=EDGE_LOOP('',(#1159,#1160,#1161,#1162));
#250=EDGE_LOOP('',(#1163,#1164,#1165,#1166,#1167,#1168));
#251=EDGE_LOOP('',(#1169,#1170,#1171,#1172));
#252=EDGE_LOOP('',(#1173));
#253=EDGE_LOOP('',(#1174,#1175,#1176,#1177));
#254=EDGE_LOOP('',(#1178));
#255=EDGE_LOOP('',(#1179,#1180,#1181,#1182));
#256=EDGE_LOOP('',(#1183));
#257=EDGE_LOOP('',(#1184,#1185,#1186,#1187));
#258=EDGE_LOOP('',(#1188));
#259=EDGE_LOOP('',(#1189,#1190,#1191,#1192));
#260=EDGE_LOOP('',(#1193));
#261=EDGE_LOOP('',(#1194,#1195,#1196,#1197));
#262=EDGE_LOOP('',(#1198,#1199,#1200,#1201,#1202,#1203,#1204,#1205,#1206,
#1207,#1208,#1209,#1210,#1211,#1212,#1213,#1214,#1215));
#263=EDGE_LOOP('',(#1216,#1217,#1218,#1219,#1220));
#264=EDGE_LOOP('',(#1221,#1222,#1223,#1224));
#265=EDGE_LOOP('',(#1225,#1226,#1227,#1228));
#266=EDGE_LOOP('',(#1229,#1230,#1231,#1232));
#267=EDGE_LOOP('',(#1233,#1234,#1235,#1236));
#268=EDGE_LOOP('',(#1237,#1238,#1239,#1240,#1241,#1242));
#269=EDGE_LOOP('',(#1243,#1244,#1245,#1246));
#270=EDGE_LOOP('',(#1247,#1248,#1249,#1250));
#271=EDGE_LOOP('',(#1251,#1252,#1253,#1254));
#272=EDGE_LOOP('',(#1255,#1256,#1257,#1258));
#273=EDGE_LOOP('',(#1259,#1260,#1261,#1262));
#274=EDGE_LOOP('',(#1263,#1264,#1265,#1266,#1267));
#275=EDGE_LOOP('',(#1268,#1269,#1270,#1271));
#276=EDGE_LOOP('',(#1272,#1273,#1274,#1275,#1276));
#277=EDGE_LOOP('',(#1277,#1278,#1279,#1280,#1281));
#278=EDGE_LOOP('',(#1282,#1283,#1284,#1285));
#279=EDGE_LOOP('',(#1286,#1287,#1288,#1289));
#280=EDGE_LOOP('',(#1290,#1291,#1292,#1293,#1294,#1295));
#281=EDGE_LOOP('',(#1296,#1297,#1298,#1299));
#282=EDGE_LOOP('',(#1300,#1301,#1302,#1303,#1304,#1305,#1306,#1307));
#283=EDGE_LOOP('',(#1308,#1309,#1310,#1311,#1312,#1313));
#284=EDGE_LOOP('',(#1314,#1315,#1316,#1317,#1318,#1319));
#285=EDGE_LOOP('',(#1320,#1321,#1322,#1323,#1324,#1325,#1326,#1327,#1328,
#1329,#1330,#1331,#1332,#1333,#1334));
#286=EDGE_LOOP('',(#1335));
#287=EDGE_LOOP('',(#1336));
#288=EDGE_LOOP('',(#1337));
#289=EDGE_LOOP('',(#1338));
#290=EDGE_LOOP('',(#1339));
#291=LINE('',#2054,#444);
#292=LINE('',#2056,#445);
#293=LINE('',#2058,#446);
#294=LINE('',#2059,#447);
#295=LINE('',#2062,#448);
#296=LINE('',#2064,#449);
#297=LINE('',#2065,#450);
#298=LINE('',#2068,#451);
#299=LINE('',#2070,#452);
#300=LINE('',#2071,#453);
#301=LINE('',#2073,#454);
#302=LINE('',#2074,#455);
#303=LINE('',#2078,#456);
#304=LINE('',#2080,#457);
#305=LINE('',#2082,#458);
#306=LINE('',#2083,#459);
#307=LINE('',#2089,#460);
#308=LINE('',#2092,#461);
#309=LINE('',#2094,#462);
#310=LINE('',#2095,#463);
#311=LINE('',#2101,#464);
#312=LINE('',#2104,#465);
#313=LINE('',#2106,#466);
#314=LINE('',#2107,#467);
#315=LINE('',#2113,#468);
#316=LINE('',#2116,#469);
#317=LINE('',#2118,#470);
#318=LINE('',#2119,#471);
#319=LINE('',#2132,#472);
#320=LINE('',#2135,#473);
#321=LINE('',#2140,#474);
#322=LINE('',#2142,#475);
#323=LINE('',#2145,#476);
#324=LINE('',#2147,#477);
#325=LINE('',#2148,#478);
#326=LINE('',#2151,#479);
#327=LINE('',#2152,#480);
#328=LINE('',#2155,#481);
#329=LINE('',#2156,#482);
#330=LINE('',#2158,#483);
#331=LINE('',#2162,#484);
#332=LINE('',#2169,#485);
#333=LINE('',#2174,#486);
#334=LINE('',#2175,#487);
#335=LINE('',#2179,#488);
#336=LINE('',#2186,#489);
#337=LINE('',#2191,#490);
#338=LINE('',#2192,#491);
#339=LINE('',#2199,#492);
#340=LINE('',#2202,#493);
#341=LINE('',#2207,#494);
#342=LINE('',#2209,#495);
#343=LINE('',#2212,#496);
#344=LINE('',#2214,#497);
#345=LINE('',#2215,#498);
#346=LINE('',#2218,#499);
#347=LINE('',#2219,#500);
#348=LINE('',#2222,#501);
#349=LINE('',#2223,#502);
#350=LINE('',#2225,#503);
#351=LINE('',#2229,#504);
#352=LINE('',#2231,#505);
#353=LINE('',#2233,#506);
#354=LINE('',#2234,#507);
#355=LINE('',#2239,#508);
#356=LINE('',#2241,#509);
#357=LINE('',#2243,#510);
#358=LINE('',#2247,#511);
#359=LINE('',#2249,#512);
#360=LINE('',#2251,#513);
#361=LINE('',#2253,#514);
#362=LINE('',#2255,#515);
#363=LINE('',#2257,#516);
#364=LINE('',#2259,#517);
#365=LINE('',#2260,#518);
#366=LINE('',#2265,#519);
#367=LINE('',#2267,#520);
#368=LINE('',#2268,#521);
#369=LINE('',#2271,#522);
#370=LINE('',#2273,#523);
#371=LINE('',#2274,#524);
#372=LINE('',#2277,#525);
#373=LINE('',#2279,#526);
#374=LINE('',#2280,#527);
#375=LINE('',#2283,#528);
#376=LINE('',#2284,#529);
#377=LINE('',#2287,#530);
#378=LINE('',#2288,#531);
#379=LINE('',#2291,#532);
#380=LINE('',#2293,#533);
#381=LINE('',#2294,#534);
#382=LINE('',#2296,#535);
#383=LINE('',#2299,#536);
#384=LINE('',#2301,#537);
#385=LINE('',#2302,#538);
#386=LINE('',#2305,#539);
#387=LINE('',#2307,#540);
#388=LINE('',#2308,#541);
#389=LINE('',#2311,#542);
#390=LINE('',#2312,#543);
#391=LINE('',#2315,#544);
#392=LINE('',#2316,#545);
#393=LINE('',#2319,#546);
#394=LINE('',#2321,#547);
#395=LINE('',#2323,#548);
#396=LINE('',#2324,#549);
#397=LINE('',#2329,#550);
#398=LINE('',#2336,#551);
#399=LINE('',#2343,#552);
#400=LINE('',#2350,#553);
#401=LINE('',#2357,#554);
#402=LINE('',#2363,#555);
#403=LINE('',#2365,#556);
#404=LINE('',#2367,#557);
#405=LINE('',#2368,#558);
#406=LINE('',#2371,#559);
#407=LINE('',#2375,#560);
#408=LINE('',#2379,#561);
#409=LINE('',#2383,#562);
#410=LINE('',#2387,#563);
#411=LINE('',#2389,#564);
#412=LINE('',#2392,#565);
#413=LINE('',#2393,#566);
#414=LINE('',#2398,#567);
#415=LINE('',#2399,#568);
#416=LINE('',#2402,#569);
#417=LINE('',#2403,#570);
#418=LINE('',#2407,#571);
#419=LINE('',#2410,#572);
#420=LINE('',#2411,#573);
#421=LINE('',#2414,#574);
#422=LINE('',#2415,#575);
#423=LINE('',#2419,#576);
#424=LINE('',#2423,#577);
#425=LINE('',#2425,#578);
#426=LINE('',#2427,#579);
#427=LINE('',#2429,#580);
#428=LINE('',#2435,#581);
#429=LINE('',#2437,#582);
#430=LINE('',#2439,#583);
#431=LINE('',#2440,#584);
#432=LINE('',#2444,#585);
#433=LINE('',#2446,#586);
#434=LINE('',#2448,#587);
#435=LINE('',#2449,#588);
#436=LINE('',#2453,#589);
#437=LINE('',#2455,#590);
#438=LINE('',#2456,#591);
#439=LINE('',#2458,#592);
#440=LINE('',#2459,#593);
#441=LINE('',#2463,#594);
#442=LINE('',#2466,#595);
#443=LINE('',#2468,#596);
#444=VECTOR('',#1630,10.);
#445=VECTOR('',#1631,10.);
#446=VECTOR('',#1632,10.);
#447=VECTOR('',#1633,10.);
#448=VECTOR('',#1636,10.);
#449=VECTOR('',#1637,10.);
#450=VECTOR('',#1638,10.);
#451=VECTOR('',#1641,10.);
#452=VECTOR('',#1642,10.);
#453=VECTOR('',#1643,10.);
#454=VECTOR('',#1646,10.);
#455=VECTOR('',#1647,10.);
#456=VECTOR('',#1650,10.);
#457=VECTOR('',#1651,10.);
#458=VECTOR('',#1652,10.);
#459=VECTOR('',#1653,10.);
#460=VECTOR('',#1660,10.);
#461=VECTOR('',#1663,10.);
#462=VECTOR('',#1664,10.);
#463=VECTOR('',#1665,10.);
#464=VECTOR('',#1672,10.);
#465=VECTOR('',#1675,10.);
#466=VECTOR('',#1676,10.);
#467=VECTOR('',#1677,10.);
#468=VECTOR('',#1684,10.);
#469=VECTOR('',#1687,10.);
#470=VECTOR('',#1688,10.);
#471=VECTOR('',#1689,10.);
#472=VECTOR('',#1708,10.);
#473=VECTOR('',#1711,10.);
#474=VECTOR('',#1716,10.);
#475=VECTOR('',#1719,10.);
#476=VECTOR('',#1722,10.);
#477=VECTOR('',#1723,10.);
#478=VECTOR('',#1724,10.);
#479=VECTOR('',#1727,10.);
#480=VECTOR('',#1728,10.);
#481=VECTOR('',#1731,10.);
#482=VECTOR('',#1732,10.);
#483=VECTOR('',#1735,10.);
#484=VECTOR('',#1738,10.);
#485=VECTOR('',#1745,10.);
#486=VECTOR('',#1752,10.);
#487=VECTOR('',#1753,10.);
#488=VECTOR('',#1756,10.);
#489=VECTOR('',#1763,10.);
#490=VECTOR('',#1770,10.);
#491=VECTOR('',#1771,10.);
#492=VECTOR('',#1778,10.);
#493=VECTOR('',#1781,10.);
#494=VECTOR('',#1786,10.);
#495=VECTOR('',#1789,10.);
#496=VECTOR('',#1792,10.);
#497=VECTOR('',#1793,10.);
#498=VECTOR('',#1794,10.);
#499=VECTOR('',#1797,10.);
#500=VECTOR('',#1798,10.);
#501=VECTOR('',#1801,10.);
#502=VECTOR('',#1802,10.);
#503=VECTOR('',#1805,10.);
#504=VECTOR('',#1808,10.);
#505=VECTOR('',#1809,10.);
#506=VECTOR('',#1810,10.);
#507=VECTOR('',#1811,10.);
#508=VECTOR('',#1816,10.);
#509=VECTOR('',#1817,10.);
#510=VECTOR('',#1818,10.);
#511=VECTOR('',#1821,10.);
#512=VECTOR('',#1822,10.);
#513=VECTOR('',#1823,10.);
#514=VECTOR('',#1824,10.);
#515=VECTOR('',#1825,10.);
#516=VECTOR('',#1826,10.);
#517=VECTOR('',#1827,10.);
#518=VECTOR('',#1828,10.);
#519=VECTOR('',#1833,10.);
#520=VECTOR('',#1834,10.);
#521=VECTOR('',#1835,10.);
#522=VECTOR('',#1838,10.);
#523=VECTOR('',#1839,10.);
#524=VECTOR('',#1840,10.);
#525=VECTOR('',#1843,10.);
#526=VECTOR('',#1844,10.);
#527=VECTOR('',#1845,10.);
#528=VECTOR('',#1848,10.);
#529=VECTOR('',#1849,10.);
#530=VECTOR('',#1852,10.);
#531=VECTOR('',#1853,10.);
#532=VECTOR('',#1856,10.);
#533=VECTOR('',#1857,10.);
#534=VECTOR('',#1858,10.);
#535=VECTOR('',#1861,10.);
#536=VECTOR('',#1864,10.);
#537=VECTOR('',#1865,10.);
#538=VECTOR('',#1866,10.);
#539=VECTOR('',#1869,10.);
#540=VECTOR('',#1870,10.);
#541=VECTOR('',#1871,10.);
#542=VECTOR('',#1874,10.);
#543=VECTOR('',#1875,10.);
#544=VECTOR('',#1878,10.);
#545=VECTOR('',#1879,10.);
#546=VECTOR('',#1882,10.);
#547=VECTOR('',#1883,10.);
#548=VECTOR('',#1884,10.);
#549=VECTOR('',#1885,10.);
#550=VECTOR('',#1890,0.95);
#551=VECTOR('',#1899,0.95);
#552=VECTOR('',#1908,1.1);
#553=VECTOR('',#1917,1.1);
#554=VECTOR('',#1926,1.1);
#555=VECTOR('',#1933,10.);
#556=VECTOR('',#1934,10.);
#557=VECTOR('',#1935,10.);
#558=VECTOR('',#1936,10.);
#559=VECTOR('',#1939,10.);
#560=VECTOR('',#1942,10.);
#561=VECTOR('',#1945,10.);
#562=VECTOR('',#1948,10.);
#563=VECTOR('',#1953,10.);
#564=VECTOR('',#1954,10.);
#565=VECTOR('',#1959,10.);
#566=VECTOR('',#1960,10.);
#567=VECTOR('',#1965,10.);
#568=VECTOR('',#1966,10.);
#569=VECTOR('',#1969,10.);
#570=VECTOR('',#1970,10.);
#571=VECTOR('',#1975,10.);
#572=VECTOR('',#1978,10.);
#573=VECTOR('',#1979,10.);
#574=VECTOR('',#1982,10.);
#575=VECTOR('',#1983,10.);
#576=VECTOR('',#1988,10.);
#577=VECTOR('',#1993,10.);
#578=VECTOR('',#1996,10.);
#579=VECTOR('',#1999,10.);
#580=VECTOR('',#2002,10.);
#581=VECTOR('',#2009,10.);
#582=VECTOR('',#2010,10.);
#583=VECTOR('',#2011,10.);
#584=VECTOR('',#2012,10.);
#585=VECTOR('',#2015,10.);
#586=VECTOR('',#2016,10.);
#587=VECTOR('',#2017,10.);
#588=VECTOR('',#2018,10.);
#589=VECTOR('',#2023,10.);
#590=VECTOR('',#2024,10.);
#591=VECTOR('',#2025,10.);
#592=VECTOR('',#2028,10.);
#593=VECTOR('',#2029,10.);
#594=VECTOR('',#2034,2.525);
#595=VECTOR('',#2039,10.);
#596=VECTOR('',#2042,10.);
#597=VERTEX_POINT('',#2052);
#598=VERTEX_POINT('',#2053);
#599=VERTEX_POINT('',#2055);
#600=VERTEX_POINT('',#2057);
#601=VERTEX_POINT('',#2061);
#602=VERTEX_POINT('',#2063);
#603=VERTEX_POINT('',#2067);
#604=VERTEX_POINT('',#2069);
#605=VERTEX_POINT('',#2076);
#606=VERTEX_POINT('',#2077);
#607=VERTEX_POINT('',#2079);
#608=VERTEX_POINT('',#2081);
#609=VERTEX_POINT('',#2085);
#610=VERTEX_POINT('',#2087);
#611=VERTEX_POINT('',#2091);
#612=VERTEX_POINT('',#2093);
#613=VERTEX_POINT('',#2097);
#614=VERTEX_POINT('',#2099);
#615=VERTEX_POINT('',#2103);
#616=VERTEX_POINT('',#2105);
#617=VERTEX_POINT('',#2109);
#618=VERTEX_POINT('',#2111);
#619=VERTEX_POINT('',#2115);
#620=VERTEX_POINT('',#2117);
#621=VERTEX_POINT('',#2127);
#622=VERTEX_POINT('',#2128);
#623=VERTEX_POINT('',#2130);
#624=VERTEX_POINT('',#2134);
#625=VERTEX_POINT('',#2136);
#626=VERTEX_POINT('',#2138);
#627=VERTEX_POINT('',#2144);
#628=VERTEX_POINT('',#2146);
#629=VERTEX_POINT('',#2150);
#630=VERTEX_POINT('',#2154);
#631=VERTEX_POINT('',#2160);
#632=VERTEX_POINT('',#2161);
#633=VERTEX_POINT('',#2163);
#634=VERTEX_POINT('',#2167);
#635=VERTEX_POINT('',#2168);
#636=VERTEX_POINT('',#2170);
#637=VERTEX_POINT('',#2177);
#638=VERTEX_POINT('',#2178);
#639=VERTEX_POINT('',#2180);
#640=VERTEX_POINT('',#2184);
#641=VERTEX_POINT('',#2185);
#642=VERTEX_POINT('',#2187);
#643=VERTEX_POINT('',#2194);
#644=VERTEX_POINT('',#2195);
#645=VERTEX_POINT('',#2197);
#646=VERTEX_POINT('',#2201);
#647=VERTEX_POINT('',#2203);
#648=VERTEX_POINT('',#2205);
#649=VERTEX_POINT('',#2211);
#650=VERTEX_POINT('',#2213);
#651=VERTEX_POINT('',#2217);
#652=VERTEX_POINT('',#2221);
#653=VERTEX_POINT('',#2227);
#654=VERTEX_POINT('',#2228);
#655=VERTEX_POINT('',#2230);
#656=VERTEX_POINT('',#2232);
#657=VERTEX_POINT('',#2236);
#658=VERTEX_POINT('',#2238);
#659=VERTEX_POINT('',#2240);
#660=VERTEX_POINT('',#2242);
#661=VERTEX_POINT('',#2244);
#662=VERTEX_POINT('',#2246);
#663=VERTEX_POINT('',#2248);
#664=VERTEX_POINT('',#2250);
#665=VERTEX_POINT('',#2252);
#666=VERTEX_POINT('',#2254);
#667=VERTEX_POINT('',#2256);
#668=VERTEX_POINT('',#2258);
#669=VERTEX_POINT('',#2261);
#670=VERTEX_POINT('',#2264);
#671=VERTEX_POINT('',#2266);
#672=VERTEX_POINT('',#2270);
#673=VERTEX_POINT('',#2272);
#674=VERTEX_POINT('',#2276);
#675=VERTEX_POINT('',#2278);
#676=VERTEX_POINT('',#2282);
#677=VERTEX_POINT('',#2286);
#678=VERTEX_POINT('',#2290);
#679=VERTEX_POINT('',#2292);
#680=VERTEX_POINT('',#2298);
#681=VERTEX_POINT('',#2300);
#682=VERTEX_POINT('',#2304);
#683=VERTEX_POINT('',#2306);
#684=VERTEX_POINT('',#2310);
#685=VERTEX_POINT('',#2314);
#686=VERTEX_POINT('',#2318);
#687=VERTEX_POINT('',#2320);
#688=VERTEX_POINT('',#2322);
#689=VERTEX_POINT('',#2326);
#690=VERTEX_POINT('',#2328);
#691=VERTEX_POINT('',#2333);
#692=VERTEX_POINT('',#2335);
#693=VERTEX_POINT('',#2340);
#694=VERTEX_POINT('',#2342);
#695=VERTEX_POINT('',#2347);
#696=VERTEX_POINT('',#2349);
#697=VERTEX_POINT('',#2354);
#698=VERTEX_POINT('',#2356);
#699=VERTEX_POINT('',#2361);
#700=VERTEX_POINT('',#2362);
#701=VERTEX_POINT('',#2364);
#702=VERTEX_POINT('',#2366);
#703=VERTEX_POINT('',#2370);
#704=VERTEX_POINT('',#2372);
#705=VERTEX_POINT('',#2374);
#706=VERTEX_POINT('',#2376);
#707=VERTEX_POINT('',#2378);
#708=VERTEX_POINT('',#2380);
#709=VERTEX_POINT('',#2382);
#710=VERTEX_POINT('',#2385);
#711=VERTEX_POINT('',#2388);
#712=VERTEX_POINT('',#2395);
#713=VERTEX_POINT('',#2396);
#714=VERTEX_POINT('',#2401);
#715=VERTEX_POINT('',#2405);
#716=VERTEX_POINT('',#2409);
#717=VERTEX_POINT('',#2413);
#718=VERTEX_POINT('',#2417);
#719=VERTEX_POINT('',#2421);
#720=VERTEX_POINT('',#2433);
#721=VERTEX_POINT('',#2434);
#722=VERTEX_POINT('',#2436);
#723=VERTEX_POINT('',#2438);
#724=VERTEX_POINT('',#2442);
#725=VERTEX_POINT('',#2443);
#726=VERTEX_POINT('',#2445);
#727=VERTEX_POINT('',#2447);
#728=VERTEX_POINT('',#2452);
#729=VERTEX_POINT('',#2454);
#730=VERTEX_POINT('',#2461);
#731=EDGE_CURVE('',#597,#598,#291,.T.);
#732=EDGE_CURVE('',#598,#599,#292,.T.);
#733=EDGE_CURVE('',#600,#599,#293,.T.);
#734=EDGE_CURVE('',#597,#600,#294,.T.);
#735=EDGE_CURVE('',#601,#597,#295,.T.);
#736=EDGE_CURVE('',#602,#600,#296,.T.);
#737=EDGE_CURVE('',#601,#602,#297,.T.);
#738=EDGE_CURVE('',#603,#601,#298,.T.);
#739=EDGE_CURVE('',#604,#602,#299,.T.);
#740=EDGE_CURVE('',#603,#604,#300,.T.);
#741=EDGE_CURVE('',#598,#603,#301,.T.);
#742=EDGE_CURVE('',#599,#604,#302,.T.);
#743=EDGE_CURVE('',#605,#606,#303,.T.);
#744=EDGE_CURVE('',#606,#607,#304,.T.);
#745=EDGE_CURVE('',#608,#607,#305,.T.);
#746=EDGE_CURVE('',#605,#608,#306,.T.);
#747=EDGE_CURVE('',#609,#605,#55,.T.);
#748=EDGE_CURVE('',#610,#608,#56,.T.);
#749=EDGE_CURVE('',#609,#610,#307,.T.);
#750=EDGE_CURVE('',#611,#609,#308,.T.);
#751=EDGE_CURVE('',#612,#610,#309,.T.);
#752=EDGE_CURVE('',#611,#612,#310,.T.);
#753=EDGE_CURVE('',#613,#611,#57,.T.);
#754=EDGE_CURVE('',#614,#612,#58,.T.);
#755=EDGE_CURVE('',#613,#614,#311,.T.);
#756=EDGE_CURVE('',#615,#613,#312,.T.);
#757=EDGE_CURVE('',#616,#614,#313,.T.);
#758=EDGE_CURVE('',#615,#616,#314,.T.);
#759=EDGE_CURVE('',#617,#615,#59,.T.);
#760=EDGE_CURVE('',#618,#616,#60,.T.);
#761=EDGE_CURVE('',#617,#618,#315,.T.);
#762=EDGE_CURVE('',#619,#617,#316,.T.);
#763=EDGE_CURVE('',#620,#618,#317,.T.);
#764=EDGE_CURVE('',#619,#620,#318,.T.);
#765=EDGE_CURVE('',#606,#619,#61,.T.);
#766=EDGE_CURVE('',#607,#620,#62,.T.);
#767=EDGE_CURVE('',#621,#622,#19,.T.);
#768=EDGE_CURVE('',#623,#622,#20,.F.);
#769=EDGE_CURVE('',#621,#623,#319,.T.);
#770=EDGE_CURVE('',#624,#621,#320,.T.);
#771=EDGE_CURVE('',#625,#624,#21,.F.);
#772=EDGE_CURVE('',#625,#626,#22,.T.);
#773=EDGE_CURVE('',#623,#626,#321,.T.);
#774=EDGE_CURVE('',#626,#624,#322,.T.);
#775=EDGE_CURVE('',#627,#621,#323,.T.);
#776=EDGE_CURVE('',#628,#627,#324,.T.);
#777=EDGE_CURVE('',#628,#624,#325,.F.);
#778=EDGE_CURVE('',#629,#628,#326,.T.);
#779=EDGE_CURVE('',#629,#626,#327,.T.);
#780=EDGE_CURVE('',#630,#629,#328,.T.);
#781=EDGE_CURVE('',#630,#623,#329,.F.);
#782=EDGE_CURVE('',#627,#630,#330,.T.);
#783=EDGE_CURVE('',#631,#632,#331,.T.);
#784=EDGE_CURVE('',#633,#631,#23,.F.);
#785=EDGE_CURVE('',#633,#632,#24,.T.);
#786=EDGE_CURVE('',#634,#635,#332,.T.);
#787=EDGE_CURVE('',#636,#634,#25,.T.);
#788=EDGE_CURVE('',#636,#635,#26,.F.);
#789=EDGE_CURVE('',#635,#631,#333,.T.);
#790=EDGE_CURVE('',#632,#634,#334,.T.);
#791=EDGE_CURVE('',#637,#638,#335,.T.);
#792=EDGE_CURVE('',#639,#637,#27,.T.);
#793=EDGE_CURVE('',#639,#638,#28,.F.);
#794=EDGE_CURVE('',#640,#641,#336,.T.);
#795=EDGE_CURVE('',#642,#640,#29,.F.);
#796=EDGE_CURVE('',#642,#641,#30,.T.);
#797=EDGE_CURVE('',#641,#637,#337,.T.);
#798=EDGE_CURVE('',#638,#640,#338,.T.);
#799=EDGE_CURVE('',#643,#644,#31,.T.);
#800=EDGE_CURVE('',#643,#645,#32,.F.);
#801=EDGE_CURVE('',#644,#645,#339,.T.);
#802=EDGE_CURVE('',#646,#644,#340,.T.);
#803=EDGE_CURVE('',#647,#646,#33,.T.);
#804=EDGE_CURVE('',#647,#648,#34,.F.);
#805=EDGE_CURVE('',#645,#648,#341,.T.);
#806=EDGE_CURVE('',#648,#646,#342,.T.);
#807=EDGE_CURVE('',#649,#648,#343,.T.);
#808=EDGE_CURVE('',#650,#649,#344,.T.);
#809=EDGE_CURVE('',#650,#645,#345,.F.);
#810=EDGE_CURVE('',#651,#650,#346,.T.);
#811=EDGE_CURVE('',#651,#644,#347,.T.);
#812=EDGE_CURVE('',#652,#646,#348,.F.);
#813=EDGE_CURVE('',#649,#652,#349,.T.);
#814=EDGE_CURVE('',#652,#651,#350,.T.);
#815=EDGE_CURVE('',#653,#654,#351,.T.);
#816=EDGE_CURVE('',#654,#655,#352,.T.);
#817=EDGE_CURVE('',#655,#656,#353,.T.);
#818=EDGE_CURVE('',#656,#653,#354,.T.);
#819=EDGE_CURVE('',#657,#654,#63,.T.);
#820=EDGE_CURVE('',#658,#657,#355,.T.);
#821=EDGE_CURVE('',#659,#658,#356,.T.);
#822=EDGE_CURVE('',#660,#659,#357,.T.);
#823=EDGE_CURVE('',#661,#660,#64,.T.);
#824=EDGE_CURVE('',#662,#661,#358,.T.);
#825=EDGE_CURVE('',#662,#663,#359,.T.);
#826=EDGE_CURVE('',#664,#663,#360,.T.);
#827=EDGE_CURVE('',#664,#665,#361,.T.);
#828=EDGE_CURVE('',#665,#666,#362,.T.);
#829=EDGE_CURVE('',#666,#667,#363,.T.);
#830=EDGE_CURVE('',#668,#667,#364,.T.);
#831=EDGE_CURVE('',#668,#655,#365,.T.);
#832=EDGE_CURVE('',#669,#669,#65,.T.);
#833=EDGE_CURVE('',#670,#653,#366,.T.);
#834=EDGE_CURVE('',#671,#670,#367,.T.);
#835=EDGE_CURVE('',#654,#671,#368,.T.);
#836=EDGE_CURVE('',#661,#672,#369,.T.);
#837=EDGE_CURVE('',#672,#673,#370,.T.);
#838=EDGE_CURVE('',#673,#662,#371,.T.);
#839=EDGE_CURVE('',#672,#674,#372,.T.);
#840=EDGE_CURVE('',#674,#675,#373,.T.);
#841=EDGE_CURVE('',#675,#673,#374,.T.);
#842=EDGE_CURVE('',#661,#676,#375,.T.);
#843=EDGE_CURVE('',#676,#674,#376,.T.);
#844=EDGE_CURVE('',#677,#676,#377,.T.);
#845=EDGE_CURVE('',#677,#675,#378,.T.);
#846=EDGE_CURVE('',#671,#678,#379,.T.);
#847=EDGE_CURVE('',#679,#670,#380,.T.);
#848=EDGE_CURVE('',#678,#679,#381,.T.);
#849=EDGE_CURVE('',#656,#679,#382,.T.);
#850=EDGE_CURVE('',#678,#680,#383,.T.);
#851=EDGE_CURVE('',#681,#680,#384,.T.);
#852=EDGE_CURVE('',#671,#681,#385,.T.);
#853=EDGE_CURVE('',#682,#677,#386,.T.);
#854=EDGE_CURVE('',#683,#682,#387,.T.);
#855=EDGE_CURVE('',#663,#683,#388,.T.);
#856=EDGE_CURVE('',#684,#668,#389,.T.);
#857=EDGE_CURVE('',#680,#684,#390,.T.);
#858=EDGE_CURVE('',#676,#685,#391,.T.);
#859=EDGE_CURVE('',#682,#685,#392,.T.);
#860=EDGE_CURVE('',#686,#683,#393,.T.);
#861=EDGE_CURVE('',#687,#686,#394,.T.);
#862=EDGE_CURVE('',#688,#687,#395,.T.);
#863=EDGE_CURVE('',#664,#688,#396,.T.);
#864=EDGE_CURVE('',#689,#689,#66,.T.);
#865=EDGE_CURVE('',#689,#690,#397,.T.);
#866=EDGE_CURVE('',#690,#690,#67,.T.);
#867=EDGE_CURVE('',#691,#691,#68,.T.);
#868=EDGE_CURVE('',#691,#692,#398,.T.);
#869=EDGE_CURVE('',#692,#692,#69,.T.);
#870=EDGE_CURVE('',#693,#693,#70,.T.);
#871=EDGE_CURVE('',#693,#694,#399,.T.);
#872=EDGE_CURVE('',#694,#694,#71,.T.);
#873=EDGE_CURVE('',#695,#695,#72,.T.);
#874=EDGE_CURVE('',#695,#696,#400,.T.);
#875=EDGE_CURVE('',#696,#696,#73,.T.);
#876=EDGE_CURVE('',#697,#697,#74,.T.);
#877=EDGE_CURVE('',#697,#698,#401,.T.);
#878=EDGE_CURVE('',#698,#698,#75,.T.);
#879=EDGE_CURVE('',#699,#700,#402,.T.);
#880=EDGE_CURVE('',#700,#701,#403,.T.);
#881=EDGE_CURVE('',#701,#702,#404,.T.);
#882=EDGE_CURVE('',#702,#699,#405,.T.);
#883=EDGE_CURVE('',#684,#703,#406,.T.);
#884=EDGE_CURVE('',#703,#704,#76,.T.);
#885=EDGE_CURVE('',#704,#705,#407,.T.);
#886=EDGE_CURVE('',#705,#706,#77,.T.);
#887=EDGE_CURVE('',#706,#707,#408,.T.);
#888=EDGE_CURVE('',#707,#708,#78,.T.);
#889=EDGE_CURVE('',#708,#709,#409,.T.);
#890=EDGE_CURVE('',#709,#686,#79,.T.);
#891=EDGE_CURVE('',#685,#710,#80,.T.);
#892=EDGE_CURVE('',#710,#701,#410,.T.);
#893=EDGE_CURVE('',#700,#711,#411,.T.);
#894=EDGE_CURVE('',#711,#681,#81,.T.);
#895=EDGE_CURVE('',#658,#699,#412,.T.);
#896=EDGE_CURVE('',#657,#711,#413,.T.);
#897=EDGE_CURVE('',#712,#713,#82,.T.);
#898=EDGE_CURVE('',#712,#704,#414,.T.);
#899=EDGE_CURVE('',#713,#703,#415,.T.);
#900=EDGE_CURVE('',#714,#712,#416,.T.);
#901=EDGE_CURVE('',#714,#705,#417,.T.);
#902=EDGE_CURVE('',#715,#714,#83,.T.);
#903=EDGE_CURVE('',#715,#706,#418,.T.);
#904=EDGE_CURVE('',#667,#716,#419,.T.);
#905=EDGE_CURVE('',#713,#716,#420,.T.);
#906=EDGE_CURVE('',#717,#715,#421,.T.);
#907=EDGE_CURVE('',#717,#707,#422,.T.);
#908=EDGE_CURVE('',#718,#717,#84,.T.);
#909=EDGE_CURVE('',#718,#708,#423,.T.);
#910=EDGE_CURVE('',#687,#719,#85,.T.);
#911=EDGE_CURVE('',#719,#709,#424,.T.);
#912=EDGE_CURVE('',#719,#718,#425,.T.);
#913=EDGE_CURVE('',#659,#702,#426,.T.);
#914=EDGE_CURVE('',#660,#710,#427,.T.);
#915=EDGE_CURVE('',#720,#721,#428,.T.);
#916=EDGE_CURVE('',#722,#720,#429,.T.);
#917=EDGE_CURVE('',#722,#723,#430,.T.);
#918=EDGE_CURVE('',#723,#721,#431,.T.);
#919=EDGE_CURVE('',#724,#725,#432,.T.);
#920=EDGE_CURVE('',#724,#726,#433,.T.);
#921=EDGE_CURVE('',#727,#726,#434,.T.);
#922=EDGE_CURVE('',#725,#727,#435,.T.);
#923=EDGE_CURVE('',#721,#724,#86,.T.);
#924=EDGE_CURVE('',#728,#723,#436,.T.);
#925=EDGE_CURVE('',#729,#728,#437,.T.);
#926=EDGE_CURVE('',#726,#729,#438,.T.);
#927=EDGE_CURVE('',#666,#728,#439,.T.);
#928=EDGE_CURVE('',#665,#729,#440,.T.);
#929=EDGE_CURVE('',#730,#725,#87,.T.);
#930=EDGE_CURVE('',#730,#669,#441,.T.);
#931=EDGE_CURVE('',#720,#730,#88,.T.);
#932=EDGE_CURVE('',#716,#722,#442,.T.);
#933=EDGE_CURVE('',#727,#688,#443,.T.);
#934=ORIENTED_EDGE('',*,*,#731,.T.);
#935=ORIENTED_EDGE('',*,*,#732,.T.);
#936=ORIENTED_EDGE('',*,*,#733,.F.);
#937=ORIENTED_EDGE('',*,*,#734,.F.);
#938=ORIENTED_EDGE('',*,*,#735,.T.);
#939=ORIENTED_EDGE('',*,*,#734,.T.);
#940=ORIENTED_EDGE('',*,*,#736,.F.);
#941=ORIENTED_EDGE('',*,*,#737,.F.);
#942=ORIENTED_EDGE('',*,*,#738,.T.);
#943=ORIENTED_EDGE('',*,*,#737,.T.);
#944=ORIENTED_EDGE('',*,*,#739,.F.);
#945=ORIENTED_EDGE('',*,*,#740,.F.);
#946=ORIENTED_EDGE('',*,*,#741,.T.);
#947=ORIENTED_EDGE('',*,*,#740,.T.);
#948=ORIENTED_EDGE('',*,*,#742,.F.);
#949=ORIENTED_EDGE('',*,*,#732,.F.);
#950=ORIENTED_EDGE('',*,*,#743,.T.);
#951=ORIENTED_EDGE('',*,*,#744,.T.);
#952=ORIENTED_EDGE('',*,*,#745,.F.);
#953=ORIENTED_EDGE('',*,*,#746,.F.);
#954=ORIENTED_EDGE('',*,*,#747,.T.);
#955=ORIENTED_EDGE('',*,*,#746,.T.);
#956=ORIENTED_EDGE('',*,*,#748,.F.);
#957=ORIENTED_EDGE('',*,*,#749,.F.);
#958=ORIENTED_EDGE('',*,*,#750,.T.);
#959=ORIENTED_EDGE('',*,*,#749,.T.);
#960=ORIENTED_EDGE('',*,*,#751,.F.);
#961=ORIENTED_EDGE('',*,*,#752,.F.);
#962=ORIENTED_EDGE('',*,*,#753,.T.);
#963=ORIENTED_EDGE('',*,*,#752,.T.);
#964=ORIENTED_EDGE('',*,*,#754,.F.);
#965=ORIENTED_EDGE('',*,*,#755,.F.);
#966=ORIENTED_EDGE('',*,*,#756,.T.);
#967=ORIENTED_EDGE('',*,*,#755,.T.);
#968=ORIENTED_EDGE('',*,*,#757,.F.);
#969=ORIENTED_EDGE('',*,*,#758,.F.);
#970=ORIENTED_EDGE('',*,*,#759,.T.);
#971=ORIENTED_EDGE('',*,*,#758,.T.);
#972=ORIENTED_EDGE('',*,*,#760,.F.);
#973=ORIENTED_EDGE('',*,*,#761,.F.);
#974=ORIENTED_EDGE('',*,*,#762,.T.);
#975=ORIENTED_EDGE('',*,*,#761,.T.);
#976=ORIENTED_EDGE('',*,*,#763,.F.);
#977=ORIENTED_EDGE('',*,*,#764,.F.);
#978=ORIENTED_EDGE('',*,*,#765,.T.);
#979=ORIENTED_EDGE('',*,*,#764,.T.);
#980=ORIENTED_EDGE('',*,*,#766,.F.);
#981=ORIENTED_EDGE('',*,*,#744,.F.);
#982=ORIENTED_EDGE('',*,*,#766,.T.);
#983=ORIENTED_EDGE('',*,*,#763,.T.);
#984=ORIENTED_EDGE('',*,*,#760,.T.);
#985=ORIENTED_EDGE('',*,*,#757,.T.);
#986=ORIENTED_EDGE('',*,*,#754,.T.);
#987=ORIENTED_EDGE('',*,*,#751,.T.);
#988=ORIENTED_EDGE('',*,*,#748,.T.);
#989=ORIENTED_EDGE('',*,*,#745,.T.);
#990=ORIENTED_EDGE('',*,*,#742,.T.);
#991=ORIENTED_EDGE('',*,*,#739,.T.);
#992=ORIENTED_EDGE('',*,*,#736,.T.);
#993=ORIENTED_EDGE('',*,*,#733,.T.);
#994=ORIENTED_EDGE('',*,*,#765,.F.);
#995=ORIENTED_EDGE('',*,*,#743,.F.);
#996=ORIENTED_EDGE('',*,*,#747,.F.);
#997=ORIENTED_EDGE('',*,*,#750,.F.);
#998=ORIENTED_EDGE('',*,*,#753,.F.);
#999=ORIENTED_EDGE('',*,*,#756,.F.);
#1000=ORIENTED_EDGE('',*,*,#759,.F.);
#1001=ORIENTED_EDGE('',*,*,#762,.F.);
#1002=ORIENTED_EDGE('',*,*,#741,.F.);
#1003=ORIENTED_EDGE('',*,*,#731,.F.);
#1004=ORIENTED_EDGE('',*,*,#735,.F.);
#1005=ORIENTED_EDGE('',*,*,#738,.F.);
#1006=ORIENTED_EDGE('',*,*,#767,.T.);
#1007=ORIENTED_EDGE('',*,*,#768,.F.);
#1008=ORIENTED_EDGE('',*,*,#769,.F.);
#1009=ORIENTED_EDGE('',*,*,#768,.T.);
#1010=ORIENTED_EDGE('',*,*,#767,.F.);
#1011=ORIENTED_EDGE('',*,*,#770,.F.);
#1012=ORIENTED_EDGE('',*,*,#771,.F.);
#1013=ORIENTED_EDGE('',*,*,#772,.T.);
#1014=ORIENTED_EDGE('',*,*,#773,.F.);
#1015=ORIENTED_EDGE('',*,*,#771,.T.);
#1016=ORIENTED_EDGE('',*,*,#774,.F.);
#1017=ORIENTED_EDGE('',*,*,#772,.F.);
#1018=ORIENTED_EDGE('',*,*,#770,.T.);
#1019=ORIENTED_EDGE('',*,*,#775,.F.);
#1020=ORIENTED_EDGE('',*,*,#776,.F.);
#1021=ORIENTED_EDGE('',*,*,#777,.T.);
#1022=ORIENTED_EDGE('',*,*,#774,.T.);
#1023=ORIENTED_EDGE('',*,*,#777,.F.);
#1024=ORIENTED_EDGE('',*,*,#778,.F.);
#1025=ORIENTED_EDGE('',*,*,#779,.T.);
#1026=ORIENTED_EDGE('',*,*,#773,.T.);
#1027=ORIENTED_EDGE('',*,*,#779,.F.);
#1028=ORIENTED_EDGE('',*,*,#780,.F.);
#1029=ORIENTED_EDGE('',*,*,#781,.T.);
#1030=ORIENTED_EDGE('',*,*,#769,.T.);
#1031=ORIENTED_EDGE('',*,*,#781,.F.);
#1032=ORIENTED_EDGE('',*,*,#782,.F.);
#1033=ORIENTED_EDGE('',*,*,#775,.T.);
#1034=ORIENTED_EDGE('',*,*,#783,.F.);
#1035=ORIENTED_EDGE('',*,*,#784,.F.);
#1036=ORIENTED_EDGE('',*,*,#785,.T.);
#1037=ORIENTED_EDGE('',*,*,#786,.F.);
#1038=ORIENTED_EDGE('',*,*,#787,.F.);
#1039=ORIENTED_EDGE('',*,*,#788,.T.);
#1040=ORIENTED_EDGE('',*,*,#789,.F.);
#1041=ORIENTED_EDGE('',*,*,#788,.F.);
#1042=ORIENTED_EDGE('',*,*,#787,.T.);
#1043=ORIENTED_EDGE('',*,*,#790,.F.);
#1044=ORIENTED_EDGE('',*,*,#785,.F.);
#1045=ORIENTED_EDGE('',*,*,#784,.T.);
#1046=ORIENTED_EDGE('',*,*,#791,.F.);
#1047=ORIENTED_EDGE('',*,*,#792,.F.);
#1048=ORIENTED_EDGE('',*,*,#793,.T.);
#1049=ORIENTED_EDGE('',*,*,#794,.F.);
#1050=ORIENTED_EDGE('',*,*,#795,.F.);
#1051=ORIENTED_EDGE('',*,*,#796,.T.);
#1052=ORIENTED_EDGE('',*,*,#797,.F.);
#1053=ORIENTED_EDGE('',*,*,#796,.F.);
#1054=ORIENTED_EDGE('',*,*,#795,.T.);
#1055=ORIENTED_EDGE('',*,*,#798,.F.);
#1056=ORIENTED_EDGE('',*,*,#793,.F.);
#1057=ORIENTED_EDGE('',*,*,#792,.T.);
#1058=ORIENTED_EDGE('',*,*,#799,.F.);
#1059=ORIENTED_EDGE('',*,*,#800,.T.);
#1060=ORIENTED_EDGE('',*,*,#801,.F.);
#1061=ORIENTED_EDGE('',*,*,#800,.F.);
#1062=ORIENTED_EDGE('',*,*,#799,.T.);
#1063=ORIENTED_EDGE('',*,*,#802,.F.);
#1064=ORIENTED_EDGE('',*,*,#803,.F.);
#1065=ORIENTED_EDGE('',*,*,#804,.T.);
#1066=ORIENTED_EDGE('',*,*,#805,.F.);
#1067=ORIENTED_EDGE('',*,*,#804,.F.);
#1068=ORIENTED_EDGE('',*,*,#803,.T.);
#1069=ORIENTED_EDGE('',*,*,#806,.F.);
#1070=ORIENTED_EDGE('',*,*,#805,.T.);
#1071=ORIENTED_EDGE('',*,*,#807,.F.);
#1072=ORIENTED_EDGE('',*,*,#808,.F.);
#1073=ORIENTED_EDGE('',*,*,#809,.T.);
#1074=ORIENTED_EDGE('',*,*,#801,.T.);
#1075=ORIENTED_EDGE('',*,*,#809,.F.);
#1076=ORIENTED_EDGE('',*,*,#810,.F.);
#1077=ORIENTED_EDGE('',*,*,#811,.T.);
#1078=ORIENTED_EDGE('',*,*,#806,.T.);
#1079=ORIENTED_EDGE('',*,*,#812,.F.);
#1080=ORIENTED_EDGE('',*,*,#813,.F.);
#1081=ORIENTED_EDGE('',*,*,#807,.T.);
#1082=ORIENTED_EDGE('',*,*,#802,.T.);
#1083=ORIENTED_EDGE('',*,*,#811,.F.);
#1084=ORIENTED_EDGE('',*,*,#814,.F.);
#1085=ORIENTED_EDGE('',*,*,#812,.T.);
#1086=ORIENTED_EDGE('',*,*,#815,.T.);
#1087=ORIENTED_EDGE('',*,*,#816,.T.);
#1088=ORIENTED_EDGE('',*,*,#817,.T.);
#1089=ORIENTED_EDGE('',*,*,#818,.T.);
#1090=ORIENTED_EDGE('',*,*,#816,.F.);
#1091=ORIENTED_EDGE('',*,*,#819,.F.);
#1092=ORIENTED_EDGE('',*,*,#820,.F.);
#1093=ORIENTED_EDGE('',*,*,#821,.F.);
#1094=ORIENTED_EDGE('',*,*,#822,.F.);
#1095=ORIENTED_EDGE('',*,*,#823,.F.);
#1096=ORIENTED_EDGE('',*,*,#824,.F.);
#1097=ORIENTED_EDGE('',*,*,#825,.T.);
#1098=ORIENTED_EDGE('',*,*,#826,.F.);
#1099=ORIENTED_EDGE('',*,*,#827,.T.);
#1100=ORIENTED_EDGE('',*,*,#828,.T.);
#1101=ORIENTED_EDGE('',*,*,#829,.T.);
#1102=ORIENTED_EDGE('',*,*,#830,.F.);
#1103=ORIENTED_EDGE('',*,*,#831,.T.);
#1104=ORIENTED_EDGE('',*,*,#776,.T.);
#1105=ORIENTED_EDGE('',*,*,#782,.T.);
#1106=ORIENTED_EDGE('',*,*,#780,.T.);
#1107=ORIENTED_EDGE('',*,*,#778,.T.);
#1108=ORIENTED_EDGE('',*,*,#808,.T.);
#1109=ORIENTED_EDGE('',*,*,#813,.T.);
#1110=ORIENTED_EDGE('',*,*,#814,.T.);
#1111=ORIENTED_EDGE('',*,*,#810,.T.);
#1112=ORIENTED_EDGE('',*,*,#832,.F.);
#1113=ORIENTED_EDGE('',*,*,#815,.F.);
#1114=ORIENTED_EDGE('',*,*,#833,.F.);
#1115=ORIENTED_EDGE('',*,*,#834,.F.);
#1116=ORIENTED_EDGE('',*,*,#835,.F.);
#1117=ORIENTED_EDGE('',*,*,#836,.T.);
#1118=ORIENTED_EDGE('',*,*,#837,.T.);
#1119=ORIENTED_EDGE('',*,*,#838,.T.);
#1120=ORIENTED_EDGE('',*,*,#824,.T.);
#1121=ORIENTED_EDGE('',*,*,#837,.F.);
#1122=ORIENTED_EDGE('',*,*,#839,.T.);
#1123=ORIENTED_EDGE('',*,*,#840,.T.);
#1124=ORIENTED_EDGE('',*,*,#841,.T.);
#1125=ORIENTED_EDGE('',*,*,#836,.F.);
#1126=ORIENTED_EDGE('',*,*,#842,.T.);
#1127=ORIENTED_EDGE('',*,*,#843,.T.);
#1128=ORIENTED_EDGE('',*,*,#839,.F.);
#1129=ORIENTED_EDGE('',*,*,#844,.F.);
#1130=ORIENTED_EDGE('',*,*,#845,.T.);
#1131=ORIENTED_EDGE('',*,*,#840,.F.);
#1132=ORIENTED_EDGE('',*,*,#843,.F.);
#1133=ORIENTED_EDGE('',*,*,#846,.F.);
#1134=ORIENTED_EDGE('',*,*,#834,.T.);
#1135=ORIENTED_EDGE('',*,*,#847,.F.);
#1136=ORIENTED_EDGE('',*,*,#848,.F.);
#1137=ORIENTED_EDGE('',*,*,#818,.F.);
#1138=ORIENTED_EDGE('',*,*,#849,.T.);
#1139=ORIENTED_EDGE('',*,*,#847,.T.);
#1140=ORIENTED_EDGE('',*,*,#833,.T.);
#1141=ORIENTED_EDGE('',*,*,#846,.T.);
#1142=ORIENTED_EDGE('',*,*,#850,.T.);
#1143=ORIENTED_EDGE('',*,*,#851,.F.);
#1144=ORIENTED_EDGE('',*,*,#852,.F.);
#1145=ORIENTED_EDGE('',*,*,#838,.F.);
#1146=ORIENTED_EDGE('',*,*,#841,.F.);
#1147=ORIENTED_EDGE('',*,*,#845,.F.);
#1148=ORIENTED_EDGE('',*,*,#853,.F.);
#1149=ORIENTED_EDGE('',*,*,#854,.F.);
#1150=ORIENTED_EDGE('',*,*,#855,.F.);
#1151=ORIENTED_EDGE('',*,*,#825,.F.);
#1152=ORIENTED_EDGE('',*,*,#817,.F.);
#1153=ORIENTED_EDGE('',*,*,#831,.F.);
#1154=ORIENTED_EDGE('',*,*,#856,.F.);
#1155=ORIENTED_EDGE('',*,*,#857,.F.);
#1156=ORIENTED_EDGE('',*,*,#850,.F.);
#1157=ORIENTED_EDGE('',*,*,#848,.T.);
#1158=ORIENTED_EDGE('',*,*,#849,.F.);
#1159=ORIENTED_EDGE('',*,*,#844,.T.);
#1160=ORIENTED_EDGE('',*,*,#858,.T.);
#1161=ORIENTED_EDGE('',*,*,#859,.F.);
#1162=ORIENTED_EDGE('',*,*,#853,.T.);
#1163=ORIENTED_EDGE('',*,*,#855,.T.);
#1164=ORIENTED_EDGE('',*,*,#860,.F.);
#1165=ORIENTED_EDGE('',*,*,#861,.F.);
#1166=ORIENTED_EDGE('',*,*,#862,.F.);
#1167=ORIENTED_EDGE('',*,*,#863,.F.);
#1168=ORIENTED_EDGE('',*,*,#826,.T.);
#1169=ORIENTED_EDGE('',*,*,#864,.F.);
#1170=ORIENTED_EDGE('',*,*,#865,.T.);
#1171=ORIENTED_EDGE('',*,*,#866,.T.);
#1172=ORIENTED_EDGE('',*,*,#865,.F.);
#1173=ORIENTED_EDGE('',*,*,#866,.F.);
#1174=ORIENTED_EDGE('',*,*,#867,.F.);
#1175=ORIENTED_EDGE('',*,*,#868,.T.);
#1176=ORIENTED_EDGE('',*,*,#869,.T.);
#1177=ORIENTED_EDGE('',*,*,#868,.F.);
#1178=ORIENTED_EDGE('',*,*,#869,.F.);
#1179=ORIENTED_EDGE('',*,*,#870,.F.);
#1180=ORIENTED_EDGE('',*,*,#871,.T.);
#1181=ORIENTED_EDGE('',*,*,#872,.T.);
#1182=ORIENTED_EDGE('',*,*,#871,.F.);
#1183=ORIENTED_EDGE('',*,*,#872,.F.);
#1184=ORIENTED_EDGE('',*,*,#873,.F.);
#1185=ORIENTED_EDGE('',*,*,#874,.T.);
#1186=ORIENTED_EDGE('',*,*,#875,.T.);
#1187=ORIENTED_EDGE('',*,*,#874,.F.);
#1188=ORIENTED_EDGE('',*,*,#875,.F.);
#1189=ORIENTED_EDGE('',*,*,#876,.F.);
#1190=ORIENTED_EDGE('',*,*,#877,.T.);
#1191=ORIENTED_EDGE('',*,*,#878,.T.);
#1192=ORIENTED_EDGE('',*,*,#877,.F.);
#1193=ORIENTED_EDGE('',*,*,#878,.F.);
#1194=ORIENTED_EDGE('',*,*,#879,.T.);
#1195=ORIENTED_EDGE('',*,*,#880,.T.);
#1196=ORIENTED_EDGE('',*,*,#881,.T.);
#1197=ORIENTED_EDGE('',*,*,#882,.T.);
#1198=ORIENTED_EDGE('',*,*,#857,.T.);
#1199=ORIENTED_EDGE('',*,*,#883,.T.);
#1200=ORIENTED_EDGE('',*,*,#884,.T.);
#1201=ORIENTED_EDGE('',*,*,#885,.T.);
#1202=ORIENTED_EDGE('',*,*,#886,.T.);
#1203=ORIENTED_EDGE('',*,*,#887,.T.);
#1204=ORIENTED_EDGE('',*,*,#888,.T.);
#1205=ORIENTED_EDGE('',*,*,#889,.T.);
#1206=ORIENTED_EDGE('',*,*,#890,.T.);
#1207=ORIENTED_EDGE('',*,*,#860,.T.);
#1208=ORIENTED_EDGE('',*,*,#854,.T.);
#1209=ORIENTED_EDGE('',*,*,#859,.T.);
#1210=ORIENTED_EDGE('',*,*,#891,.T.);
#1211=ORIENTED_EDGE('',*,*,#892,.T.);
#1212=ORIENTED_EDGE('',*,*,#880,.F.);
#1213=ORIENTED_EDGE('',*,*,#893,.T.);
#1214=ORIENTED_EDGE('',*,*,#894,.T.);
#1215=ORIENTED_EDGE('',*,*,#851,.T.);
#1216=ORIENTED_EDGE('',*,*,#879,.F.);
#1217=ORIENTED_EDGE('',*,*,#895,.F.);
#1218=ORIENTED_EDGE('',*,*,#820,.T.);
#1219=ORIENTED_EDGE('',*,*,#896,.T.);
#1220=ORIENTED_EDGE('',*,*,#893,.F.);
#1221=ORIENTED_EDGE('',*,*,#786,.T.);
#1222=ORIENTED_EDGE('',*,*,#789,.T.);
#1223=ORIENTED_EDGE('',*,*,#783,.T.);
#1224=ORIENTED_EDGE('',*,*,#790,.T.);
#1225=ORIENTED_EDGE('',*,*,#897,.F.);
#1226=ORIENTED_EDGE('',*,*,#898,.T.);
#1227=ORIENTED_EDGE('',*,*,#884,.F.);
#1228=ORIENTED_EDGE('',*,*,#899,.F.);
#1229=ORIENTED_EDGE('',*,*,#900,.F.);
#1230=ORIENTED_EDGE('',*,*,#901,.T.);
#1231=ORIENTED_EDGE('',*,*,#885,.F.);
#1232=ORIENTED_EDGE('',*,*,#898,.F.);
#1233=ORIENTED_EDGE('',*,*,#902,.F.);
#1234=ORIENTED_EDGE('',*,*,#903,.T.);
#1235=ORIENTED_EDGE('',*,*,#886,.F.);
#1236=ORIENTED_EDGE('',*,*,#901,.F.);
#1237=ORIENTED_EDGE('',*,*,#856,.T.);
#1238=ORIENTED_EDGE('',*,*,#830,.T.);
#1239=ORIENTED_EDGE('',*,*,#904,.T.);
#1240=ORIENTED_EDGE('',*,*,#905,.F.);
#1241=ORIENTED_EDGE('',*,*,#899,.T.);
#1242=ORIENTED_EDGE('',*,*,#883,.F.);
#1243=ORIENTED_EDGE('',*,*,#906,.F.);
#1244=ORIENTED_EDGE('',*,*,#907,.T.);
#1245=ORIENTED_EDGE('',*,*,#887,.F.);
#1246=ORIENTED_EDGE('',*,*,#903,.F.);
#1247=ORIENTED_EDGE('',*,*,#908,.F.);
#1248=ORIENTED_EDGE('',*,*,#909,.T.);
#1249=ORIENTED_EDGE('',*,*,#888,.F.);
#1250=ORIENTED_EDGE('',*,*,#907,.F.);
#1251=ORIENTED_EDGE('',*,*,#910,.F.);
#1252=ORIENTED_EDGE('',*,*,#861,.T.);
#1253=ORIENTED_EDGE('',*,*,#890,.F.);
#1254=ORIENTED_EDGE('',*,*,#911,.F.);
#1255=ORIENTED_EDGE('',*,*,#912,.F.);
#1256=ORIENTED_EDGE('',*,*,#911,.T.);
#1257=ORIENTED_EDGE('',*,*,#889,.F.);
#1258=ORIENTED_EDGE('',*,*,#909,.F.);
#1259=ORIENTED_EDGE('',*,*,#882,.F.);
#1260=ORIENTED_EDGE('',*,*,#913,.F.);
#1261=ORIENTED_EDGE('',*,*,#821,.T.);
#1262=ORIENTED_EDGE('',*,*,#895,.T.);
#1263=ORIENTED_EDGE('',*,*,#881,.F.);
#1264=ORIENTED_EDGE('',*,*,#892,.F.);
#1265=ORIENTED_EDGE('',*,*,#914,.F.);
#1266=ORIENTED_EDGE('',*,*,#822,.T.);
#1267=ORIENTED_EDGE('',*,*,#913,.T.);
#1268=ORIENTED_EDGE('',*,*,#794,.T.);
#1269=ORIENTED_EDGE('',*,*,#797,.T.);
#1270=ORIENTED_EDGE('',*,*,#791,.T.);
#1271=ORIENTED_EDGE('',*,*,#798,.T.);
#1272=ORIENTED_EDGE('',*,*,#823,.T.);
#1273=ORIENTED_EDGE('',*,*,#914,.T.);
#1274=ORIENTED_EDGE('',*,*,#891,.F.);
#1275=ORIENTED_EDGE('',*,*,#858,.F.);
#1276=ORIENTED_EDGE('',*,*,#842,.F.);
#1277=ORIENTED_EDGE('',*,*,#819,.T.);
#1278=ORIENTED_EDGE('',*,*,#835,.T.);
#1279=ORIENTED_EDGE('',*,*,#852,.T.);
#1280=ORIENTED_EDGE('',*,*,#894,.F.);
#1281=ORIENTED_EDGE('',*,*,#896,.F.);
#1282=ORIENTED_EDGE('',*,*,#915,.F.);
#1283=ORIENTED_EDGE('',*,*,#916,.F.);
#1284=ORIENTED_EDGE('',*,*,#917,.T.);
#1285=ORIENTED_EDGE('',*,*,#918,.T.);
#1286=ORIENTED_EDGE('',*,*,#919,.F.);
#1287=ORIENTED_EDGE('',*,*,#920,.T.);
#1288=ORIENTED_EDGE('',*,*,#921,.F.);
#1289=ORIENTED_EDGE('',*,*,#922,.F.);
#1290=ORIENTED_EDGE('',*,*,#923,.F.);
#1291=ORIENTED_EDGE('',*,*,#918,.F.);
#1292=ORIENTED_EDGE('',*,*,#924,.F.);
#1293=ORIENTED_EDGE('',*,*,#925,.F.);
#1294=ORIENTED_EDGE('',*,*,#926,.F.);
#1295=ORIENTED_EDGE('',*,*,#920,.F.);
#1296=ORIENTED_EDGE('',*,*,#925,.T.);
#1297=ORIENTED_EDGE('',*,*,#927,.F.);
#1298=ORIENTED_EDGE('',*,*,#828,.F.);
#1299=ORIENTED_EDGE('',*,*,#928,.T.);
#1300=ORIENTED_EDGE('',*,*,#919,.T.);
#1301=ORIENTED_EDGE('',*,*,#929,.F.);
#1302=ORIENTED_EDGE('',*,*,#930,.T.);
#1303=ORIENTED_EDGE('',*,*,#832,.T.);
#1304=ORIENTED_EDGE('',*,*,#930,.F.);
#1305=ORIENTED_EDGE('',*,*,#931,.F.);
#1306=ORIENTED_EDGE('',*,*,#915,.T.);
#1307=ORIENTED_EDGE('',*,*,#923,.T.);
#1308=ORIENTED_EDGE('',*,*,#829,.F.);
#1309=ORIENTED_EDGE('',*,*,#927,.T.);
#1310=ORIENTED_EDGE('',*,*,#924,.T.);
#1311=ORIENTED_EDGE('',*,*,#917,.F.);
#1312=ORIENTED_EDGE('',*,*,#932,.F.);
#1313=ORIENTED_EDGE('',*,*,#904,.F.);
#1314=ORIENTED_EDGE('',*,*,#827,.F.);
#1315=ORIENTED_EDGE('',*,*,#863,.T.);
#1316=ORIENTED_EDGE('',*,*,#933,.F.);
#1317=ORIENTED_EDGE('',*,*,#921,.T.);
#1318=ORIENTED_EDGE('',*,*,#926,.T.);
#1319=ORIENTED_EDGE('',*,*,#928,.F.);
#1320=ORIENTED_EDGE('',*,*,#933,.T.);
#1321=ORIENTED_EDGE('',*,*,#862,.T.);
#1322=ORIENTED_EDGE('',*,*,#910,.T.);
#1323=ORIENTED_EDGE('',*,*,#912,.T.);
#1324=ORIENTED_EDGE('',*,*,#908,.T.);
#1325=ORIENTED_EDGE('',*,*,#906,.T.);
#1326=ORIENTED_EDGE('',*,*,#902,.T.);
#1327=ORIENTED_EDGE('',*,*,#900,.T.);
#1328=ORIENTED_EDGE('',*,*,#897,.T.);
#1329=ORIENTED_EDGE('',*,*,#905,.T.);
#1330=ORIENTED_EDGE('',*,*,#932,.T.);
#1331=ORIENTED_EDGE('',*,*,#916,.T.);
#1332=ORIENTED_EDGE('',*,*,#931,.T.);
#1333=ORIENTED_EDGE('',*,*,#929,.T.);
#1334=ORIENTED_EDGE('',*,*,#922,.T.);
#1335=ORIENTED_EDGE('',*,*,#864,.T.);
#1336=ORIENTED_EDGE('',*,*,#867,.T.);
#1337=ORIENTED_EDGE('',*,*,#870,.T.);
#1338=ORIENTED_EDGE('',*,*,#873,.T.);
#1339=ORIENTED_EDGE('',*,*,#876,.T.);
#1340=PLANE('',#1490);
#1341=PLANE('',#1491);
#1342=PLANE('',#1492);
#1343=PLANE('',#1493);
#1344=PLANE('',#1494);
#1345=PLANE('',#1498);
#1346=PLANE('',#1502);
#1347=PLANE('',#1506);
#1348=PLANE('',#1510);
#1349=PLANE('',#1511);
#1350=PLANE('',#1520);
#1351=PLANE('',#1521);
#1352=PLANE('',#1522);
#1353=PLANE('',#1523);
#1354=PLANE('',#1545);
#1355=PLANE('',#1546);
#1356=PLANE('',#1547);
#1357=PLANE('',#1548);
#1358=PLANE('',#1549);
#1359=PLANE('',#1550);
#1360=PLANE('',#1554);
#1361=PLANE('',#1555);
#1362=PLANE('',#1556);
#1363=PLANE('',#1557);
#1364=PLANE('',#1558);
#1365=PLANE('',#1559);
#1366=PLANE('',#1560);
#1367=PLANE('',#1561);
#1368=PLANE('',#1562);
#1369=PLANE('',#1563);
#1370=PLANE('',#1564);
#1371=PLANE('',#1565);
#1372=PLANE('',#1569);
#1373=PLANE('',#1573);
#1374=PLANE('',#1577);
#1375=PLANE('',#1581);
#1376=PLANE('',#1585);
#1377=PLANE('',#1586);
#1378=PLANE('',#1587);
#1379=PLANE('',#1594);
#1380=PLANE('',#1597);
#1381=PLANE('',#1600);
#1382=PLANE('',#1601);
#1383=PLANE('',#1606);
#1384=PLANE('',#1607);
#1385=PLANE('',#1608);
#1386=PLANE('',#1611);
#1387=PLANE('',#1612);
#1388=PLANE('',#1613);
#1389=PLANE('',#1615);
#1390=PLANE('',#1619);
#1391=PLANE('',#1620);
#1392=PLANE('',#1621);
#1393=ADVANCED_FACE('',(#117),#1340,.T.);
#1394=ADVANCED_FACE('',(#118),#1341,.T.);
#1395=ADVANCED_FACE('',(#119),#1342,.T.);
#1396=ADVANCED_FACE('',(#120),#1343,.T.);
#1397=ADVANCED_FACE('',(#121),#1344,.T.);
#1398=ADVANCED_FACE('',(#122),#89,.T.);
#1399=ADVANCED_FACE('',(#123),#1345,.T.);
#1400=ADVANCED_FACE('',(#124),#90,.T.);
#1401=ADVANCED_FACE('',(#125),#1346,.T.);
#1402=ADVANCED_FACE('',(#126),#91,.T.);
#1403=ADVANCED_FACE('',(#127),#1347,.T.);
#1404=ADVANCED_FACE('',(#128),#92,.T.);
#1405=ADVANCED_FACE('',(#129,#43),#1348,.T.);
#1406=ADVANCED_FACE('',(#130,#44),#1349,.F.);
#1407=ADVANCED_FACE('',(#131),#93,.F.);
#1408=ADVANCED_FACE('',(#132),#94,.F.);
#1409=ADVANCED_FACE('',(#133),#95,.F.);
#1410=ADVANCED_FACE('',(#134),#1350,.F.);
#1411=ADVANCED_FACE('',(#135),#1351,.F.);
#1412=ADVANCED_FACE('',(#136),#1352,.F.);
#1413=ADVANCED_FACE('',(#137),#1353,.F.);
#1414=ADVANCED_FACE('',(#138),#96,.F.);
#1415=ADVANCED_FACE('',(#139),#97,.F.);
#1416=ADVANCED_FACE('',(#140),#98,.F.);
#1417=ADVANCED_FACE('',(#141),#99,.F.);
#1418=ADVANCED_FACE('',(#142),#100,.F.);
#1419=ADVANCED_FACE('',(#143),#101,.F.);
#1420=ADVANCED_FACE('',(#144),#102,.F.);
#1421=ADVANCED_FACE('',(#145),#103,.F.);
#1422=ADVANCED_FACE('',(#146),#104,.F.);
#1423=ADVANCED_FACE('',(#147),#1354,.F.);
#1424=ADVANCED_FACE('',(#148),#1355,.F.);
#1425=ADVANCED_FACE('',(#149),#1356,.F.);
#1426=ADVANCED_FACE('',(#150),#1357,.F.);
#1427=ADVANCED_FACE('',(#151),#1358,.T.);
#1428=ADVANCED_FACE('',(#152,#45,#46,#47),#1359,.F.);
#1429=ADVANCED_FACE('',(#153),#1360,.T.);
#1430=ADVANCED_FACE('',(#154),#1361,.T.);
#1431=ADVANCED_FACE('',(#155),#1362,.T.);
#1432=ADVANCED_FACE('',(#156),#1363,.T.);
#1433=ADVANCED_FACE('',(#157),#1364,.T.);
#1434=ADVANCED_FACE('',(#158),#1365,.T.);
#1435=ADVANCED_FACE('',(#159),#1366,.T.);
#1436=ADVANCED_FACE('',(#160),#1367,.T.);
#1437=ADVANCED_FACE('',(#161),#1368,.F.);
#1438=ADVANCED_FACE('',(#162),#1369,.F.);
#1439=ADVANCED_FACE('',(#163),#1370,.T.);
#1440=ADVANCED_FACE('',(#164),#1371,.T.);
#1441=ADVANCED_FACE('',(#165),#105,.F.);
#1442=ADVANCED_FACE('',(#166),#1372,.T.);
#1443=ADVANCED_FACE('',(#167),#106,.F.);
#1444=ADVANCED_FACE('',(#168),#1373,.T.);
#1445=ADVANCED_FACE('',(#169),#107,.F.);
#1446=ADVANCED_FACE('',(#170),#1374,.T.);
#1447=ADVANCED_FACE('',(#171),#108,.F.);
#1448=ADVANCED_FACE('',(#172),#1375,.T.);
#1449=ADVANCED_FACE('',(#173),#109,.F.);
#1450=ADVANCED_FACE('',(#174),#1376,.T.);
#1451=ADVANCED_FACE('',(#175),#1377,.T.);
#1452=ADVANCED_FACE('',(#176),#1378,.T.);
#1453=ADVANCED_FACE('',(#177,#48),#1379,.T.);
#1454=ADVANCED_FACE('',(#178),#110,.F.);
#1455=ADVANCED_FACE('',(#179),#1380,.T.);
#1456=ADVANCED_FACE('',(#180),#111,.F.);
#1457=ADVANCED_FACE('',(#181),#1381,.T.);
#1458=ADVANCED_FACE('',(#182),#1382,.T.);
#1459=ADVANCED_FACE('',(#183),#112,.F.);
#1460=ADVANCED_FACE('',(#184),#113,.F.);
#1461=ADVANCED_FACE('',(#185),#1383,.T.);
#1462=ADVANCED_FACE('',(#186),#1384,.T.);
#1463=ADVANCED_FACE('',(#187,#49),#1385,.T.);
#1464=ADVANCED_FACE('',(#188),#114,.T.);
#1465=ADVANCED_FACE('',(#189),#115,.T.);
#1466=ADVANCED_FACE('',(#190),#1386,.F.);
#1467=ADVANCED_FACE('',(#191),#1387,.F.);
#1468=ADVANCED_FACE('',(#192),#1388,.F.);
#1469=ADVANCED_FACE('',(#193),#1389,.T.);
#1470=ADVANCED_FACE('',(#194),#116,.F.);
#1471=ADVANCED_FACE('',(#195),#1390,.T.);
#1472=ADVANCED_FACE('',(#196),#1391,.T.);
#1473=ADVANCED_FACE('',(#197,#50,#51,#52,#53,#54),#1392,.T.);
#1474=CLOSED_SHELL('',(#1393,#1394,#1395,#1396,#1397,#1398,#1399,#1400,
#1401,#1402,#1403,#1404,#1405,#1406));
#1475=CLOSED_SHELL('',(#1407,#1408,#1409,#1410,#1411,#1412,#1413,#1414,
#1415,#1416,#1417,#1418,#1419,#1420,#1421,#1422,#1423,#1424,#1425,#1426,
#1427,#1428,#1429,#1430,#1431,#1432,#1433,#1434,#1435,#1436,#1437,#1438,
#1439,#1440,#1441,#1442,#1443,#1444,#1445,#1446,#1447,#1448,#1449,#1450,
#1451,#1452,#1453,#1454,#1455,#1456,#1457,#1458,#1459,#1460,#1461,#1462,
#1463,#1464,#1465,#1466,#1467,#1468,#1469,#1470,#1471,#1472,#1473));
#1476=DERIVED_UNIT_ELEMENT(#1478,1.);
#1477=DERIVED_UNIT_ELEMENT(#2481,-3.);
#1478=(
MASS_UNIT()
NAMED_UNIT(*)
SI_UNIT(.KILO.,.GRAM.)
);
#1479=DERIVED_UNIT((#1476,#1477));
#1480=MEASURE_REPRESENTATION_ITEM('density measure',
POSITIVE_RATIO_MEASURE(7850.),#1479);
#1481=PROPERTY_DEFINITION_REPRESENTATION(#1486,#1483);
#1482=PROPERTY_DEFINITION_REPRESENTATION(#1487,#1484);
#1483=REPRESENTATION('material name',(#1485),#2477);
#1484=REPRESENTATION('density',(#1480),#2477);
#1485=DESCRIPTIVE_REPRESENTATION_ITEM('\X2\92FC\X0\','\X2\92FC\X0\');
#1486=PROPERTY_DEFINITION('material property','material name',#2497);
#1487=PROPERTY_DEFINITION('material property','density of part',#2497);
#1488=AXIS2_PLACEMENT_3D('',#2049,#1624,#1625);
#1489=AXIS2_PLACEMENT_3D('',#2050,#1626,#1627);
#1490=AXIS2_PLACEMENT_3D('',#2051,#1628,#1629);
#1491=AXIS2_PLACEMENT_3D('',#2060,#1634,#1635);
#1492=AXIS2_PLACEMENT_3D('',#2066,#1639,#1640);
#1493=AXIS2_PLACEMENT_3D('',#2072,#1644,#1645);
#1494=AXIS2_PLACEMENT_3D('',#2075,#1648,#1649);
#1495=AXIS2_PLACEMENT_3D('',#2084,#1654,#1655);
#1496=AXIS2_PLACEMENT_3D('',#2086,#1656,#1657);
#1497=AXIS2_PLACEMENT_3D('',#2088,#1658,#1659);
#1498=AXIS2_PLACEMENT_3D('',#2090,#1661,#1662);
#1499=AXIS2_PLACEMENT_3D('',#2096,#1666,#1667);
#1500=AXIS2_PLACEMENT_3D('',#2098,#1668,#1669);
#1501=AXIS2_PLACEMENT_3D('',#2100,#1670,#1671);
#1502=AXIS2_PLACEMENT_3D('',#2102,#1673,#1674);
#1503=AXIS2_PLACEMENT_3D('',#2108,#1678,#1679);
#1504=AXIS2_PLACEMENT_3D('',#2110,#1680,#1681);
#1505=AXIS2_PLACEMENT_3D('',#2112,#1682,#1683);
#1506=AXIS2_PLACEMENT_3D('',#2114,#1685,#1686);
#1507=AXIS2_PLACEMENT_3D('',#2120,#1690,#1691);
#1508=AXIS2_PLACEMENT_3D('',#2121,#1692,#1693);
#1509=AXIS2_PLACEMENT_3D('',#2122,#1694,#1695);
#1510=AXIS2_PLACEMENT_3D('',#2123,#1696,#1697);
#1511=AXIS2_PLACEMENT_3D('',#2124,#1698,#1699);
#1512=AXIS2_PLACEMENT_3D('',#2125,#1700,#1701);
#1513=AXIS2_PLACEMENT_3D('',#2126,#1702,#1703);
#1514=AXIS2_PLACEMENT_3D('',#2129,#1704,#1705);
#1515=AXIS2_PLACEMENT_3D('',#2131,#1706,#1707);
#1516=AXIS2_PLACEMENT_3D('',#2133,#1709,#1710);
#1517=AXIS2_PLACEMENT_3D('',#2137,#1712,#1713);
#1518=AXIS2_PLACEMENT_3D('',#2139,#1714,#1715);
#1519=AXIS2_PLACEMENT_3D('',#2141,#1717,#1718);
#1520=AXIS2_PLACEMENT_3D('',#2143,#1720,#1721);
#1521=AXIS2_PLACEMENT_3D('',#2149,#1725,#1726);
#1522=AXIS2_PLACEMENT_3D('',#2153,#1729,#1730);
#1523=AXIS2_PLACEMENT_3D('',#2157,#1733,#1734);
#1524=AXIS2_PLACEMENT_3D('',#2159,#1736,#1737);
#1525=AXIS2_PLACEMENT_3D('',#2164,#1739,#1740);
#1526=AXIS2_PLACEMENT_3D('',#2165,#1741,#1742);
#1527=AXIS2_PLACEMENT_3D('',#2166,#1743,#1744);
#1528=AXIS2_PLACEMENT_3D('',#2171,#1746,#1747);
#1529=AXIS2_PLACEMENT_3D('',#2172,#1748,#1749);
#1530=AXIS2_PLACEMENT_3D('',#2173,#1750,#1751);
#1531=AXIS2_PLACEMENT_3D('',#2176,#1754,#1755);
#1532=AXIS2_PLACEMENT_3D('',#2181,#1757,#1758);
#1533=AXIS2_PLACEMENT_3D('',#2182,#1759,#1760);
#1534=AXIS2_PLACEMENT_3D('',#2183,#1761,#1762);
#1535=AXIS2_PLACEMENT_3D('',#2188,#1764,#1765);
#1536=AXIS2_PLACEMENT_3D('',#2189,#1766,#1767);
#1537=AXIS2_PLACEMENT_3D('',#2190,#1768,#1769);
#1538=AXIS2_PLACEMENT_3D('',#2193,#1772,#1773);
#1539=AXIS2_PLACEMENT_3D('',#2196,#1774,#1775);
#1540=AXIS2_PLACEMENT_3D('',#2198,#1776,#1777);
#1541=AXIS2_PLACEMENT_3D('',#2200,#1779,#1780);
#1542=AXIS2_PLACEMENT_3D('',#2204,#1782,#1783);
#1543=AXIS2_PLACEMENT_3D('',#2206,#1784,#1785);
#1544=AXIS2_PLACEMENT_3D('',#2208,#1787,#1788);
#1545=AXIS2_PLACEMENT_3D('',#2210,#1790,#1791);
#1546=AXIS2_PLACEMENT_3D('',#2216,#1795,#1796);
#1547=AXIS2_PLACEMENT_3D('',#2220,#1799,#1800);
#1548=AXIS2_PLACEMENT_3D('',#2224,#1803,#1804);
#1549=AXIS2_PLACEMENT_3D('',#2226,#1806,#1807);
#1550=AXIS2_PLACEMENT_3D('',#2235,#1812,#1813);
#1551=AXIS2_PLACEMENT_3D('',#2237,#1814,#1815);
#1552=AXIS2_PLACEMENT_3D('',#2245,#1819,#1820);
#1553=AXIS2_PLACEMENT_3D('',#2262,#1829,#1830);
#1554=AXIS2_PLACEMENT_3D('',#2263,#1831,#1832);
#1555=AXIS2_PLACEMENT_3D('',#2269,#1836,#1837);
#1556=AXIS2_PLACEMENT_3D('',#2275,#1841,#1842);
#1557=AXIS2_PLACEMENT_3D('',#2281,#1846,#1847);
#1558=AXIS2_PLACEMENT_3D('',#2285,#1850,#1851);
#1559=AXIS2_PLACEMENT_3D('',#2289,#1854,#1855);
#1560=AXIS2_PLACEMENT_3D('',#2295,#1859,#1860);
#1561=AXIS2_PLACEMENT_3D('',#2297,#1862,#1863);
#1562=AXIS2_PLACEMENT_3D('',#2303,#1867,#1868);
#1563=AXIS2_PLACEMENT_3D('',#2309,#1872,#1873);
#1564=AXIS2_PLACEMENT_3D('',#2313,#1876,#1877);
#1565=AXIS2_PLACEMENT_3D('',#2317,#1880,#1881);
#1566=AXIS2_PLACEMENT_3D('',#2325,#1886,#1887);
#1567=AXIS2_PLACEMENT_3D('',#2327,#1888,#1889);
#1568=AXIS2_PLACEMENT_3D('',#2330,#1891,#1892);
#1569=AXIS2_PLACEMENT_3D('',#2331,#1893,#1894);
#1570=AXIS2_PLACEMENT_3D('',#2332,#1895,#1896);
#1571=AXIS2_PLACEMENT_3D('',#2334,#1897,#1898);
#1572=AXIS2_PLACEMENT_3D('',#2337,#1900,#1901);
#1573=AXIS2_PLACEMENT_3D('',#2338,#1902,#1903);
#1574=AXIS2_PLACEMENT_3D('',#2339,#1904,#1905);
#1575=AXIS2_PLACEMENT_3D('',#2341,#1906,#1907);
#1576=AXIS2_PLACEMENT_3D('',#2344,#1909,#1910);
#1577=AXIS2_PLACEMENT_3D('',#2345,#1911,#1912);
#1578=AXIS2_PLACEMENT_3D('',#2346,#1913,#1914);
#1579=AXIS2_PLACEMENT_3D('',#2348,#1915,#1916);
#1580=AXIS2_PLACEMENT_3D('',#2351,#1918,#1919);
#1581=AXIS2_PLACEMENT_3D('',#2352,#1920,#1921);
#1582=AXIS2_PLACEMENT_3D('',#2353,#1922,#1923);
#1583=AXIS2_PLACEMENT_3D('',#2355,#1924,#1925);
#1584=AXIS2_PLACEMENT_3D('',#2358,#1927,#1928);
#1585=AXIS2_PLACEMENT_3D('',#2359,#1929,#1930);
#1586=AXIS2_PLACEMENT_3D('',#2360,#1931,#1932);
#1587=AXIS2_PLACEMENT_3D('',#2369,#1937,#1938);
#1588=AXIS2_PLACEMENT_3D('',#2373,#1940,#1941);
#1589=AXIS2_PLACEMENT_3D('',#2377,#1943,#1944);
#1590=AXIS2_PLACEMENT_3D('',#2381,#1946,#1947);
#1591=AXIS2_PLACEMENT_3D('',#2384,#1949,#1950);
#1592=AXIS2_PLACEMENT_3D('',#2386,#1951,#1952);
#1593=AXIS2_PLACEMENT_3D('',#2390,#1955,#1956);
#1594=AXIS2_PLACEMENT_3D('',#2391,#1957,#1958);
#1595=AXIS2_PLACEMENT_3D('',#2394,#1961,#1962);
#1596=AXIS2_PLACEMENT_3D('',#2397,#1963,#1964);
#1597=AXIS2_PLACEMENT_3D('',#2400,#1967,#1968);
#1598=AXIS2_PLACEMENT_3D('',#2404,#1971,#1972);
#1599=AXIS2_PLACEMENT_3D('',#2406,#1973,#1974);
#1600=AXIS2_PLACEMENT_3D('',#2408,#1976,#1977);
#1601=AXIS2_PLACEMENT_3D('',#2412,#1980,#1981);
#1602=AXIS2_PLACEMENT_3D('',#2416,#1984,#1985);
#1603=AXIS2_PLACEMENT_3D('',#2418,#1986,#1987);
#1604=AXIS2_PLACEMENT_3D('',#2420,#1989,#1990);
#1605=AXIS2_PLACEMENT_3D('',#2422,#1991,#1992);
#1606=AXIS2_PLACEMENT_3D('',#2424,#1994,#1995);
#1607=AXIS2_PLACEMENT_3D('',#2426,#1997,#1998);
#1608=AXIS2_PLACEMENT_3D('',#2428,#2000,#2001);
#1609=AXIS2_PLACEMENT_3D('',#2430,#2003,#2004);
#1610=AXIS2_PLACEMENT_3D('',#2431,#2005,#2006);
#1611=AXIS2_PLACEMENT_3D('',#2432,#2007,#2008);
#1612=AXIS2_PLACEMENT_3D('',#2441,#2013,#2014);
#1613=AXIS2_PLACEMENT_3D('',#2450,#2019,#2020);
#1614=AXIS2_PLACEMENT_3D('',#2451,#2021,#2022);
#1615=AXIS2_PLACEMENT_3D('',#2457,#2026,#2027);
#1616=AXIS2_PLACEMENT_3D('',#2460,#2030,#2031);
#1617=AXIS2_PLACEMENT_3D('',#2462,#2032,#2033);
#1618=AXIS2_PLACEMENT_3D('',#2464,#2035,#2036);
#1619=AXIS2_PLACEMENT_3D('',#2465,#2037,#2038);
#1620=AXIS2_PLACEMENT_3D('',#2467,#2040,#2041);
#1621=AXIS2_PLACEMENT_3D('',#2469,#2043,#2044);
#1622=AXIS2_PLACEMENT_3D('',#2470,#2045,#2046);
#1623=AXIS2_PLACEMENT_3D('',#2471,#2047,#2048);
#1624=DIRECTION('axis',(0.,0.,1.));
#1625=DIRECTION('refdir',(1.,0.,0.));
#1626=DIRECTION('axis',(0.,0.,1.));
#1627=DIRECTION('refdir',(1.,0.,0.));
#1628=DIRECTION('center_axis',(3.1316769437443E-65,-1.,0.));
#1629=DIRECTION('ref_axis',(1.,3.1316769437443E-65,1.23259516440783E-32));
#1630=DIRECTION('',(1.,3.1316769437443E-65,1.23259516440783E-32));
#1631=DIRECTION('',(0.,0.,1.));
#1632=DIRECTION('',(1.,3.1316769437443E-65,1.23259516440783E-32));
#1633=DIRECTION('',(0.,0.,1.));
#1634=DIRECTION('center_axis',(1.,1.50949372273612E-48,0.));
#1635=DIRECTION('ref_axis',(-1.50949372273612E-48,1.,1.224646799147E-16));
#1636=DIRECTION('',(-1.50949372273612E-48,1.,1.224646799147E-16));
#1637=DIRECTION('',(-1.50949372273612E-48,1.,1.224646799147E-16));
#1638=DIRECTION('',(0.,0.,1.));
#1639=DIRECTION('center_axis',(-3.1316769437443E-65,1.,0.));
#1640=DIRECTION('ref_axis',(-1.,-3.1316769437443E-65,-1.23259516440783E-32));
#1641=DIRECTION('',(-1.,-3.1316769437443E-65,-1.23259516440783E-32));
#1642=DIRECTION('',(-1.,-3.1316769437443E-65,-1.23259516440783E-32));
#1643=DIRECTION('',(0.,0.,1.));
#1644=DIRECTION('center_axis',(-1.,-1.50949372273612E-48,0.));
#1645=DIRECTION('ref_axis',(1.50949372273612E-48,-1.,-1.224646799147E-16));
#1646=DIRECTION('',(1.50949372273612E-48,-1.,-1.224646799147E-16));
#1647=DIRECTION('',(1.50949372273612E-48,-1.,-1.224646799147E-16));
#1648=DIRECTION('center_axis',(-3.1316769437443E-65,1.,0.));
#1649=DIRECTION('ref_axis',(-1.,-3.1316769437443E-65,-1.23259516440783E-32));
#1650=DIRECTION('',(-1.,-3.1316769437443E-65,-1.23259516440783E-32));
#1651=DIRECTION('',(0.,0.,1.));
#1652=DIRECTION('',(-1.,-3.1316769437443E-65,-1.23259516440783E-32));
#1653=DIRECTION('',(0.,0.,1.));
#1654=DIRECTION('center_axis',(0.,0.,1.));
#1655=DIRECTION('ref_axis',(1.,-1.08314441426845E-15,0.));
#1656=DIRECTION('center_axis',(-1.23259516440783E-32,-1.224646799147E-16,
1.));
#1657=DIRECTION('ref_axis',(1.,-1.08314441426845E-15,-1.20320982350702E-31));
#1658=DIRECTION('center_axis',(-1.23259516440783E-32,-1.224646799147E-16,
1.));
#1659=DIRECTION('ref_axis',(1.,-1.08314441426845E-15,-1.20320982350702E-31));
#1660=DIRECTION('',(0.,0.,1.));
#1661=DIRECTION('center_axis',(1.,-8.88178419700125E-17,0.));
#1662=DIRECTION('ref_axis',(8.88178419700125E-17,1.,1.224646799147E-16));
#1663=DIRECTION('',(8.88178419700125E-17,1.,1.224646799147E-16));
#1664=DIRECTION('',(8.88178419700125E-17,1.,1.224646799147E-16));
#1665=DIRECTION('',(0.,0.,1.));
#1666=DIRECTION('center_axis',(0.,0.,1.));
#1667=DIRECTION('ref_axis',(1.50949372273612E-48,-1.,0.));
#1668=DIRECTION('center_axis',(-1.23259516440783E-32,-1.224646799147E-16,
1.));
#1669=DIRECTION('ref_axis',(1.50949372273612E-48,-1.,-1.224646799147E-16));
#1670=DIRECTION('center_axis',(-1.23259516440783E-32,-1.224646799147E-16,
1.));
#1671=DIRECTION('ref_axis',(1.50949372273612E-48,-1.,-1.224646799147E-16));
#1672=DIRECTION('',(0.,0.,1.));
#1673=DIRECTION('center_axis',(-8.88178419700125E-17,-1.,0.));
#1674=DIRECTION('ref_axis',(1.,-8.88178419700125E-17,1.44890305650632E-33));
#1675=DIRECTION('',(1.,-8.88178419700125E-17,1.44890305650632E-33));
#1676=DIRECTION('',(1.,-8.88178419700125E-17,1.44890305650632E-33));
#1677=DIRECTION('',(0.,0.,1.));
#1678=DIRECTION('center_axis',(0.,0.,1.));
#1679=DIRECTION('ref_axis',(-1.,-5.41572207134221E-16,0.));
#1680=DIRECTION('center_axis',(-1.23259516440783E-32,-1.224646799147E-16,
1.));
#1681=DIRECTION('ref_axis',(-1.,-5.41572207134221E-16,-7.86494186414683E-32));
#1682=DIRECTION('center_axis',(-1.23259516440783E-32,-1.224646799147E-16,
1.));
#1683=DIRECTION('ref_axis',(-1.,-5.41572207134221E-16,-7.86494186414683E-32));
#1684=DIRECTION('',(0.,0.,1.));
#1685=DIRECTION('center_axis',(-1.,8.88178419700125E-17,0.));
#1686=DIRECTION('ref_axis',(-8.88178419700125E-17,-1.,-1.224646799147E-16));
#1687=DIRECTION('',(-8.88178419700125E-17,-1.,-1.224646799147E-16));
#1688=DIRECTION('',(-8.88178419700125E-17,-1.,-1.224646799147E-16));
#1689=DIRECTION('',(0.,0.,1.));
#1690=DIRECTION('center_axis',(0.,0.,1.));
#1691=DIRECTION('ref_axis',(-5.41572207134223E-16,1.,0.));
#1692=DIRECTION('center_axis',(-1.23259516440783E-32,-1.224646799147E-16,
1.));
#1693=DIRECTION('ref_axis',(-5.41572207134223E-16,1.,1.224646799147E-16));
#1694=DIRECTION('center_axis',(-1.23259516440783E-32,-1.224646799147E-16,
1.));
#1695=DIRECTION('ref_axis',(-5.41572207134223E-16,1.,1.224646799147E-16));
#1696=DIRECTION('center_axis',(-1.23259516440783E-32,-1.224646799147E-16,
1.));
#1697=DIRECTION('ref_axis',(-1.,-3.1316769437443E-65,-1.23259516440783E-32));
#1698=DIRECTION('center_axis',(-1.23259516440783E-32,-1.224646799147E-16,
1.));
#1699=DIRECTION('ref_axis',(-1.,-3.1316769437443E-65,-1.23259516440783E-32));
#1700=DIRECTION('axis',(0.,0.,1.));
#1701=DIRECTION('refdir',(1.,0.,0.));
#1702=DIRECTION('center_axis',(2.77555756156229E-15,-1.,0.));
#1703=DIRECTION('ref_axis',(-0.707106781186548,0.,0.707106781186547));
#1704=DIRECTION('center_axis',(0.707106781186548,0.707106781186548,0.));
#1705=DIRECTION('ref_axis',(0.707106781186548,-0.707106781186548,-1.2266347333467E-16));
#1706=DIRECTION('center_axis',(0.707106781186549,-0.707106781186546,0.));
#1707=DIRECTION('ref_axis',(-0.707106781186546,-0.707106781186549,0.));
#1708=DIRECTION('',(2.77555756156229E-15,-1.,0.));
#1709=DIRECTION('center_axis',(1.,0.,0.));
#1710=DIRECTION('ref_axis',(0.,-0.70710678118655,0.707106781186545));
#1711=DIRECTION('',(-1.,0.,0.));
#1712=DIRECTION('center_axis',(0.707106781186549,-0.707106781186547,0.));
#1713=DIRECTION('ref_axis',(-0.707106781186547,-0.707106781186548,0.));
#1714=DIRECTION('center_axis',(0.707106781186547,0.707106781186549,0.));
#1715=DIRECTION('ref_axis',(0.707106781186549,-0.707106781186547,0.));
#1716=DIRECTION('',(1.,0.,0.));
#1717=DIRECTION('center_axis',(-1.8503717077082E-15,1.,0.));
#1718=DIRECTION('ref_axis',(0.707106781186548,0.,0.707106781186547));
#1719=DIRECTION('',(-1.8503717077082E-15,1.,0.));
#1720=DIRECTION('center_axis',(0.,1.,0.));
#1721=DIRECTION('ref_axis',(-1.,0.,0.));
#1722=DIRECTION('',(0.,0.,1.));
#1723=DIRECTION('',(-1.,0.,0.));
#1724=DIRECTION('',(0.,0.,-1.));
#1725=DIRECTION('center_axis',(1.,1.8503717077082E-15,0.));
#1726=DIRECTION('ref_axis',(-1.8503717077082E-15,1.,0.));
#1727=DIRECTION('',(-1.8503717077082E-15,1.,0.));
#1728=DIRECTION('',(0.,0.,1.));
#1729=DIRECTION('center_axis',(0.,-1.,0.));
#1730=DIRECTION('ref_axis',(1.,0.,0.));
#1731=DIRECTION('',(1.,0.,0.));
#1732=DIRECTION('',(0.,0.,-1.));
#1733=DIRECTION('center_axis',(-1.,-2.77555756156229E-15,0.));
#1734=DIRECTION('ref_axis',(2.77555756156229E-15,-1.,0.));
#1735=DIRECTION('',(2.77555756156229E-15,-1.,0.));
#1736=DIRECTION('center_axis',(0.,0.,-1.));
#1737=DIRECTION('ref_axis',(-0.707106781186548,0.707106781186548,0.));
#1738=DIRECTION('',(0.,0.,-1.));
#1739=DIRECTION('center_axis',(0.,-0.707106781186547,0.707106781186548));
#1740=DIRECTION('ref_axis',(6.13317366673349E-17,-0.707106781186548,-0.707106781186547));
#1741=DIRECTION('center_axis',(0.,-0.707106781186547,-0.707106781186548));
#1742=DIRECTION('ref_axis',(6.13317366673349E-17,0.707106781186548,-0.707106781186547));
#1743=DIRECTION('center_axis',(0.,0.,1.));
#1744=DIRECTION('ref_axis',(-0.707106781186548,-0.707106781186548,0.));
#1745=DIRECTION('',(0.,0.,1.));
#1746=DIRECTION('center_axis',(0.,-0.707106781186547,0.707106781186548));
#1747=DIRECTION('ref_axis',(-6.13317366673349E-17,-0.707106781186548,-0.707106781186547));
#1748=DIRECTION('center_axis',(0.,-0.707106781186547,-0.707106781186548));
#1749=DIRECTION('ref_axis',(-6.13317366673349E-17,0.707106781186548,-0.707106781186547));
#1750=DIRECTION('center_axis',(0.,-1.,0.));
#1751=DIRECTION('ref_axis',(-0.707106781186548,0.,-0.707106781186547));
#1752=DIRECTION('',(0.,1.,0.));
#1753=DIRECTION('',(0.,-1.,0.));
#1754=DIRECTION('center_axis',(0.,0.,1.));
#1755=DIRECTION('ref_axis',(0.707106781186548,0.707106781186548,0.));
#1756=DIRECTION('',(0.,0.,1.));
#1757=DIRECTION('center_axis',(0.,0.707106781186547,0.707106781186548));
#1758=DIRECTION('ref_axis',(6.13317366673349E-17,0.707106781186548,-0.707106781186547));
#1759=DIRECTION('center_axis',(0.,0.707106781186547,-0.707106781186548));
#1760=DIRECTION('ref_axis',(6.13317366673349E-17,-0.707106781186548,-0.707106781186547));
#1761=DIRECTION('center_axis',(0.,0.,-1.));
#1762=DIRECTION('ref_axis',(0.707106781186548,-0.707106781186548,0.));
#1763=DIRECTION('',(0.,0.,-1.));
#1764=DIRECTION('center_axis',(0.,0.707106781186547,0.707106781186548));
#1765=DIRECTION('ref_axis',(-6.13317366673349E-17,0.707106781186548,-0.707106781186547));
#1766=DIRECTION('center_axis',(0.,0.707106781186547,-0.707106781186548));
#1767=DIRECTION('ref_axis',(-6.13317366673349E-17,-0.707106781186548,-0.707106781186547));
#1768=DIRECTION('center_axis',(0.,1.,0.));
#1769=DIRECTION('ref_axis',(0.707106781186548,0.,-0.707106781186547));
#1770=DIRECTION('',(0.,1.,0.));
#1771=DIRECTION('',(0.,-1.,0.));
#1772=DIRECTION('center_axis',(0.,1.,0.));
#1773=DIRECTION('ref_axis',(0.707106781186548,0.,0.707106781186547));
#1774=DIRECTION('center_axis',(0.707106781186548,0.707106781186548,0.));
#1775=DIRECTION('ref_axis',(0.707106781186548,-0.707106781186548,-1.2266347333467E-16));
#1776=DIRECTION('center_axis',(0.707106781186548,-0.707106781186547,0.));
#1777=DIRECTION('ref_axis',(-0.707106781186547,-0.707106781186548,0.));
#1778=DIRECTION('',(0.,1.,0.));
#1779=DIRECTION('center_axis',(1.,0.,0.));
#1780=DIRECTION('ref_axis',(0.,-0.70710678118655,0.707106781186545));
#1781=DIRECTION('',(1.,0.,0.));
#1782=DIRECTION('center_axis',(0.707106781186549,-0.707106781186546,0.));
#1783=DIRECTION('ref_axis',(-0.707106781186546,-0.707106781186549,-1.2266347333467E-16));
#1784=DIRECTION('center_axis',(0.707106781186546,0.707106781186549,0.));
#1785=DIRECTION('ref_axis',(0.707106781186549,-0.707106781186546,-1.2266347333467E-16));
#1786=DIRECTION('',(-1.,0.,0.));
#1787=DIRECTION('center_axis',(3.70074341541639E-15,-1.,0.));
#1788=DIRECTION('ref_axis',(-0.707106781186548,0.,0.707106781186547));
#1789=DIRECTION('',(3.70074341541639E-15,-1.,0.));
#1790=DIRECTION('center_axis',(0.,1.,0.));
#1791=DIRECTION('ref_axis',(-1.,0.,0.));
#1792=DIRECTION('',(0.,0.,1.));
#1793=DIRECTION('',(-1.,0.,0.));
#1794=DIRECTION('',(0.,0.,-1.));
#1795=DIRECTION('center_axis',(1.,0.,0.));
#1796=DIRECTION('ref_axis',(0.,1.,0.));
#1797=DIRECTION('',(0.,1.,0.));
#1798=DIRECTION('',(0.,0.,1.));
#1799=DIRECTION('center_axis',(-1.,-3.70074341541639E-15,0.));
#1800=DIRECTION('ref_axis',(3.70074341541639E-15,-1.,0.));
#1801=DIRECTION('',(0.,0.,-1.));
#1802=DIRECTION('',(3.70074341541639E-15,-1.,0.));
#1803=DIRECTION('center_axis',(0.,-1.,0.));
#1804=DIRECTION('ref_axis',(1.,0.,0.));
#1805=DIRECTION('',(1.,0.,0.));
#1806=DIRECTION('center_axis',(0.,0.707106781186548,-0.707106781186547));
#1807=DIRECTION('ref_axis',(-1.,0.,0.));
#1808=DIRECTION('',(0.,-0.707106781186547,-0.707106781186548));
#1809=DIRECTION('',(-1.,0.,0.));
#1810=DIRECTION('',(-5.32709941339138E-15,0.707106781186547,0.707106781186548));
#1811=DIRECTION('',(1.,0.,0.));
#1812=DIRECTION('center_axis',(0.,0.,1.));
#1813=DIRECTION('ref_axis',(1.,0.,0.));
#1814=DIRECTION('center_axis',(0.,0.,1.));
#1815=DIRECTION('ref_axis',(1.,0.,0.));
#1816=DIRECTION('',(0.,1.,0.));
#1817=DIRECTION('',(1.,0.,0.));
#1818=DIRECTION('',(-1.84524602430774E-16,-1.,0.));
#1819=DIRECTION('center_axis',(0.,0.,1.));
#1820=DIRECTION('ref_axis',(4.18952084764211E-16,1.,0.));
#1821=DIRECTION('',(-1.,0.,0.));
#1822=DIRECTION('',(0.,-1.,0.));
#1823=DIRECTION('',(1.,3.0613824090109E-12,0.));
#1824=DIRECTION('',(-5.56221735337471E-14,-1.,0.));
#1825=DIRECTION('',(1.,1.64064164552797E-12,0.));
#1826=DIRECTION('',(5.35127497869326E-14,1.,0.));
#1827=DIRECTION('',(1.,3.0613824090109E-12,0.));
#1828=DIRECTION('',(0.,1.,0.));
#1829=DIRECTION('center_axis',(0.,0.,-1.));
#1830=DIRECTION('ref_axis',(1.,0.,0.));
#1831=DIRECTION('center_axis',(1.,0.,0.));
#1832=DIRECTION('ref_axis',(0.,0.,-1.));
#1833=DIRECTION('',(0.,0.,-1.));
#1834=DIRECTION('',(0.,1.,0.));
#1835=DIRECTION('',(0.,0.,1.));
#1836=DIRECTION('center_axis',(0.,0.707106781186548,-0.707106781186547));
#1837=DIRECTION('ref_axis',(-1.,0.,0.));
#1838=DIRECTION('',(0.,0.707106781186547,0.707106781186548));
#1839=DIRECTION('',(1.,0.,0.));
#1840=DIRECTION('',(5.60747306672777E-15,-0.707106781186547,-0.707106781186548));
#1841=DIRECTION('center_axis',(0.,1.,0.));
#1842=DIRECTION('ref_axis',(0.,0.,1.));
#1843=DIRECTION('',(0.,0.,1.));
#1844=DIRECTION('',(1.,0.,0.));
#1845=DIRECTION('',(0.,-3.28071177402723E-48,-1.));
#1846=DIRECTION('center_axis',(-1.,0.,0.));
#1847=DIRECTION('ref_axis',(0.,0.,1.));
#1848=DIRECTION('',(0.,0.,1.));
#1849=DIRECTION('',(0.,1.,0.));
#1850=DIRECTION('center_axis',(0.,0.,1.));
#1851=DIRECTION('ref_axis',(1.,0.,0.));
#1852=DIRECTION('',(-1.,0.,0.));
#1853=DIRECTION('',(0.,1.,0.));
#1854=DIRECTION('center_axis',(0.,0.,1.));
#1855=DIRECTION('ref_axis',(1.,0.,0.));
#1856=DIRECTION('',(-1.,0.,0.));
#1857=DIRECTION('',(1.,0.,0.));
#1858=DIRECTION('',(0.,1.,0.));
#1859=DIRECTION('center_axis',(0.,1.,0.));
#1860=DIRECTION('ref_axis',(0.,0.,1.));
#1861=DIRECTION('',(0.,0.,1.));
#1862=DIRECTION('center_axis',(0.,1.,0.));
#1863=DIRECTION('ref_axis',(-1.,0.,0.));
#1864=DIRECTION('',(-7.53365623852785E-15,0.,1.));
#1865=DIRECTION('',(-1.,0.,0.));
#1866=DIRECTION('',(0.,0.,1.));
#1867=DIRECTION('center_axis',(-1.,0.,-7.93016446160826E-15));
#1868=DIRECTION('ref_axis',(7.93016446160826E-15,0.,-1.));
#1869=DIRECTION('',(7.93016446160826E-15,0.,-1.));
#1870=DIRECTION('',(0.,1.,0.));
#1871=DIRECTION('',(-7.93016446160826E-15,-2.4277265983331E-26,1.));
#1872=DIRECTION('center_axis',(1.,0.,7.53365623852785E-15));
#1873=DIRECTION('ref_axis',(-7.53365623852785E-15,0.,1.));
#1874=DIRECTION('',(7.53365623852785E-15,2.30634026841644E-26,-1.));
#1875=DIRECTION('',(0.,-1.,0.));
#1876=DIRECTION('center_axis',(0.,1.,0.));
#1877=DIRECTION('ref_axis',(-1.,0.,0.));
#1878=DIRECTION('',(0.,0.,1.));
#1879=DIRECTION('',(-1.,0.,0.));
#1880=DIRECTION('center_axis',(3.0613824090109E-12,-1.,0.));
#1881=DIRECTION('ref_axis',(1.,3.0613824090109E-12,0.));
#1882=DIRECTION('',(1.,3.0613824090109E-12,0.));
#1883=DIRECTION('',(0.,0.,1.));
#1884=DIRECTION('',(-1.,-3.0613824090109E-12,0.));
#1885=DIRECTION('',(0.,0.,1.));
#1886=DIRECTION('center_axis',(0.,1.224646799147E-16,-1.));
#1887=DIRECTION('ref_axis',(-1.,-1.50949372273612E-48,0.));
#1888=DIRECTION('center_axis',(0.,0.,-1.));
#1889=DIRECTION('ref_axis',(-1.,-1.50949372273612E-48,0.));
#1890=DIRECTION('',(0.,1.224646799147E-16,-1.));
#1891=DIRECTION('center_axis',(1.23259516440783E-32,1.224646799147E-16,
-1.));
#1892=DIRECTION('ref_axis',(-1.,-3.1316769437443E-65,-1.23259516440783E-32));
#1893=DIRECTION('center_axis',(-1.23259516440783E-32,-1.224646799147E-16,
1.));
#1894=DIRECTION('ref_axis',(-1.,-3.1316769437443E-65,-1.23259516440783E-32));
#1895=DIRECTION('center_axis',(0.,1.224646799147E-16,-1.));
#1896=DIRECTION('ref_axis',(-1.,-1.50949372273612E-48,0.));
#1897=DIRECTION('center_axis',(0.,0.,-1.));
#1898=DIRECTION('ref_axis',(-1.,-1.50949372273612E-48,0.));
#1899=DIRECTION('',(0.,1.224646799147E-16,-1.));
#1900=DIRECTION('center_axis',(1.23259516440783E-32,1.224646799147E-16,
-1.));
#1901=DIRECTION('ref_axis',(-1.,-3.1316769437443E-65,-1.23259516440783E-32));
#1902=DIRECTION('center_axis',(-1.23259516440783E-32,-1.224646799147E-16,
1.));
#1903=DIRECTION('ref_axis',(-1.,-3.1316769437443E-65,-1.23259516440783E-32));
#1904=DIRECTION('center_axis',(0.,1.85037170770859E-16,-1.));
#1905=DIRECTION('ref_axis',(-1.,-2.28075921927867E-48,0.));
#1906=DIRECTION('center_axis',(0.,0.,-1.));
#1907=DIRECTION('ref_axis',(-1.,-2.28075921927867E-48,0.));
#1908=DIRECTION('',(0.,1.85037170770859E-16,-1.));
#1909=DIRECTION('center_axis',(1.23259516440783E-32,1.224646799147E-16,
-1.));
#1910=DIRECTION('ref_axis',(-1.,-3.1316769437443E-65,-1.23259516440783E-32));
#1911=DIRECTION('center_axis',(-1.23259516440783E-32,-1.224646799147E-16,
1.));
#1912=DIRECTION('ref_axis',(-1.,-3.1316769437443E-65,-1.23259516440783E-32));
#1913=DIRECTION('center_axis',(0.,0.,-1.));
#1914=DIRECTION('ref_axis',(-1.,-3.1316769437443E-65,0.));
#1915=DIRECTION('center_axis',(0.,0.,-1.));
#1916=DIRECTION('ref_axis',(-1.,-3.1316769437443E-65,0.));
#1917=DIRECTION('',(0.,0.,-1.));
#1918=DIRECTION('center_axis',(1.23259516440783E-32,1.224646799147E-16,
-1.));
#1919=DIRECTION('ref_axis',(-1.,-3.1316769437443E-65,-1.23259516440783E-32));
#1920=DIRECTION('center_axis',(-1.23259516440783E-32,-1.224646799147E-16,
1.));
#1921=DIRECTION('ref_axis',(-1.,-3.1316769437443E-65,-1.23259516440783E-32));
#1922=DIRECTION('center_axis',(0.,0.,-1.));
#1923=DIRECTION('ref_axis',(-1.,-3.1316769437443E-65,0.));
#1924=DIRECTION('center_axis',(0.,0.,-1.));
#1925=DIRECTION('ref_axis',(-1.,-3.1316769437443E-65,0.));
#1926=DIRECTION('',(0.,0.,-1.));
#1927=DIRECTION('center_axis',(1.23259516440783E-32,1.224646799147E-16,
-1.));
#1928=DIRECTION('ref_axis',(-1.,-3.1316769437443E-65,-1.23259516440783E-32));
#1929=DIRECTION('center_axis',(-1.23259516440783E-32,-1.224646799147E-16,
1.));
#1930=DIRECTION('ref_axis',(-1.,-3.1316769437443E-65,-1.23259516440783E-32));
#1931=DIRECTION('center_axis',(0.,-0.707106781186547,0.707106781186548));
#1932=DIRECTION('ref_axis',(1.,0.,0.));
#1933=DIRECTION('',(0.,0.707106781186548,0.707106781186547));
#1934=DIRECTION('',(-1.,0.,0.));
#1935=DIRECTION('',(-1.30478597674552E-16,-0.707106781186548,-0.707106781186547));
#1936=DIRECTION('',(1.,0.,0.));
#1937=DIRECTION('center_axis',(0.,0.,1.));
#1938=DIRECTION('ref_axis',(1.,0.,0.));
#1939=DIRECTION('',(1.,3.0613824090109E-12,0.));
#1940=DIRECTION('center_axis',(0.,0.,-1.));
#1941=DIRECTION('ref_axis',(0.999999999923978,-1.23305733859322E-5,0.));
#1942=DIRECTION('',(1.45803757139174E-12,-1.,0.));
#1943=DIRECTION('center_axis',(0.,0.,-1.));
#1944=DIRECTION('ref_axis',(1.61936379806743E-6,-0.999999999998689,0.));
#1945=DIRECTION('',(-1.,1.71125527505448E-12,0.));
#1946=DIRECTION('center_axis',(0.,0.,-1.));
#1947=DIRECTION('ref_axis',(-0.999999999970558,7.67361474200756E-6,0.));
#1948=DIRECTION('',(1.78985927407353E-12,1.,0.));
#1949=DIRECTION('center_axis',(0.,0.,-1.));
#1950=DIRECTION('ref_axis',(5.69352732631995E-6,0.999999999983792,0.));
#1951=DIRECTION('center_axis',(0.,0.,1.));
#1952=DIRECTION('ref_axis',(4.18952084764211E-16,1.,0.));
#1953=DIRECTION('',(-1.84524602430774E-16,-1.,0.));
#1954=DIRECTION('',(0.,1.,0.));
#1955=DIRECTION('center_axis',(0.,0.,1.));
#1956=DIRECTION('ref_axis',(1.,0.,0.));
#1957=DIRECTION('center_axis',(1.,0.,0.));
#1958=DIRECTION('ref_axis',(0.,1.,0.));
#1959=DIRECTION('',(0.,0.,1.));
#1960=DIRECTION('',(0.,0.,1.));
#1961=DIRECTION('center_axis',(0.,0.,1.));
#1962=DIRECTION('ref_axis',(0.999999999923978,-1.23305733859322E-5,0.));
#1963=DIRECTION('center_axis',(0.,0.,1.));
#1964=DIRECTION('ref_axis',(0.999999999923978,-1.23305733859322E-5,0.));
#1965=DIRECTION('',(0.,0.,1.));
#1966=DIRECTION('',(0.,0.,1.));
#1967=DIRECTION('center_axis',(-1.,-1.45803757139174E-12,0.));
#1968=DIRECTION('ref_axis',(1.45803757139174E-12,-1.,0.));
#1969=DIRECTION('',(-1.45803757139174E-12,1.,0.));
#1970=DIRECTION('',(0.,0.,1.));
#1971=DIRECTION('center_axis',(0.,0.,1.));
#1972=DIRECTION('ref_axis',(1.61936379806743E-6,-0.999999999998689,0.));
#1973=DIRECTION('center_axis',(0.,0.,1.));
#1974=DIRECTION('ref_axis',(1.61936379806743E-6,-0.999999999998689,0.));
#1975=DIRECTION('',(0.,0.,1.));
#1976=DIRECTION('center_axis',(3.0613824090109E-12,-1.,0.));
#1977=DIRECTION('ref_axis',(1.,3.0613824090109E-12,0.));
#1978=DIRECTION('',(0.,0.,1.));
#1979=DIRECTION('',(-1.,-3.0613824090109E-12,0.));
#1980=DIRECTION('center_axis',(1.71125527505448E-12,1.,0.));
#1981=DIRECTION('ref_axis',(-1.,1.71125527505448E-12,0.));
#1982=DIRECTION('',(1.,-1.71125527505448E-12,0.));
#1983=DIRECTION('',(0.,0.,1.));
#1984=DIRECTION('center_axis',(0.,0.,1.));
#1985=DIRECTION('ref_axis',(-0.999999999970558,7.67361474200756E-6,0.));
#1986=DIRECTION('center_axis',(0.,0.,1.));
#1987=DIRECTION('ref_axis',(-0.999999999970558,7.67361474200756E-6,0.));
#1988=DIRECTION('',(0.,0.,1.));
#1989=DIRECTION('center_axis',(0.,0.,1.));
#1990=DIRECTION('ref_axis',(5.69352732631995E-6,0.999999999983792,0.));
#1991=DIRECTION('center_axis',(0.,0.,1.));
#1992=DIRECTION('ref_axis',(5.69352732631995E-6,0.999999999983792,0.));
#1993=DIRECTION('',(0.,0.,1.));
#1994=DIRECTION('center_axis',(1.,-1.78985927407353E-12,0.));
#1995=DIRECTION('ref_axis',(1.78985927407353E-12,1.,0.));
#1996=DIRECTION('',(-1.78985927407353E-12,-1.,0.));
#1997=DIRECTION('center_axis',(0.,-1.,0.));
#1998=DIRECTION('ref_axis',(1.,0.,0.));
#1999=DIRECTION('',(0.,0.,1.));
#2000=DIRECTION('center_axis',(-1.,1.84524602430774E-16,0.));
#2001=DIRECTION('ref_axis',(-1.84524602430774E-16,-1.,0.));
#2002=DIRECTION('',(0.,0.,1.));
#2003=DIRECTION('center_axis',(0.,0.,1.));
#2004=DIRECTION('ref_axis',(4.18952084764211E-16,1.,0.));
#2005=DIRECTION('center_axis',(0.,0.,1.));
#2006=DIRECTION('ref_axis',(1.,0.,0.));
#2007=DIRECTION('center_axis',(0.,-1.,0.));
#2008=DIRECTION('ref_axis',(-1.,0.,0.));
#2009=DIRECTION('',(0.,0.,-1.));
#2010=DIRECTION('',(-1.,0.,0.));
#2011=DIRECTION('',(0.,0.,-1.));
#2012=DIRECTION('',(-1.,0.,0.));
#2013=DIRECTION('center_axis',(0.,-1.,0.));
#2014=DIRECTION('ref_axis',(-1.,0.,0.));
#2015=DIRECTION('',(0.,0.,1.));
#2016=DIRECTION('',(-1.,0.,0.));
#2017=DIRECTION('',(0.,0.,-1.));
#2018=DIRECTION('',(-1.,0.,0.));
#2019=DIRECTION('center_axis',(0.,0.,-1.));
#2020=DIRECTION('ref_axis',(-1.,0.,0.));
#2021=DIRECTION('center_axis',(0.,0.,1.));
#2022=DIRECTION('ref_axis',(1.,0.,0.));
#2023=DIRECTION('',(0.,-1.,0.));
#2024=DIRECTION('',(1.,1.64064164552797E-12,0.));
#2025=DIRECTION('',(-3.64708482105704E-16,1.,0.));
#2026=DIRECTION('center_axis',(-1.64064164552797E-12,1.,0.));
#2027=DIRECTION('ref_axis',(-1.,-1.64064164552797E-12,0.));
#2028=DIRECTION('',(0.,0.,1.));
#2029=DIRECTION('',(0.,0.,1.));
#2030=DIRECTION('center_axis',(0.,0.,1.));
#2031=DIRECTION('ref_axis',(1.,0.,0.));
#2032=DIRECTION('center_axis',(0.,0.,-1.));
#2033=DIRECTION('ref_axis',(1.,0.,0.));
#2034=DIRECTION('',(0.,0.,-1.));
#2035=DIRECTION('center_axis',(0.,0.,-1.));
#2036=DIRECTION('ref_axis',(1.,0.,0.));
#2037=DIRECTION('center_axis',(-1.,5.35127497869326E-14,0.));
#2038=DIRECTION('ref_axis',(-5.35127497869326E-14,-1.,0.));
#2039=DIRECTION('',(-5.35127497869326E-14,-1.,0.));
#2040=DIRECTION('center_axis',(1.,-5.56221735337471E-14,0.));
#2041=DIRECTION('ref_axis',(5.56221735337471E-14,1.,0.));
#2042=DIRECTION('',(-3.64708482105704E-16,1.,0.));
#2043=DIRECTION('center_axis',(0.,0.,1.));
#2044=DIRECTION('ref_axis',(1.,0.,0.));
#2045=DIRECTION('',(0.,0.,1.));
#2046=DIRECTION('',(1.,0.,0.));
#2047=DIRECTION('',(0.,0.,1.));
#2048=DIRECTION('',(1.,0.,0.));
#2049=CARTESIAN_POINT('',(0.,0.,0.));
#2050=CARTESIAN_POINT('',(0.,0.,0.));
#2051=CARTESIAN_POINT('Origin',(-7.,7.,3.599999978048));
#2052=CARTESIAN_POINT('',(-7.,7.,3.599999978048));
#2053=CARTESIAN_POINT('',(7.,7.,3.599999978048));
#2054=CARTESIAN_POINT('',(7.,7.,3.599999978048));
#2055=CARTESIAN_POINT('',(7.,7.,5.599999978048));
#2056=CARTESIAN_POINT('',(7.,7.,3.599999978048));
#2057=CARTESIAN_POINT('',(-7.,7.,5.599999978048));
#2058=CARTESIAN_POINT('',(7.,7.,5.599999978048));
#2059=CARTESIAN_POINT('',(-7.,7.,3.599999978048));
#2060=CARTESIAN_POINT('Origin',(-7.,-7.,3.599999978048));
#2061=CARTESIAN_POINT('',(-7.,-7.,3.599999978048));
#2062=CARTESIAN_POINT('',(-7.,7.,3.599999978048));
#2063=CARTESIAN_POINT('',(-7.,-7.,5.599999978048));
#2064=CARTESIAN_POINT('',(-7.,7.,5.599999978048));
#2065=CARTESIAN_POINT('',(-7.,-7.,3.599999978048));
#2066=CARTESIAN_POINT('Origin',(7.,-7.,3.599999978048));
#2067=CARTESIAN_POINT('',(7.,-7.,3.599999978048));
#2068=CARTESIAN_POINT('',(-7.,-7.,3.599999978048));
#2069=CARTESIAN_POINT('',(7.,-7.,5.599999978048));
#2070=CARTESIAN_POINT('',(-7.,-7.,5.599999978048));
#2071=CARTESIAN_POINT('',(7.,-7.,3.599999978048));
#2072=CARTESIAN_POINT('Origin',(7.,7.,3.599999978048));
#2073=CARTESIAN_POINT('',(7.,-7.,3.599999978048));
#2074=CARTESIAN_POINT('',(7.,-7.,5.599999978048));
#2075=CARTESIAN_POINT('Origin',(6.25,8.3,3.599999978048));
#2076=CARTESIAN_POINT('',(6.25,8.3,3.599999978048));
#2077=CARTESIAN_POINT('',(-6.25,8.3,3.599999978048));
#2078=CARTESIAN_POINT('',(6.25,8.3,3.599999978048));
#2079=CARTESIAN_POINT('',(-6.25,8.3,5.599999978048));
#2080=CARTESIAN_POINT('',(-6.25,8.3,3.599999978048));
#2081=CARTESIAN_POINT('',(6.25,8.3,5.599999978048));
#2082=CARTESIAN_POINT('',(6.25,8.3,5.599999978048));
#2083=CARTESIAN_POINT('',(6.25,8.3,3.599999978048));
#2084=CARTESIAN_POINT('Origin',(6.25,6.25,3.599999978048));
#2085=CARTESIAN_POINT('',(8.3,6.25,3.599999978048));
#2086=CARTESIAN_POINT('Origin',(6.25,6.25,3.599999978048));
#2087=CARTESIAN_POINT('',(8.3,6.25,5.599999978048));
#2088=CARTESIAN_POINT('Origin',(6.25,6.25,5.599999978048));
#2089=CARTESIAN_POINT('',(8.3,6.25,3.599999978048));
#2090=CARTESIAN_POINT('Origin',(8.3,-6.25,3.599999978048));
#2091=CARTESIAN_POINT('',(8.3,-6.25,3.599999978048));
#2092=CARTESIAN_POINT('',(8.3,-6.25,3.599999978048));
#2093=CARTESIAN_POINT('',(8.3,-6.25,5.599999978048));
#2094=CARTESIAN_POINT('',(8.3,-6.25,5.599999978048));
#2095=CARTESIAN_POINT('',(8.3,-6.25,3.599999978048));
#2096=CARTESIAN_POINT('Origin',(6.25,-6.25,3.599999978048));
#2097=CARTESIAN_POINT('',(6.25,-8.3,3.599999978048));
#2098=CARTESIAN_POINT('Origin',(6.25,-6.25,3.599999978048));
#2099=CARTESIAN_POINT('',(6.25,-8.3,5.599999978048));
#2100=CARTESIAN_POINT('Origin',(6.25,-6.25,5.599999978048));
#2101=CARTESIAN_POINT('',(6.25,-8.3,3.599999978048));
#2102=CARTESIAN_POINT('Origin',(-6.25,-8.3,3.599999978048));
#2103=CARTESIAN_POINT('',(-6.25,-8.3,3.599999978048));
#2104=CARTESIAN_POINT('',(-6.25,-8.3,3.599999978048));
#2105=CARTESIAN_POINT('',(-6.25,-8.3,5.599999978048));
#2106=CARTESIAN_POINT('',(-6.25,-8.3,5.599999978048));
#2107=CARTESIAN_POINT('',(-6.25,-8.3,3.599999978048));
#2108=CARTESIAN_POINT('Origin',(-6.25,-6.25,3.599999978048));
#2109=CARTESIAN_POINT('',(-8.3,-6.25,3.599999978048));
#2110=CARTESIAN_POINT('Origin',(-6.25,-6.25,3.599999978048));
#2111=CARTESIAN_POINT('',(-8.3,-6.25,5.599999978048));
#2112=CARTESIAN_POINT('Origin',(-6.25,-6.25,5.599999978048));
#2113=CARTESIAN_POINT('',(-8.3,-6.25,3.599999978048));
#2114=CARTESIAN_POINT('Origin',(-8.3,6.25,3.599999978048));
#2115=CARTESIAN_POINT('',(-8.3,6.25,3.599999978048));
#2116=CARTESIAN_POINT('',(-8.3,6.25,3.599999978048));
#2117=CARTESIAN_POINT('',(-8.3,6.25,5.599999978048));
#2118=CARTESIAN_POINT('',(-8.3,6.25,5.599999978048));
#2119=CARTESIAN_POINT('',(-8.3,6.25,3.599999978048));
#2120=CARTESIAN_POINT('Origin',(-6.25,6.25,3.599999978048));
#2121=CARTESIAN_POINT('Origin',(-6.25,6.25,3.599999978048));
#2122=CARTESIAN_POINT('Origin',(-6.25,6.25,5.599999978048));
#2123=CARTESIAN_POINT('Origin',(-1.11022302462516E-15,-1.11022302462516E-15,
5.599999978048));
#2124=CARTESIAN_POINT('Origin',(-1.11022302462516E-15,-1.11022302462516E-15,
3.599999978048));
#2125=CARTESIAN_POINT('',(0.,0.,0.));
#2126=CARTESIAN_POINT('Origin',(4.75000000000055,-10.2999999999999,0.1));
#2127=CARTESIAN_POINT('',(4.35000000000055,-10.0499999999999,0.1));
#2128=CARTESIAN_POINT('',(4.75000000000056,-10.45,0.5));
#2129=CARTESIAN_POINT('Origin',(4.75000000000056,-10.45,0.1));
#2130=CARTESIAN_POINT('',(4.35000000000056,-10.85,0.1));
#2131=CARTESIAN_POINT('Origin',(4.75000000000056,-10.45,0.1));
#2132=CARTESIAN_POINT('',(4.35000000000055,-10.2999999999999,0.1));
#2133=CARTESIAN_POINT('Origin',(5.10000000000056,-10.45,0.1));
#2134=CARTESIAN_POINT('',(7.15000000000055,-10.0499999999999,0.1));
#2135=CARTESIAN_POINT('',(6.40000000000055,-10.0499999999999,0.1));
#2136=CARTESIAN_POINT('',(6.75000000000056,-10.45,0.5));
#2137=CARTESIAN_POINT('Origin',(6.75000000000056,-10.45,0.1));
#2138=CARTESIAN_POINT('',(7.15000000000056,-10.85,0.1));
#2139=CARTESIAN_POINT('Origin',(6.75000000000056,-10.45,0.1));
#2140=CARTESIAN_POINT('',(5.10000000000056,-10.85,0.1));
#2141=CARTESIAN_POINT('Origin',(6.75000000000056,-10.6,0.1));
#2142=CARTESIAN_POINT('',(7.15000000000056,-10.6,0.1));
#2143=CARTESIAN_POINT('Origin',(7.05000000000055,-10.0499999999999,0.));
#2144=CARTESIAN_POINT('',(4.35000000000055,-10.0499999999999,0.));
#2145=CARTESIAN_POINT('',(4.35000000000055,-10.0499999999999,0.));
#2146=CARTESIAN_POINT('',(7.15000000000055,-10.0499999999999,0.));
#2147=CARTESIAN_POINT('',(3.52500000002018,-10.0499999999999,0.));
#2148=CARTESIAN_POINT('',(7.15000000000055,-10.0499999999999,0.));
#2149=CARTESIAN_POINT('Origin',(7.15000000000056,-10.75,0.));
#2150=CARTESIAN_POINT('',(7.15000000000055,-10.85,0.));
#2151=CARTESIAN_POINT('',(7.15000000000055,-5.37499999998529,0.));
#2152=CARTESIAN_POINT('',(7.15000000000056,-10.85,0.));
#2153=CARTESIAN_POINT('Origin',(4.45000000000056,-10.85,0.));
#2154=CARTESIAN_POINT('',(4.35000000000056,-10.85,0.));
#2155=CARTESIAN_POINT('',(2.22500000002018,-10.85,0.));
#2156=CARTESIAN_POINT('',(4.35000000000056,-10.85,0.));
#2157=CARTESIAN_POINT('Origin',(4.35000000000055,-10.1499999999999,0.));
#2158=CARTESIAN_POINT('',(4.35000000000054,-5.07499999998523,0.));
#2159=CARTESIAN_POINT('Origin',(9.,-4.8,1.35));
#2160=CARTESIAN_POINT('',(8.9,-4.41270166537926,1.58729833462074));
#2161=CARTESIAN_POINT('',(8.9,-4.41270166537926,0.812701665379257));
#2162=CARTESIAN_POINT('',(8.9,-4.41270166537926,1.35));
#2163=CARTESIAN_POINT('',(8.6,-4.8,1.2));
#2164=CARTESIAN_POINT('Origin',(9.,-4.8,1.2));
#2165=CARTESIAN_POINT('Origin',(9.,-4.8,1.2));
#2166=CARTESIAN_POINT('Origin',(9.,-7.2,1.05));
#2167=CARTESIAN_POINT('',(8.9,-7.58729833462074,0.812701665379257));
#2168=CARTESIAN_POINT('',(8.9,-7.58729833462074,1.58729833462074));
#2169=CARTESIAN_POINT('',(8.9,-7.58729833462074,1.05));
#2170=CARTESIAN_POINT('',(8.6,-7.2,1.2));
#2171=CARTESIAN_POINT('Origin',(9.,-7.2,1.2));
#2172=CARTESIAN_POINT('Origin',(9.,-7.2,1.2));
#2173=CARTESIAN_POINT('Origin',(9.,-5.25,1.2));
#2174=CARTESIAN_POINT('',(8.9,-5.25,1.58729833462074));
#2175=CARTESIAN_POINT('',(8.9,-5.25,0.812701665379257));
#2176=CARTESIAN_POINT('Origin',(-9.,-4.8,1.35));
#2177=CARTESIAN_POINT('',(-8.9,-4.41270166537926,0.812701665379258));
#2178=CARTESIAN_POINT('',(-8.9,-4.41270166537926,1.58729833462074));
#2179=CARTESIAN_POINT('',(-8.9,-4.41270166537926,1.35));
#2180=CARTESIAN_POINT('',(-8.6,-4.8,1.2));
#2181=CARTESIAN_POINT('Origin',(-9.,-4.8,1.2));
#2182=CARTESIAN_POINT('Origin',(-9.,-4.8,1.2));
#2183=CARTESIAN_POINT('Origin',(-9.,-7.2,1.05));
#2184=CARTESIAN_POINT('',(-8.9,-7.58729833462074,1.58729833462074));
#2185=CARTESIAN_POINT('',(-8.9,-7.58729833462074,0.812701665379258));
#2186=CARTESIAN_POINT('',(-8.9,-7.58729833462074,1.05));
#2187=CARTESIAN_POINT('',(-8.6,-7.2,1.2));
#2188=CARTESIAN_POINT('Origin',(-9.,-7.2,1.2));
#2189=CARTESIAN_POINT('Origin',(-9.,-7.2,1.2));
#2190=CARTESIAN_POINT('Origin',(-9.,-5.25,1.2));
#2191=CARTESIAN_POINT('',(-8.9,-5.25,0.812701665379258));
#2192=CARTESIAN_POINT('',(-8.9,-5.25,1.58729833462074));
#2193=CARTESIAN_POINT('Origin',(-4.74999999999945,-10.6,0.1));
#2194=CARTESIAN_POINT('',(-4.74999999999945,-10.4499999999999,0.5));
#2195=CARTESIAN_POINT('',(-4.34999999999945,-10.85,0.1));
#2196=CARTESIAN_POINT('Origin',(-4.74999999999945,-10.45,0.1));
#2197=CARTESIAN_POINT('',(-4.34999999999945,-10.0499999999999,0.1));
#2198=CARTESIAN_POINT('Origin',(-4.74999999999945,-10.45,0.1));
#2199=CARTESIAN_POINT('',(-4.34999999999945,-10.6,0.1));
#2200=CARTESIAN_POINT('Origin',(-6.39999999999945,-10.45,0.1));
#2201=CARTESIAN_POINT('',(-7.14999999999945,-10.85,0.1));
#2202=CARTESIAN_POINT('',(-6.39999999999945,-10.85,0.1));
#2203=CARTESIAN_POINT('',(-6.74999999999945,-10.4499999999999,0.5));
#2204=CARTESIAN_POINT('Origin',(-6.74999999999945,-10.45,0.1));
#2205=CARTESIAN_POINT('',(-7.14999999999945,-10.05,0.1));
#2206=CARTESIAN_POINT('Origin',(-6.74999999999945,-10.45,0.1));
#2207=CARTESIAN_POINT('',(-5.09999999999945,-10.0499999999999,0.1));
#2208=CARTESIAN_POINT('Origin',(-6.74999999999945,-10.2999999999999,0.1));
#2209=CARTESIAN_POINT('',(-7.14999999999945,-10.2999999999999,0.1));
#2210=CARTESIAN_POINT('Origin',(-4.44999999999945,-10.0499999999999,0.));
#2211=CARTESIAN_POINT('',(-7.14999999999945,-10.0499999999999,0.));
#2212=CARTESIAN_POINT('',(-7.14999999999945,-10.0499999999999,0.));
#2213=CARTESIAN_POINT('',(-4.34999999999945,-10.0499999999999,0.));
#2214=CARTESIAN_POINT('',(-2.22499999997982,-10.0499999999999,0.));
#2215=CARTESIAN_POINT('',(-4.34999999999945,-10.0499999999999,0.));
#2216=CARTESIAN_POINT('Origin',(-4.34999999999945,-10.75,0.));
#2217=CARTESIAN_POINT('',(-4.34999999999945,-10.85,0.));
#2218=CARTESIAN_POINT('',(-4.34999999999945,-5.3749999999853,0.));
#2219=CARTESIAN_POINT('',(-4.34999999999945,-10.85,0.));
#2220=CARTESIAN_POINT('Origin',(-7.14999999999945,-10.1499999999999,0.));
#2221=CARTESIAN_POINT('',(-7.14999999999944,-10.85,0.));
#2222=CARTESIAN_POINT('',(-7.14999999999945,-10.85,0.));
#2223=CARTESIAN_POINT('',(-7.14999999999947,-5.07499999998525,0.));
#2224=CARTESIAN_POINT('Origin',(-7.04999999999945,-10.85,0.));
#2225=CARTESIAN_POINT('',(-3.52499999997982,-10.85,0.));
#2226=CARTESIAN_POINT('Origin',(2.25000000001991,9.45,0.5));
#2227=CARTESIAN_POINT('',(6.25,9.95,1.));
#2228=CARTESIAN_POINT('',(6.25,8.95,0.));
#2229=CARTESIAN_POINT('',(6.25,9.6875,0.7375));
#2230=CARTESIAN_POINT('',(2.75000000000002,8.95,0.));
#2231=CARTESIAN_POINT('',(2.25000000001991,8.95,0.));
#2232=CARTESIAN_POINT('',(2.75000000000002,9.95,1.));
#2233=CARTESIAN_POINT('',(2.75000000000002,9.2,0.250000000000001));
#2234=CARTESIAN_POINT('',(2.25000000001991,9.95,1.));
#2235=CARTESIAN_POINT('Origin',(3.98148181091074E-11,2.94064772532465E-11,
0.));
#2236=CARTESIAN_POINT('',(8.9,6.29999999999999,0.));
#2237=CARTESIAN_POINT('Origin',(6.25,6.29999999999999,0.));
#2238=CARTESIAN_POINT('',(8.9,-11.75,0.));
#2239=CARTESIAN_POINT('',(8.9,-11.75,0.));
#2240=CARTESIAN_POINT('',(-8.9,-11.75,0.));
#2241=CARTESIAN_POINT('',(-8.9,-11.75,0.));
#2242=CARTESIAN_POINT('',(-8.9,6.3,0.));
#2243=CARTESIAN_POINT('',(-8.9,6.3,0.));
#2244=CARTESIAN_POINT('',(-6.25,8.95,0.));
#2245=CARTESIAN_POINT('Origin',(-6.25,6.3,0.));
#2246=CARTESIAN_POINT('',(-2.74999999999998,8.95,0.));
#2247=CARTESIAN_POINT('',(-2.24999999998009,8.95,0.));
#2248=CARTESIAN_POINT('',(-2.74999999999998,8.35,0.));
#2249=CARTESIAN_POINT('',(-2.74999999999998,4.4750000000147,0.));
#2250=CARTESIAN_POINT('',(-2.89999999999931,8.34999999996677,0.));
#2251=CARTESIAN_POINT('',(6.24997507770211,8.34999999999478,0.));
#2252=CARTESIAN_POINT('',(-2.89999999999956,3.94999999998309,0.));
#2253=CARTESIAN_POINT('',(-2.89999999999928,8.94999999998068,0.));
#2254=CARTESIAN_POINT('',(2.90000000000045,3.9499999999926,0.));
#2255=CARTESIAN_POINT('',(-2.89999999999956,3.94999999998309,0.));
#2256=CARTESIAN_POINT('',(2.90000000000069,8.34999999998453,0.));
#2257=CARTESIAN_POINT('',(2.90000000000045,3.9499999999926,0.));
#2258=CARTESIAN_POINT('',(2.75000000000002,8.35,0.));
#2259=CARTESIAN_POINT('',(6.24997507770211,8.34999999999478,0.));
#2260=CARTESIAN_POINT('',(2.75000000000002,4.4750000000147,0.));
#2261=CARTESIAN_POINT('',(-2.525,-1.70445438706562E-16,0.));
#2262=CARTESIAN_POINT('Origin',(5.42101086242752E-19,1.38777878078145E-16,
0.));
#2263=CARTESIAN_POINT('Origin',(6.25,8.95,1.95));
#2264=CARTESIAN_POINT('',(6.25,9.95,1.95));
#2265=CARTESIAN_POINT('',(6.25,9.95,0.));
#2266=CARTESIAN_POINT('',(6.25,8.95,1.95));
#2267=CARTESIAN_POINT('',(6.25,8.95,1.95));
#2268=CARTESIAN_POINT('',(6.25,8.95,0.));
#2269=CARTESIAN_POINT('Origin',(-2.24999999998009,9.45,0.5));
#2270=CARTESIAN_POINT('',(-6.25,9.95,1.));
#2271=CARTESIAN_POINT('',(-6.25,9.2,0.25));
#2272=CARTESIAN_POINT('',(-2.74999999999998,9.95,1.));
#2273=CARTESIAN_POINT('',(-2.24999999998009,9.95,1.));
#2274=CARTESIAN_POINT('',(-2.74999999999999,10.6,1.65));
#2275=CARTESIAN_POINT('Origin',(-4.49999999999999,9.95,0.975));
#2276=CARTESIAN_POINT('',(-6.25,9.95,1.95));
#2277=CARTESIAN_POINT('',(-6.25,9.95,0.));
#2278=CARTESIAN_POINT('',(-2.74999999999998,9.95,1.95));
#2279=CARTESIAN_POINT('',(-6.25,9.95,1.95));
#2280=CARTESIAN_POINT('',(-2.74999999999998,9.95,1.95));
#2281=CARTESIAN_POINT('Origin',(-6.25,8.95,0.));
#2282=CARTESIAN_POINT('',(-6.25,8.95,1.95));
#2283=CARTESIAN_POINT('',(-6.25,8.95,0.));
#2284=CARTESIAN_POINT('',(-6.25,8.95,1.95));
#2285=CARTESIAN_POINT('Origin',(-6.25,8.95,1.95));
#2286=CARTESIAN_POINT('',(-2.74999999999998,8.95,1.95));
#2287=CARTESIAN_POINT('',(5.55111512312578E-16,8.95,1.95));
#2288=CARTESIAN_POINT('',(-2.74999999999998,8.95,1.95));
#2289=CARTESIAN_POINT('Origin',(2.75000000000002,8.95,1.95));
#2290=CARTESIAN_POINT('',(2.75000000000002,8.95,1.95));
#2291=CARTESIAN_POINT('',(4.50000000000001,8.95,1.95));
#2292=CARTESIAN_POINT('',(2.75000000000002,9.95,1.95));
#2293=CARTESIAN_POINT('',(6.25,9.95,1.95));
#2294=CARTESIAN_POINT('',(2.75000000000002,8.95,1.95));
#2295=CARTESIAN_POINT('Origin',(4.50000000000001,9.95,0.975));
#2296=CARTESIAN_POINT('',(2.75000000000002,9.95,1.95));
#2297=CARTESIAN_POINT('Origin',(6.25,8.95,0.));
#2298=CARTESIAN_POINT('',(2.74999999999998,8.95,5.6));
#2299=CARTESIAN_POINT('',(2.75000000000002,8.95,-1.31838984174237E-14));
#2300=CARTESIAN_POINT('',(6.25,8.95,5.6));
#2301=CARTESIAN_POINT('',(6.25,8.95,5.6));
#2302=CARTESIAN_POINT('',(6.25,8.95,0.));
#2303=CARTESIAN_POINT('Origin',(-2.75000000000002,8.95,5.6));
#2304=CARTESIAN_POINT('',(-2.75000000000002,8.95,5.6));
#2305=CARTESIAN_POINT('',(-2.75,8.95,2.79999999999996));
#2306=CARTESIAN_POINT('',(-2.75000000000002,8.35,5.6));
#2307=CARTESIAN_POINT('',(-2.75000000000002,3.775,5.6));
#2308=CARTESIAN_POINT('',(-2.75,8.34999999996723,2.80000000000001));
#2309=CARTESIAN_POINT('Origin',(2.75000000000002,8.95,0.));
#2310=CARTESIAN_POINT('',(2.74999999999998,8.35,5.6));
#2311=CARTESIAN_POINT('',(2.75000000000002,8.34999999998407,3.39014080355916E-14));
#2312=CARTESIAN_POINT('',(2.74999999999998,3.775,5.6));
#2313=CARTESIAN_POINT('Origin',(6.25,8.95,0.));
#2314=CARTESIAN_POINT('',(-6.25,8.95,5.6));
#2315=CARTESIAN_POINT('',(-6.25,8.95,0.));
#2316=CARTESIAN_POINT('',(6.25,8.95,5.6));
#2317=CARTESIAN_POINT('Origin',(-6.24998804358059,8.34999999995652,0.));
#2318=CARTESIAN_POINT('',(-6.24998804358059,8.34999999995652,5.6));
#2319=CARTESIAN_POINT('',(6.24997507770211,8.34999999999478,5.6));
#2320=CARTESIAN_POINT('',(-6.24998804358059,8.34999999995652,1.9));
#2321=CARTESIAN_POINT('',(-6.24998804358059,8.34999999995652,0.));
#2322=CARTESIAN_POINT('',(-2.89999999999931,8.34999999996677,1.9));
#2323=CARTESIAN_POINT('',(6.24997507770211,8.34999999999478,1.9));
#2324=CARTESIAN_POINT('',(-2.89999999999931,8.34999999996677,0.));
#2325=CARTESIAN_POINT('Origin',(-5.5,-1.72242231905937E-64,3.599999978048));
#2326=CARTESIAN_POINT('',(-4.55,9.18485072476468E-17,1.9));
#2327=CARTESIAN_POINT('Origin',(-5.5,2.08189953166645E-16,1.9));
#2328=CARTESIAN_POINT('',(-4.55,4.59242549680159E-16,0.799999978048));
#2329=CARTESIAN_POINT('',(-4.55,-1.16341445918999E-16,3.599999978048));
#2330=CARTESIAN_POINT('Origin',(-5.5,3.4290110376116E-16,0.799999978048));
#2331=CARTESIAN_POINT('Origin',(-5.5,3.4290110376116E-16,0.799999978048));
#2332=CARTESIAN_POINT('Origin',(5.5,1.72242231905937E-64,3.599999978048));
#2333=CARTESIAN_POINT('',(6.45,9.18485072476468E-17,1.9));
#2334=CARTESIAN_POINT('Origin',(5.5,2.08189953166645E-16,1.9));
#2335=CARTESIAN_POINT('',(6.45,4.59242549680159E-16,0.799999978048));
#2336=CARTESIAN_POINT('',(6.45,-1.16341445918999E-16,3.599999978048));
#2337=CARTESIAN_POINT('Origin',(5.5,3.4290110376116E-16,0.799999978048));
#2338=CARTESIAN_POINT('Origin',(5.5,3.4290110376116E-16,0.799999978048));
#2339=CARTESIAN_POINT('Origin',(-5.,-3.8,3.599999978048));
#2340=CARTESIAN_POINT('',(-3.9,-3.8,1.9));
#2341=CARTESIAN_POINT('Origin',(-5.,-3.8,1.9));
#2342=CARTESIAN_POINT('',(-3.9,-3.8,0.599999978047999));
#2343=CARTESIAN_POINT('',(-3.9,-3.8,3.599999978048));
#2344=CARTESIAN_POINT('Origin',(-5.,-3.8,0.599999978047999));
#2345=CARTESIAN_POINT('Origin',(-5.,-3.8,0.599999978047999));
#2346=CARTESIAN_POINT('Origin',(8.90601296414311E-48,-5.9,3.599999978048));
#2347=CARTESIAN_POINT('',(1.1,-5.9,1.9));
#2348=CARTESIAN_POINT('Origin',(8.90601296414311E-48,-5.9,1.9));
#2349=CARTESIAN_POINT('',(1.1,-5.9,0.599999978047999));
#2350=CARTESIAN_POINT('',(1.1,-5.9,3.599999978048));
#2351=CARTESIAN_POINT('Origin',(8.90601296414311E-48,-5.9,0.599999978047999));
#2352=CARTESIAN_POINT('Origin',(8.90601296414311E-48,-5.9,0.599999978047999));
#2353=CARTESIAN_POINT('Origin',(5.,5.15,3.599999978048));
#2354=CARTESIAN_POINT('',(6.1,5.15,1.9));
#2355=CARTESIAN_POINT('Origin',(5.,5.15,1.9));
#2356=CARTESIAN_POINT('',(6.1,5.15,0.599999978048));
#2357=CARTESIAN_POINT('',(6.1,5.15,3.599999978048));
#2358=CARTESIAN_POINT('Origin',(5.,5.15,0.599999978048));
#2359=CARTESIAN_POINT('Origin',(5.,5.15,0.599999978048));
#2360=CARTESIAN_POINT('Origin',(-4.45,-11.25,5.1));
#2361=CARTESIAN_POINT('',(8.9,-11.75,4.6));
#2362=CARTESIAN_POINT('',(8.9,-10.75,5.6));
#2363=CARTESIAN_POINT('',(8.9,-12.65,3.7));
#2364=CARTESIAN_POINT('',(-8.9,-10.75,5.6));
#2365=CARTESIAN_POINT('',(-4.45,-10.75,5.6));
#2366=CARTESIAN_POINT('',(-8.9,-11.75,4.6));
#2367=CARTESIAN_POINT('',(-8.9,-8.1375,8.2125));
#2368=CARTESIAN_POINT('',(-4.45,-11.75,4.6));
#2369=CARTESIAN_POINT('Origin',(1.11022302462516E-15,-1.4,5.6));
#2370=CARTESIAN_POINT('',(6.24997507770211,8.34999999998778,5.6));
#2371=CARTESIAN_POINT('',(6.24997507770211,8.34999999999478,5.6));
#2372=CARTESIAN_POINT('',(8.34999999998485,6.24997410580393,5.6));
#2373=CARTESIAN_POINT('Origin',(6.25000000001687,6.25000000000804,5.6));
#2374=CARTESIAN_POINT('',(8.35000000000116,-6.2499926507796,5.6));
#2375=CARTESIAN_POINT('',(8.35000000000307,-6.2499926507796,5.6));
#2376=CARTESIAN_POINT('',(6.25000340065918,-8.3500000000261,5.6));
#2377=CARTESIAN_POINT('Origin',(6.24999999999521,-6.25000000001004,5.6));
#2378=CARTESIAN_POINT('',(-6.24998261970351,-8.35000000000493,5.6));
#2379=CARTESIAN_POINT('',(-6.24998261970351,-8.35000000000471,5.6));
#2380=CARTESIAN_POINT('',(-8.35000000000304,-6.24998388547573,5.6));
#2381=CARTESIAN_POINT('Origin',(-6.25000000005471,-6.25000000006669,5.6));
#2382=CARTESIAN_POINT('',(-8.34999999998756,6.25000129007779,5.6));
#2383=CARTESIAN_POINT('',(-8.34999999998066,6.25000129007779,5.6));
#2384=CARTESIAN_POINT('Origin',(-6.24999999998797,6.24999999999057,5.6));
#2385=CARTESIAN_POINT('',(-8.9,6.3,5.6));
#2386=CARTESIAN_POINT('Origin',(-6.25,6.3,5.6));
#2387=CARTESIAN_POINT('',(-8.9,6.3,5.6));
#2388=CARTESIAN_POINT('',(8.9,6.29999999999999,5.6));
#2389=CARTESIAN_POINT('',(8.9,-11.75,5.6));
#2390=CARTESIAN_POINT('Origin',(6.25,6.29999999999999,5.6));
#2391=CARTESIAN_POINT('Origin',(8.9,-11.75,0.));
#2392=CARTESIAN_POINT('',(8.9,-11.75,0.));
#2393=CARTESIAN_POINT('',(8.9,6.29999999999999,0.));
#2394=CARTESIAN_POINT('Origin',(6.25000000001687,6.25000000000804,0.));
#2395=CARTESIAN_POINT('',(8.34999999998485,6.24997410580393,1.9));
#2396=CARTESIAN_POINT('',(6.24997507770211,8.34999999998778,1.9));
#2397=CARTESIAN_POINT('Origin',(6.25000000001687,6.25000000000804,1.9));
#2398=CARTESIAN_POINT('',(8.34999999998485,6.24997410580393,0.));
#2399=CARTESIAN_POINT('',(6.24997507770211,8.34999999998778,0.));
#2400=CARTESIAN_POINT('Origin',(8.34999999998485,6.24997410580393,0.));
#2401=CARTESIAN_POINT('',(8.35000000000116,-6.2499926507796,1.9));
#2402=CARTESIAN_POINT('',(8.35000000000307,-6.2499926507796,1.9));
#2403=CARTESIAN_POINT('',(8.35000000000116,-6.2499926507796,0.));
#2404=CARTESIAN_POINT('Origin',(6.24999999999521,-6.25000000001004,0.));
#2405=CARTESIAN_POINT('',(6.25000340065919,-8.3500000000261,1.9));
#2406=CARTESIAN_POINT('Origin',(6.24999999999521,-6.25000000001004,1.9));
#2407=CARTESIAN_POINT('',(6.25000340065918,-8.3500000000261,0.));
#2408=CARTESIAN_POINT('Origin',(-6.24998804358059,8.34999999995652,0.));
#2409=CARTESIAN_POINT('',(2.90000000000069,8.34999999998453,1.9));
#2410=CARTESIAN_POINT('',(2.90000000000069,8.34999999998453,0.));
#2411=CARTESIAN_POINT('',(6.24997507770211,8.34999999999478,1.9));
#2412=CARTESIAN_POINT('Origin',(6.25000340065918,-8.3500000000261,0.));
#2413=CARTESIAN_POINT('',(-6.24998261970351,-8.35000000000493,1.9));
#2414=CARTESIAN_POINT('',(-6.24998261970351,-8.35000000000471,1.9));
#2415=CARTESIAN_POINT('',(-6.24998261970351,-8.35000000000493,0.));
#2416=CARTESIAN_POINT('Origin',(-6.25000000005471,-6.25000000006669,0.));
#2417=CARTESIAN_POINT('',(-8.35000000000304,-6.24998388547573,1.9));
#2418=CARTESIAN_POINT('Origin',(-6.25000000005471,-6.25000000006669,1.9));
#2419=CARTESIAN_POINT('',(-8.35000000000304,-6.24998388547573,0.));
#2420=CARTESIAN_POINT('Origin',(-6.24999999998797,6.24999999999057,0.));
#2421=CARTESIAN_POINT('',(-8.34999999998756,6.25000129007779,1.9));
#2422=CARTESIAN_POINT('Origin',(-6.24999999998797,6.24999999999057,1.9));
#2423=CARTESIAN_POINT('',(-8.34999999998756,6.25000129007779,0.));
#2424=CARTESIAN_POINT('Origin',(-8.35000000000304,-6.24998388547573,0.));
#2425=CARTESIAN_POINT('',(-8.34999999998066,6.25000129007779,1.9));
#2426=CARTESIAN_POINT('Origin',(-8.9,-11.75,0.));
#2427=CARTESIAN_POINT('',(-8.9,-11.75,0.));
#2428=CARTESIAN_POINT('Origin',(-8.9,6.3,0.));
#2429=CARTESIAN_POINT('',(-8.9,6.3,0.));
#2430=CARTESIAN_POINT('Origin',(-6.25,6.3,0.));
#2431=CARTESIAN_POINT('Origin',(6.25,6.29999999999999,0.));
#2432=CARTESIAN_POINT('Origin',(2.90000000000045,2.42793089672538,1.9));
#2433=CARTESIAN_POINT('',(0.693380530968598,2.42793089672538,1.9));
#2434=CARTESIAN_POINT('',(0.693380530968598,2.42793089672538,1.1));
#2435=CARTESIAN_POINT('',(0.693380530968598,2.42793089672538,0.));
#2436=CARTESIAN_POINT('',(2.90000000000045,2.42793089672538,1.9));
#2437=CARTESIAN_POINT('',(1.45000000002013,2.42793089672538,1.9));
#2438=CARTESIAN_POINT('',(2.90000000000045,2.42793089672538,1.1));
#2439=CARTESIAN_POINT('',(2.90000000000045,2.42793089672538,1.9));
#2440=CARTESIAN_POINT('',(-2.89999999999956,2.42793089672538,1.1));
#2441=CARTESIAN_POINT('Origin',(2.90000000000045,2.42793089672538,1.9));
#2442=CARTESIAN_POINT('',(-0.693380530968598,2.42793089672538,1.1));
#2443=CARTESIAN_POINT('',(-0.693380530968598,2.42793089672538,1.9));
#2444=CARTESIAN_POINT('',(-0.693380530968598,2.42793089672538,0.));
#2445=CARTESIAN_POINT('',(-2.89999999999956,2.42793089672538,1.1));
#2446=CARTESIAN_POINT('',(-2.89999999999956,2.42793089672538,1.1));
#2447=CARTESIAN_POINT('',(-2.89999999999956,2.42793089672538,1.9));
#2448=CARTESIAN_POINT('',(-2.89999999999956,2.42793089672538,1.9));
#2449=CARTESIAN_POINT('',(1.45000000002013,2.42793089672538,1.9));
#2450=CARTESIAN_POINT('Origin',(4.46309655899313E-13,3.18896544835899,1.1));
#2451=CARTESIAN_POINT('Origin',(5.42101086242752E-19,1.38777878078145E-16,
1.1));
#2452=CARTESIAN_POINT('',(2.90000000000045,3.9499999999926,1.1));
#2453=CARTESIAN_POINT('',(2.90000000000045,2.42793089672538,1.1));
#2454=CARTESIAN_POINT('',(-2.89999999999956,3.9499999999926,1.1));
#2455=CARTESIAN_POINT('',(1.44999999999983,3.94999999999022,1.1));
#2456=CARTESIAN_POINT('',(-2.89999999999956,3.9499999999926,1.1));
#2457=CARTESIAN_POINT('Origin',(2.90000000000045,3.9499999999926,0.));
#2458=CARTESIAN_POINT('',(2.90000000000045,3.9499999999926,0.));
#2459=CARTESIAN_POINT('',(-2.89999999999956,3.94999999998309,0.));
#2460=CARTESIAN_POINT('Origin',(5.42101086242752E-19,1.38777878078145E-16,
0.));
#2461=CARTESIAN_POINT('',(-2.525,-1.70445438706562E-16,1.9));
#2462=CARTESIAN_POINT('Origin',(5.42101086242752E-19,1.38777878078145E-16,
1.9));
#2463=CARTESIAN_POINT('',(-2.525,-1.70445438706562E-16,0.));
#2464=CARTESIAN_POINT('Origin',(5.42101086242752E-19,1.38777878078145E-16,
1.9));
#2465=CARTESIAN_POINT('Origin',(2.90000000000069,8.34999999998453,0.));
#2466=CARTESIAN_POINT('',(2.90000000000045,3.9499999999926,1.9));
#2467=CARTESIAN_POINT('Origin',(-2.89999999999956,3.94999999998309,0.));
#2468=CARTESIAN_POINT('',(-2.89999999999956,1.21396544837739,1.9));
#2469=CARTESIAN_POINT('Origin',(3.98148181091074E-11,2.94064772532465E-11,
1.9));
#2470=CARTESIAN_POINT('',(0.,0.,0.));
#2471=CARTESIAN_POINT('',(0.,0.,0.));
#2472=UNCERTAINTY_MEASURE_WITH_UNIT(LENGTH_MEASURE(0.01),#2480,
'DISTANCE_ACCURACY_VALUE',
'Maximum model space distance between geometric entities at asserted c
onnectivities');
#2473=UNCERTAINTY_MEASURE_WITH_UNIT(LENGTH_MEASURE(0.01),#2480,
'DISTANCE_ACCURACY_VALUE',
'Maximum model space distance between geometric entities at asserted c
onnectivities');
#2474=UNCERTAINTY_MEASURE_WITH_UNIT(LENGTH_MEASURE(0.01),#2480,
'DISTANCE_ACCURACY_VALUE',
'Maximum model space distance between geometric entities at asserted c
onnectivities');
#2475=UNCERTAINTY_MEASURE_WITH_UNIT(LENGTH_MEASURE(0.01),#2480,
'DISTANCE_ACCURACY_VALUE',
'Maximum model space distance between geometric entities at asserted c
onnectivities');
#2476=(
GEOMETRIC_REPRESENTATION_CONTEXT(3)
GLOBAL_UNCERTAINTY_ASSIGNED_CONTEXT((#2472))
GLOBAL_UNIT_ASSIGNED_CONTEXT((#2480,#2482,#2483))
REPRESENTATION_CONTEXT('','3D')
);
#2477=(
GEOMETRIC_REPRESENTATION_CONTEXT(3)
GLOBAL_UNCERTAINTY_ASSIGNED_CONTEXT((#2473))
GLOBAL_UNIT_ASSIGNED_CONTEXT((#2480,#2482,#2483))
REPRESENTATION_CONTEXT('','3D')
);
#2478=(
GEOMETRIC_REPRESENTATION_CONTEXT(3)
GLOBAL_UNCERTAINTY_ASSIGNED_CONTEXT((#2474))
GLOBAL_UNIT_ASSIGNED_CONTEXT((#2480,#2482,#2483))
REPRESENTATION_CONTEXT('','3D')
);
#2479=(
GEOMETRIC_REPRESENTATION_CONTEXT(3)
GLOBAL_UNCERTAINTY_ASSIGNED_CONTEXT((#2475))
GLOBAL_UNIT_ASSIGNED_CONTEXT((#2480,#2482,#2483))
REPRESENTATION_CONTEXT('','3D')
);
#2480=(
LENGTH_UNIT()
NAMED_UNIT(*)
SI_UNIT(.MILLI.,.METRE.)
);
#2481=(
LENGTH_UNIT()
NAMED_UNIT(*)
SI_UNIT($,.METRE.)
);
#2482=(
NAMED_UNIT(*)
PLANE_ANGLE_UNIT()
SI_UNIT($,.RADIAN.)
);
#2483=(
NAMED_UNIT(*)
SI_UNIT($,.STERADIAN.)
SOLID_ANGLE_UNIT()
);
#2484=SHAPE_DEFINITION_REPRESENTATION(#2487,#2492);
#2485=SHAPE_DEFINITION_REPRESENTATION(#2488,#2493);
#2486=SHAPE_DEFINITION_REPRESENTATION(#2489,#2494);
#2487=PRODUCT_DEFINITION_SHAPE('',$,#2496);
#2488=PRODUCT_DEFINITION_SHAPE('',$,#2497);
#2489=PRODUCT_DEFINITION_SHAPE('',$,#2498);
#2490=PRODUCT_DEFINITION_SHAPE($,$,#17);
#2491=PRODUCT_DEFINITION_SHAPE($,$,#18);
#2492=SHAPE_REPRESENTATION('',(#1488,#1622,#1623),#2476);
#2493=SHAPE_REPRESENTATION('',(#1489),#2477);
#2494=SHAPE_REPRESENTATION('',(#1512),#2478);
#2495=PRODUCT_DEFINITION_CONTEXT('part definition',#2506,'design');
#2496=PRODUCT_DEFINITION('KeySwitch','KeySwitch v6',#2499,#2495);
#2497=PRODUCT_DEFINITION('SwitchPlate','SwitchPlate',#2500,#2495);
#2498=PRODUCT_DEFINITION('Case','Case',#2501,#2495);
#2499=PRODUCT_DEFINITION_FORMATION('',$,#2508);
#2500=PRODUCT_DEFINITION_FORMATION('',$,#2509);
#2501=PRODUCT_DEFINITION_FORMATION('',$,#2510);
#2502=PRODUCT_RELATED_PRODUCT_CATEGORY('KeySwitch v6','KeySwitch v6',(#2508));
#2503=PRODUCT_RELATED_PRODUCT_CATEGORY('SwitchPlate','SwitchPlate',(#2509));
#2504=PRODUCT_RELATED_PRODUCT_CATEGORY('Case','Case',(#2510));
#2505=APPLICATION_PROTOCOL_DEFINITION('international standard',
'automotive_design',2009,#2506);
#2506=APPLICATION_CONTEXT(
'Core Data for Automotive Mechanical Design Process');
#2507=PRODUCT_CONTEXT('part definition',#2506,'mechanical');
#2508=PRODUCT('KeySwitch','KeySwitch v6',$,(#2507));
#2509=PRODUCT('SwitchPlate','SwitchPlate',$,(#2507));
#2510=PRODUCT('Case','Case',$,(#2507));
#2511=PRESENTATION_STYLE_ASSIGNMENT((#2514));
#2512=PRESENTATION_STYLE_ASSIGNMENT((#2515));
#2513=PRESENTATION_STYLE_ASSIGNMENT((#2516));
#2514=SURFACE_STYLE_USAGE(.BOTH.,#2517);
#2515=SURFACE_STYLE_USAGE(.BOTH.,#2518);
#2516=SURFACE_STYLE_USAGE(.BOTH.,#2519);
#2517=SURFACE_SIDE_STYLE('',(#2520));
#2518=SURFACE_SIDE_STYLE('',(#2521));
#2519=SURFACE_SIDE_STYLE('',(#2522));
#2520=SURFACE_STYLE_FILL_AREA(#2523);
#2521=SURFACE_STYLE_FILL_AREA(#2524);
#2522=SURFACE_STYLE_FILL_AREA(#2525);
#2523=FILL_AREA_STYLE('\X2\92FC\X0\ - \X2\30B530C630F3\X0\',(#2526));
#2524=FILL_AREA_STYLE('\X2\30D730E930B930C130C330AF\X0\ - \X2\30DE30C330C8\X0\(
\X2\9ED2\X0\)',(#2527));
#2525=FILL_AREA_STYLE('\X2\30D730E930B930C130C330AF\X0\ - \X2\30DE30C330C8\X0\(
\X2\767D\X0\)',(#2528));
#2526=FILL_AREA_STYLE_COLOUR('\X2\92FC\X0\ - \X2\30B530C630F3\X0\',#2529);
#2527=FILL_AREA_STYLE_COLOUR('\X2\30D730E930B930C130C330AF\X0\ - \X2\30DE30C330C8\X0\(
\X2\9ED2\X0\)',#2530);
#2528=FILL_AREA_STYLE_COLOUR('\X2\30D730E930B930C130C330AF\X0\ - \X2\30DE30C330C8\X0\(
\X2\767D\X0\)',#2531);
#2529=COLOUR_RGB('\X2\92FC\X0\ - \X2\30B530C630F3\X0\',0.627450980392157,
0.627450980392157,0.627450980392157);
#2530=COLOUR_RGB('\X2\30D730E930B930C130C330AF\X0\ - \X2\30DE30C330C8\X0\(
\X2\9ED2\X0\)',0.0980392156862745,0.0980392156862745,0.0980392156862745);
#2531=COLOUR_RGB('\X2\30D730E930B930C130C330AF\X0\ - \X2\30DE30C330C8\X0\(
\X2\767D\X0\)',0.964705882352941,0.964705882352941,0.952941176470588);
ENDSEC;
END-ISO-10303-21;
