ISO-10303-21;
HEADER;
/* Generated by software containing ST-Developer
 * from STEP Tools, Inc. (www.steptools.com) 
 */

FILE_DESCRIPTION(
/* description */ (''),
/* implementation_level */ '2;1');

FILE_NAME(
/* name */ 'TrackBallSensor_v2.step',
/* time_stamp */ '2026-10-02T21:37:33+09:00',
/* author */ (''),
/* organization */ (''),
/* preprocessor_version */ 'ST-DEVELOPER v20.2',
/* originating_system */ 'Autodesk Translation Framework v15.15.0.0',
/* authorisation */ '');

FILE_SCHEMA (('AUTOMOTIVE_DESIGN { 1 0 10303 214 3 1 1 }'));
ENDSEC;

DATA;
#10=MECHANICAL_DESIGN_GEOMETRIC_PRESENTATION_REPRESENTATION('',(#39,#40,
#41),#4718);
#11=CONTEXT_DEPENDENT_OVER_RIDING_STYLED_ITEM('',(#4751),#4732,#41,(#17));
#12=CONTEXT_DEPENDENT_OVER_RIDING_STYLED_ITEM('',(#4751),#4733,#41,(#18));
#13=MAPPED_ITEM('',#14,#3104);
#14=REPRESENTATION_MAP(#3104,#4731);
#15=ITEM_DEFINED_TRANSFORMATION($,$,#2880,#3102);
#16=ITEM_DEFINED_TRANSFORMATION($,$,#2980,#3103);
#17=(
REPRESENTATION_RELATIONSHIP($,$,#4732,#4731)
REPRESENTATION_RELATIONSHIP_WITH_TRANSFORMATION(#15)
SHAPE_REPRESENTATION_RELATIONSHIP()
);
#18=(
REPRESENTATION_RELATIONSHIP($,$,#4733,#4731)
REPRESENTATION_RELATIONSHIP_WITH_TRANSFORMATION(#16)
SHAPE_REPRESENTATION_RELATIONSHIP()
);
#19=CONTEXT_DEPENDENT_SHAPE_REPRESENTATION(#17,#4729);
#20=CONTEXT_DEPENDENT_SHAPE_REPRESENTATION(#18,#4730);
#21=NEXT_ASSEMBLY_USAGE_OCCURRENCE('BottomPart:1','BottomPart:1',
'BottomPart:1',#4735,#4736,'BottomPart:1');
#22=NEXT_ASSEMBLY_USAGE_OCCURRENCE('TopPart:1','TopPart:1','TopPart:1',
#4735,#4737,'TopPart:1');
#23=DERIVED_UNIT_ELEMENT(#25,1.);
#24=DERIVED_UNIT_ELEMENT(#4720,-3.);
#25=(
MASS_UNIT()
NAMED_UNIT(*)
SI_UNIT(.KILO.,.GRAM.)
);
#26=DERIVED_UNIT((#23,#24));
#27=MEASURE_REPRESENTATION_ITEM('density measure',
POSITIVE_RATIO_MEASURE(7850.),#26);
#28=PROPERTY_DEFINITION_REPRESENTATION(#33,#30);
#29=PROPERTY_DEFINITION_REPRESENTATION(#34,#31);
#30=REPRESENTATION('material name',(#32),#4717);
#31=REPRESENTATION('density',(#27),#4717);
#32=DESCRIPTIVE_REPRESENTATION_ITEM('\X2\92FC\X0\','\X2\92FC\X0\');
#33=PROPERTY_DEFINITION('material property','material name',#4737);
#34=PROPERTY_DEFINITION('material property','density of part',#4737);
#35=SHAPE_REPRESENTATION_RELATIONSHIP('SRR','None',#4732,#37);
#36=SHAPE_REPRESENTATION_RELATIONSHIP('SRR','None',#4733,#38);
#37=ADVANCED_BREP_SHAPE_REPRESENTATION('',(#42),#4716);
#38=ADVANCED_BREP_SHAPE_REPRESENTATION('',(#43),#4717);
#39=STYLED_ITEM('',(#4751),#42);
#40=STYLED_ITEM('',(#4751),#43);
#41=STYLED_ITEM('',(#4752),#13);
#42=MANIFOLD_SOLID_BREP('BottomPart',#2877);
#43=MANIFOLD_SOLID_BREP('TopPart',#2878);
#44=ELLIPSE('',#2923,0.565685424949238,0.4);
#45=ELLIPSE('',#2924,0.565685424949238,0.4);
#46=ELLIPSE('',#2926,0.565685424949238,0.4);
#47=ELLIPSE('',#2927,0.565685424949238,0.4);
#48=ELLIPSE('',#2930,0.565685424949238,0.4);
#49=ELLIPSE('',#2931,0.565685424949237,0.4);
#50=ELLIPSE('',#2933,0.565685424949237,0.4);
#51=ELLIPSE('',#2934,0.565685424949239,0.4);
#52=ELLIPSE('',#2941,0.565685424949238,0.4);
#53=ELLIPSE('',#2942,0.565685424949238,0.4);
#54=ELLIPSE('',#2944,0.565685424949238,0.4);
#55=ELLIPSE('',#2945,0.565685424949238,0.4);
#56=ELLIPSE('',#2948,0.565685424949238,0.4);
#57=ELLIPSE('',#2949,0.565685424949238,0.4);
#58=ELLIPSE('',#2951,0.565685424949237,0.4);
#59=ELLIPSE('',#2952,0.56568542494924,0.4);
#60=SPHERICAL_SURFACE('',#2912,0.35);
#61=SPHERICAL_SURFACE('',#2914,0.35);
#62=SPHERICAL_SURFACE('',#3071,0.3);
#63=SPHERICAL_SURFACE('',#3073,0.3);
#64=FACE_BOUND('',#275,.T.);
#65=FACE_BOUND('',#276,.T.);
#66=FACE_BOUND('',#320,.T.);
#67=FACE_BOUND('',#321,.T.);
#68=FACE_BOUND('',#330,.T.);
#69=FACE_BOUND('',#333,.T.);
#70=FACE_BOUND('',#360,.T.);
#71=FACE_BOUND('',#361,.T.);
#72=FACE_BOUND('',#427,.T.);
#73=FACE_BOUND('',#428,.T.);
#74=FACE_BOUND('',#429,.T.);
#75=FACE_BOUND('',#430,.T.);
#76=FACE_BOUND('',#431,.T.);
#77=TOROIDAL_SURFACE('',#2886,1.99999972060323,0.35);
#78=TOROIDAL_SURFACE('',#2892,1.99999972060323,0.35);
#79=TOROIDAL_SURFACE('',#2986,1.99999972060323,0.3);
#80=TOROIDAL_SURFACE('',#2992,1.99999972060323,0.3);
#81=CYLINDRICAL_SURFACE('',#2883,0.35);
#82=CYLINDRICAL_SURFACE('',#2890,0.35);
#83=CYLINDRICAL_SURFACE('',#2896,0.35);
#84=CYLINDRICAL_SURFACE('',#2903,2.05);
#85=CYLINDRICAL_SURFACE('',#2906,2.05);
#86=CYLINDRICAL_SURFACE('',#2908,2.05);
#87=CYLINDRICAL_SURFACE('',#2917,2.05);
#88=CYLINDRICAL_SURFACE('',#2922,0.4);
#89=CYLINDRICAL_SURFACE('',#2925,0.4);
#90=CYLINDRICAL_SURFACE('',#2928,0.4);
#91=CYLINDRICAL_SURFACE('',#2929,0.4);
#92=CYLINDRICAL_SURFACE('',#2932,0.4);
#93=CYLINDRICAL_SURFACE('',#2935,0.4);
#94=CYLINDRICAL_SURFACE('',#2940,0.4);
#95=CYLINDRICAL_SURFACE('',#2943,0.4);
#96=CYLINDRICAL_SURFACE('',#2946,0.4);
#97=CYLINDRICAL_SURFACE('',#2947,0.4);
#98=CYLINDRICAL_SURFACE('',#2950,0.4);
#99=CYLINDRICAL_SURFACE('',#2953,0.4);
#100=CYLINDRICAL_SURFACE('',#2975,2.65);
#101=CYLINDRICAL_SURFACE('',#2976,2.65);
#102=CYLINDRICAL_SURFACE('',#2983,0.3);
#103=CYLINDRICAL_SURFACE('',#2990,0.3);
#104=CYLINDRICAL_SURFACE('',#2996,0.3);
#105=CYLINDRICAL_SURFACE('',#2998,2.);
#106=CYLINDRICAL_SURFACE('',#3000,2.);
#107=CYLINDRICAL_SURFACE('',#3005,2.);
#108=CYLINDRICAL_SURFACE('',#3007,2.);
#109=CYLINDRICAL_SURFACE('',#3029,0.4);
#110=CYLINDRICAL_SURFACE('',#3041,0.4);
#111=CYLINDRICAL_SURFACE('',#3047,0.4);
#112=CYLINDRICAL_SURFACE('',#3059,0.4);
#113=CYLINDRICAL_SURFACE('',#3095,2.65);
#114=CYLINDRICAL_SURFACE('',#3099,2.65);
#115=FACE_OUTER_BOUND('',#267,.T.);
#116=FACE_OUTER_BOUND('',#268,.T.);
#117=FACE_OUTER_BOUND('',#269,.T.);
#118=FACE_OUTER_BOUND('',#270,.T.);
#119=FACE_OUTER_BOUND('',#271,.T.);
#120=FACE_OUTER_BOUND('',#272,.T.);
#121=FACE_OUTER_BOUND('',#273,.T.);
#122=FACE_OUTER_BOUND('',#274,.T.);
#123=FACE_OUTER_BOUND('',#277,.T.);
#124=FACE_OUTER_BOUND('',#278,.T.);
#125=FACE_OUTER_BOUND('',#279,.T.);
#126=FACE_OUTER_BOUND('',#280,.T.);
#127=FACE_OUTER_BOUND('',#281,.T.);
#128=FACE_OUTER_BOUND('',#282,.T.);
#129=FACE_OUTER_BOUND('',#283,.T.);
#130=FACE_OUTER_BOUND('',#284,.T.);
#131=FACE_OUTER_BOUND('',#285,.T.);
#132=FACE_OUTER_BOUND('',#286,.T.);
#133=FACE_OUTER_BOUND('',#287,.T.);
#134=FACE_OUTER_BOUND('',#288,.T.);
#135=FACE_OUTER_BOUND('',#289,.T.);
#136=FACE_OUTER_BOUND('',#290,.T.);
#137=FACE_OUTER_BOUND('',#291,.T.);
#138=FACE_OUTER_BOUND('',#292,.T.);
#139=FACE_OUTER_BOUND('',#293,.T.);
#140=FACE_OUTER_BOUND('',#294,.T.);
#141=FACE_OUTER_BOUND('',#295,.T.);
#142=FACE_OUTER_BOUND('',#296,.T.);
#143=FACE_OUTER_BOUND('',#297,.T.);
#144=FACE_OUTER_BOUND('',#298,.T.);
#145=FACE_OUTER_BOUND('',#299,.T.);
#146=FACE_OUTER_BOUND('',#300,.T.);
#147=FACE_OUTER_BOUND('',#301,.T.);
#148=FACE_OUTER_BOUND('',#302,.T.);
#149=FACE_OUTER_BOUND('',#303,.T.);
#150=FACE_OUTER_BOUND('',#304,.T.);
#151=FACE_OUTER_BOUND('',#305,.T.);
#152=FACE_OUTER_BOUND('',#306,.T.);
#153=FACE_OUTER_BOUND('',#307,.T.);
#154=FACE_OUTER_BOUND('',#308,.T.);
#155=FACE_OUTER_BOUND('',#309,.T.);
#156=FACE_OUTER_BOUND('',#310,.T.);
#157=FACE_OUTER_BOUND('',#311,.T.);
#158=FACE_OUTER_BOUND('',#312,.T.);
#159=FACE_OUTER_BOUND('',#313,.T.);
#160=FACE_OUTER_BOUND('',#314,.T.);
#161=FACE_OUTER_BOUND('',#315,.T.);
#162=FACE_OUTER_BOUND('',#316,.T.);
#163=FACE_OUTER_BOUND('',#317,.T.);
#164=FACE_OUTER_BOUND('',#318,.T.);
#165=FACE_OUTER_BOUND('',#319,.T.);
#166=FACE_OUTER_BOUND('',#322,.T.);
#167=FACE_OUTER_BOUND('',#323,.T.);
#168=FACE_OUTER_BOUND('',#324,.T.);
#169=FACE_OUTER_BOUND('',#325,.T.);
#170=FACE_OUTER_BOUND('',#326,.T.);
#171=FACE_OUTER_BOUND('',#327,.T.);
#172=FACE_OUTER_BOUND('',#328,.T.);
#173=FACE_OUTER_BOUND('',#329,.T.);
#174=FACE_OUTER_BOUND('',#331,.T.);
#175=FACE_OUTER_BOUND('',#332,.T.);
#176=FACE_OUTER_BOUND('',#334,.T.);
#177=FACE_OUTER_BOUND('',#335,.T.);
#178=FACE_OUTER_BOUND('',#336,.T.);
#179=FACE_OUTER_BOUND('',#337,.T.);
#180=FACE_OUTER_BOUND('',#338,.T.);
#181=FACE_OUTER_BOUND('',#339,.T.);
#182=FACE_OUTER_BOUND('',#340,.T.);
#183=FACE_OUTER_BOUND('',#341,.T.);
#184=FACE_OUTER_BOUND('',#342,.T.);
#185=FACE_OUTER_BOUND('',#343,.T.);
#186=FACE_OUTER_BOUND('',#344,.T.);
#187=FACE_OUTER_BOUND('',#345,.T.);
#188=FACE_OUTER_BOUND('',#346,.T.);
#189=FACE_OUTER_BOUND('',#347,.T.);
#190=FACE_OUTER_BOUND('',#348,.T.);
#191=FACE_OUTER_BOUND('',#349,.T.);
#192=FACE_OUTER_BOUND('',#350,.T.);
#193=FACE_OUTER_BOUND('',#351,.T.);
#194=FACE_OUTER_BOUND('',#352,.T.);
#195=FACE_OUTER_BOUND('',#353,.T.);
#196=FACE_OUTER_BOUND('',#354,.T.);
#197=FACE_OUTER_BOUND('',#355,.T.);
#198=FACE_OUTER_BOUND('',#356,.T.);
#199=FACE_OUTER_BOUND('',#357,.T.);
#200=FACE_OUTER_BOUND('',#358,.T.);
#201=FACE_OUTER_BOUND('',#359,.T.);
#202=FACE_OUTER_BOUND('',#362,.T.);
#203=FACE_OUTER_BOUND('',#363,.T.);
#204=FACE_OUTER_BOUND('',#364,.T.);
#205=FACE_OUTER_BOUND('',#365,.T.);
#206=FACE_OUTER_BOUND('',#366,.T.);
#207=FACE_OUTER_BOUND('',#367,.T.);
#208=FACE_OUTER_BOUND('',#368,.T.);
#209=FACE_OUTER_BOUND('',#369,.T.);
#210=FACE_OUTER_BOUND('',#370,.T.);
#211=FACE_OUTER_BOUND('',#371,.T.);
#212=FACE_OUTER_BOUND('',#372,.T.);
#213=FACE_OUTER_BOUND('',#373,.T.);
#214=FACE_OUTER_BOUND('',#374,.T.);
#215=FACE_OUTER_BOUND('',#375,.T.);
#216=FACE_OUTER_BOUND('',#376,.T.);
#217=FACE_OUTER_BOUND('',#377,.T.);
#218=FACE_OUTER_BOUND('',#378,.T.);
#219=FACE_OUTER_BOUND('',#379,.T.);
#220=FACE_OUTER_BOUND('',#380,.T.);
#221=FACE_OUTER_BOUND('',#381,.T.);
#222=FACE_OUTER_BOUND('',#382,.T.);
#223=FACE_OUTER_BOUND('',#383,.T.);
#224=FACE_OUTER_BOUND('',#384,.T.);
#225=FACE_OUTER_BOUND('',#385,.T.);
#226=FACE_OUTER_BOUND('',#386,.T.);
#227=FACE_OUTER_BOUND('',#387,.T.);
#228=FACE_OUTER_BOUND('',#388,.T.);
#229=FACE_OUTER_BOUND('',#389,.T.);
#230=FACE_OUTER_BOUND('',#390,.T.);
#231=FACE_OUTER_BOUND('',#391,.T.);
#232=FACE_OUTER_BOUND('',#392,.T.);
#233=FACE_OUTER_BOUND('',#393,.T.);
#234=FACE_OUTER_BOUND('',#394,.T.);
#235=FACE_OUTER_BOUND('',#395,.T.);
#236=FACE_OUTER_BOUND('',#396,.T.);
#237=FACE_OUTER_BOUND('',#397,.T.);
#238=FACE_OUTER_BOUND('',#398,.T.);
#239=FACE_OUTER_BOUND('',#399,.T.);
#240=FACE_OUTER_BOUND('',#400,.T.);
#241=FACE_OUTER_BOUND('',#401,.T.);
#242=FACE_OUTER_BOUND('',#402,.T.);
#243=FACE_OUTER_BOUND('',#403,.T.);
#244=FACE_OUTER_BOUND('',#404,.T.);
#245=FACE_OUTER_BOUND('',#405,.T.);
#246=FACE_OUTER_BOUND('',#406,.T.);
#247=FACE_OUTER_BOUND('',#407,.T.);
#248=FACE_OUTER_BOUND('',#408,.T.);
#249=FACE_OUTER_BOUND('',#409,.T.);
#250=FACE_OUTER_BOUND('',#410,.T.);
#251=FACE_OUTER_BOUND('',#411,.T.);
#252=FACE_OUTER_BOUND('',#412,.T.);
#253=FACE_OUTER_BOUND('',#413,.T.);
#254=FACE_OUTER_BOUND('',#414,.T.);
#255=FACE_OUTER_BOUND('',#415,.T.);
#256=FACE_OUTER_BOUND('',#416,.T.);
#257=FACE_OUTER_BOUND('',#417,.T.);
#258=FACE_OUTER_BOUND('',#418,.T.);
#259=FACE_OUTER_BOUND('',#419,.T.);
#260=FACE_OUTER_BOUND('',#420,.T.);
#261=FACE_OUTER_BOUND('',#421,.T.);
#262=FACE_OUTER_BOUND('',#422,.T.);
#263=FACE_OUTER_BOUND('',#423,.T.);
#264=FACE_OUTER_BOUND('',#424,.T.);
#265=FACE_OUTER_BOUND('',#425,.T.);
#266=FACE_OUTER_BOUND('',#426,.T.);
#267=EDGE_LOOP('',(#1813,#1814));
#268=EDGE_LOOP('',(#1815,#1816,#1817,#1818));
#269=EDGE_LOOP('',(#1819,#1820,#1821,#1822));
#270=EDGE_LOOP('',(#1823,#1824,#1825,#1826));
#271=EDGE_LOOP('',(#1827,#1828,#1829,#1830));
#272=EDGE_LOOP('',(#1831,#1832,#1833,#1834));
#273=EDGE_LOOP('',(#1835,#1836));
#274=EDGE_LOOP('',(#1837,#1838,#1839,#1840,#1841,#1842,#1843,#1844,#1845,
#1846,#1847,#1848));
#275=EDGE_LOOP('',(#1849));
#276=EDGE_LOOP('',(#1850));
#277=EDGE_LOOP('',(#1851,#1852,#1853,#1854));
#278=EDGE_LOOP('',(#1855,#1856,#1857,#1858));
#279=EDGE_LOOP('',(#1859,#1860,#1861,#1862));
#280=EDGE_LOOP('',(#1863,#1864,#1865,#1866,#1867,#1868,#1869,#1870));
#281=EDGE_LOOP('',(#1871,#1872,#1873,#1874));
#282=EDGE_LOOP('',(#1875,#1876,#1877,#1878));
#283=EDGE_LOOP('',(#1879,#1880,#1881,#1882,#1883,#1884,#1885,#1886,#1887,
#1888));
#284=EDGE_LOOP('',(#1889,#1890,#1891));
#285=EDGE_LOOP('',(#1892,#1893,#1894));
#286=EDGE_LOOP('',(#1895,#1896,#1897,#1898,#1899,#1900,#1901,#1902));
#287=EDGE_LOOP('',(#1903,#1904,#1905,#1906));
#288=EDGE_LOOP('',(#1907,#1908,#1909,#1910,#1911,#1912,#1913,#1914,#1915,
#1916,#1917,#1918));
#289=EDGE_LOOP('',(#1919,#1920,#1921,#1922,#1923,#1924));
#290=EDGE_LOOP('',(#1925,#1926,#1927));
#291=EDGE_LOOP('',(#1928,#1929,#1930));
#292=EDGE_LOOP('',(#1931,#1932,#1933,#1934,#1935,#1936));
#293=EDGE_LOOP('',(#1937,#1938,#1939));
#294=EDGE_LOOP('',(#1940,#1941,#1942,#1943,#1944,#1945));
#295=EDGE_LOOP('',(#1946,#1947,#1948));
#296=EDGE_LOOP('',(#1949,#1950,#1951,#1952));
#297=EDGE_LOOP('',(#1953,#1954,#1955,#1956));
#298=EDGE_LOOP('',(#1957,#1958,#1959,#1960));
#299=EDGE_LOOP('',(#1961,#1962,#1963,#1964));
#300=EDGE_LOOP('',(#1965,#1966,#1967));
#301=EDGE_LOOP('',(#1968,#1969,#1970));
#302=EDGE_LOOP('',(#1971,#1972,#1973,#1974,#1975,#1976));
#303=EDGE_LOOP('',(#1977,#1978,#1979));
#304=EDGE_LOOP('',(#1980,#1981,#1982,#1983,#1984,#1985));
#305=EDGE_LOOP('',(#1986,#1987,#1988));
#306=EDGE_LOOP('',(#1989,#1990,#1991,#1992));
#307=EDGE_LOOP('',(#1993,#1994,#1995,#1996));
#308=EDGE_LOOP('',(#1997,#1998,#1999,#2000));
#309=EDGE_LOOP('',(#2001,#2002,#2003,#2004));
#310=EDGE_LOOP('',(#2005,#2006,#2007,#2008,#2009,#2010,#2011,#2012,#2013,
#2014,#2015,#2016,#2017,#2018));
#311=EDGE_LOOP('',(#2019,#2020,#2021,#2022));
#312=EDGE_LOOP('',(#2023,#2024,#2025,#2026));
#313=EDGE_LOOP('',(#2027,#2028,#2029,#2030));
#314=EDGE_LOOP('',(#2031,#2032,#2033,#2034));
#315=EDGE_LOOP('',(#2035,#2036,#2037,#2038,#2039,#2040,#2041,#2042));
#316=EDGE_LOOP('',(#2043,#2044,#2045,#2046,#2047,#2048));
#317=EDGE_LOOP('',(#2049,#2050,#2051,#2052));
#318=EDGE_LOOP('',(#2053,#2054,#2055,#2056,#2057,#2058));
#319=EDGE_LOOP('',(#2059,#2060,#2061,#2062,#2063,#2064));
#320=EDGE_LOOP('',(#2065,#2066,#2067,#2068));
#321=EDGE_LOOP('',(#2069,#2070,#2071,#2072));
#322=EDGE_LOOP('',(#2073,#2074,#2075,#2076));
#323=EDGE_LOOP('',(#2077,#2078,#2079,#2080));
#324=EDGE_LOOP('',(#2081,#2082,#2083,#2084));
#325=EDGE_LOOP('',(#2085,#2086,#2087,#2088));
#326=EDGE_LOOP('',(#2089,#2090,#2091,#2092,#2093,#2094));
#327=EDGE_LOOP('',(#2095,#2096,#2097,#2098));
#328=EDGE_LOOP('',(#2099,#2100,#2101,#2102));
#329=EDGE_LOOP('',(#2103,#2104,#2105,#2106));
#330=EDGE_LOOP('',(#2107,#2108,#2109,#2110));
#331=EDGE_LOOP('',(#2111,#2112,#2113,#2114));
#332=EDGE_LOOP('',(#2115,#2116,#2117,#2118));
#333=EDGE_LOOP('',(#2119,#2120,#2121,#2122));
#334=EDGE_LOOP('',(#2123,#2124));
#335=EDGE_LOOP('',(#2125,#2126,#2127,#2128));
#336=EDGE_LOOP('',(#2129,#2130,#2131,#2132));
#337=EDGE_LOOP('',(#2133,#2134,#2135,#2136));
#338=EDGE_LOOP('',(#2137,#2138,#2139,#2140));
#339=EDGE_LOOP('',(#2141,#2142,#2143,#2144));
#340=EDGE_LOOP('',(#2145,#2146));
#341=EDGE_LOOP('',(#2147,#2148,#2149,#2150));
#342=EDGE_LOOP('',(#2151,#2152,#2153,#2154));
#343=EDGE_LOOP('',(#2155,#2156,#2157,#2158));
#344=EDGE_LOOP('',(#2159,#2160,#2161,#2162));
#345=EDGE_LOOP('',(#2163,#2164,#2165,#2166,#2167,#2168,#2169,#2170));
#346=EDGE_LOOP('',(#2171,#2172,#2173,#2174));
#347=EDGE_LOOP('',(#2175,#2176,#2177,#2178));
#348=EDGE_LOOP('',(#2179,#2180,#2181,#2182,#2183,#2184,#2185,#2186));
#349=EDGE_LOOP('',(#2187,#2188,#2189,#2190));
#350=EDGE_LOOP('',(#2191,#2192,#2193,#2194));
#351=EDGE_LOOP('',(#2195,#2196,#2197,#2198,#2199,#2200,#2201));
#352=EDGE_LOOP('',(#2202,#2203,#2204,#2205,#2206,#2207,#2208,#2209,#2210,
#2211,#2212,#2213,#2214,#2215,#2216,#2217,#2218,#2219));
#353=EDGE_LOOP('',(#2220,#2221,#2222,#2223));
#354=EDGE_LOOP('',(#2224,#2225,#2226,#2227,#2228,#2229,#2230));
#355=EDGE_LOOP('',(#2231,#2232,#2233,#2234));
#356=EDGE_LOOP('',(#2235,#2236,#2237,#2238));
#357=EDGE_LOOP('',(#2239,#2240,#2241,#2242));
#358=EDGE_LOOP('',(#2243,#2244,#2245,#2246,#2247,#2248));
#359=EDGE_LOOP('',(#2249,#2250,#2251,#2252,#2253,#2254,#2255,#2256,#2257,
#2258,#2259,#2260));
#360=EDGE_LOOP('',(#2261));
#361=EDGE_LOOP('',(#2262));
#362=EDGE_LOOP('',(#2263,#2264,#2265,#2266));
#363=EDGE_LOOP('',(#2267,#2268,#2269,#2270));
#364=EDGE_LOOP('',(#2271,#2272,#2273,#2274));
#365=EDGE_LOOP('',(#2275,#2276,#2277,#2278));
#366=EDGE_LOOP('',(#2279,#2280,#2281,#2282));
#367=EDGE_LOOP('',(#2283,#2284,#2285,#2286));
#368=EDGE_LOOP('',(#2287,#2288,#2289,#2290));
#369=EDGE_LOOP('',(#2291,#2292,#2293,#2294));
#370=EDGE_LOOP('',(#2295,#2296,#2297,#2298));
#371=EDGE_LOOP('',(#2299,#2300,#2301,#2302,#2303,#2304,#2305,#2306,#2307));
#372=EDGE_LOOP('',(#2308,#2309,#2310,#2311));
#373=EDGE_LOOP('',(#2312,#2313,#2314,#2315));
#374=EDGE_LOOP('',(#2316,#2317,#2318,#2319));
#375=EDGE_LOOP('',(#2320,#2321,#2322,#2323));
#376=EDGE_LOOP('',(#2324,#2325,#2326,#2327));
#377=EDGE_LOOP('',(#2328,#2329,#2330,#2331));
#378=EDGE_LOOP('',(#2332,#2333,#2334,#2335));
#379=EDGE_LOOP('',(#2336,#2337,#2338,#2339));
#380=EDGE_LOOP('',(#2340,#2341,#2342,#2343));
#381=EDGE_LOOP('',(#2344,#2345,#2346,#2347,#2348,#2349,#2350,#2351,#2352));
#382=EDGE_LOOP('',(#2353,#2354,#2355,#2356));
#383=EDGE_LOOP('',(#2357,#2358,#2359,#2360));
#384=EDGE_LOOP('',(#2361,#2362,#2363,#2364));
#385=EDGE_LOOP('',(#2365,#2366,#2367,#2368));
#386=EDGE_LOOP('',(#2369,#2370,#2371,#2372));
#387=EDGE_LOOP('',(#2373,#2374,#2375,#2376));
#388=EDGE_LOOP('',(#2377,#2378,#2379,#2380));
#389=EDGE_LOOP('',(#2381,#2382,#2383,#2384));
#390=EDGE_LOOP('',(#2385,#2386,#2387,#2388));
#391=EDGE_LOOP('',(#2389,#2390,#2391,#2392,#2393,#2394,#2395,#2396,#2397));
#392=EDGE_LOOP('',(#2398,#2399,#2400,#2401));
#393=EDGE_LOOP('',(#2402,#2403,#2404,#2405));
#394=EDGE_LOOP('',(#2406,#2407,#2408,#2409));
#395=EDGE_LOOP('',(#2410,#2411,#2412,#2413));
#396=EDGE_LOOP('',(#2414,#2415,#2416,#2417));
#397=EDGE_LOOP('',(#2418,#2419,#2420,#2421));
#398=EDGE_LOOP('',(#2422,#2423,#2424,#2425));
#399=EDGE_LOOP('',(#2426,#2427,#2428,#2429));
#400=EDGE_LOOP('',(#2430,#2431,#2432,#2433));
#401=EDGE_LOOP('',(#2434,#2435,#2436,#2437,#2438,#2439,#2440,#2441,#2442));
#402=EDGE_LOOP('',(#2443,#2444,#2445));
#403=EDGE_LOOP('',(#2446,#2447,#2448));
#404=EDGE_LOOP('',(#2449,#2450,#2451,#2452));
#405=EDGE_LOOP('',(#2453,#2454,#2455,#2456));
#406=EDGE_LOOP('',(#2457,#2458,#2459,#2460,#2461,#2462));
#407=EDGE_LOOP('',(#2463,#2464,#2465,#2466));
#408=EDGE_LOOP('',(#2467,#2468,#2469,#2470));
#409=EDGE_LOOP('',(#2471,#2472,#2473,#2474));
#410=EDGE_LOOP('',(#2475,#2476,#2477,#2478,#2479));
#411=EDGE_LOOP('',(#2480,#2481,#2482,#2483));
#412=EDGE_LOOP('',(#2484,#2485,#2486,#2487));
#413=EDGE_LOOP('',(#2488,#2489,#2490,#2491,#2492));
#414=EDGE_LOOP('',(#2493,#2494,#2495,#2496));
#415=EDGE_LOOP('',(#2497,#2498,#2499,#2500,#2501,#2502,#2503,#2504,#2505,
#2506,#2507,#2508));
#416=EDGE_LOOP('',(#2509,#2510,#2511,#2512));
#417=EDGE_LOOP('',(#2513,#2514,#2515,#2516));
#418=EDGE_LOOP('',(#2517,#2518,#2519,#2520,#2521,#2522));
#419=EDGE_LOOP('',(#2523,#2524,#2525,#2526));
#420=EDGE_LOOP('',(#2527,#2528,#2529,#2530,#2531,#2532));
#421=EDGE_LOOP('',(#2533,#2534,#2535,#2536,#2537,#2538,#2539,#2540));
#422=EDGE_LOOP('',(#2541,#2542,#2543,#2544,#2545));
#423=EDGE_LOOP('',(#2546,#2547,#2548,#2549));
#424=EDGE_LOOP('',(#2550,#2551,#2552,#2553));
#425=EDGE_LOOP('',(#2554,#2555,#2556,#2557,#2558));
#426=EDGE_LOOP('',(#2559,#2560,#2561,#2562,#2563,#2564,#2565,#2566,#2567,
#2568,#2569,#2570,#2571,#2572,#2573,#2574));
#427=EDGE_LOOP('',(#2575,#2576,#2577,#2578));
#428=EDGE_LOOP('',(#2579,#2580,#2581,#2582,#2583,#2584,#2585,#2586,#2587));
#429=EDGE_LOOP('',(#2588,#2589,#2590,#2591,#2592,#2593,#2594,#2595,#2596));
#430=EDGE_LOOP('',(#2597,#2598,#2599,#2600,#2601,#2602,#2603,#2604,#2605));
#431=EDGE_LOOP('',(#2606,#2607,#2608,#2609,#2610,#2611,#2612,#2613,#2614));
#432=CIRCLE('',#2882,0.35);
#433=CIRCLE('',#2884,0.35);
#434=CIRCLE('',#2885,0.35);
#435=CIRCLE('',#2887,2.05);
#436=CIRCLE('',#2888,2.05);
#437=CIRCLE('',#2889,0.35);
#438=CIRCLE('',#2891,0.35);
#439=CIRCLE('',#2893,2.05);
#440=CIRCLE('',#2894,2.05);
#441=CIRCLE('',#2895,0.35);
#442=CIRCLE('',#2899,0.35);
#443=CIRCLE('',#2900,0.35);
#444=CIRCLE('',#2904,2.05);
#445=CIRCLE('',#2907,2.05);
#446=CIRCLE('',#2909,2.05);
#447=CIRCLE('',#2911,2.05);
#448=CIRCLE('',#2913,0.35);
#449=CIRCLE('',#2915,0.35);
#450=CIRCLE('',#2919,2.65);
#451=CIRCLE('',#2920,2.65);
#452=CIRCLE('',#2968,2.65);
#453=CIRCLE('',#2969,2.65);
#454=CIRCLE('',#2982,0.3);
#455=CIRCLE('',#2984,0.3);
#456=CIRCLE('',#2985,0.3);
#457=CIRCLE('',#2987,2.);
#458=CIRCLE('',#2988,0.3);
#459=CIRCLE('',#2989,2.);
#460=CIRCLE('',#2991,0.3);
#461=CIRCLE('',#2993,2.);
#462=CIRCLE('',#2994,0.3);
#463=CIRCLE('',#2995,2.);
#464=CIRCLE('',#2999,2.);
#465=CIRCLE('',#3001,2.);
#466=CIRCLE('',#3006,2.);
#467=CIRCLE('',#3008,2.);
#468=CIRCLE('',#3021,0.3);
#469=CIRCLE('',#3022,0.3);
#470=CIRCLE('',#3030,0.4);
#471=CIRCLE('',#3031,0.4);
#472=CIRCLE('',#3042,0.4);
#473=CIRCLE('',#3043,0.4);
#474=CIRCLE('',#3048,0.4);
#475=CIRCLE('',#3049,0.4);
#476=CIRCLE('',#3060,0.4);
#477=CIRCLE('',#3061,0.4);
#478=CIRCLE('',#3072,0.3);
#479=CIRCLE('',#3074,0.3);
#480=CIRCLE('',#3078,2.65);
#481=CIRCLE('',#3079,2.65);
#482=CIRCLE('',#3096,2.65);
#483=CIRCLE('',#3100,2.65);
#484=LINE('',#3895,#817);
#485=LINE('',#3902,#818);
#486=LINE('',#3905,#819);
#487=LINE('',#3914,#820);
#488=LINE('',#3916,#821);
#489=LINE('',#3925,#822);
#490=LINE('',#3926,#823);
#491=LINE('',#3928,#824);
#492=LINE('',#3932,#825);
#493=LINE('',#3934,#826);
#494=LINE('',#3936,#827);
#495=LINE('',#3938,#828);
#496=LINE('',#3940,#829);
#497=LINE('',#3942,#830);
#498=LINE('',#3944,#831);
#499=LINE('',#3946,#832);
#500=LINE('',#3948,#833);
#501=LINE('',#3950,#834);
#502=LINE('',#3952,#835);
#503=LINE('',#3953,#836);
#504=LINE('',#3961,#837);
#505=LINE('',#3962,#838);
#506=LINE('',#3963,#839);
#507=LINE('',#3967,#840);
#508=LINE('',#3968,#841);
#509=LINE('',#3969,#842);
#510=LINE('',#3973,#843);
#511=LINE('',#3976,#844);
#512=LINE('',#3977,#845);
#513=LINE('',#3979,#846);
#514=LINE('',#3980,#847);
#515=LINE('',#3987,#848);
#516=LINE('',#3989,#849);
#517=LINE('',#3990,#850);
#518=LINE('',#3992,#851);
#519=LINE('',#4001,#852);
#520=LINE('',#4002,#853);
#521=LINE('',#4008,#854);
#522=LINE('',#4010,#855);
#523=LINE('',#4012,#856);
#524=LINE('',#4016,#857);
#525=LINE('',#4018,#858);
#526=LINE('',#4020,#859);
#527=LINE('',#4021,#860);
#528=LINE('',#4025,#861);
#529=LINE('',#4032,#862);
#530=LINE('',#4037,#863);
#531=LINE('',#4038,#864);
#532=LINE('',#4045,#865);
#533=LINE('',#4048,#866);
#534=LINE('',#4053,#867);
#535=LINE('',#4055,#868);
#536=LINE('',#4058,#869);
#537=LINE('',#4060,#870);
#538=LINE('',#4061,#871);
#539=LINE('',#4064,#872);
#540=LINE('',#4065,#873);
#541=LINE('',#4068,#874);
#542=LINE('',#4069,#875);
#543=LINE('',#4071,#876);
#544=LINE('',#4075,#877);
#545=LINE('',#4082,#878);
#546=LINE('',#4087,#879);
#547=LINE('',#4088,#880);
#548=LINE('',#4095,#881);
#549=LINE('',#4098,#882);
#550=LINE('',#4103,#883);
#551=LINE('',#4105,#884);
#552=LINE('',#4108,#885);
#553=LINE('',#4110,#886);
#554=LINE('',#4111,#887);
#555=LINE('',#4114,#888);
#556=LINE('',#4115,#889);
#557=LINE('',#4118,#890);
#558=LINE('',#4119,#891);
#559=LINE('',#4121,#892);
#560=LINE('',#4125,#893);
#561=LINE('',#4127,#894);
#562=LINE('',#4129,#895);
#563=LINE('',#4130,#896);
#564=LINE('',#4132,#897);
#565=LINE('',#4134,#898);
#566=LINE('',#4136,#899);
#567=LINE('',#4138,#900);
#568=LINE('',#4140,#901);
#569=LINE('',#4142,#902);
#570=LINE('',#4144,#903);
#571=LINE('',#4145,#904);
#572=LINE('',#4148,#905);
#573=LINE('',#4150,#906);
#574=LINE('',#4151,#907);
#575=LINE('',#4154,#908);
#576=LINE('',#4155,#909);
#577=LINE('',#4158,#910);
#578=LINE('',#4159,#911);
#579=LINE('',#4162,#912);
#580=LINE('',#4163,#913);
#581=LINE('',#4165,#914);
#582=LINE('',#4167,#915);
#583=LINE('',#4168,#916);
#584=LINE('',#4171,#917);
#585=LINE('',#4172,#918);
#586=LINE('',#4174,#919);
#587=LINE('',#4180,#920);
#588=LINE('',#4182,#921);
#589=LINE('',#4184,#922);
#590=LINE('',#4188,#923);
#591=LINE('',#4190,#924);
#592=LINE('',#4191,#925);
#593=LINE('',#4194,#926);
#594=LINE('',#4195,#927);
#595=LINE('',#4197,#928);
#596=LINE('',#4199,#929);
#597=LINE('',#4202,#930);
#598=LINE('',#4204,#931);
#599=LINE('',#4206,#932);
#600=LINE('',#4208,#933);
#601=LINE('',#4214,#934);
#602=LINE('',#4219,#935);
#603=LINE('',#4223,#936);
#604=LINE('',#4233,#937);
#605=LINE('',#4236,#938);
#606=LINE('',#4244,#939);
#607=LINE('',#4245,#940);
#608=LINE('',#4247,#941);
#609=LINE('',#4250,#942);
#610=LINE('',#4253,#943);
#611=LINE('',#4256,#944);
#612=LINE('',#4259,#945);
#613=LINE('',#4262,#946);
#614=LINE('',#4263,#947);
#615=LINE('',#4266,#948);
#616=LINE('',#4267,#949);
#617=LINE('',#4270,#950);
#618=LINE('',#4272,#951);
#619=LINE('',#4274,#952);
#620=LINE('',#4276,#953);
#621=LINE('',#4277,#954);
#622=LINE('',#4285,#955);
#623=LINE('',#4287,#956);
#624=LINE('',#4289,#957);
#625=LINE('',#4291,#958);
#626=LINE('',#4293,#959);
#627=LINE('',#4295,#960);
#628=LINE('',#4297,#961);
#629=LINE('',#4298,#962);
#630=LINE('',#4301,#963);
#631=LINE('',#4303,#964);
#632=LINE('',#4304,#965);
#633=LINE('',#4307,#966);
#634=LINE('',#4309,#967);
#635=LINE('',#4310,#968);
#636=LINE('',#4313,#969);
#637=LINE('',#4315,#970);
#638=LINE('',#4317,#971);
#639=LINE('',#4319,#972);
#640=LINE('',#4320,#973);
#641=LINE('',#4323,#974);
#642=LINE('',#4325,#975);
#643=LINE('',#4327,#976);
#644=LINE('',#4329,#977);
#645=LINE('',#4330,#978);
#646=LINE('',#4332,#979);
#647=LINE('',#4334,#980);
#648=LINE('',#4336,#981);
#649=LINE('',#4337,#982);
#650=LINE('',#4339,#983);
#651=LINE('',#4340,#984);
#652=LINE('',#4343,#985);
#653=LINE('',#4344,#986);
#654=LINE('',#4347,#987);
#655=LINE('',#4349,#988);
#656=LINE('',#4350,#989);
#657=LINE('',#4353,#990);
#658=LINE('',#4355,#991);
#659=LINE('',#4356,#992);
#660=LINE('',#4359,#993);
#661=LINE('',#4361,#994);
#662=LINE('',#4362,#995);
#663=LINE('',#4364,#996);
#664=LINE('',#4365,#997);
#665=LINE('',#4367,#998);
#666=LINE('',#4370,#999);
#667=LINE('',#4372,#1000);
#668=LINE('',#4374,#1001);
#669=LINE('',#4376,#1002);
#670=LINE('',#4378,#1003);
#671=LINE('',#4379,#1004);
#672=LINE('',#4387,#1005);
#673=LINE('',#4389,#1006);
#674=LINE('',#4391,#1007);
#675=LINE('',#4392,#1008);
#676=LINE('',#4395,#1009);
#677=LINE('',#4397,#1010);
#678=LINE('',#4398,#1011);
#679=LINE('',#4401,#1012);
#680=LINE('',#4403,#1013);
#681=LINE('',#4404,#1014);
#682=LINE('',#4407,#1015);
#683=LINE('',#4409,#1016);
#684=LINE('',#4410,#1017);
#685=LINE('',#4413,#1018);
#686=LINE('',#4415,#1019);
#687=LINE('',#4416,#1020);
#688=LINE('',#4419,#1021);
#689=LINE('',#4421,#1022);
#690=LINE('',#4422,#1023);
#691=LINE('',#4427,#1024);
#692=LINE('',#4431,#1025);
#693=LINE('',#4433,#1026);
#694=LINE('',#4434,#1027);
#695=LINE('',#4436,#1028);
#696=LINE('',#4437,#1029);
#697=LINE('',#4442,#1030);
#698=LINE('',#4444,#1031);
#699=LINE('',#4446,#1032);
#700=LINE('',#4447,#1033);
#701=LINE('',#4450,#1034);
#702=LINE('',#4452,#1035);
#703=LINE('',#4453,#1036);
#704=LINE('',#4456,#1037);
#705=LINE('',#4458,#1038);
#706=LINE('',#4459,#1039);
#707=LINE('',#4462,#1040);
#708=LINE('',#4464,#1041);
#709=LINE('',#4465,#1042);
#710=LINE('',#4468,#1043);
#711=LINE('',#4470,#1044);
#712=LINE('',#4471,#1045);
#713=LINE('',#4474,#1046);
#714=LINE('',#4476,#1047);
#715=LINE('',#4477,#1048);
#716=LINE('',#4482,#1049);
#717=LINE('',#4486,#1050);
#718=LINE('',#4488,#1051);
#719=LINE('',#4489,#1052);
#720=LINE('',#4491,#1053);
#721=LINE('',#4492,#1054);
#722=LINE('',#4499,#1055);
#723=LINE('',#4502,#1056);
#724=LINE('',#4505,#1057);
#725=LINE('',#4507,#1058);
#726=LINE('',#4508,#1059);
#727=LINE('',#4511,#1060);
#728=LINE('',#4513,#1061);
#729=LINE('',#4514,#1062);
#730=LINE('',#4517,#1063);
#731=LINE('',#4519,#1064);
#732=LINE('',#4520,#1065);
#733=LINE('',#4523,#1066);
#734=LINE('',#4525,#1067);
#735=LINE('',#4526,#1068);
#736=LINE('',#4529,#1069);
#737=LINE('',#4531,#1070);
#738=LINE('',#4532,#1071);
#739=LINE('',#4535,#1072);
#740=LINE('',#4537,#1073);
#741=LINE('',#4538,#1074);
#742=LINE('',#4541,#1075);
#743=LINE('',#4543,#1076);
#744=LINE('',#4544,#1077);
#745=LINE('',#4546,#1078);
#746=LINE('',#4547,#1079);
#747=LINE('',#4554,#1080);
#748=LINE('',#4557,#1081);
#749=LINE('',#4560,#1082);
#750=LINE('',#4562,#1083);
#751=LINE('',#4563,#1084);
#752=LINE('',#4566,#1085);
#753=LINE('',#4568,#1086);
#754=LINE('',#4569,#1087);
#755=LINE('',#4572,#1088);
#756=LINE('',#4574,#1089);
#757=LINE('',#4575,#1090);
#758=LINE('',#4578,#1091);
#759=LINE('',#4580,#1092);
#760=LINE('',#4581,#1093);
#761=LINE('',#4584,#1094);
#762=LINE('',#4586,#1095);
#763=LINE('',#4587,#1096);
#764=LINE('',#4590,#1097);
#765=LINE('',#4592,#1098);
#766=LINE('',#4593,#1099);
#767=LINE('',#4596,#1100);
#768=LINE('',#4598,#1101);
#769=LINE('',#4599,#1102);
#770=LINE('',#4601,#1103);
#771=LINE('',#4602,#1104);
#772=LINE('',#4613,#1105);
#773=LINE('',#4615,#1106);
#774=LINE('',#4617,#1107);
#775=LINE('',#4618,#1108);
#776=LINE('',#4621,#1109);
#777=LINE('',#4623,#1110);
#778=LINE('',#4624,#1111);
#779=LINE('',#4627,#1112);
#780=LINE('',#4629,#1113);
#781=LINE('',#4634,#1114);
#782=LINE('',#4636,#1115);
#783=LINE('',#4637,#1116);
#784=LINE('',#4640,#1117);
#785=LINE('',#4642,#1118);
#786=LINE('',#4643,#1119);
#787=LINE('',#4646,#1120);
#788=LINE('',#4648,#1121);
#789=LINE('',#4649,#1122);
#790=LINE('',#4652,#1123);
#791=LINE('',#4653,#1124);
#792=LINE('',#4654,#1125);
#793=LINE('',#4658,#1126);
#794=LINE('',#4660,#1127);
#795=LINE('',#4661,#1128);
#796=LINE('',#4664,#1129);
#797=LINE('',#4665,#1130);
#798=LINE('',#4666,#1131);
#799=LINE('',#4670,#1132);
#800=LINE('',#4671,#1133);
#801=LINE('',#4672,#1134);
#802=LINE('',#4674,#1135);
#803=LINE('',#4675,#1136);
#804=LINE('',#4680,#1137);
#805=LINE('',#4681,#1138);
#806=LINE('',#4682,#1139);
#807=LINE('',#4685,#1140);
#808=LINE('',#4686,#1141);
#809=LINE('',#4689,#1142);
#810=LINE('',#4690,#1143);
#811=LINE('',#4692,#1144);
#812=LINE('',#4694,#1145);
#813=LINE('',#4698,#1146);
#814=LINE('',#4700,#1147);
#815=LINE('',#4703,#1148);
#816=LINE('',#4704,#1149);
#817=VECTOR('',#3111,10.);
#818=VECTOR('',#3118,10.);
#819=VECTOR('',#3121,10.);
#820=VECTOR('',#3132,10.);
#821=VECTOR('',#3133,10.);
#822=VECTOR('',#3146,10.);
#823=VECTOR('',#3147,10.);
#824=VECTOR('',#3150,10.);
#825=VECTOR('',#3153,10.);
#826=VECTOR('',#3154,10.);
#827=VECTOR('',#3155,10.);
#828=VECTOR('',#3156,10.);
#829=VECTOR('',#3157,10.);
#830=VECTOR('',#3158,10.);
#831=VECTOR('',#3159,10.);
#832=VECTOR('',#3160,10.);
#833=VECTOR('',#3161,10.);
#834=VECTOR('',#3162,10.);
#835=VECTOR('',#3163,10.);
#836=VECTOR('',#3164,10.);
#837=VECTOR('',#3171,10.);
#838=VECTOR('',#3172,10.);
#839=VECTOR('',#3173,10.);
#840=VECTOR('',#3176,10.);
#841=VECTOR('',#3177,10.);
#842=VECTOR('',#3178,10.);
#843=VECTOR('',#3183,10.);
#844=VECTOR('',#3186,10.);
#845=VECTOR('',#3187,10.);
#846=VECTOR('',#3188,10.);
#847=VECTOR('',#3189,10.);
#848=VECTOR('',#3200,10.);
#849=VECTOR('',#3201,10.);
#850=VECTOR('',#3202,10.);
#851=VECTOR('',#3203,10.);
#852=VECTOR('',#3216,10.);
#853=VECTOR('',#3217,10.);
#854=VECTOR('',#3224,10.);
#855=VECTOR('',#3225,10.);
#856=VECTOR('',#3226,10.);
#857=VECTOR('',#3231,10.);
#858=VECTOR('',#3232,10.);
#859=VECTOR('',#3233,10.);
#860=VECTOR('',#3234,10.);
#861=VECTOR('',#3237,10.);
#862=VECTOR('',#3244,10.);
#863=VECTOR('',#3251,10.);
#864=VECTOR('',#3252,10.);
#865=VECTOR('',#3259,10.);
#866=VECTOR('',#3262,10.);
#867=VECTOR('',#3267,10.);
#868=VECTOR('',#3270,10.);
#869=VECTOR('',#3273,10.);
#870=VECTOR('',#3274,10.);
#871=VECTOR('',#3275,10.);
#872=VECTOR('',#3278,10.);
#873=VECTOR('',#3279,10.);
#874=VECTOR('',#3282,10.);
#875=VECTOR('',#3283,10.);
#876=VECTOR('',#3286,10.);
#877=VECTOR('',#3289,10.);
#878=VECTOR('',#3296,10.);
#879=VECTOR('',#3303,10.);
#880=VECTOR('',#3304,10.);
#881=VECTOR('',#3311,10.);
#882=VECTOR('',#3314,10.);
#883=VECTOR('',#3319,10.);
#884=VECTOR('',#3322,10.);
#885=VECTOR('',#3325,10.);
#886=VECTOR('',#3326,10.);
#887=VECTOR('',#3327,10.);
#888=VECTOR('',#3330,10.);
#889=VECTOR('',#3331,10.);
#890=VECTOR('',#3334,10.);
#891=VECTOR('',#3335,10.);
#892=VECTOR('',#3338,10.);
#893=VECTOR('',#3341,10.);
#894=VECTOR('',#3342,10.);
#895=VECTOR('',#3343,10.);
#896=VECTOR('',#3344,10.);
#897=VECTOR('',#3345,10.);
#898=VECTOR('',#3346,10.);
#899=VECTOR('',#3347,10.);
#900=VECTOR('',#3348,10.);
#901=VECTOR('',#3349,10.);
#902=VECTOR('',#3350,10.);
#903=VECTOR('',#3351,10.);
#904=VECTOR('',#3352,10.);
#905=VECTOR('',#3355,10.);
#906=VECTOR('',#3356,10.);
#907=VECTOR('',#3357,10.);
#908=VECTOR('',#3360,10.);
#909=VECTOR('',#3361,10.);
#910=VECTOR('',#3364,10.);
#911=VECTOR('',#3365,10.);
#912=VECTOR('',#3368,10.);
#913=VECTOR('',#3369,10.);
#914=VECTOR('',#3372,10.);
#915=VECTOR('',#3373,10.);
#916=VECTOR('',#3374,10.);
#917=VECTOR('',#3377,10.);
#918=VECTOR('',#3378,10.);
#919=VECTOR('',#3381,10.);
#920=VECTOR('',#3388,10.);
#921=VECTOR('',#3389,10.);
#922=VECTOR('',#3390,10.);
#923=VECTOR('',#3395,10.);
#924=VECTOR('',#3396,10.);
#925=VECTOR('',#3397,10.);
#926=VECTOR('',#3400,10.);
#927=VECTOR('',#3401,10.);
#928=VECTOR('',#3404,10.);
#929=VECTOR('',#3407,10.);
#930=VECTOR('',#3412,10.);
#931=VECTOR('',#3415,10.);
#932=VECTOR('',#3418,10.);
#933=VECTOR('',#3421,10.);
#934=VECTOR('',#3428,10.);
#935=VECTOR('',#3433,10.);
#936=VECTOR('',#3436,10.);
#937=VECTOR('',#3449,10.);
#938=VECTOR('',#3452,10.);
#939=VECTOR('',#3463,10.);
#940=VECTOR('',#3464,10.);
#941=VECTOR('',#3467,10.);
#942=VECTOR('',#3470,10.);
#943=VECTOR('',#3473,10.);
#944=VECTOR('',#3476,10.);
#945=VECTOR('',#3479,10.);
#946=VECTOR('',#3482,10.);
#947=VECTOR('',#3483,10.);
#948=VECTOR('',#3486,10.);
#949=VECTOR('',#3487,10.);
#950=VECTOR('',#3490,10.);
#951=VECTOR('',#3491,10.);
#952=VECTOR('',#3492,10.);
#953=VECTOR('',#3493,10.);
#954=VECTOR('',#3494,10.);
#955=VECTOR('',#3505,10.);
#956=VECTOR('',#3506,10.);
#957=VECTOR('',#3507,10.);
#958=VECTOR('',#3508,10.);
#959=VECTOR('',#3509,10.);
#960=VECTOR('',#3510,10.);
#961=VECTOR('',#3511,10.);
#962=VECTOR('',#3512,10.);
#963=VECTOR('',#3515,10.);
#964=VECTOR('',#3516,10.);
#965=VECTOR('',#3517,10.);
#966=VECTOR('',#3520,10.);
#967=VECTOR('',#3521,10.);
#968=VECTOR('',#3522,10.);
#969=VECTOR('',#3525,10.);
#970=VECTOR('',#3526,10.);
#971=VECTOR('',#3527,10.);
#972=VECTOR('',#3528,10.);
#973=VECTOR('',#3529,10.);
#974=VECTOR('',#3532,10.);
#975=VECTOR('',#3533,10.);
#976=VECTOR('',#3534,10.);
#977=VECTOR('',#3535,10.);
#978=VECTOR('',#3536,10.);
#979=VECTOR('',#3537,10.);
#980=VECTOR('',#3538,10.);
#981=VECTOR('',#3539,10.);
#982=VECTOR('',#3540,10.);
#983=VECTOR('',#3541,10.);
#984=VECTOR('',#3542,10.);
#985=VECTOR('',#3545,10.);
#986=VECTOR('',#3546,10.);
#987=VECTOR('',#3549,10.);
#988=VECTOR('',#3550,10.);
#989=VECTOR('',#3551,10.);
#990=VECTOR('',#3554,10.);
#991=VECTOR('',#3555,10.);
#992=VECTOR('',#3556,10.);
#993=VECTOR('',#3559,10.);
#994=VECTOR('',#3560,10.);
#995=VECTOR('',#3561,10.);
#996=VECTOR('',#3564,10.);
#997=VECTOR('',#3565,10.);
#998=VECTOR('',#3568,10.);
#999=VECTOR('',#3571,10.);
#1000=VECTOR('',#3572,10.);
#1001=VECTOR('',#3573,10.);
#1002=VECTOR('',#3574,10.);
#1003=VECTOR('',#3575,10.);
#1004=VECTOR('',#3576,10.);
#1005=VECTOR('',#3583,10.);
#1006=VECTOR('',#3584,10.);
#1007=VECTOR('',#3585,10.);
#1008=VECTOR('',#3586,10.);
#1009=VECTOR('',#3589,10.);
#1010=VECTOR('',#3590,10.);
#1011=VECTOR('',#3591,10.);
#1012=VECTOR('',#3594,10.);
#1013=VECTOR('',#3595,10.);
#1014=VECTOR('',#3596,10.);
#1015=VECTOR('',#3599,10.);
#1016=VECTOR('',#3600,10.);
#1017=VECTOR('',#3601,10.);
#1018=VECTOR('',#3604,10.);
#1019=VECTOR('',#3605,10.);
#1020=VECTOR('',#3606,10.);
#1021=VECTOR('',#3609,10.);
#1022=VECTOR('',#3610,10.);
#1023=VECTOR('',#3611,10.);
#1024=VECTOR('',#3616,10.);
#1025=VECTOR('',#3621,10.);
#1026=VECTOR('',#3622,10.);
#1027=VECTOR('',#3623,10.);
#1028=VECTOR('',#3626,10.);
#1029=VECTOR('',#3627,10.);
#1030=VECTOR('',#3632,10.);
#1031=VECTOR('',#3633,10.);
#1032=VECTOR('',#3634,10.);
#1033=VECTOR('',#3635,10.);
#1034=VECTOR('',#3638,10.);
#1035=VECTOR('',#3639,10.);
#1036=VECTOR('',#3640,10.);
#1037=VECTOR('',#3643,10.);
#1038=VECTOR('',#3644,10.);
#1039=VECTOR('',#3645,10.);
#1040=VECTOR('',#3648,10.);
#1041=VECTOR('',#3649,10.);
#1042=VECTOR('',#3650,10.);
#1043=VECTOR('',#3653,10.);
#1044=VECTOR('',#3654,10.);
#1045=VECTOR('',#3655,10.);
#1046=VECTOR('',#3658,10.);
#1047=VECTOR('',#3659,10.);
#1048=VECTOR('',#3660,10.);
#1049=VECTOR('',#3665,10.);
#1050=VECTOR('',#3670,10.);
#1051=VECTOR('',#3671,10.);
#1052=VECTOR('',#3672,10.);
#1053=VECTOR('',#3675,10.);
#1054=VECTOR('',#3676,10.);
#1055=VECTOR('',#3683,10.);
#1056=VECTOR('',#3686,10.);
#1057=VECTOR('',#3689,10.);
#1058=VECTOR('',#3690,10.);
#1059=VECTOR('',#3691,10.);
#1060=VECTOR('',#3694,10.);
#1061=VECTOR('',#3695,10.);
#1062=VECTOR('',#3696,10.);
#1063=VECTOR('',#3699,10.);
#1064=VECTOR('',#3700,10.);
#1065=VECTOR('',#3701,10.);
#1066=VECTOR('',#3704,10.);
#1067=VECTOR('',#3705,10.);
#1068=VECTOR('',#3706,10.);
#1069=VECTOR('',#3709,10.);
#1070=VECTOR('',#3710,10.);
#1071=VECTOR('',#3711,10.);
#1072=VECTOR('',#3714,10.);
#1073=VECTOR('',#3715,10.);
#1074=VECTOR('',#3716,10.);
#1075=VECTOR('',#3719,10.);
#1076=VECTOR('',#3720,10.);
#1077=VECTOR('',#3721,10.);
#1078=VECTOR('',#3724,10.);
#1079=VECTOR('',#3725,10.);
#1080=VECTOR('',#3732,10.);
#1081=VECTOR('',#3735,10.);
#1082=VECTOR('',#3738,10.);
#1083=VECTOR('',#3739,10.);
#1084=VECTOR('',#3740,10.);
#1085=VECTOR('',#3743,10.);
#1086=VECTOR('',#3744,10.);
#1087=VECTOR('',#3745,10.);
#1088=VECTOR('',#3748,10.);
#1089=VECTOR('',#3749,10.);
#1090=VECTOR('',#3750,10.);
#1091=VECTOR('',#3753,10.);
#1092=VECTOR('',#3754,10.);
#1093=VECTOR('',#3755,10.);
#1094=VECTOR('',#3758,10.);
#1095=VECTOR('',#3759,10.);
#1096=VECTOR('',#3760,10.);
#1097=VECTOR('',#3763,10.);
#1098=VECTOR('',#3764,10.);
#1099=VECTOR('',#3765,10.);
#1100=VECTOR('',#3768,10.);
#1101=VECTOR('',#3769,10.);
#1102=VECTOR('',#3770,10.);
#1103=VECTOR('',#3773,10.);
#1104=VECTOR('',#3774,10.);
#1105=VECTOR('',#3787,10.);
#1106=VECTOR('',#3788,10.);
#1107=VECTOR('',#3789,10.);
#1108=VECTOR('',#3790,10.);
#1109=VECTOR('',#3793,10.);
#1110=VECTOR('',#3794,10.);
#1111=VECTOR('',#3795,10.);
#1112=VECTOR('',#3798,10.);
#1113=VECTOR('',#3799,10.);
#1114=VECTOR('',#3806,10.);
#1115=VECTOR('',#3807,10.);
#1116=VECTOR('',#3808,10.);
#1117=VECTOR('',#3811,10.);
#1118=VECTOR('',#3812,10.);
#1119=VECTOR('',#3813,10.);
#1120=VECTOR('',#3816,10.);
#1121=VECTOR('',#3817,10.);
#1122=VECTOR('',#3818,10.);
#1123=VECTOR('',#3821,10.);
#1124=VECTOR('',#3822,10.);
#1125=VECTOR('',#3823,10.);
#1126=VECTOR('',#3828,10.);
#1127=VECTOR('',#3829,10.);
#1128=VECTOR('',#3830,10.);
#1129=VECTOR('',#3833,10.);
#1130=VECTOR('',#3834,10.);
#1131=VECTOR('',#3835,10.);
#1132=VECTOR('',#3840,10.);
#1133=VECTOR('',#3841,10.);
#1134=VECTOR('',#3842,10.);
#1135=VECTOR('',#3843,10.);
#1136=VECTOR('',#3844,10.);
#1137=VECTOR('',#3849,10.);
#1138=VECTOR('',#3850,10.);
#1139=VECTOR('',#3851,10.);
#1140=VECTOR('',#3854,10.);
#1141=VECTOR('',#3855,10.);
#1142=VECTOR('',#3858,10.);
#1143=VECTOR('',#3859,10.);
#1144=VECTOR('',#3862,10.);
#1145=VECTOR('',#3865,10.);
#1146=VECTOR('',#3870,10.);
#1147=VECTOR('',#3873,10.);
#1148=VECTOR('',#3876,10.);
#1149=VECTOR('',#3877,10.);
#1150=VERTEX_POINT('',#3893);
#1151=VERTEX_POINT('',#3894);
#1152=VERTEX_POINT('',#3898);
#1153=VERTEX_POINT('',#3899);
#1154=VERTEX_POINT('',#3901);
#1155=VERTEX_POINT('',#3903);
#1156=VERTEX_POINT('',#3907);
#1157=VERTEX_POINT('',#3909);
#1158=VERTEX_POINT('',#3913);
#1159=VERTEX_POINT('',#3915);
#1160=VERTEX_POINT('',#3919);
#1161=VERTEX_POINT('',#3921);
#1162=VERTEX_POINT('',#3930);
#1163=VERTEX_POINT('',#3931);
#1164=VERTEX_POINT('',#3933);
#1165=VERTEX_POINT('',#3935);
#1166=VERTEX_POINT('',#3937);
#1167=VERTEX_POINT('',#3939);
#1168=VERTEX_POINT('',#3941);
#1169=VERTEX_POINT('',#3943);
#1170=VERTEX_POINT('',#3945);
#1171=VERTEX_POINT('',#3947);
#1172=VERTEX_POINT('',#3949);
#1173=VERTEX_POINT('',#3951);
#1174=VERTEX_POINT('',#3954);
#1175=VERTEX_POINT('',#3956);
#1176=VERTEX_POINT('',#3959);
#1177=VERTEX_POINT('',#3960);
#1178=VERTEX_POINT('',#3965);
#1179=VERTEX_POINT('',#3966);
#1180=VERTEX_POINT('',#3971);
#1181=VERTEX_POINT('',#3975);
#1182=VERTEX_POINT('',#3978);
#1183=VERTEX_POINT('',#3986);
#1184=VERTEX_POINT('',#3988);
#1185=VERTEX_POINT('',#3991);
#1186=VERTEX_POINT('',#3995);
#1187=VERTEX_POINT('',#3998);
#1188=VERTEX_POINT('',#4005);
#1189=VERTEX_POINT('',#4007);
#1190=VERTEX_POINT('',#4009);
#1191=VERTEX_POINT('',#4011);
#1192=VERTEX_POINT('',#4015);
#1193=VERTEX_POINT('',#4017);
#1194=VERTEX_POINT('',#4019);
#1195=VERTEX_POINT('',#4023);
#1196=VERTEX_POINT('',#4024);
#1197=VERTEX_POINT('',#4026);
#1198=VERTEX_POINT('',#4030);
#1199=VERTEX_POINT('',#4031);
#1200=VERTEX_POINT('',#4033);
#1201=VERTEX_POINT('',#4040);
#1202=VERTEX_POINT('',#4041);
#1203=VERTEX_POINT('',#4043);
#1204=VERTEX_POINT('',#4047);
#1205=VERTEX_POINT('',#4049);
#1206=VERTEX_POINT('',#4051);
#1207=VERTEX_POINT('',#4057);
#1208=VERTEX_POINT('',#4059);
#1209=VERTEX_POINT('',#4063);
#1210=VERTEX_POINT('',#4067);
#1211=VERTEX_POINT('',#4073);
#1212=VERTEX_POINT('',#4074);
#1213=VERTEX_POINT('',#4076);
#1214=VERTEX_POINT('',#4080);
#1215=VERTEX_POINT('',#4081);
#1216=VERTEX_POINT('',#4083);
#1217=VERTEX_POINT('',#4090);
#1218=VERTEX_POINT('',#4091);
#1219=VERTEX_POINT('',#4093);
#1220=VERTEX_POINT('',#4097);
#1221=VERTEX_POINT('',#4099);
#1222=VERTEX_POINT('',#4101);
#1223=VERTEX_POINT('',#4107);
#1224=VERTEX_POINT('',#4109);
#1225=VERTEX_POINT('',#4113);
#1226=VERTEX_POINT('',#4117);
#1227=VERTEX_POINT('',#4123);
#1228=VERTEX_POINT('',#4124);
#1229=VERTEX_POINT('',#4126);
#1230=VERTEX_POINT('',#4128);
#1231=VERTEX_POINT('',#4131);
#1232=VERTEX_POINT('',#4133);
#1233=VERTEX_POINT('',#4135);
#1234=VERTEX_POINT('',#4137);
#1235=VERTEX_POINT('',#4139);
#1236=VERTEX_POINT('',#4141);
#1237=VERTEX_POINT('',#4143);
#1238=VERTEX_POINT('',#4147);
#1239=VERTEX_POINT('',#4149);
#1240=VERTEX_POINT('',#4153);
#1241=VERTEX_POINT('',#4157);
#1242=VERTEX_POINT('',#4161);
#1243=VERTEX_POINT('',#4166);
#1244=VERTEX_POINT('',#4170);
#1245=VERTEX_POINT('',#4177);
#1246=VERTEX_POINT('',#4179);
#1247=VERTEX_POINT('',#4181);
#1248=VERTEX_POINT('',#4183);
#1249=VERTEX_POINT('',#4187);
#1250=VERTEX_POINT('',#4189);
#1251=VERTEX_POINT('',#4193);
#1252=VERTEX_POINT('',#4212);
#1253=VERTEX_POINT('',#4213);
#1254=VERTEX_POINT('',#4217);
#1255=VERTEX_POINT('',#4218);
#1256=VERTEX_POINT('',#4220);
#1257=VERTEX_POINT('',#4222);
#1258=VERTEX_POINT('',#4226);
#1259=VERTEX_POINT('',#4228);
#1260=VERTEX_POINT('',#4232);
#1261=VERTEX_POINT('',#4234);
#1262=VERTEX_POINT('',#4238);
#1263=VERTEX_POINT('',#4240);
#1264=VERTEX_POINT('',#4249);
#1265=VERTEX_POINT('',#4251);
#1266=VERTEX_POINT('',#4255);
#1267=VERTEX_POINT('',#4257);
#1268=VERTEX_POINT('',#4261);
#1269=VERTEX_POINT('',#4265);
#1270=VERTEX_POINT('',#4269);
#1271=VERTEX_POINT('',#4271);
#1272=VERTEX_POINT('',#4273);
#1273=VERTEX_POINT('',#4275);
#1274=VERTEX_POINT('',#4283);
#1275=VERTEX_POINT('',#4284);
#1276=VERTEX_POINT('',#4286);
#1277=VERTEX_POINT('',#4288);
#1278=VERTEX_POINT('',#4290);
#1279=VERTEX_POINT('',#4292);
#1280=VERTEX_POINT('',#4294);
#1281=VERTEX_POINT('',#4296);
#1282=VERTEX_POINT('',#4300);
#1283=VERTEX_POINT('',#4302);
#1284=VERTEX_POINT('',#4306);
#1285=VERTEX_POINT('',#4308);
#1286=VERTEX_POINT('',#4312);
#1287=VERTEX_POINT('',#4314);
#1288=VERTEX_POINT('',#4316);
#1289=VERTEX_POINT('',#4318);
#1290=VERTEX_POINT('',#4322);
#1291=VERTEX_POINT('',#4324);
#1292=VERTEX_POINT('',#4326);
#1293=VERTEX_POINT('',#4328);
#1294=VERTEX_POINT('',#4331);
#1295=VERTEX_POINT('',#4333);
#1296=VERTEX_POINT('',#4335);
#1297=VERTEX_POINT('',#4338);
#1298=VERTEX_POINT('',#4342);
#1299=VERTEX_POINT('',#4346);
#1300=VERTEX_POINT('',#4348);
#1301=VERTEX_POINT('',#4352);
#1302=VERTEX_POINT('',#4354);
#1303=VERTEX_POINT('',#4358);
#1304=VERTEX_POINT('',#4360);
#1305=VERTEX_POINT('',#4369);
#1306=VERTEX_POINT('',#4371);
#1307=VERTEX_POINT('',#4373);
#1308=VERTEX_POINT('',#4375);
#1309=VERTEX_POINT('',#4377);
#1310=VERTEX_POINT('',#4380);
#1311=VERTEX_POINT('',#4382);
#1312=VERTEX_POINT('',#4385);
#1313=VERTEX_POINT('',#4386);
#1314=VERTEX_POINT('',#4388);
#1315=VERTEX_POINT('',#4390);
#1316=VERTEX_POINT('',#4394);
#1317=VERTEX_POINT('',#4396);
#1318=VERTEX_POINT('',#4400);
#1319=VERTEX_POINT('',#4402);
#1320=VERTEX_POINT('',#4406);
#1321=VERTEX_POINT('',#4408);
#1322=VERTEX_POINT('',#4412);
#1323=VERTEX_POINT('',#4414);
#1324=VERTEX_POINT('',#4418);
#1325=VERTEX_POINT('',#4420);
#1326=VERTEX_POINT('',#4424);
#1327=VERTEX_POINT('',#4426);
#1328=VERTEX_POINT('',#4430);
#1329=VERTEX_POINT('',#4432);
#1330=VERTEX_POINT('',#4440);
#1331=VERTEX_POINT('',#4441);
#1332=VERTEX_POINT('',#4443);
#1333=VERTEX_POINT('',#4445);
#1334=VERTEX_POINT('',#4449);
#1335=VERTEX_POINT('',#4451);
#1336=VERTEX_POINT('',#4455);
#1337=VERTEX_POINT('',#4457);
#1338=VERTEX_POINT('',#4461);
#1339=VERTEX_POINT('',#4463);
#1340=VERTEX_POINT('',#4467);
#1341=VERTEX_POINT('',#4469);
#1342=VERTEX_POINT('',#4473);
#1343=VERTEX_POINT('',#4475);
#1344=VERTEX_POINT('',#4479);
#1345=VERTEX_POINT('',#4481);
#1346=VERTEX_POINT('',#4485);
#1347=VERTEX_POINT('',#4487);
#1348=VERTEX_POINT('',#4495);
#1349=VERTEX_POINT('',#4496);
#1350=VERTEX_POINT('',#4498);
#1351=VERTEX_POINT('',#4500);
#1352=VERTEX_POINT('',#4504);
#1353=VERTEX_POINT('',#4506);
#1354=VERTEX_POINT('',#4510);
#1355=VERTEX_POINT('',#4512);
#1356=VERTEX_POINT('',#4516);
#1357=VERTEX_POINT('',#4518);
#1358=VERTEX_POINT('',#4522);
#1359=VERTEX_POINT('',#4524);
#1360=VERTEX_POINT('',#4528);
#1361=VERTEX_POINT('',#4530);
#1362=VERTEX_POINT('',#4534);
#1363=VERTEX_POINT('',#4536);
#1364=VERTEX_POINT('',#4540);
#1365=VERTEX_POINT('',#4542);
#1366=VERTEX_POINT('',#4550);
#1367=VERTEX_POINT('',#4551);
#1368=VERTEX_POINT('',#4553);
#1369=VERTEX_POINT('',#4555);
#1370=VERTEX_POINT('',#4559);
#1371=VERTEX_POINT('',#4561);
#1372=VERTEX_POINT('',#4565);
#1373=VERTEX_POINT('',#4567);
#1374=VERTEX_POINT('',#4571);
#1375=VERTEX_POINT('',#4573);
#1376=VERTEX_POINT('',#4577);
#1377=VERTEX_POINT('',#4579);
#1378=VERTEX_POINT('',#4583);
#1379=VERTEX_POINT('',#4585);
#1380=VERTEX_POINT('',#4589);
#1381=VERTEX_POINT('',#4591);
#1382=VERTEX_POINT('',#4595);
#1383=VERTEX_POINT('',#4597);
#1384=VERTEX_POINT('',#4605);
#1385=VERTEX_POINT('',#4608);
#1386=VERTEX_POINT('',#4611);
#1387=VERTEX_POINT('',#4612);
#1388=VERTEX_POINT('',#4614);
#1389=VERTEX_POINT('',#4616);
#1390=VERTEX_POINT('',#4620);
#1391=VERTEX_POINT('',#4622);
#1392=VERTEX_POINT('',#4626);
#1393=VERTEX_POINT('',#4628);
#1394=VERTEX_POINT('',#4633);
#1395=VERTEX_POINT('',#4635);
#1396=VERTEX_POINT('',#4639);
#1397=VERTEX_POINT('',#4641);
#1398=VERTEX_POINT('',#4645);
#1399=VERTEX_POINT('',#4647);
#1400=VERTEX_POINT('',#4651);
#1401=VERTEX_POINT('',#4657);
#1402=VERTEX_POINT('',#4659);
#1403=VERTEX_POINT('',#4663);
#1404=VERTEX_POINT('',#4669);
#1405=VERTEX_POINT('',#4673);
#1406=VERTEX_POINT('',#4678);
#1407=VERTEX_POINT('',#4679);
#1408=VERTEX_POINT('',#4684);
#1409=VERTEX_POINT('',#4688);
#1410=VERTEX_POINT('',#4696);
#1411=VERTEX_POINT('',#4702);
#1412=EDGE_CURVE('',#1150,#1151,#484,.F.);
#1413=EDGE_CURVE('',#1151,#1150,#432,.T.);
#1414=EDGE_CURVE('',#1152,#1153,#433,.F.);
#1415=EDGE_CURVE('',#1154,#1153,#485,.F.);
#1416=EDGE_CURVE('',#1155,#1154,#434,.T.);
#1417=EDGE_CURVE('',#1152,#1155,#486,.F.);
#1418=EDGE_CURVE('',#1155,#1156,#435,.F.);
#1419=EDGE_CURVE('',#1157,#1154,#436,.F.);
#1420=EDGE_CURVE('',#1156,#1157,#437,.T.);
#1421=EDGE_CURVE('',#1156,#1158,#487,.F.);
#1422=EDGE_CURVE('',#1159,#1157,#488,.F.);
#1423=EDGE_CURVE('',#1158,#1159,#438,.T.);
#1424=EDGE_CURVE('',#1158,#1160,#439,.F.);
#1425=EDGE_CURVE('',#1161,#1159,#440,.F.);
#1426=EDGE_CURVE('',#1160,#1161,#441,.T.);
#1427=EDGE_CURVE('',#1160,#1150,#489,.F.);
#1428=EDGE_CURVE('',#1151,#1161,#490,.F.);
#1429=EDGE_CURVE('',#1153,#1152,#491,.T.);
#1430=EDGE_CURVE('',#1162,#1163,#492,.T.);
#1431=EDGE_CURVE('',#1163,#1164,#493,.T.);
#1432=EDGE_CURVE('',#1164,#1165,#494,.T.);
#1433=EDGE_CURVE('',#1165,#1166,#495,.T.);
#1434=EDGE_CURVE('',#1166,#1167,#496,.T.);
#1435=EDGE_CURVE('',#1168,#1167,#497,.T.);
#1436=EDGE_CURVE('',#1169,#1168,#498,.T.);
#1437=EDGE_CURVE('',#1170,#1169,#499,.T.);
#1438=EDGE_CURVE('',#1170,#1171,#500,.T.);
#1439=EDGE_CURVE('',#1172,#1171,#501,.T.);
#1440=EDGE_CURVE('',#1172,#1173,#502,.T.);
#1441=EDGE_CURVE('',#1173,#1162,#503,.T.);
#1442=EDGE_CURVE('',#1174,#1174,#442,.T.);
#1443=EDGE_CURVE('',#1175,#1175,#443,.T.);
#1444=EDGE_CURVE('',#1176,#1177,#504,.T.);
#1445=EDGE_CURVE('',#1176,#1159,#505,.T.);
#1446=EDGE_CURVE('',#1177,#1157,#506,.T.);
#1447=EDGE_CURVE('',#1178,#1179,#507,.T.);
#1448=EDGE_CURVE('',#1156,#1179,#508,.T.);
#1449=EDGE_CURVE('',#1158,#1178,#509,.T.);
#1450=EDGE_CURVE('',#1177,#1180,#444,.T.);
#1451=EDGE_CURVE('',#1180,#1154,#510,.T.);
#1452=EDGE_CURVE('',#1181,#1161,#511,.T.);
#1453=EDGE_CURVE('',#1167,#1181,#512,.T.);
#1454=EDGE_CURVE('',#1166,#1182,#513,.T.);
#1455=EDGE_CURVE('',#1160,#1182,#514,.T.);
#1456=EDGE_CURVE('',#1181,#1176,#445,.T.);
#1457=EDGE_CURVE('',#1182,#1178,#446,.T.);
#1458=EDGE_CURVE('',#1183,#1165,#515,.T.);
#1459=EDGE_CURVE('',#1184,#1183,#516,.T.);
#1460=EDGE_CURVE('',#1162,#1184,#517,.T.);
#1461=EDGE_CURVE('',#1185,#1173,#518,.T.);
#1462=EDGE_CURVE('',#1179,#1185,#447,.T.);
#1463=EDGE_CURVE('',#1186,#1174,#448,.T.);
#1464=EDGE_CURVE('',#1187,#1175,#449,.T.);
#1465=EDGE_CURVE('',#1155,#1185,#519,.T.);
#1466=EDGE_CURVE('',#1180,#1172,#520,.T.);
#1467=EDGE_CURVE('',#1171,#1188,#450,.T.);
#1468=EDGE_CURVE('',#1188,#1189,#521,.T.);
#1469=EDGE_CURVE('',#1189,#1190,#522,.T.);
#1470=EDGE_CURVE('',#1190,#1191,#523,.T.);
#1471=EDGE_CURVE('',#1191,#1168,#451,.T.);
#1472=EDGE_CURVE('',#1192,#1164,#524,.T.);
#1473=EDGE_CURVE('',#1193,#1192,#525,.T.);
#1474=EDGE_CURVE('',#1194,#1193,#526,.T.);
#1475=EDGE_CURVE('',#1194,#1183,#527,.T.);
#1476=EDGE_CURVE('',#1195,#1196,#528,.T.);
#1477=EDGE_CURVE('',#1197,#1195,#44,.T.);
#1478=EDGE_CURVE('',#1197,#1196,#45,.F.);
#1479=EDGE_CURVE('',#1198,#1199,#529,.T.);
#1480=EDGE_CURVE('',#1200,#1198,#46,.F.);
#1481=EDGE_CURVE('',#1200,#1199,#47,.T.);
#1482=EDGE_CURVE('',#1199,#1195,#530,.T.);
#1483=EDGE_CURVE('',#1196,#1198,#531,.T.);
#1484=EDGE_CURVE('',#1201,#1202,#48,.T.);
#1485=EDGE_CURVE('',#1203,#1202,#49,.F.);
#1486=EDGE_CURVE('',#1201,#1203,#532,.T.);
#1487=EDGE_CURVE('',#1204,#1201,#533,.T.);
#1488=EDGE_CURVE('',#1205,#1204,#50,.F.);
#1489=EDGE_CURVE('',#1205,#1206,#51,.T.);
#1490=EDGE_CURVE('',#1203,#1206,#534,.T.);
#1491=EDGE_CURVE('',#1206,#1204,#535,.T.);
#1492=EDGE_CURVE('',#1207,#1201,#536,.T.);
#1493=EDGE_CURVE('',#1208,#1207,#537,.T.);
#1494=EDGE_CURVE('',#1208,#1204,#538,.F.);
#1495=EDGE_CURVE('',#1209,#1208,#539,.T.);
#1496=EDGE_CURVE('',#1209,#1206,#540,.T.);
#1497=EDGE_CURVE('',#1210,#1209,#541,.T.);
#1498=EDGE_CURVE('',#1210,#1203,#542,.F.);
#1499=EDGE_CURVE('',#1207,#1210,#543,.T.);
#1500=EDGE_CURVE('',#1211,#1212,#544,.T.);
#1501=EDGE_CURVE('',#1213,#1211,#52,.F.);
#1502=EDGE_CURVE('',#1213,#1212,#53,.T.);
#1503=EDGE_CURVE('',#1214,#1215,#545,.T.);
#1504=EDGE_CURVE('',#1216,#1214,#54,.T.);
#1505=EDGE_CURVE('',#1216,#1215,#55,.F.);
#1506=EDGE_CURVE('',#1215,#1211,#546,.T.);
#1507=EDGE_CURVE('',#1212,#1214,#547,.T.);
#1508=EDGE_CURVE('',#1217,#1218,#56,.T.);
#1509=EDGE_CURVE('',#1217,#1219,#57,.F.);
#1510=EDGE_CURVE('',#1218,#1219,#548,.T.);
#1511=EDGE_CURVE('',#1220,#1218,#549,.T.);
#1512=EDGE_CURVE('',#1221,#1220,#58,.T.);
#1513=EDGE_CURVE('',#1221,#1222,#59,.F.);
#1514=EDGE_CURVE('',#1219,#1222,#550,.T.);
#1515=EDGE_CURVE('',#1222,#1220,#551,.T.);
#1516=EDGE_CURVE('',#1223,#1222,#552,.T.);
#1517=EDGE_CURVE('',#1224,#1223,#553,.T.);
#1518=EDGE_CURVE('',#1224,#1219,#554,.F.);
#1519=EDGE_CURVE('',#1225,#1224,#555,.T.);
#1520=EDGE_CURVE('',#1225,#1218,#556,.T.);
#1521=EDGE_CURVE('',#1226,#1220,#557,.F.);
#1522=EDGE_CURVE('',#1223,#1226,#558,.T.);
#1523=EDGE_CURVE('',#1226,#1225,#559,.T.);
#1524=EDGE_CURVE('',#1227,#1228,#560,.T.);
#1525=EDGE_CURVE('',#1229,#1227,#561,.T.);
#1526=EDGE_CURVE('',#1230,#1229,#562,.T.);
#1527=EDGE_CURVE('',#1192,#1230,#563,.T.);
#1528=EDGE_CURVE('',#1163,#1231,#564,.T.);
#1529=EDGE_CURVE('',#1232,#1231,#565,.T.);
#1530=EDGE_CURVE('',#1233,#1232,#566,.T.);
#1531=EDGE_CURVE('',#1234,#1233,#567,.T.);
#1532=EDGE_CURVE('',#1235,#1234,#568,.T.);
#1533=EDGE_CURVE('',#1236,#1235,#569,.T.);
#1534=EDGE_CURVE('',#1236,#1237,#570,.T.);
#1535=EDGE_CURVE('',#1237,#1228,#571,.T.);
#1536=EDGE_CURVE('',#1231,#1238,#572,.T.);
#1537=EDGE_CURVE('',#1239,#1238,#573,.T.);
#1538=EDGE_CURVE('',#1239,#1232,#574,.T.);
#1539=EDGE_CURVE('',#1240,#1230,#575,.T.);
#1540=EDGE_CURVE('',#1193,#1240,#576,.T.);
#1541=EDGE_CURVE('',#1241,#1229,#577,.T.);
#1542=EDGE_CURVE('',#1240,#1241,#578,.T.);
#1543=EDGE_CURVE('',#1242,#1227,#579,.T.);
#1544=EDGE_CURVE('',#1241,#1242,#580,.T.);
#1545=EDGE_CURVE('',#1237,#1184,#581,.T.);
#1546=EDGE_CURVE('',#1243,#1236,#582,.T.);
#1547=EDGE_CURVE('',#1238,#1243,#583,.T.);
#1548=EDGE_CURVE('',#1244,#1194,#584,.T.);
#1549=EDGE_CURVE('',#1228,#1244,#585,.T.);
#1550=EDGE_CURVE('',#1242,#1244,#586,.T.);
#1551=EDGE_CURVE('',#1245,#1169,#452,.T.);
#1552=EDGE_CURVE('',#1246,#1245,#587,.T.);
#1553=EDGE_CURVE('',#1247,#1246,#588,.T.);
#1554=EDGE_CURVE('',#1248,#1247,#589,.T.);
#1555=EDGE_CURVE('',#1170,#1248,#453,.T.);
#1556=EDGE_CURVE('',#1249,#1233,#590,.T.);
#1557=EDGE_CURVE('',#1250,#1249,#591,.T.);
#1558=EDGE_CURVE('',#1250,#1234,#592,.T.);
#1559=EDGE_CURVE('',#1251,#1250,#593,.T.);
#1560=EDGE_CURVE('',#1251,#1235,#594,.T.);
#1561=EDGE_CURVE('',#1243,#1251,#595,.T.);
#1562=EDGE_CURVE('',#1249,#1239,#596,.T.);
#1563=EDGE_CURVE('',#1248,#1188,#597,.T.);
#1564=EDGE_CURVE('',#1245,#1191,#598,.T.);
#1565=EDGE_CURVE('',#1246,#1190,#599,.T.);
#1566=EDGE_CURVE('',#1247,#1189,#600,.T.);
#1567=EDGE_CURVE('',#1252,#1253,#601,.T.);
#1568=EDGE_CURVE('',#1252,#1253,#454,.T.);
#1569=EDGE_CURVE('',#1254,#1255,#602,.T.);
#1570=EDGE_CURVE('',#1254,#1256,#455,.T.);
#1571=EDGE_CURVE('',#1257,#1256,#603,.T.);
#1572=EDGE_CURVE('',#1255,#1257,#456,.T.);
#1573=EDGE_CURVE('',#1258,#1254,#457,.T.);
#1574=EDGE_CURVE('',#1258,#1259,#458,.T.);
#1575=EDGE_CURVE('',#1256,#1259,#459,.T.);
#1576=EDGE_CURVE('',#1260,#1258,#604,.T.);
#1577=EDGE_CURVE('',#1260,#1261,#460,.T.);
#1578=EDGE_CURVE('',#1259,#1261,#605,.T.);
#1579=EDGE_CURVE('',#1262,#1260,#461,.T.);
#1580=EDGE_CURVE('',#1262,#1263,#462,.T.);
#1581=EDGE_CURVE('',#1261,#1263,#463,.T.);
#1582=EDGE_CURVE('',#1253,#1262,#606,.T.);
#1583=EDGE_CURVE('',#1263,#1252,#607,.T.);
#1584=EDGE_CURVE('',#1255,#1257,#608,.T.);
#1585=EDGE_CURVE('',#1264,#1263,#609,.T.);
#1586=EDGE_CURVE('',#1265,#1264,#464,.T.);
#1587=EDGE_CURVE('',#1265,#1261,#610,.T.);
#1588=EDGE_CURVE('',#1260,#1266,#611,.T.);
#1589=EDGE_CURVE('',#1267,#1266,#465,.T.);
#1590=EDGE_CURVE('',#1262,#1267,#612,.T.);
#1591=EDGE_CURVE('',#1265,#1268,#613,.T.);
#1592=EDGE_CURVE('',#1268,#1259,#614,.T.);
#1593=EDGE_CURVE('',#1258,#1269,#615,.T.);
#1594=EDGE_CURVE('',#1266,#1269,#616,.T.);
#1595=EDGE_CURVE('',#1270,#1256,#617,.T.);
#1596=EDGE_CURVE('',#1270,#1271,#618,.T.);
#1597=EDGE_CURVE('',#1271,#1272,#619,.T.);
#1598=EDGE_CURVE('',#1273,#1272,#620,.T.);
#1599=EDGE_CURVE('',#1254,#1273,#621,.T.);
#1600=EDGE_CURVE('',#1270,#1268,#466,.T.);
#1601=EDGE_CURVE('',#1269,#1273,#467,.T.);
#1602=EDGE_CURVE('',#1274,#1275,#622,.T.);
#1603=EDGE_CURVE('',#1276,#1274,#623,.T.);
#1604=EDGE_CURVE('',#1277,#1276,#624,.T.);
#1605=EDGE_CURVE('',#1278,#1277,#625,.T.);
#1606=EDGE_CURVE('',#1279,#1278,#626,.T.);
#1607=EDGE_CURVE('',#1280,#1279,#627,.T.);
#1608=EDGE_CURVE('',#1281,#1280,#628,.T.);
#1609=EDGE_CURVE('',#1275,#1281,#629,.T.);
#1610=EDGE_CURVE('',#1280,#1282,#630,.T.);
#1611=EDGE_CURVE('',#1283,#1279,#631,.T.);
#1612=EDGE_CURVE('',#1282,#1283,#632,.T.);
#1613=EDGE_CURVE('',#1284,#1274,#633,.T.);
#1614=EDGE_CURVE('',#1285,#1284,#634,.T.);
#1615=EDGE_CURVE('',#1285,#1276,#635,.T.);
#1616=EDGE_CURVE('',#1286,#1275,#636,.T.);
#1617=EDGE_CURVE('',#1287,#1286,#637,.T.);
#1618=EDGE_CURVE('',#1287,#1288,#638,.T.);
#1619=EDGE_CURVE('',#1289,#1288,#639,.T.);
#1620=EDGE_CURVE('',#1284,#1289,#640,.T.);
#1621=EDGE_CURVE('',#1290,#1285,#641,.T.);
#1622=EDGE_CURVE('',#1289,#1291,#642,.T.);
#1623=EDGE_CURVE('',#1292,#1291,#643,.T.);
#1624=EDGE_CURVE('',#1292,#1293,#644,.T.);
#1625=EDGE_CURVE('',#1293,#1267,#645,.T.);
#1626=EDGE_CURVE('',#1272,#1294,#646,.T.);
#1627=EDGE_CURVE('',#1294,#1295,#647,.T.);
#1628=EDGE_CURVE('',#1295,#1296,#648,.T.);
#1629=EDGE_CURVE('',#1296,#1282,#649,.T.);
#1630=EDGE_CURVE('',#1283,#1297,#650,.T.);
#1631=EDGE_CURVE('',#1297,#1290,#651,.T.);
#1632=EDGE_CURVE('',#1298,#1281,#652,.T.);
#1633=EDGE_CURVE('',#1286,#1298,#653,.T.);
#1634=EDGE_CURVE('',#1299,#1296,#654,.T.);
#1635=EDGE_CURVE('',#1300,#1299,#655,.T.);
#1636=EDGE_CURVE('',#1298,#1300,#656,.T.);
#1637=EDGE_CURVE('',#1292,#1301,#657,.T.);
#1638=EDGE_CURVE('',#1291,#1302,#658,.T.);
#1639=EDGE_CURVE('',#1301,#1302,#659,.T.);
#1640=EDGE_CURVE('',#1303,#1294,#660,.T.);
#1641=EDGE_CURVE('',#1303,#1304,#661,.T.);
#1642=EDGE_CURVE('',#1304,#1295,#662,.T.);
#1643=EDGE_CURVE('',#1301,#1303,#663,.T.);
#1644=EDGE_CURVE('',#1302,#1304,#664,.T.);
#1645=EDGE_CURVE('',#1296,#1289,#665,.T.);
#1646=EDGE_CURVE('',#1305,#1271,#666,.T.);
#1647=EDGE_CURVE('',#1305,#1306,#667,.T.);
#1648=EDGE_CURVE('',#1307,#1306,#668,.T.);
#1649=EDGE_CURVE('',#1308,#1307,#669,.T.);
#1650=EDGE_CURVE('',#1309,#1308,#670,.T.);
#1651=EDGE_CURVE('',#1309,#1293,#671,.T.);
#1652=EDGE_CURVE('',#1310,#1310,#468,.T.);
#1653=EDGE_CURVE('',#1311,#1311,#469,.T.);
#1654=EDGE_CURVE('',#1312,#1313,#672,.T.);
#1655=EDGE_CURVE('',#1312,#1314,#673,.T.);
#1656=EDGE_CURVE('',#1314,#1315,#674,.T.);
#1657=EDGE_CURVE('',#1313,#1315,#675,.T.);
#1658=EDGE_CURVE('',#1316,#1312,#676,.T.);
#1659=EDGE_CURVE('',#1316,#1317,#677,.T.);
#1660=EDGE_CURVE('',#1317,#1314,#678,.T.);
#1661=EDGE_CURVE('',#1318,#1316,#679,.T.);
#1662=EDGE_CURVE('',#1318,#1319,#680,.T.);
#1663=EDGE_CURVE('',#1319,#1317,#681,.T.);
#1664=EDGE_CURVE('',#1320,#1318,#682,.T.);
#1665=EDGE_CURVE('',#1320,#1321,#683,.T.);
#1666=EDGE_CURVE('',#1321,#1319,#684,.T.);
#1667=EDGE_CURVE('',#1322,#1320,#685,.T.);
#1668=EDGE_CURVE('',#1322,#1323,#686,.T.);
#1669=EDGE_CURVE('',#1323,#1321,#687,.T.);
#1670=EDGE_CURVE('',#1324,#1322,#688,.T.);
#1671=EDGE_CURVE('',#1324,#1325,#689,.T.);
#1672=EDGE_CURVE('',#1325,#1323,#690,.T.);
#1673=EDGE_CURVE('',#1326,#1324,#470,.T.);
#1674=EDGE_CURVE('',#1326,#1327,#691,.T.);
#1675=EDGE_CURVE('',#1327,#1325,#471,.T.);
#1676=EDGE_CURVE('',#1328,#1326,#692,.T.);
#1677=EDGE_CURVE('',#1328,#1329,#693,.T.);
#1678=EDGE_CURVE('',#1329,#1327,#694,.T.);
#1679=EDGE_CURVE('',#1313,#1328,#695,.T.);
#1680=EDGE_CURVE('',#1315,#1329,#696,.T.);
#1681=EDGE_CURVE('',#1330,#1331,#697,.T.);
#1682=EDGE_CURVE('',#1330,#1332,#698,.T.);
#1683=EDGE_CURVE('',#1332,#1333,#699,.T.);
#1684=EDGE_CURVE('',#1331,#1333,#700,.T.);
#1685=EDGE_CURVE('',#1334,#1330,#701,.T.);
#1686=EDGE_CURVE('',#1334,#1335,#702,.T.);
#1687=EDGE_CURVE('',#1335,#1332,#703,.T.);
#1688=EDGE_CURVE('',#1336,#1334,#704,.T.);
#1689=EDGE_CURVE('',#1336,#1337,#705,.T.);
#1690=EDGE_CURVE('',#1337,#1335,#706,.T.);
#1691=EDGE_CURVE('',#1338,#1336,#707,.T.);
#1692=EDGE_CURVE('',#1338,#1339,#708,.T.);
#1693=EDGE_CURVE('',#1339,#1337,#709,.T.);
#1694=EDGE_CURVE('',#1340,#1338,#710,.T.);
#1695=EDGE_CURVE('',#1340,#1341,#711,.T.);
#1696=EDGE_CURVE('',#1341,#1339,#712,.T.);
#1697=EDGE_CURVE('',#1342,#1340,#713,.T.);
#1698=EDGE_CURVE('',#1342,#1343,#714,.T.);
#1699=EDGE_CURVE('',#1343,#1341,#715,.T.);
#1700=EDGE_CURVE('',#1344,#1342,#472,.T.);
#1701=EDGE_CURVE('',#1344,#1345,#716,.T.);
#1702=EDGE_CURVE('',#1345,#1343,#473,.T.);
#1703=EDGE_CURVE('',#1346,#1344,#717,.T.);
#1704=EDGE_CURVE('',#1346,#1347,#718,.T.);
#1705=EDGE_CURVE('',#1347,#1345,#719,.T.);
#1706=EDGE_CURVE('',#1331,#1346,#720,.T.);
#1707=EDGE_CURVE('',#1333,#1347,#721,.T.);
#1708=EDGE_CURVE('',#1348,#1349,#474,.T.);
#1709=EDGE_CURVE('',#1348,#1350,#722,.T.);
#1710=EDGE_CURVE('',#1350,#1351,#475,.T.);
#1711=EDGE_CURVE('',#1349,#1351,#723,.T.);
#1712=EDGE_CURVE('',#1352,#1348,#724,.T.);
#1713=EDGE_CURVE('',#1352,#1353,#725,.T.);
#1714=EDGE_CURVE('',#1353,#1350,#726,.T.);
#1715=EDGE_CURVE('',#1354,#1352,#727,.T.);
#1716=EDGE_CURVE('',#1354,#1355,#728,.T.);
#1717=EDGE_CURVE('',#1355,#1353,#729,.T.);
#1718=EDGE_CURVE('',#1356,#1354,#730,.T.);
#1719=EDGE_CURVE('',#1356,#1357,#731,.T.);
#1720=EDGE_CURVE('',#1357,#1355,#732,.T.);
#1721=EDGE_CURVE('',#1358,#1356,#733,.T.);
#1722=EDGE_CURVE('',#1358,#1359,#734,.T.);
#1723=EDGE_CURVE('',#1359,#1357,#735,.T.);
#1724=EDGE_CURVE('',#1360,#1358,#736,.T.);
#1725=EDGE_CURVE('',#1360,#1361,#737,.T.);
#1726=EDGE_CURVE('',#1361,#1359,#738,.T.);
#1727=EDGE_CURVE('',#1362,#1360,#739,.T.);
#1728=EDGE_CURVE('',#1362,#1363,#740,.T.);
#1729=EDGE_CURVE('',#1363,#1361,#741,.T.);
#1730=EDGE_CURVE('',#1364,#1362,#742,.T.);
#1731=EDGE_CURVE('',#1364,#1365,#743,.T.);
#1732=EDGE_CURVE('',#1365,#1363,#744,.T.);
#1733=EDGE_CURVE('',#1349,#1364,#745,.T.);
#1734=EDGE_CURVE('',#1351,#1365,#746,.T.);
#1735=EDGE_CURVE('',#1366,#1367,#476,.T.);
#1736=EDGE_CURVE('',#1366,#1368,#747,.T.);
#1737=EDGE_CURVE('',#1368,#1369,#477,.T.);
#1738=EDGE_CURVE('',#1367,#1369,#748,.T.);
#1739=EDGE_CURVE('',#1370,#1366,#749,.T.);
#1740=EDGE_CURVE('',#1370,#1371,#750,.T.);
#1741=EDGE_CURVE('',#1371,#1368,#751,.T.);
#1742=EDGE_CURVE('',#1372,#1370,#752,.T.);
#1743=EDGE_CURVE('',#1372,#1373,#753,.T.);
#1744=EDGE_CURVE('',#1373,#1371,#754,.T.);
#1745=EDGE_CURVE('',#1374,#1372,#755,.T.);
#1746=EDGE_CURVE('',#1374,#1375,#756,.T.);
#1747=EDGE_CURVE('',#1375,#1373,#757,.T.);
#1748=EDGE_CURVE('',#1376,#1374,#758,.T.);
#1749=EDGE_CURVE('',#1376,#1377,#759,.T.);
#1750=EDGE_CURVE('',#1377,#1375,#760,.T.);
#1751=EDGE_CURVE('',#1378,#1376,#761,.T.);
#1752=EDGE_CURVE('',#1378,#1379,#762,.T.);
#1753=EDGE_CURVE('',#1379,#1377,#763,.T.);
#1754=EDGE_CURVE('',#1380,#1378,#764,.T.);
#1755=EDGE_CURVE('',#1380,#1381,#765,.T.);
#1756=EDGE_CURVE('',#1381,#1379,#766,.T.);
#1757=EDGE_CURVE('',#1382,#1380,#767,.T.);
#1758=EDGE_CURVE('',#1382,#1383,#768,.T.);
#1759=EDGE_CURVE('',#1383,#1381,#769,.T.);
#1760=EDGE_CURVE('',#1367,#1382,#770,.T.);
#1761=EDGE_CURVE('',#1369,#1383,#771,.T.);
#1762=EDGE_CURVE('',#1311,#1384,#478,.T.);
#1763=EDGE_CURVE('',#1310,#1385,#479,.T.);
#1764=EDGE_CURVE('',#1386,#1387,#772,.T.);
#1765=EDGE_CURVE('',#1387,#1388,#773,.T.);
#1766=EDGE_CURVE('',#1388,#1389,#774,.T.);
#1767=EDGE_CURVE('',#1389,#1386,#775,.T.);
#1768=EDGE_CURVE('',#1390,#1386,#776,.T.);
#1769=EDGE_CURVE('',#1390,#1391,#777,.T.);
#1770=EDGE_CURVE('',#1387,#1391,#778,.T.);
#1771=EDGE_CURVE('',#1389,#1392,#779,.T.);
#1772=EDGE_CURVE('',#1393,#1392,#780,.T.);
#1773=EDGE_CURVE('',#1393,#1307,#480,.T.);
#1774=EDGE_CURVE('',#1306,#1386,#481,.T.);
#1775=EDGE_CURVE('',#1394,#1393,#781,.T.);
#1776=EDGE_CURVE('',#1392,#1395,#782,.T.);
#1777=EDGE_CURVE('',#1395,#1394,#783,.T.);
#1778=EDGE_CURVE('',#1396,#1394,#784,.T.);
#1779=EDGE_CURVE('',#1397,#1396,#785,.T.);
#1780=EDGE_CURVE('',#1397,#1393,#786,.T.);
#1781=EDGE_CURVE('',#1398,#1388,#787,.T.);
#1782=EDGE_CURVE('',#1399,#1398,#788,.T.);
#1783=EDGE_CURVE('',#1389,#1399,#789,.T.);
#1784=EDGE_CURVE('',#1399,#1400,#790,.T.);
#1785=EDGE_CURVE('',#1391,#1398,#791,.T.);
#1786=EDGE_CURVE('',#1400,#1390,#792,.T.);
#1787=EDGE_CURVE('',#1401,#1392,#793,.T.);
#1788=EDGE_CURVE('',#1401,#1402,#794,.T.);
#1789=EDGE_CURVE('',#1395,#1402,#795,.T.);
#1790=EDGE_CURVE('',#1397,#1403,#796,.T.);
#1791=EDGE_CURVE('',#1402,#1396,#797,.T.);
#1792=EDGE_CURVE('',#1403,#1401,#798,.T.);
#1793=EDGE_CURVE('',#1404,#1400,#799,.T.);
#1794=EDGE_CURVE('',#1300,#1404,#800,.T.);
#1795=EDGE_CURVE('',#1288,#1299,#801,.T.);
#1796=EDGE_CURVE('',#1405,#1287,#802,.T.);
#1797=EDGE_CURVE('',#1405,#1403,#803,.T.);
#1798=EDGE_CURVE('',#1406,#1407,#804,.T.);
#1799=EDGE_CURVE('',#1406,#1290,#805,.T.);
#1800=EDGE_CURVE('',#1407,#1297,#806,.T.);
#1801=EDGE_CURVE('',#1407,#1408,#807,.T.);
#1802=EDGE_CURVE('',#1408,#1278,#808,.T.);
#1803=EDGE_CURVE('',#1409,#1277,#809,.T.);
#1804=EDGE_CURVE('',#1408,#1409,#810,.T.);
#1805=EDGE_CURVE('',#1409,#1406,#811,.T.);
#1806=EDGE_CURVE('',#1309,#1264,#812,.T.);
#1807=EDGE_CURVE('',#1308,#1410,#482,.T.);
#1808=EDGE_CURVE('',#1410,#1397,#813,.T.);
#1809=EDGE_CURVE('',#1405,#1410,#814,.T.);
#1810=EDGE_CURVE('',#1411,#1390,#815,.T.);
#1811=EDGE_CURVE('',#1411,#1404,#816,.T.);
#1812=EDGE_CURVE('',#1411,#1305,#483,.T.);
#1813=ORIENTED_EDGE('',*,*,#1412,.F.);
#1814=ORIENTED_EDGE('',*,*,#1413,.F.);
#1815=ORIENTED_EDGE('',*,*,#1414,.T.);
#1816=ORIENTED_EDGE('',*,*,#1415,.F.);
#1817=ORIENTED_EDGE('',*,*,#1416,.F.);
#1818=ORIENTED_EDGE('',*,*,#1417,.F.);
#1819=ORIENTED_EDGE('',*,*,#1418,.F.);
#1820=ORIENTED_EDGE('',*,*,#1416,.T.);
#1821=ORIENTED_EDGE('',*,*,#1419,.F.);
#1822=ORIENTED_EDGE('',*,*,#1420,.F.);
#1823=ORIENTED_EDGE('',*,*,#1421,.F.);
#1824=ORIENTED_EDGE('',*,*,#1420,.T.);
#1825=ORIENTED_EDGE('',*,*,#1422,.F.);
#1826=ORIENTED_EDGE('',*,*,#1423,.F.);
#1827=ORIENTED_EDGE('',*,*,#1424,.F.);
#1828=ORIENTED_EDGE('',*,*,#1423,.T.);
#1829=ORIENTED_EDGE('',*,*,#1425,.F.);
#1830=ORIENTED_EDGE('',*,*,#1426,.F.);
#1831=ORIENTED_EDGE('',*,*,#1427,.F.);
#1832=ORIENTED_EDGE('',*,*,#1426,.T.);
#1833=ORIENTED_EDGE('',*,*,#1428,.F.);
#1834=ORIENTED_EDGE('',*,*,#1413,.T.);
#1835=ORIENTED_EDGE('',*,*,#1429,.F.);
#1836=ORIENTED_EDGE('',*,*,#1414,.F.);
#1837=ORIENTED_EDGE('',*,*,#1430,.T.);
#1838=ORIENTED_EDGE('',*,*,#1431,.T.);
#1839=ORIENTED_EDGE('',*,*,#1432,.T.);
#1840=ORIENTED_EDGE('',*,*,#1433,.T.);
#1841=ORIENTED_EDGE('',*,*,#1434,.T.);
#1842=ORIENTED_EDGE('',*,*,#1435,.F.);
#1843=ORIENTED_EDGE('',*,*,#1436,.F.);
#1844=ORIENTED_EDGE('',*,*,#1437,.F.);
#1845=ORIENTED_EDGE('',*,*,#1438,.T.);
#1846=ORIENTED_EDGE('',*,*,#1439,.F.);
#1847=ORIENTED_EDGE('',*,*,#1440,.T.);
#1848=ORIENTED_EDGE('',*,*,#1441,.T.);
#1849=ORIENTED_EDGE('',*,*,#1442,.T.);
#1850=ORIENTED_EDGE('',*,*,#1443,.T.);
#1851=ORIENTED_EDGE('',*,*,#1444,.F.);
#1852=ORIENTED_EDGE('',*,*,#1445,.T.);
#1853=ORIENTED_EDGE('',*,*,#1422,.T.);
#1854=ORIENTED_EDGE('',*,*,#1446,.F.);
#1855=ORIENTED_EDGE('',*,*,#1447,.T.);
#1856=ORIENTED_EDGE('',*,*,#1448,.F.);
#1857=ORIENTED_EDGE('',*,*,#1421,.T.);
#1858=ORIENTED_EDGE('',*,*,#1449,.T.);
#1859=ORIENTED_EDGE('',*,*,#1450,.F.);
#1860=ORIENTED_EDGE('',*,*,#1446,.T.);
#1861=ORIENTED_EDGE('',*,*,#1419,.T.);
#1862=ORIENTED_EDGE('',*,*,#1451,.F.);
#1863=ORIENTED_EDGE('',*,*,#1412,.T.);
#1864=ORIENTED_EDGE('',*,*,#1428,.T.);
#1865=ORIENTED_EDGE('',*,*,#1452,.F.);
#1866=ORIENTED_EDGE('',*,*,#1453,.F.);
#1867=ORIENTED_EDGE('',*,*,#1434,.F.);
#1868=ORIENTED_EDGE('',*,*,#1454,.T.);
#1869=ORIENTED_EDGE('',*,*,#1455,.F.);
#1870=ORIENTED_EDGE('',*,*,#1427,.T.);
#1871=ORIENTED_EDGE('',*,*,#1456,.F.);
#1872=ORIENTED_EDGE('',*,*,#1452,.T.);
#1873=ORIENTED_EDGE('',*,*,#1425,.T.);
#1874=ORIENTED_EDGE('',*,*,#1445,.F.);
#1875=ORIENTED_EDGE('',*,*,#1457,.T.);
#1876=ORIENTED_EDGE('',*,*,#1449,.F.);
#1877=ORIENTED_EDGE('',*,*,#1424,.T.);
#1878=ORIENTED_EDGE('',*,*,#1455,.T.);
#1879=ORIENTED_EDGE('',*,*,#1458,.F.);
#1880=ORIENTED_EDGE('',*,*,#1459,.F.);
#1881=ORIENTED_EDGE('',*,*,#1460,.F.);
#1882=ORIENTED_EDGE('',*,*,#1441,.F.);
#1883=ORIENTED_EDGE('',*,*,#1461,.F.);
#1884=ORIENTED_EDGE('',*,*,#1462,.F.);
#1885=ORIENTED_EDGE('',*,*,#1447,.F.);
#1886=ORIENTED_EDGE('',*,*,#1457,.F.);
#1887=ORIENTED_EDGE('',*,*,#1454,.F.);
#1888=ORIENTED_EDGE('',*,*,#1433,.F.);
#1889=ORIENTED_EDGE('',*,*,#1442,.F.);
#1890=ORIENTED_EDGE('',*,*,#1463,.F.);
#1891=ORIENTED_EDGE('',*,*,#1463,.T.);
#1892=ORIENTED_EDGE('',*,*,#1443,.F.);
#1893=ORIENTED_EDGE('',*,*,#1464,.F.);
#1894=ORIENTED_EDGE('',*,*,#1464,.T.);
#1895=ORIENTED_EDGE('',*,*,#1417,.T.);
#1896=ORIENTED_EDGE('',*,*,#1465,.T.);
#1897=ORIENTED_EDGE('',*,*,#1461,.T.);
#1898=ORIENTED_EDGE('',*,*,#1440,.F.);
#1899=ORIENTED_EDGE('',*,*,#1466,.F.);
#1900=ORIENTED_EDGE('',*,*,#1451,.T.);
#1901=ORIENTED_EDGE('',*,*,#1415,.T.);
#1902=ORIENTED_EDGE('',*,*,#1429,.T.);
#1903=ORIENTED_EDGE('',*,*,#1462,.T.);
#1904=ORIENTED_EDGE('',*,*,#1465,.F.);
#1905=ORIENTED_EDGE('',*,*,#1418,.T.);
#1906=ORIENTED_EDGE('',*,*,#1448,.T.);
#1907=ORIENTED_EDGE('',*,*,#1453,.T.);
#1908=ORIENTED_EDGE('',*,*,#1456,.T.);
#1909=ORIENTED_EDGE('',*,*,#1444,.T.);
#1910=ORIENTED_EDGE('',*,*,#1450,.T.);
#1911=ORIENTED_EDGE('',*,*,#1466,.T.);
#1912=ORIENTED_EDGE('',*,*,#1439,.T.);
#1913=ORIENTED_EDGE('',*,*,#1467,.T.);
#1914=ORIENTED_EDGE('',*,*,#1468,.T.);
#1915=ORIENTED_EDGE('',*,*,#1469,.T.);
#1916=ORIENTED_EDGE('',*,*,#1470,.T.);
#1917=ORIENTED_EDGE('',*,*,#1471,.T.);
#1918=ORIENTED_EDGE('',*,*,#1435,.T.);
#1919=ORIENTED_EDGE('',*,*,#1458,.T.);
#1920=ORIENTED_EDGE('',*,*,#1432,.F.);
#1921=ORIENTED_EDGE('',*,*,#1472,.F.);
#1922=ORIENTED_EDGE('',*,*,#1473,.F.);
#1923=ORIENTED_EDGE('',*,*,#1474,.F.);
#1924=ORIENTED_EDGE('',*,*,#1475,.T.);
#1925=ORIENTED_EDGE('',*,*,#1476,.F.);
#1926=ORIENTED_EDGE('',*,*,#1477,.F.);
#1927=ORIENTED_EDGE('',*,*,#1478,.T.);
#1928=ORIENTED_EDGE('',*,*,#1479,.F.);
#1929=ORIENTED_EDGE('',*,*,#1480,.F.);
#1930=ORIENTED_EDGE('',*,*,#1481,.T.);
#1931=ORIENTED_EDGE('',*,*,#1482,.F.);
#1932=ORIENTED_EDGE('',*,*,#1481,.F.);
#1933=ORIENTED_EDGE('',*,*,#1480,.T.);
#1934=ORIENTED_EDGE('',*,*,#1483,.F.);
#1935=ORIENTED_EDGE('',*,*,#1478,.F.);
#1936=ORIENTED_EDGE('',*,*,#1477,.T.);
#1937=ORIENTED_EDGE('',*,*,#1484,.T.);
#1938=ORIENTED_EDGE('',*,*,#1485,.F.);
#1939=ORIENTED_EDGE('',*,*,#1486,.F.);
#1940=ORIENTED_EDGE('',*,*,#1485,.T.);
#1941=ORIENTED_EDGE('',*,*,#1484,.F.);
#1942=ORIENTED_EDGE('',*,*,#1487,.F.);
#1943=ORIENTED_EDGE('',*,*,#1488,.F.);
#1944=ORIENTED_EDGE('',*,*,#1489,.T.);
#1945=ORIENTED_EDGE('',*,*,#1490,.F.);
#1946=ORIENTED_EDGE('',*,*,#1488,.T.);
#1947=ORIENTED_EDGE('',*,*,#1491,.F.);
#1948=ORIENTED_EDGE('',*,*,#1489,.F.);
#1949=ORIENTED_EDGE('',*,*,#1487,.T.);
#1950=ORIENTED_EDGE('',*,*,#1492,.F.);
#1951=ORIENTED_EDGE('',*,*,#1493,.F.);
#1952=ORIENTED_EDGE('',*,*,#1494,.T.);
#1953=ORIENTED_EDGE('',*,*,#1491,.T.);
#1954=ORIENTED_EDGE('',*,*,#1494,.F.);
#1955=ORIENTED_EDGE('',*,*,#1495,.F.);
#1956=ORIENTED_EDGE('',*,*,#1496,.T.);
#1957=ORIENTED_EDGE('',*,*,#1490,.T.);
#1958=ORIENTED_EDGE('',*,*,#1496,.F.);
#1959=ORIENTED_EDGE('',*,*,#1497,.F.);
#1960=ORIENTED_EDGE('',*,*,#1498,.T.);
#1961=ORIENTED_EDGE('',*,*,#1486,.T.);
#1962=ORIENTED_EDGE('',*,*,#1498,.F.);
#1963=ORIENTED_EDGE('',*,*,#1499,.F.);
#1964=ORIENTED_EDGE('',*,*,#1492,.T.);
#1965=ORIENTED_EDGE('',*,*,#1500,.F.);
#1966=ORIENTED_EDGE('',*,*,#1501,.F.);
#1967=ORIENTED_EDGE('',*,*,#1502,.T.);
#1968=ORIENTED_EDGE('',*,*,#1503,.F.);
#1969=ORIENTED_EDGE('',*,*,#1504,.F.);
#1970=ORIENTED_EDGE('',*,*,#1505,.T.);
#1971=ORIENTED_EDGE('',*,*,#1506,.F.);
#1972=ORIENTED_EDGE('',*,*,#1505,.F.);
#1973=ORIENTED_EDGE('',*,*,#1504,.T.);
#1974=ORIENTED_EDGE('',*,*,#1507,.F.);
#1975=ORIENTED_EDGE('',*,*,#1502,.F.);
#1976=ORIENTED_EDGE('',*,*,#1501,.T.);
#1977=ORIENTED_EDGE('',*,*,#1508,.F.);
#1978=ORIENTED_EDGE('',*,*,#1509,.T.);
#1979=ORIENTED_EDGE('',*,*,#1510,.F.);
#1980=ORIENTED_EDGE('',*,*,#1509,.F.);
#1981=ORIENTED_EDGE('',*,*,#1508,.T.);
#1982=ORIENTED_EDGE('',*,*,#1511,.F.);
#1983=ORIENTED_EDGE('',*,*,#1512,.F.);
#1984=ORIENTED_EDGE('',*,*,#1513,.T.);
#1985=ORIENTED_EDGE('',*,*,#1514,.F.);
#1986=ORIENTED_EDGE('',*,*,#1513,.F.);
#1987=ORIENTED_EDGE('',*,*,#1512,.T.);
#1988=ORIENTED_EDGE('',*,*,#1515,.F.);
#1989=ORIENTED_EDGE('',*,*,#1514,.T.);
#1990=ORIENTED_EDGE('',*,*,#1516,.F.);
#1991=ORIENTED_EDGE('',*,*,#1517,.F.);
#1992=ORIENTED_EDGE('',*,*,#1518,.T.);
#1993=ORIENTED_EDGE('',*,*,#1510,.T.);
#1994=ORIENTED_EDGE('',*,*,#1518,.F.);
#1995=ORIENTED_EDGE('',*,*,#1519,.F.);
#1996=ORIENTED_EDGE('',*,*,#1520,.T.);
#1997=ORIENTED_EDGE('',*,*,#1515,.T.);
#1998=ORIENTED_EDGE('',*,*,#1521,.F.);
#1999=ORIENTED_EDGE('',*,*,#1522,.F.);
#2000=ORIENTED_EDGE('',*,*,#1516,.T.);
#2001=ORIENTED_EDGE('',*,*,#1511,.T.);
#2002=ORIENTED_EDGE('',*,*,#1520,.F.);
#2003=ORIENTED_EDGE('',*,*,#1523,.F.);
#2004=ORIENTED_EDGE('',*,*,#1521,.T.);
#2005=ORIENTED_EDGE('',*,*,#1524,.F.);
#2006=ORIENTED_EDGE('',*,*,#1525,.F.);
#2007=ORIENTED_EDGE('',*,*,#1526,.F.);
#2008=ORIENTED_EDGE('',*,*,#1527,.F.);
#2009=ORIENTED_EDGE('',*,*,#1472,.T.);
#2010=ORIENTED_EDGE('',*,*,#1431,.F.);
#2011=ORIENTED_EDGE('',*,*,#1528,.T.);
#2012=ORIENTED_EDGE('',*,*,#1529,.F.);
#2013=ORIENTED_EDGE('',*,*,#1530,.F.);
#2014=ORIENTED_EDGE('',*,*,#1531,.F.);
#2015=ORIENTED_EDGE('',*,*,#1532,.F.);
#2016=ORIENTED_EDGE('',*,*,#1533,.F.);
#2017=ORIENTED_EDGE('',*,*,#1534,.T.);
#2018=ORIENTED_EDGE('',*,*,#1535,.T.);
#2019=ORIENTED_EDGE('',*,*,#1529,.T.);
#2020=ORIENTED_EDGE('',*,*,#1536,.T.);
#2021=ORIENTED_EDGE('',*,*,#1537,.F.);
#2022=ORIENTED_EDGE('',*,*,#1538,.T.);
#2023=ORIENTED_EDGE('',*,*,#1527,.T.);
#2024=ORIENTED_EDGE('',*,*,#1539,.F.);
#2025=ORIENTED_EDGE('',*,*,#1540,.F.);
#2026=ORIENTED_EDGE('',*,*,#1473,.T.);
#2027=ORIENTED_EDGE('',*,*,#1526,.T.);
#2028=ORIENTED_EDGE('',*,*,#1541,.F.);
#2029=ORIENTED_EDGE('',*,*,#1542,.F.);
#2030=ORIENTED_EDGE('',*,*,#1539,.T.);
#2031=ORIENTED_EDGE('',*,*,#1525,.T.);
#2032=ORIENTED_EDGE('',*,*,#1543,.F.);
#2033=ORIENTED_EDGE('',*,*,#1544,.F.);
#2034=ORIENTED_EDGE('',*,*,#1541,.T.);
#2035=ORIENTED_EDGE('',*,*,#1460,.T.);
#2036=ORIENTED_EDGE('',*,*,#1545,.F.);
#2037=ORIENTED_EDGE('',*,*,#1534,.F.);
#2038=ORIENTED_EDGE('',*,*,#1546,.F.);
#2039=ORIENTED_EDGE('',*,*,#1547,.F.);
#2040=ORIENTED_EDGE('',*,*,#1536,.F.);
#2041=ORIENTED_EDGE('',*,*,#1528,.F.);
#2042=ORIENTED_EDGE('',*,*,#1430,.F.);
#2043=ORIENTED_EDGE('',*,*,#1459,.T.);
#2044=ORIENTED_EDGE('',*,*,#1475,.F.);
#2045=ORIENTED_EDGE('',*,*,#1548,.F.);
#2046=ORIENTED_EDGE('',*,*,#1549,.F.);
#2047=ORIENTED_EDGE('',*,*,#1535,.F.);
#2048=ORIENTED_EDGE('',*,*,#1545,.T.);
#2049=ORIENTED_EDGE('',*,*,#1524,.T.);
#2050=ORIENTED_EDGE('',*,*,#1549,.T.);
#2051=ORIENTED_EDGE('',*,*,#1550,.F.);
#2052=ORIENTED_EDGE('',*,*,#1543,.T.);
#2053=ORIENTED_EDGE('',*,*,#1548,.T.);
#2054=ORIENTED_EDGE('',*,*,#1474,.T.);
#2055=ORIENTED_EDGE('',*,*,#1540,.T.);
#2056=ORIENTED_EDGE('',*,*,#1542,.T.);
#2057=ORIENTED_EDGE('',*,*,#1544,.T.);
#2058=ORIENTED_EDGE('',*,*,#1550,.T.);
#2059=ORIENTED_EDGE('',*,*,#1437,.T.);
#2060=ORIENTED_EDGE('',*,*,#1551,.F.);
#2061=ORIENTED_EDGE('',*,*,#1552,.F.);
#2062=ORIENTED_EDGE('',*,*,#1553,.F.);
#2063=ORIENTED_EDGE('',*,*,#1554,.F.);
#2064=ORIENTED_EDGE('',*,*,#1555,.F.);
#2065=ORIENTED_EDGE('',*,*,#1493,.T.);
#2066=ORIENTED_EDGE('',*,*,#1499,.T.);
#2067=ORIENTED_EDGE('',*,*,#1497,.T.);
#2068=ORIENTED_EDGE('',*,*,#1495,.T.);
#2069=ORIENTED_EDGE('',*,*,#1517,.T.);
#2070=ORIENTED_EDGE('',*,*,#1522,.T.);
#2071=ORIENTED_EDGE('',*,*,#1523,.T.);
#2072=ORIENTED_EDGE('',*,*,#1519,.T.);
#2073=ORIENTED_EDGE('',*,*,#1531,.T.);
#2074=ORIENTED_EDGE('',*,*,#1556,.F.);
#2075=ORIENTED_EDGE('',*,*,#1557,.F.);
#2076=ORIENTED_EDGE('',*,*,#1558,.T.);
#2077=ORIENTED_EDGE('',*,*,#1532,.T.);
#2078=ORIENTED_EDGE('',*,*,#1558,.F.);
#2079=ORIENTED_EDGE('',*,*,#1559,.F.);
#2080=ORIENTED_EDGE('',*,*,#1560,.T.);
#2081=ORIENTED_EDGE('',*,*,#1533,.T.);
#2082=ORIENTED_EDGE('',*,*,#1560,.F.);
#2083=ORIENTED_EDGE('',*,*,#1561,.F.);
#2084=ORIENTED_EDGE('',*,*,#1546,.T.);
#2085=ORIENTED_EDGE('',*,*,#1530,.T.);
#2086=ORIENTED_EDGE('',*,*,#1538,.F.);
#2087=ORIENTED_EDGE('',*,*,#1562,.F.);
#2088=ORIENTED_EDGE('',*,*,#1556,.T.);
#2089=ORIENTED_EDGE('',*,*,#1547,.T.);
#2090=ORIENTED_EDGE('',*,*,#1561,.T.);
#2091=ORIENTED_EDGE('',*,*,#1559,.T.);
#2092=ORIENTED_EDGE('',*,*,#1557,.T.);
#2093=ORIENTED_EDGE('',*,*,#1562,.T.);
#2094=ORIENTED_EDGE('',*,*,#1537,.T.);
#2095=ORIENTED_EDGE('',*,*,#1555,.T.);
#2096=ORIENTED_EDGE('',*,*,#1563,.T.);
#2097=ORIENTED_EDGE('',*,*,#1467,.F.);
#2098=ORIENTED_EDGE('',*,*,#1438,.F.);
#2099=ORIENTED_EDGE('',*,*,#1551,.T.);
#2100=ORIENTED_EDGE('',*,*,#1436,.T.);
#2101=ORIENTED_EDGE('',*,*,#1471,.F.);
#2102=ORIENTED_EDGE('',*,*,#1564,.F.);
#2103=ORIENTED_EDGE('',*,*,#1552,.T.);
#2104=ORIENTED_EDGE('',*,*,#1564,.T.);
#2105=ORIENTED_EDGE('',*,*,#1470,.F.);
#2106=ORIENTED_EDGE('',*,*,#1565,.F.);
#2107=ORIENTED_EDGE('',*,*,#1503,.T.);
#2108=ORIENTED_EDGE('',*,*,#1506,.T.);
#2109=ORIENTED_EDGE('',*,*,#1500,.T.);
#2110=ORIENTED_EDGE('',*,*,#1507,.T.);
#2111=ORIENTED_EDGE('',*,*,#1553,.T.);
#2112=ORIENTED_EDGE('',*,*,#1565,.T.);
#2113=ORIENTED_EDGE('',*,*,#1469,.F.);
#2114=ORIENTED_EDGE('',*,*,#1566,.F.);
#2115=ORIENTED_EDGE('',*,*,#1554,.T.);
#2116=ORIENTED_EDGE('',*,*,#1566,.T.);
#2117=ORIENTED_EDGE('',*,*,#1468,.F.);
#2118=ORIENTED_EDGE('',*,*,#1563,.F.);
#2119=ORIENTED_EDGE('',*,*,#1479,.T.);
#2120=ORIENTED_EDGE('',*,*,#1482,.T.);
#2121=ORIENTED_EDGE('',*,*,#1476,.T.);
#2122=ORIENTED_EDGE('',*,*,#1483,.T.);
#2123=ORIENTED_EDGE('',*,*,#1567,.F.);
#2124=ORIENTED_EDGE('',*,*,#1568,.T.);
#2125=ORIENTED_EDGE('',*,*,#1569,.F.);
#2126=ORIENTED_EDGE('',*,*,#1570,.T.);
#2127=ORIENTED_EDGE('',*,*,#1571,.F.);
#2128=ORIENTED_EDGE('',*,*,#1572,.F.);
#2129=ORIENTED_EDGE('',*,*,#1573,.F.);
#2130=ORIENTED_EDGE('',*,*,#1574,.T.);
#2131=ORIENTED_EDGE('',*,*,#1575,.F.);
#2132=ORIENTED_EDGE('',*,*,#1570,.F.);
#2133=ORIENTED_EDGE('',*,*,#1576,.F.);
#2134=ORIENTED_EDGE('',*,*,#1577,.T.);
#2135=ORIENTED_EDGE('',*,*,#1578,.F.);
#2136=ORIENTED_EDGE('',*,*,#1574,.F.);
#2137=ORIENTED_EDGE('',*,*,#1579,.F.);
#2138=ORIENTED_EDGE('',*,*,#1580,.T.);
#2139=ORIENTED_EDGE('',*,*,#1581,.F.);
#2140=ORIENTED_EDGE('',*,*,#1577,.F.);
#2141=ORIENTED_EDGE('',*,*,#1582,.F.);
#2142=ORIENTED_EDGE('',*,*,#1568,.F.);
#2143=ORIENTED_EDGE('',*,*,#1583,.F.);
#2144=ORIENTED_EDGE('',*,*,#1580,.F.);
#2145=ORIENTED_EDGE('',*,*,#1584,.F.);
#2146=ORIENTED_EDGE('',*,*,#1572,.T.);
#2147=ORIENTED_EDGE('',*,*,#1581,.T.);
#2148=ORIENTED_EDGE('',*,*,#1585,.F.);
#2149=ORIENTED_EDGE('',*,*,#1586,.F.);
#2150=ORIENTED_EDGE('',*,*,#1587,.T.);
#2151=ORIENTED_EDGE('',*,*,#1579,.T.);
#2152=ORIENTED_EDGE('',*,*,#1588,.T.);
#2153=ORIENTED_EDGE('',*,*,#1589,.F.);
#2154=ORIENTED_EDGE('',*,*,#1590,.F.);
#2155=ORIENTED_EDGE('',*,*,#1578,.T.);
#2156=ORIENTED_EDGE('',*,*,#1587,.F.);
#2157=ORIENTED_EDGE('',*,*,#1591,.T.);
#2158=ORIENTED_EDGE('',*,*,#1592,.T.);
#2159=ORIENTED_EDGE('',*,*,#1576,.T.);
#2160=ORIENTED_EDGE('',*,*,#1593,.T.);
#2161=ORIENTED_EDGE('',*,*,#1594,.F.);
#2162=ORIENTED_EDGE('',*,*,#1588,.F.);
#2163=ORIENTED_EDGE('',*,*,#1569,.T.);
#2164=ORIENTED_EDGE('',*,*,#1584,.T.);
#2165=ORIENTED_EDGE('',*,*,#1571,.T.);
#2166=ORIENTED_EDGE('',*,*,#1595,.F.);
#2167=ORIENTED_EDGE('',*,*,#1596,.T.);
#2168=ORIENTED_EDGE('',*,*,#1597,.T.);
#2169=ORIENTED_EDGE('',*,*,#1598,.F.);
#2170=ORIENTED_EDGE('',*,*,#1599,.F.);
#2171=ORIENTED_EDGE('',*,*,#1575,.T.);
#2172=ORIENTED_EDGE('',*,*,#1592,.F.);
#2173=ORIENTED_EDGE('',*,*,#1600,.F.);
#2174=ORIENTED_EDGE('',*,*,#1595,.T.);
#2175=ORIENTED_EDGE('',*,*,#1573,.T.);
#2176=ORIENTED_EDGE('',*,*,#1599,.T.);
#2177=ORIENTED_EDGE('',*,*,#1601,.F.);
#2178=ORIENTED_EDGE('',*,*,#1593,.F.);
#2179=ORIENTED_EDGE('',*,*,#1602,.F.);
#2180=ORIENTED_EDGE('',*,*,#1603,.F.);
#2181=ORIENTED_EDGE('',*,*,#1604,.F.);
#2182=ORIENTED_EDGE('',*,*,#1605,.F.);
#2183=ORIENTED_EDGE('',*,*,#1606,.F.);
#2184=ORIENTED_EDGE('',*,*,#1607,.F.);
#2185=ORIENTED_EDGE('',*,*,#1608,.F.);
#2186=ORIENTED_EDGE('',*,*,#1609,.F.);
#2187=ORIENTED_EDGE('',*,*,#1610,.F.);
#2188=ORIENTED_EDGE('',*,*,#1607,.T.);
#2189=ORIENTED_EDGE('',*,*,#1611,.F.);
#2190=ORIENTED_EDGE('',*,*,#1612,.F.);
#2191=ORIENTED_EDGE('',*,*,#1613,.F.);
#2192=ORIENTED_EDGE('',*,*,#1614,.F.);
#2193=ORIENTED_EDGE('',*,*,#1615,.T.);
#2194=ORIENTED_EDGE('',*,*,#1603,.T.);
#2195=ORIENTED_EDGE('',*,*,#1613,.T.);
#2196=ORIENTED_EDGE('',*,*,#1602,.T.);
#2197=ORIENTED_EDGE('',*,*,#1616,.F.);
#2198=ORIENTED_EDGE('',*,*,#1617,.F.);
#2199=ORIENTED_EDGE('',*,*,#1618,.T.);
#2200=ORIENTED_EDGE('',*,*,#1619,.F.);
#2201=ORIENTED_EDGE('',*,*,#1620,.F.);
#2202=ORIENTED_EDGE('',*,*,#1621,.T.);
#2203=ORIENTED_EDGE('',*,*,#1614,.T.);
#2204=ORIENTED_EDGE('',*,*,#1620,.T.);
#2205=ORIENTED_EDGE('',*,*,#1622,.T.);
#2206=ORIENTED_EDGE('',*,*,#1623,.F.);
#2207=ORIENTED_EDGE('',*,*,#1624,.T.);
#2208=ORIENTED_EDGE('',*,*,#1625,.T.);
#2209=ORIENTED_EDGE('',*,*,#1589,.T.);
#2210=ORIENTED_EDGE('',*,*,#1594,.T.);
#2211=ORIENTED_EDGE('',*,*,#1601,.T.);
#2212=ORIENTED_EDGE('',*,*,#1598,.T.);
#2213=ORIENTED_EDGE('',*,*,#1626,.T.);
#2214=ORIENTED_EDGE('',*,*,#1627,.T.);
#2215=ORIENTED_EDGE('',*,*,#1628,.T.);
#2216=ORIENTED_EDGE('',*,*,#1629,.T.);
#2217=ORIENTED_EDGE('',*,*,#1612,.T.);
#2218=ORIENTED_EDGE('',*,*,#1630,.T.);
#2219=ORIENTED_EDGE('',*,*,#1631,.T.);
#2220=ORIENTED_EDGE('',*,*,#1609,.T.);
#2221=ORIENTED_EDGE('',*,*,#1632,.F.);
#2222=ORIENTED_EDGE('',*,*,#1633,.F.);
#2223=ORIENTED_EDGE('',*,*,#1616,.T.);
#2224=ORIENTED_EDGE('',*,*,#1608,.T.);
#2225=ORIENTED_EDGE('',*,*,#1610,.T.);
#2226=ORIENTED_EDGE('',*,*,#1629,.F.);
#2227=ORIENTED_EDGE('',*,*,#1634,.F.);
#2228=ORIENTED_EDGE('',*,*,#1635,.F.);
#2229=ORIENTED_EDGE('',*,*,#1636,.F.);
#2230=ORIENTED_EDGE('',*,*,#1632,.T.);
#2231=ORIENTED_EDGE('',*,*,#1637,.F.);
#2232=ORIENTED_EDGE('',*,*,#1623,.T.);
#2233=ORIENTED_EDGE('',*,*,#1638,.T.);
#2234=ORIENTED_EDGE('',*,*,#1639,.F.);
#2235=ORIENTED_EDGE('',*,*,#1640,.F.);
#2236=ORIENTED_EDGE('',*,*,#1641,.T.);
#2237=ORIENTED_EDGE('',*,*,#1642,.T.);
#2238=ORIENTED_EDGE('',*,*,#1627,.F.);
#2239=ORIENTED_EDGE('',*,*,#1643,.F.);
#2240=ORIENTED_EDGE('',*,*,#1639,.T.);
#2241=ORIENTED_EDGE('',*,*,#1644,.T.);
#2242=ORIENTED_EDGE('',*,*,#1641,.F.);
#2243=ORIENTED_EDGE('',*,*,#1644,.F.);
#2244=ORIENTED_EDGE('',*,*,#1638,.F.);
#2245=ORIENTED_EDGE('',*,*,#1622,.F.);
#2246=ORIENTED_EDGE('',*,*,#1645,.F.);
#2247=ORIENTED_EDGE('',*,*,#1628,.F.);
#2248=ORIENTED_EDGE('',*,*,#1642,.F.);
#2249=ORIENTED_EDGE('',*,*,#1637,.T.);
#2250=ORIENTED_EDGE('',*,*,#1643,.T.);
#2251=ORIENTED_EDGE('',*,*,#1640,.T.);
#2252=ORIENTED_EDGE('',*,*,#1626,.F.);
#2253=ORIENTED_EDGE('',*,*,#1597,.F.);
#2254=ORIENTED_EDGE('',*,*,#1646,.F.);
#2255=ORIENTED_EDGE('',*,*,#1647,.T.);
#2256=ORIENTED_EDGE('',*,*,#1648,.F.);
#2257=ORIENTED_EDGE('',*,*,#1649,.F.);
#2258=ORIENTED_EDGE('',*,*,#1650,.F.);
#2259=ORIENTED_EDGE('',*,*,#1651,.T.);
#2260=ORIENTED_EDGE('',*,*,#1624,.F.);
#2261=ORIENTED_EDGE('',*,*,#1652,.T.);
#2262=ORIENTED_EDGE('',*,*,#1653,.T.);
#2263=ORIENTED_EDGE('',*,*,#1654,.F.);
#2264=ORIENTED_EDGE('',*,*,#1655,.T.);
#2265=ORIENTED_EDGE('',*,*,#1656,.T.);
#2266=ORIENTED_EDGE('',*,*,#1657,.F.);
#2267=ORIENTED_EDGE('',*,*,#1658,.F.);
#2268=ORIENTED_EDGE('',*,*,#1659,.T.);
#2269=ORIENTED_EDGE('',*,*,#1660,.T.);
#2270=ORIENTED_EDGE('',*,*,#1655,.F.);
#2271=ORIENTED_EDGE('',*,*,#1661,.F.);
#2272=ORIENTED_EDGE('',*,*,#1662,.T.);
#2273=ORIENTED_EDGE('',*,*,#1663,.T.);
#2274=ORIENTED_EDGE('',*,*,#1659,.F.);
#2275=ORIENTED_EDGE('',*,*,#1664,.F.);
#2276=ORIENTED_EDGE('',*,*,#1665,.T.);
#2277=ORIENTED_EDGE('',*,*,#1666,.T.);
#2278=ORIENTED_EDGE('',*,*,#1662,.F.);
#2279=ORIENTED_EDGE('',*,*,#1667,.F.);
#2280=ORIENTED_EDGE('',*,*,#1668,.T.);
#2281=ORIENTED_EDGE('',*,*,#1669,.T.);
#2282=ORIENTED_EDGE('',*,*,#1665,.F.);
#2283=ORIENTED_EDGE('',*,*,#1670,.F.);
#2284=ORIENTED_EDGE('',*,*,#1671,.T.);
#2285=ORIENTED_EDGE('',*,*,#1672,.T.);
#2286=ORIENTED_EDGE('',*,*,#1668,.F.);
#2287=ORIENTED_EDGE('',*,*,#1673,.F.);
#2288=ORIENTED_EDGE('',*,*,#1674,.T.);
#2289=ORIENTED_EDGE('',*,*,#1675,.T.);
#2290=ORIENTED_EDGE('',*,*,#1671,.F.);
#2291=ORIENTED_EDGE('',*,*,#1676,.F.);
#2292=ORIENTED_EDGE('',*,*,#1677,.T.);
#2293=ORIENTED_EDGE('',*,*,#1678,.T.);
#2294=ORIENTED_EDGE('',*,*,#1674,.F.);
#2295=ORIENTED_EDGE('',*,*,#1679,.F.);
#2296=ORIENTED_EDGE('',*,*,#1657,.T.);
#2297=ORIENTED_EDGE('',*,*,#1680,.T.);
#2298=ORIENTED_EDGE('',*,*,#1677,.F.);
#2299=ORIENTED_EDGE('',*,*,#1680,.F.);
#2300=ORIENTED_EDGE('',*,*,#1656,.F.);
#2301=ORIENTED_EDGE('',*,*,#1660,.F.);
#2302=ORIENTED_EDGE('',*,*,#1663,.F.);
#2303=ORIENTED_EDGE('',*,*,#1666,.F.);
#2304=ORIENTED_EDGE('',*,*,#1669,.F.);
#2305=ORIENTED_EDGE('',*,*,#1672,.F.);
#2306=ORIENTED_EDGE('',*,*,#1675,.F.);
#2307=ORIENTED_EDGE('',*,*,#1678,.F.);
#2308=ORIENTED_EDGE('',*,*,#1681,.F.);
#2309=ORIENTED_EDGE('',*,*,#1682,.T.);
#2310=ORIENTED_EDGE('',*,*,#1683,.T.);
#2311=ORIENTED_EDGE('',*,*,#1684,.F.);
#2312=ORIENTED_EDGE('',*,*,#1685,.F.);
#2313=ORIENTED_EDGE('',*,*,#1686,.T.);
#2314=ORIENTED_EDGE('',*,*,#1687,.T.);
#2315=ORIENTED_EDGE('',*,*,#1682,.F.);
#2316=ORIENTED_EDGE('',*,*,#1688,.F.);
#2317=ORIENTED_EDGE('',*,*,#1689,.T.);
#2318=ORIENTED_EDGE('',*,*,#1690,.T.);
#2319=ORIENTED_EDGE('',*,*,#1686,.F.);
#2320=ORIENTED_EDGE('',*,*,#1691,.F.);
#2321=ORIENTED_EDGE('',*,*,#1692,.T.);
#2322=ORIENTED_EDGE('',*,*,#1693,.T.);
#2323=ORIENTED_EDGE('',*,*,#1689,.F.);
#2324=ORIENTED_EDGE('',*,*,#1694,.F.);
#2325=ORIENTED_EDGE('',*,*,#1695,.T.);
#2326=ORIENTED_EDGE('',*,*,#1696,.T.);
#2327=ORIENTED_EDGE('',*,*,#1692,.F.);
#2328=ORIENTED_EDGE('',*,*,#1697,.F.);
#2329=ORIENTED_EDGE('',*,*,#1698,.T.);
#2330=ORIENTED_EDGE('',*,*,#1699,.T.);
#2331=ORIENTED_EDGE('',*,*,#1695,.F.);
#2332=ORIENTED_EDGE('',*,*,#1700,.F.);
#2333=ORIENTED_EDGE('',*,*,#1701,.T.);
#2334=ORIENTED_EDGE('',*,*,#1702,.T.);
#2335=ORIENTED_EDGE('',*,*,#1698,.F.);
#2336=ORIENTED_EDGE('',*,*,#1703,.F.);
#2337=ORIENTED_EDGE('',*,*,#1704,.T.);
#2338=ORIENTED_EDGE('',*,*,#1705,.T.);
#2339=ORIENTED_EDGE('',*,*,#1701,.F.);
#2340=ORIENTED_EDGE('',*,*,#1706,.F.);
#2341=ORIENTED_EDGE('',*,*,#1684,.T.);
#2342=ORIENTED_EDGE('',*,*,#1707,.T.);
#2343=ORIENTED_EDGE('',*,*,#1704,.F.);
#2344=ORIENTED_EDGE('',*,*,#1707,.F.);
#2345=ORIENTED_EDGE('',*,*,#1683,.F.);
#2346=ORIENTED_EDGE('',*,*,#1687,.F.);
#2347=ORIENTED_EDGE('',*,*,#1690,.F.);
#2348=ORIENTED_EDGE('',*,*,#1693,.F.);
#2349=ORIENTED_EDGE('',*,*,#1696,.F.);
#2350=ORIENTED_EDGE('',*,*,#1699,.F.);
#2351=ORIENTED_EDGE('',*,*,#1702,.F.);
#2352=ORIENTED_EDGE('',*,*,#1705,.F.);
#2353=ORIENTED_EDGE('',*,*,#1708,.F.);
#2354=ORIENTED_EDGE('',*,*,#1709,.T.);
#2355=ORIENTED_EDGE('',*,*,#1710,.T.);
#2356=ORIENTED_EDGE('',*,*,#1711,.F.);
#2357=ORIENTED_EDGE('',*,*,#1712,.F.);
#2358=ORIENTED_EDGE('',*,*,#1713,.T.);
#2359=ORIENTED_EDGE('',*,*,#1714,.T.);
#2360=ORIENTED_EDGE('',*,*,#1709,.F.);
#2361=ORIENTED_EDGE('',*,*,#1715,.F.);
#2362=ORIENTED_EDGE('',*,*,#1716,.T.);
#2363=ORIENTED_EDGE('',*,*,#1717,.T.);
#2364=ORIENTED_EDGE('',*,*,#1713,.F.);
#2365=ORIENTED_EDGE('',*,*,#1718,.F.);
#2366=ORIENTED_EDGE('',*,*,#1719,.T.);
#2367=ORIENTED_EDGE('',*,*,#1720,.T.);
#2368=ORIENTED_EDGE('',*,*,#1716,.F.);
#2369=ORIENTED_EDGE('',*,*,#1721,.F.);
#2370=ORIENTED_EDGE('',*,*,#1722,.T.);
#2371=ORIENTED_EDGE('',*,*,#1723,.T.);
#2372=ORIENTED_EDGE('',*,*,#1719,.F.);
#2373=ORIENTED_EDGE('',*,*,#1724,.F.);
#2374=ORIENTED_EDGE('',*,*,#1725,.T.);
#2375=ORIENTED_EDGE('',*,*,#1726,.T.);
#2376=ORIENTED_EDGE('',*,*,#1722,.F.);
#2377=ORIENTED_EDGE('',*,*,#1727,.F.);
#2378=ORIENTED_EDGE('',*,*,#1728,.T.);
#2379=ORIENTED_EDGE('',*,*,#1729,.T.);
#2380=ORIENTED_EDGE('',*,*,#1725,.F.);
#2381=ORIENTED_EDGE('',*,*,#1730,.F.);
#2382=ORIENTED_EDGE('',*,*,#1731,.T.);
#2383=ORIENTED_EDGE('',*,*,#1732,.T.);
#2384=ORIENTED_EDGE('',*,*,#1728,.F.);
#2385=ORIENTED_EDGE('',*,*,#1733,.F.);
#2386=ORIENTED_EDGE('',*,*,#1711,.T.);
#2387=ORIENTED_EDGE('',*,*,#1734,.T.);
#2388=ORIENTED_EDGE('',*,*,#1731,.F.);
#2389=ORIENTED_EDGE('',*,*,#1734,.F.);
#2390=ORIENTED_EDGE('',*,*,#1710,.F.);
#2391=ORIENTED_EDGE('',*,*,#1714,.F.);
#2392=ORIENTED_EDGE('',*,*,#1717,.F.);
#2393=ORIENTED_EDGE('',*,*,#1720,.F.);
#2394=ORIENTED_EDGE('',*,*,#1723,.F.);
#2395=ORIENTED_EDGE('',*,*,#1726,.F.);
#2396=ORIENTED_EDGE('',*,*,#1729,.F.);
#2397=ORIENTED_EDGE('',*,*,#1732,.F.);
#2398=ORIENTED_EDGE('',*,*,#1735,.F.);
#2399=ORIENTED_EDGE('',*,*,#1736,.T.);
#2400=ORIENTED_EDGE('',*,*,#1737,.T.);
#2401=ORIENTED_EDGE('',*,*,#1738,.F.);
#2402=ORIENTED_EDGE('',*,*,#1739,.F.);
#2403=ORIENTED_EDGE('',*,*,#1740,.T.);
#2404=ORIENTED_EDGE('',*,*,#1741,.T.);
#2405=ORIENTED_EDGE('',*,*,#1736,.F.);
#2406=ORIENTED_EDGE('',*,*,#1742,.F.);
#2407=ORIENTED_EDGE('',*,*,#1743,.T.);
#2408=ORIENTED_EDGE('',*,*,#1744,.T.);
#2409=ORIENTED_EDGE('',*,*,#1740,.F.);
#2410=ORIENTED_EDGE('',*,*,#1745,.F.);
#2411=ORIENTED_EDGE('',*,*,#1746,.T.);
#2412=ORIENTED_EDGE('',*,*,#1747,.T.);
#2413=ORIENTED_EDGE('',*,*,#1743,.F.);
#2414=ORIENTED_EDGE('',*,*,#1748,.F.);
#2415=ORIENTED_EDGE('',*,*,#1749,.T.);
#2416=ORIENTED_EDGE('',*,*,#1750,.T.);
#2417=ORIENTED_EDGE('',*,*,#1746,.F.);
#2418=ORIENTED_EDGE('',*,*,#1751,.F.);
#2419=ORIENTED_EDGE('',*,*,#1752,.T.);
#2420=ORIENTED_EDGE('',*,*,#1753,.T.);
#2421=ORIENTED_EDGE('',*,*,#1749,.F.);
#2422=ORIENTED_EDGE('',*,*,#1754,.F.);
#2423=ORIENTED_EDGE('',*,*,#1755,.T.);
#2424=ORIENTED_EDGE('',*,*,#1756,.T.);
#2425=ORIENTED_EDGE('',*,*,#1752,.F.);
#2426=ORIENTED_EDGE('',*,*,#1757,.F.);
#2427=ORIENTED_EDGE('',*,*,#1758,.T.);
#2428=ORIENTED_EDGE('',*,*,#1759,.T.);
#2429=ORIENTED_EDGE('',*,*,#1755,.F.);
#2430=ORIENTED_EDGE('',*,*,#1760,.F.);
#2431=ORIENTED_EDGE('',*,*,#1738,.T.);
#2432=ORIENTED_EDGE('',*,*,#1761,.T.);
#2433=ORIENTED_EDGE('',*,*,#1758,.F.);
#2434=ORIENTED_EDGE('',*,*,#1761,.F.);
#2435=ORIENTED_EDGE('',*,*,#1737,.F.);
#2436=ORIENTED_EDGE('',*,*,#1741,.F.);
#2437=ORIENTED_EDGE('',*,*,#1744,.F.);
#2438=ORIENTED_EDGE('',*,*,#1747,.F.);
#2439=ORIENTED_EDGE('',*,*,#1750,.F.);
#2440=ORIENTED_EDGE('',*,*,#1753,.F.);
#2441=ORIENTED_EDGE('',*,*,#1756,.F.);
#2442=ORIENTED_EDGE('',*,*,#1759,.F.);
#2443=ORIENTED_EDGE('',*,*,#1653,.F.);
#2444=ORIENTED_EDGE('',*,*,#1762,.T.);
#2445=ORIENTED_EDGE('',*,*,#1762,.F.);
#2446=ORIENTED_EDGE('',*,*,#1652,.F.);
#2447=ORIENTED_EDGE('',*,*,#1763,.T.);
#2448=ORIENTED_EDGE('',*,*,#1763,.F.);
#2449=ORIENTED_EDGE('',*,*,#1764,.T.);
#2450=ORIENTED_EDGE('',*,*,#1765,.T.);
#2451=ORIENTED_EDGE('',*,*,#1766,.T.);
#2452=ORIENTED_EDGE('',*,*,#1767,.T.);
#2453=ORIENTED_EDGE('',*,*,#1764,.F.);
#2454=ORIENTED_EDGE('',*,*,#1768,.F.);
#2455=ORIENTED_EDGE('',*,*,#1769,.T.);
#2456=ORIENTED_EDGE('',*,*,#1770,.F.);
#2457=ORIENTED_EDGE('',*,*,#1767,.F.);
#2458=ORIENTED_EDGE('',*,*,#1771,.T.);
#2459=ORIENTED_EDGE('',*,*,#1772,.F.);
#2460=ORIENTED_EDGE('',*,*,#1773,.T.);
#2461=ORIENTED_EDGE('',*,*,#1648,.T.);
#2462=ORIENTED_EDGE('',*,*,#1774,.T.);
#2463=ORIENTED_EDGE('',*,*,#1775,.T.);
#2464=ORIENTED_EDGE('',*,*,#1772,.T.);
#2465=ORIENTED_EDGE('',*,*,#1776,.T.);
#2466=ORIENTED_EDGE('',*,*,#1777,.T.);
#2467=ORIENTED_EDGE('',*,*,#1775,.F.);
#2468=ORIENTED_EDGE('',*,*,#1778,.F.);
#2469=ORIENTED_EDGE('',*,*,#1779,.F.);
#2470=ORIENTED_EDGE('',*,*,#1780,.T.);
#2471=ORIENTED_EDGE('',*,*,#1766,.F.);
#2472=ORIENTED_EDGE('',*,*,#1781,.F.);
#2473=ORIENTED_EDGE('',*,*,#1782,.F.);
#2474=ORIENTED_EDGE('',*,*,#1783,.F.);
#2475=ORIENTED_EDGE('',*,*,#1784,.F.);
#2476=ORIENTED_EDGE('',*,*,#1782,.T.);
#2477=ORIENTED_EDGE('',*,*,#1785,.F.);
#2478=ORIENTED_EDGE('',*,*,#1769,.F.);
#2479=ORIENTED_EDGE('',*,*,#1786,.F.);
#2480=ORIENTED_EDGE('',*,*,#1765,.F.);
#2481=ORIENTED_EDGE('',*,*,#1770,.T.);
#2482=ORIENTED_EDGE('',*,*,#1785,.T.);
#2483=ORIENTED_EDGE('',*,*,#1781,.T.);
#2484=ORIENTED_EDGE('',*,*,#1776,.F.);
#2485=ORIENTED_EDGE('',*,*,#1787,.F.);
#2486=ORIENTED_EDGE('',*,*,#1788,.T.);
#2487=ORIENTED_EDGE('',*,*,#1789,.F.);
#2488=ORIENTED_EDGE('',*,*,#1790,.F.);
#2489=ORIENTED_EDGE('',*,*,#1779,.T.);
#2490=ORIENTED_EDGE('',*,*,#1791,.F.);
#2491=ORIENTED_EDGE('',*,*,#1788,.F.);
#2492=ORIENTED_EDGE('',*,*,#1792,.F.);
#2493=ORIENTED_EDGE('',*,*,#1777,.F.);
#2494=ORIENTED_EDGE('',*,*,#1789,.T.);
#2495=ORIENTED_EDGE('',*,*,#1791,.T.);
#2496=ORIENTED_EDGE('',*,*,#1778,.T.);
#2497=ORIENTED_EDGE('',*,*,#1784,.T.);
#2498=ORIENTED_EDGE('',*,*,#1793,.F.);
#2499=ORIENTED_EDGE('',*,*,#1794,.F.);
#2500=ORIENTED_EDGE('',*,*,#1635,.T.);
#2501=ORIENTED_EDGE('',*,*,#1795,.F.);
#2502=ORIENTED_EDGE('',*,*,#1618,.F.);
#2503=ORIENTED_EDGE('',*,*,#1796,.F.);
#2504=ORIENTED_EDGE('',*,*,#1797,.T.);
#2505=ORIENTED_EDGE('',*,*,#1792,.T.);
#2506=ORIENTED_EDGE('',*,*,#1787,.T.);
#2507=ORIENTED_EDGE('',*,*,#1771,.F.);
#2508=ORIENTED_EDGE('',*,*,#1783,.T.);
#2509=ORIENTED_EDGE('',*,*,#1645,.T.);
#2510=ORIENTED_EDGE('',*,*,#1619,.T.);
#2511=ORIENTED_EDGE('',*,*,#1795,.T.);
#2512=ORIENTED_EDGE('',*,*,#1634,.T.);
#2513=ORIENTED_EDGE('',*,*,#1798,.F.);
#2514=ORIENTED_EDGE('',*,*,#1799,.T.);
#2515=ORIENTED_EDGE('',*,*,#1631,.F.);
#2516=ORIENTED_EDGE('',*,*,#1800,.F.);
#2517=ORIENTED_EDGE('',*,*,#1801,.F.);
#2518=ORIENTED_EDGE('',*,*,#1800,.T.);
#2519=ORIENTED_EDGE('',*,*,#1630,.F.);
#2520=ORIENTED_EDGE('',*,*,#1611,.T.);
#2521=ORIENTED_EDGE('',*,*,#1606,.T.);
#2522=ORIENTED_EDGE('',*,*,#1802,.F.);
#2523=ORIENTED_EDGE('',*,*,#1605,.T.);
#2524=ORIENTED_EDGE('',*,*,#1803,.F.);
#2525=ORIENTED_EDGE('',*,*,#1804,.F.);
#2526=ORIENTED_EDGE('',*,*,#1802,.T.);
#2527=ORIENTED_EDGE('',*,*,#1805,.F.);
#2528=ORIENTED_EDGE('',*,*,#1803,.T.);
#2529=ORIENTED_EDGE('',*,*,#1604,.T.);
#2530=ORIENTED_EDGE('',*,*,#1615,.F.);
#2531=ORIENTED_EDGE('',*,*,#1621,.F.);
#2532=ORIENTED_EDGE('',*,*,#1799,.F.);
#2533=ORIENTED_EDGE('',*,*,#1582,.T.);
#2534=ORIENTED_EDGE('',*,*,#1590,.T.);
#2535=ORIENTED_EDGE('',*,*,#1625,.F.);
#2536=ORIENTED_EDGE('',*,*,#1651,.F.);
#2537=ORIENTED_EDGE('',*,*,#1806,.T.);
#2538=ORIENTED_EDGE('',*,*,#1585,.T.);
#2539=ORIENTED_EDGE('',*,*,#1583,.T.);
#2540=ORIENTED_EDGE('',*,*,#1567,.T.);
#2541=ORIENTED_EDGE('',*,*,#1807,.F.);
#2542=ORIENTED_EDGE('',*,*,#1649,.T.);
#2543=ORIENTED_EDGE('',*,*,#1773,.F.);
#2544=ORIENTED_EDGE('',*,*,#1780,.F.);
#2545=ORIENTED_EDGE('',*,*,#1808,.F.);
#2546=ORIENTED_EDGE('',*,*,#1790,.T.);
#2547=ORIENTED_EDGE('',*,*,#1797,.F.);
#2548=ORIENTED_EDGE('',*,*,#1809,.T.);
#2549=ORIENTED_EDGE('',*,*,#1808,.T.);
#2550=ORIENTED_EDGE('',*,*,#1786,.T.);
#2551=ORIENTED_EDGE('',*,*,#1810,.F.);
#2552=ORIENTED_EDGE('',*,*,#1811,.T.);
#2553=ORIENTED_EDGE('',*,*,#1793,.T.);
#2554=ORIENTED_EDGE('',*,*,#1812,.F.);
#2555=ORIENTED_EDGE('',*,*,#1810,.T.);
#2556=ORIENTED_EDGE('',*,*,#1768,.T.);
#2557=ORIENTED_EDGE('',*,*,#1774,.F.);
#2558=ORIENTED_EDGE('',*,*,#1647,.F.);
#2559=ORIENTED_EDGE('',*,*,#1812,.T.);
#2560=ORIENTED_EDGE('',*,*,#1646,.T.);
#2561=ORIENTED_EDGE('',*,*,#1596,.F.);
#2562=ORIENTED_EDGE('',*,*,#1600,.T.);
#2563=ORIENTED_EDGE('',*,*,#1591,.F.);
#2564=ORIENTED_EDGE('',*,*,#1586,.T.);
#2565=ORIENTED_EDGE('',*,*,#1806,.F.);
#2566=ORIENTED_EDGE('',*,*,#1650,.T.);
#2567=ORIENTED_EDGE('',*,*,#1807,.T.);
#2568=ORIENTED_EDGE('',*,*,#1809,.F.);
#2569=ORIENTED_EDGE('',*,*,#1796,.T.);
#2570=ORIENTED_EDGE('',*,*,#1617,.T.);
#2571=ORIENTED_EDGE('',*,*,#1633,.T.);
#2572=ORIENTED_EDGE('',*,*,#1636,.T.);
#2573=ORIENTED_EDGE('',*,*,#1794,.T.);
#2574=ORIENTED_EDGE('',*,*,#1811,.F.);
#2575=ORIENTED_EDGE('',*,*,#1805,.T.);
#2576=ORIENTED_EDGE('',*,*,#1798,.T.);
#2577=ORIENTED_EDGE('',*,*,#1801,.T.);
#2578=ORIENTED_EDGE('',*,*,#1804,.T.);
#2579=ORIENTED_EDGE('',*,*,#1735,.T.);
#2580=ORIENTED_EDGE('',*,*,#1760,.T.);
#2581=ORIENTED_EDGE('',*,*,#1757,.T.);
#2582=ORIENTED_EDGE('',*,*,#1754,.T.);
#2583=ORIENTED_EDGE('',*,*,#1751,.T.);
#2584=ORIENTED_EDGE('',*,*,#1748,.T.);
#2585=ORIENTED_EDGE('',*,*,#1745,.T.);
#2586=ORIENTED_EDGE('',*,*,#1742,.T.);
#2587=ORIENTED_EDGE('',*,*,#1739,.T.);
#2588=ORIENTED_EDGE('',*,*,#1708,.T.);
#2589=ORIENTED_EDGE('',*,*,#1733,.T.);
#2590=ORIENTED_EDGE('',*,*,#1730,.T.);
#2591=ORIENTED_EDGE('',*,*,#1727,.T.);
#2592=ORIENTED_EDGE('',*,*,#1724,.T.);
#2593=ORIENTED_EDGE('',*,*,#1721,.T.);
#2594=ORIENTED_EDGE('',*,*,#1718,.T.);
#2595=ORIENTED_EDGE('',*,*,#1715,.T.);
#2596=ORIENTED_EDGE('',*,*,#1712,.T.);
#2597=ORIENTED_EDGE('',*,*,#1681,.T.);
#2598=ORIENTED_EDGE('',*,*,#1706,.T.);
#2599=ORIENTED_EDGE('',*,*,#1703,.T.);
#2600=ORIENTED_EDGE('',*,*,#1700,.T.);
#2601=ORIENTED_EDGE('',*,*,#1697,.T.);
#2602=ORIENTED_EDGE('',*,*,#1694,.T.);
#2603=ORIENTED_EDGE('',*,*,#1691,.T.);
#2604=ORIENTED_EDGE('',*,*,#1688,.T.);
#2605=ORIENTED_EDGE('',*,*,#1685,.T.);
#2606=ORIENTED_EDGE('',*,*,#1654,.T.);
#2607=ORIENTED_EDGE('',*,*,#1679,.T.);
#2608=ORIENTED_EDGE('',*,*,#1676,.T.);
#2609=ORIENTED_EDGE('',*,*,#1673,.T.);
#2610=ORIENTED_EDGE('',*,*,#1670,.T.);
#2611=ORIENTED_EDGE('',*,*,#1667,.T.);
#2612=ORIENTED_EDGE('',*,*,#1664,.T.);
#2613=ORIENTED_EDGE('',*,*,#1661,.T.);
#2614=ORIENTED_EDGE('',*,*,#1658,.T.);
#2615=PLANE('',#2881);
#2616=PLANE('',#2897);
#2617=PLANE('',#2898);
#2618=PLANE('',#2901);
#2619=PLANE('',#2902);
#2620=PLANE('',#2905);
#2621=PLANE('',#2910);
#2622=PLANE('',#2916);
#2623=PLANE('',#2918);
#2624=PLANE('',#2921);
#2625=PLANE('',#2936);
#2626=PLANE('',#2937);
#2627=PLANE('',#2938);
#2628=PLANE('',#2939);
#2629=PLANE('',#2954);
#2630=PLANE('',#2955);
#2631=PLANE('',#2956);
#2632=PLANE('',#2957);
#2633=PLANE('',#2958);
#2634=PLANE('',#2959);
#2635=PLANE('',#2960);
#2636=PLANE('',#2961);
#2637=PLANE('',#2962);
#2638=PLANE('',#2963);
#2639=PLANE('',#2964);
#2640=PLANE('',#2965);
#2641=PLANE('',#2966);
#2642=PLANE('',#2967);
#2643=PLANE('',#2970);
#2644=PLANE('',#2971);
#2645=PLANE('',#2972);
#2646=PLANE('',#2973);
#2647=PLANE('',#2974);
#2648=PLANE('',#2977);
#2649=PLANE('',#2978);
#2650=PLANE('',#2979);
#2651=PLANE('',#2981);
#2652=PLANE('',#2997);
#2653=PLANE('',#3002);
#2654=PLANE('',#3003);
#2655=PLANE('',#3004);
#2656=PLANE('',#3009);
#2657=PLANE('',#3010);
#2658=PLANE('',#3011);
#2659=PLANE('',#3012);
#2660=PLANE('',#3013);
#2661=PLANE('',#3014);
#2662=PLANE('',#3015);
#2663=PLANE('',#3016);
#2664=PLANE('',#3017);
#2665=PLANE('',#3018);
#2666=PLANE('',#3019);
#2667=PLANE('',#3020);
#2668=PLANE('',#3023);
#2669=PLANE('',#3024);
#2670=PLANE('',#3025);
#2671=PLANE('',#3026);
#2672=PLANE('',#3027);
#2673=PLANE('',#3028);
#2674=PLANE('',#3032);
#2675=PLANE('',#3033);
#2676=PLANE('',#3034);
#2677=PLANE('',#3035);
#2678=PLANE('',#3036);
#2679=PLANE('',#3037);
#2680=PLANE('',#3038);
#2681=PLANE('',#3039);
#2682=PLANE('',#3040);
#2683=PLANE('',#3044);
#2684=PLANE('',#3045);
#2685=PLANE('',#3046);
#2686=PLANE('',#3050);
#2687=PLANE('',#3051);
#2688=PLANE('',#3052);
#2689=PLANE('',#3053);
#2690=PLANE('',#3054);
#2691=PLANE('',#3055);
#2692=PLANE('',#3056);
#2693=PLANE('',#3057);
#2694=PLANE('',#3058);
#2695=PLANE('',#3062);
#2696=PLANE('',#3063);
#2697=PLANE('',#3064);
#2698=PLANE('',#3065);
#2699=PLANE('',#3066);
#2700=PLANE('',#3067);
#2701=PLANE('',#3068);
#2702=PLANE('',#3069);
#2703=PLANE('',#3070);
#2704=PLANE('',#3075);
#2705=PLANE('',#3076);
#2706=PLANE('',#3077);
#2707=PLANE('',#3080);
#2708=PLANE('',#3081);
#2709=PLANE('',#3082);
#2710=PLANE('',#3083);
#2711=PLANE('',#3084);
#2712=PLANE('',#3085);
#2713=PLANE('',#3086);
#2714=PLANE('',#3087);
#2715=PLANE('',#3088);
#2716=PLANE('',#3089);
#2717=PLANE('',#3090);
#2718=PLANE('',#3091);
#2719=PLANE('',#3092);
#2720=PLANE('',#3093);
#2721=PLANE('',#3094);
#2722=PLANE('',#3097);
#2723=PLANE('',#3098);
#2724=PLANE('',#3101);
#2725=ADVANCED_FACE('',(#115),#2615,.T.);
#2726=ADVANCED_FACE('',(#116),#81,.F.);
#2727=ADVANCED_FACE('',(#117),#77,.F.);
#2728=ADVANCED_FACE('',(#118),#82,.F.);
#2729=ADVANCED_FACE('',(#119),#78,.F.);
#2730=ADVANCED_FACE('',(#120),#83,.F.);
#2731=ADVANCED_FACE('',(#121),#2616,.F.);
#2732=ADVANCED_FACE('',(#122,#64,#65),#2617,.T.);
#2733=ADVANCED_FACE('',(#123),#2618,.F.);
#2734=ADVANCED_FACE('',(#124),#2619,.F.);
#2735=ADVANCED_FACE('',(#125),#84,.F.);
#2736=ADVANCED_FACE('',(#126),#2620,.F.);
#2737=ADVANCED_FACE('',(#127),#85,.F.);
#2738=ADVANCED_FACE('',(#128),#86,.F.);
#2739=ADVANCED_FACE('',(#129),#2621,.T.);
#2740=ADVANCED_FACE('',(#130),#60,.F.);
#2741=ADVANCED_FACE('',(#131),#61,.F.);
#2742=ADVANCED_FACE('',(#132),#2622,.F.);
#2743=ADVANCED_FACE('',(#133),#87,.F.);
#2744=ADVANCED_FACE('',(#134),#2623,.T.);
#2745=ADVANCED_FACE('',(#135),#2624,.T.);
#2746=ADVANCED_FACE('',(#136),#88,.F.);
#2747=ADVANCED_FACE('',(#137),#89,.F.);
#2748=ADVANCED_FACE('',(#138),#90,.F.);
#2749=ADVANCED_FACE('',(#139),#91,.F.);
#2750=ADVANCED_FACE('',(#140),#92,.F.);
#2751=ADVANCED_FACE('',(#141),#93,.F.);
#2752=ADVANCED_FACE('',(#142),#2625,.F.);
#2753=ADVANCED_FACE('',(#143),#2626,.F.);
#2754=ADVANCED_FACE('',(#144),#2627,.F.);
#2755=ADVANCED_FACE('',(#145),#2628,.F.);
#2756=ADVANCED_FACE('',(#146),#94,.F.);
#2757=ADVANCED_FACE('',(#147),#95,.F.);
#2758=ADVANCED_FACE('',(#148),#96,.F.);
#2759=ADVANCED_FACE('',(#149),#97,.F.);
#2760=ADVANCED_FACE('',(#150),#98,.F.);
#2761=ADVANCED_FACE('',(#151),#99,.F.);
#2762=ADVANCED_FACE('',(#152),#2629,.F.);
#2763=ADVANCED_FACE('',(#153),#2630,.F.);
#2764=ADVANCED_FACE('',(#154),#2631,.F.);
#2765=ADVANCED_FACE('',(#155),#2632,.F.);
#2766=ADVANCED_FACE('',(#156),#2633,.T.);
#2767=ADVANCED_FACE('',(#157),#2634,.F.);
#2768=ADVANCED_FACE('',(#158),#2635,.F.);
#2769=ADVANCED_FACE('',(#159),#2636,.F.);
#2770=ADVANCED_FACE('',(#160),#2637,.F.);
#2771=ADVANCED_FACE('',(#161),#2638,.T.);
#2772=ADVANCED_FACE('',(#162),#2639,.T.);
#2773=ADVANCED_FACE('',(#163),#2640,.F.);
#2774=ADVANCED_FACE('',(#164),#2641,.T.);
#2775=ADVANCED_FACE('',(#165,#66,#67),#2642,.F.);
#2776=ADVANCED_FACE('',(#166),#2643,.F.);
#2777=ADVANCED_FACE('',(#167),#2644,.F.);
#2778=ADVANCED_FACE('',(#168),#2645,.F.);
#2779=ADVANCED_FACE('',(#169),#2646,.F.);
#2780=ADVANCED_FACE('',(#170),#2647,.T.);
#2781=ADVANCED_FACE('',(#171),#100,.T.);
#2782=ADVANCED_FACE('',(#172),#101,.T.);
#2783=ADVANCED_FACE('',(#173,#68),#2648,.T.);
#2784=ADVANCED_FACE('',(#174),#2649,.T.);
#2785=ADVANCED_FACE('',(#175,#69),#2650,.T.);
#2786=ADVANCED_FACE('',(#176),#2651,.F.);
#2787=ADVANCED_FACE('',(#177),#102,.T.);
#2788=ADVANCED_FACE('',(#178),#79,.T.);
#2789=ADVANCED_FACE('',(#179),#103,.T.);
#2790=ADVANCED_FACE('',(#180),#80,.T.);
#2791=ADVANCED_FACE('',(#181),#104,.T.);
#2792=ADVANCED_FACE('',(#182),#2652,.T.);
#2793=ADVANCED_FACE('',(#183),#105,.T.);
#2794=ADVANCED_FACE('',(#184),#106,.T.);
#2795=ADVANCED_FACE('',(#185),#2653,.T.);
#2796=ADVANCED_FACE('',(#186),#2654,.T.);
#2797=ADVANCED_FACE('',(#187),#2655,.T.);
#2798=ADVANCED_FACE('',(#188),#107,.T.);
#2799=ADVANCED_FACE('',(#189),#108,.T.);
#2800=ADVANCED_FACE('',(#190),#2656,.F.);
#2801=ADVANCED_FACE('',(#191),#2657,.F.);
#2802=ADVANCED_FACE('',(#192),#2658,.F.);
#2803=ADVANCED_FACE('',(#193),#2659,.T.);
#2804=ADVANCED_FACE('',(#194),#2660,.F.);
#2805=ADVANCED_FACE('',(#195),#2661,.T.);
#2806=ADVANCED_FACE('',(#196),#2662,.T.);
#2807=ADVANCED_FACE('',(#197),#2663,.F.);
#2808=ADVANCED_FACE('',(#198),#2664,.F.);
#2809=ADVANCED_FACE('',(#199),#2665,.F.);
#2810=ADVANCED_FACE('',(#200),#2666,.F.);
#2811=ADVANCED_FACE('',(#201,#70,#71),#2667,.T.);
#2812=ADVANCED_FACE('',(#202),#2668,.F.);
#2813=ADVANCED_FACE('',(#203),#2669,.F.);
#2814=ADVANCED_FACE('',(#204),#2670,.F.);
#2815=ADVANCED_FACE('',(#205),#2671,.F.);
#2816=ADVANCED_FACE('',(#206),#2672,.F.);
#2817=ADVANCED_FACE('',(#207),#2673,.F.);
#2818=ADVANCED_FACE('',(#208),#109,.F.);
#2819=ADVANCED_FACE('',(#209),#2674,.F.);
#2820=ADVANCED_FACE('',(#210),#2675,.F.);
#2821=ADVANCED_FACE('',(#211),#2676,.T.);
#2822=ADVANCED_FACE('',(#212),#2677,.F.);
#2823=ADVANCED_FACE('',(#213),#2678,.F.);
#2824=ADVANCED_FACE('',(#214),#2679,.F.);
#2825=ADVANCED_FACE('',(#215),#2680,.F.);
#2826=ADVANCED_FACE('',(#216),#2681,.F.);
#2827=ADVANCED_FACE('',(#217),#2682,.F.);
#2828=ADVANCED_FACE('',(#218),#110,.F.);
#2829=ADVANCED_FACE('',(#219),#2683,.F.);
#2830=ADVANCED_FACE('',(#220),#2684,.F.);
#2831=ADVANCED_FACE('',(#221),#2685,.T.);
#2832=ADVANCED_FACE('',(#222),#111,.F.);
#2833=ADVANCED_FACE('',(#223),#2686,.F.);
#2834=ADVANCED_FACE('',(#224),#2687,.F.);
#2835=ADVANCED_FACE('',(#225),#2688,.F.);
#2836=ADVANCED_FACE('',(#226),#2689,.F.);
#2837=ADVANCED_FACE('',(#227),#2690,.F.);
#2838=ADVANCED_FACE('',(#228),#2691,.F.);
#2839=ADVANCED_FACE('',(#229),#2692,.F.);
#2840=ADVANCED_FACE('',(#230),#2693,.F.);
#2841=ADVANCED_FACE('',(#231),#2694,.T.);
#2842=ADVANCED_FACE('',(#232),#112,.F.);
#2843=ADVANCED_FACE('',(#233),#2695,.F.);
#2844=ADVANCED_FACE('',(#234),#2696,.F.);
#2845=ADVANCED_FACE('',(#235),#2697,.F.);
#2846=ADVANCED_FACE('',(#236),#2698,.F.);
#2847=ADVANCED_FACE('',(#237),#2699,.F.);
#2848=ADVANCED_FACE('',(#238),#2700,.F.);
#2849=ADVANCED_FACE('',(#239),#2701,.F.);
#2850=ADVANCED_FACE('',(#240),#2702,.F.);
#2851=ADVANCED_FACE('',(#241),#2703,.T.);
#2852=ADVANCED_FACE('',(#242),#62,.T.);
#2853=ADVANCED_FACE('',(#243),#63,.T.);
#2854=ADVANCED_FACE('',(#244),#2704,.T.);
#2855=ADVANCED_FACE('',(#245),#2705,.T.);
#2856=ADVANCED_FACE('',(#246),#2706,.F.);
#2857=ADVANCED_FACE('',(#247),#2707,.T.);
#2858=ADVANCED_FACE('',(#248),#2708,.T.);
#2859=ADVANCED_FACE('',(#249),#2709,.T.);
#2860=ADVANCED_FACE('',(#250),#2710,.T.);
#2861=ADVANCED_FACE('',(#251),#2711,.T.);
#2862=ADVANCED_FACE('',(#252),#2712,.T.);
#2863=ADVANCED_FACE('',(#253),#2713,.T.);
#2864=ADVANCED_FACE('',(#254),#2714,.T.);
#2865=ADVANCED_FACE('',(#255),#2715,.T.);
#2866=ADVANCED_FACE('',(#256),#2716,.T.);
#2867=ADVANCED_FACE('',(#257),#2717,.T.);
#2868=ADVANCED_FACE('',(#258),#2718,.T.);
#2869=ADVANCED_FACE('',(#259),#2719,.T.);
#2870=ADVANCED_FACE('',(#260),#2720,.T.);
#2871=ADVANCED_FACE('',(#261),#2721,.T.);
#2872=ADVANCED_FACE('',(#262),#113,.T.);
#2873=ADVANCED_FACE('',(#263),#2722,.T.);
#2874=ADVANCED_FACE('',(#264),#2723,.T.);
#2875=ADVANCED_FACE('',(#265),#114,.T.);
#2876=ADVANCED_FACE('',(#266,#72,#73,#74,#75,#76),#2724,.T.);
#2877=CLOSED_SHELL('',(#2725,#2726,#2727,#2728,#2729,#2730,#2731,#2732,
#2733,#2734,#2735,#2736,#2737,#2738,#2739,#2740,#2741,#2742,#2743,#2744,
#2745,#2746,#2747,#2748,#2749,#2750,#2751,#2752,#2753,#2754,#2755,#2756,
#2757,#2758,#2759,#2760,#2761,#2762,#2763,#2764,#2765,#2766,#2767,#2768,
#2769,#2770,#2771,#2772,#2773,#2774,#2775,#2776,#2777,#2778,#2779,#2780,
#2781,#2782,#2783,#2784,#2785));
#2878=CLOSED_SHELL('',(#2786,#2787,#2788,#2789,#2790,#2791,#2792,#2793,
#2794,#2795,#2796,#2797,#2798,#2799,#2800,#2801,#2802,#2803,#2804,#2805,
#2806,#2807,#2808,#2809,#2810,#2811,#2812,#2813,#2814,#2815,#2816,#2817,
#2818,#2819,#2820,#2821,#2822,#2823,#2824,#2825,#2826,#2827,#2828,#2829,
#2830,#2831,#2832,#2833,#2834,#2835,#2836,#2837,#2838,#2839,#2840,#2841,
#2842,#2843,#2844,#2845,#2846,#2847,#2848,#2849,#2850,#2851,#2852,#2853,
#2854,#2855,#2856,#2857,#2858,#2859,#2860,#2861,#2862,#2863,#2864,#2865,
#2866,#2867,#2868,#2869,#2870,#2871,#2872,#2873,#2874,#2875,#2876));
#2879=AXIS2_PLACEMENT_3D('',#3890,#3105,#3106);
#2880=AXIS2_PLACEMENT_3D('',#3891,#3107,#3108);
#2881=AXIS2_PLACEMENT_3D('',#3892,#3109,#3110);
#2882=AXIS2_PLACEMENT_3D('',#3896,#3112,#3113);
#2883=AXIS2_PLACEMENT_3D('',#3897,#3114,#3115);
#2884=AXIS2_PLACEMENT_3D('',#3900,#3116,#3117);
#2885=AXIS2_PLACEMENT_3D('',#3904,#3119,#3120);
#2886=AXIS2_PLACEMENT_3D('',#3906,#3122,#3123);
#2887=AXIS2_PLACEMENT_3D('',#3908,#3124,#3125);
#2888=AXIS2_PLACEMENT_3D('',#3910,#3126,#3127);
#2889=AXIS2_PLACEMENT_3D('',#3911,#3128,#3129);
#2890=AXIS2_PLACEMENT_3D('',#3912,#3130,#3131);
#2891=AXIS2_PLACEMENT_3D('',#3917,#3134,#3135);
#2892=AXIS2_PLACEMENT_3D('',#3918,#3136,#3137);
#2893=AXIS2_PLACEMENT_3D('',#3920,#3138,#3139);
#2894=AXIS2_PLACEMENT_3D('',#3922,#3140,#3141);
#2895=AXIS2_PLACEMENT_3D('',#3923,#3142,#3143);
#2896=AXIS2_PLACEMENT_3D('',#3924,#3144,#3145);
#2897=AXIS2_PLACEMENT_3D('',#3927,#3148,#3149);
#2898=AXIS2_PLACEMENT_3D('',#3929,#3151,#3152);
#2899=AXIS2_PLACEMENT_3D('',#3955,#3165,#3166);
#2900=AXIS2_PLACEMENT_3D('',#3957,#3167,#3168);
#2901=AXIS2_PLACEMENT_3D('',#3958,#3169,#3170);
#2902=AXIS2_PLACEMENT_3D('',#3964,#3174,#3175);
#2903=AXIS2_PLACEMENT_3D('',#3970,#3179,#3180);
#2904=AXIS2_PLACEMENT_3D('',#3972,#3181,#3182);
#2905=AXIS2_PLACEMENT_3D('',#3974,#3184,#3185);
#2906=AXIS2_PLACEMENT_3D('',#3981,#3190,#3191);
#2907=AXIS2_PLACEMENT_3D('',#3982,#3192,#3193);
#2908=AXIS2_PLACEMENT_3D('',#3983,#3194,#3195);
#2909=AXIS2_PLACEMENT_3D('',#3984,#3196,#3197);
#2910=AXIS2_PLACEMENT_3D('',#3985,#3198,#3199);
#2911=AXIS2_PLACEMENT_3D('',#3993,#3204,#3205);
#2912=AXIS2_PLACEMENT_3D('',#3994,#3206,#3207);
#2913=AXIS2_PLACEMENT_3D('',#3996,#3208,#3209);
#2914=AXIS2_PLACEMENT_3D('',#3997,#3210,#3211);
#2915=AXIS2_PLACEMENT_3D('',#3999,#3212,#3213);
#2916=AXIS2_PLACEMENT_3D('',#4000,#3214,#3215);
#2917=AXIS2_PLACEMENT_3D('',#4003,#3218,#3219);
#2918=AXIS2_PLACEMENT_3D('',#4004,#3220,#3221);
#2919=AXIS2_PLACEMENT_3D('',#4006,#3222,#3223);
#2920=AXIS2_PLACEMENT_3D('',#4013,#3227,#3228);
#2921=AXIS2_PLACEMENT_3D('',#4014,#3229,#3230);
#2922=AXIS2_PLACEMENT_3D('',#4022,#3235,#3236);
#2923=AXIS2_PLACEMENT_3D('',#4027,#3238,#3239);
#2924=AXIS2_PLACEMENT_3D('',#4028,#3240,#3241);
#2925=AXIS2_PLACEMENT_3D('',#4029,#3242,#3243);
#2926=AXIS2_PLACEMENT_3D('',#4034,#3245,#3246);
#2927=AXIS2_PLACEMENT_3D('',#4035,#3247,#3248);
#2928=AXIS2_PLACEMENT_3D('',#4036,#3249,#3250);
#2929=AXIS2_PLACEMENT_3D('',#4039,#3253,#3254);
#2930=AXIS2_PLACEMENT_3D('',#4042,#3255,#3256);
#2931=AXIS2_PLACEMENT_3D('',#4044,#3257,#3258);
#2932=AXIS2_PLACEMENT_3D('',#4046,#3260,#3261);
#2933=AXIS2_PLACEMENT_3D('',#4050,#3263,#3264);
#2934=AXIS2_PLACEMENT_3D('',#4052,#3265,#3266);
#2935=AXIS2_PLACEMENT_3D('',#4054,#3268,#3269);
#2936=AXIS2_PLACEMENT_3D('',#4056,#3271,#3272);
#2937=AXIS2_PLACEMENT_3D('',#4062,#3276,#3277);
#2938=AXIS2_PLACEMENT_3D('',#4066,#3280,#3281);
#2939=AXIS2_PLACEMENT_3D('',#4070,#3284,#3285);
#2940=AXIS2_PLACEMENT_3D('',#4072,#3287,#3288);
#2941=AXIS2_PLACEMENT_3D('',#4077,#3290,#3291);
#2942=AXIS2_PLACEMENT_3D('',#4078,#3292,#3293);
#2943=AXIS2_PLACEMENT_3D('',#4079,#3294,#3295);
#2944=AXIS2_PLACEMENT_3D('',#4084,#3297,#3298);
#2945=AXIS2_PLACEMENT_3D('',#4085,#3299,#3300);
#2946=AXIS2_PLACEMENT_3D('',#4086,#3301,#3302);
#2947=AXIS2_PLACEMENT_3D('',#4089,#3305,#3306);
#2948=AXIS2_PLACEMENT_3D('',#4092,#3307,#3308);
#2949=AXIS2_PLACEMENT_3D('',#4094,#3309,#3310);
#2950=AXIS2_PLACEMENT_3D('',#4096,#3312,#3313);
#2951=AXIS2_PLACEMENT_3D('',#4100,#3315,#3316);
#2952=AXIS2_PLACEMENT_3D('',#4102,#3317,#3318);
#2953=AXIS2_PLACEMENT_3D('',#4104,#3320,#3321);
#2954=AXIS2_PLACEMENT_3D('',#4106,#3323,#3324);
#2955=AXIS2_PLACEMENT_3D('',#4112,#3328,#3329);
#2956=AXIS2_PLACEMENT_3D('',#4116,#3332,#3333);
#2957=AXIS2_PLACEMENT_3D('',#4120,#3336,#3337);
#2958=AXIS2_PLACEMENT_3D('',#4122,#3339,#3340);
#2959=AXIS2_PLACEMENT_3D('',#4146,#3353,#3354);
#2960=AXIS2_PLACEMENT_3D('',#4152,#3358,#3359);
#2961=AXIS2_PLACEMENT_3D('',#4156,#3362,#3363);
#2962=AXIS2_PLACEMENT_3D('',#4160,#3366,#3367);
#2963=AXIS2_PLACEMENT_3D('',#4164,#3370,#3371);
#2964=AXIS2_PLACEMENT_3D('',#4169,#3375,#3376);
#2965=AXIS2_PLACEMENT_3D('',#4173,#3379,#3380);
#2966=AXIS2_PLACEMENT_3D('',#4175,#3382,#3383);
#2967=AXIS2_PLACEMENT_3D('',#4176,#3384,#3385);
#2968=AXIS2_PLACEMENT_3D('',#4178,#3386,#3387);
#2969=AXIS2_PLACEMENT_3D('',#4185,#3391,#3392);
#2970=AXIS2_PLACEMENT_3D('',#4186,#3393,#3394);
#2971=AXIS2_PLACEMENT_3D('',#4192,#3398,#3399);
#2972=AXIS2_PLACEMENT_3D('',#4196,#3402,#3403);
#2973=AXIS2_PLACEMENT_3D('',#4198,#3405,#3406);
#2974=AXIS2_PLACEMENT_3D('',#4200,#3408,#3409);
#2975=AXIS2_PLACEMENT_3D('',#4201,#3410,#3411);
#2976=AXIS2_PLACEMENT_3D('',#4203,#3413,#3414);
#2977=AXIS2_PLACEMENT_3D('',#4205,#3416,#3417);
#2978=AXIS2_PLACEMENT_3D('',#4207,#3419,#3420);
#2979=AXIS2_PLACEMENT_3D('',#4209,#3422,#3423);
#2980=AXIS2_PLACEMENT_3D('',#4210,#3424,#3425);
#2981=AXIS2_PLACEMENT_3D('',#4211,#3426,#3427);
#2982=AXIS2_PLACEMENT_3D('',#4215,#3429,#3430);
#2983=AXIS2_PLACEMENT_3D('',#4216,#3431,#3432);
#2984=AXIS2_PLACEMENT_3D('',#4221,#3434,#3435);
#2985=AXIS2_PLACEMENT_3D('',#4224,#3437,#3438);
#2986=AXIS2_PLACEMENT_3D('',#4225,#3439,#3440);
#2987=AXIS2_PLACEMENT_3D('',#4227,#3441,#3442);
#2988=AXIS2_PLACEMENT_3D('',#4229,#3443,#3444);
#2989=AXIS2_PLACEMENT_3D('',#4230,#3445,#3446);
#2990=AXIS2_PLACEMENT_3D('',#4231,#3447,#3448);
#2991=AXIS2_PLACEMENT_3D('',#4235,#3450,#3451);
#2992=AXIS2_PLACEMENT_3D('',#4237,#3453,#3454);
#2993=AXIS2_PLACEMENT_3D('',#4239,#3455,#3456);
#2994=AXIS2_PLACEMENT_3D('',#4241,#3457,#3458);
#2995=AXIS2_PLACEMENT_3D('',#4242,#3459,#3460);
#2996=AXIS2_PLACEMENT_3D('',#4243,#3461,#3462);
#2997=AXIS2_PLACEMENT_3D('',#4246,#3465,#3466);
#2998=AXIS2_PLACEMENT_3D('',#4248,#3468,#3469);
#2999=AXIS2_PLACEMENT_3D('',#4252,#3471,#3472);
#3000=AXIS2_PLACEMENT_3D('',#4254,#3474,#3475);
#3001=AXIS2_PLACEMENT_3D('',#4258,#3477,#3478);
#3002=AXIS2_PLACEMENT_3D('',#4260,#3480,#3481);
#3003=AXIS2_PLACEMENT_3D('',#4264,#3484,#3485);
#3004=AXIS2_PLACEMENT_3D('',#4268,#3488,#3489);
#3005=AXIS2_PLACEMENT_3D('',#4278,#3495,#3496);
#3006=AXIS2_PLACEMENT_3D('',#4279,#3497,#3498);
#3007=AXIS2_PLACEMENT_3D('',#4280,#3499,#3500);
#3008=AXIS2_PLACEMENT_3D('',#4281,#3501,#3502);
#3009=AXIS2_PLACEMENT_3D('',#4282,#3503,#3504);
#3010=AXIS2_PLACEMENT_3D('',#4299,#3513,#3514);
#3011=AXIS2_PLACEMENT_3D('',#4305,#3518,#3519);
#3012=AXIS2_PLACEMENT_3D('',#4311,#3523,#3524);
#3013=AXIS2_PLACEMENT_3D('',#4321,#3530,#3531);
#3014=AXIS2_PLACEMENT_3D('',#4341,#3543,#3544);
#3015=AXIS2_PLACEMENT_3D('',#4345,#3547,#3548);
#3016=AXIS2_PLACEMENT_3D('',#4351,#3552,#3553);
#3017=AXIS2_PLACEMENT_3D('',#4357,#3557,#3558);
#3018=AXIS2_PLACEMENT_3D('',#4363,#3562,#3563);
#3019=AXIS2_PLACEMENT_3D('',#4366,#3566,#3567);
#3020=AXIS2_PLACEMENT_3D('',#4368,#3569,#3570);
#3021=AXIS2_PLACEMENT_3D('',#4381,#3577,#3578);
#3022=AXIS2_PLACEMENT_3D('',#4383,#3579,#3580);
#3023=AXIS2_PLACEMENT_3D('',#4384,#3581,#3582);
#3024=AXIS2_PLACEMENT_3D('',#4393,#3587,#3588);
#3025=AXIS2_PLACEMENT_3D('',#4399,#3592,#3593);
#3026=AXIS2_PLACEMENT_3D('',#4405,#3597,#3598);
#3027=AXIS2_PLACEMENT_3D('',#4411,#3602,#3603);
#3028=AXIS2_PLACEMENT_3D('',#4417,#3607,#3608);
#3029=AXIS2_PLACEMENT_3D('',#4423,#3612,#3613);
#3030=AXIS2_PLACEMENT_3D('',#4425,#3614,#3615);
#3031=AXIS2_PLACEMENT_3D('',#4428,#3617,#3618);
#3032=AXIS2_PLACEMENT_3D('',#4429,#3619,#3620);
#3033=AXIS2_PLACEMENT_3D('',#4435,#3624,#3625);
#3034=AXIS2_PLACEMENT_3D('',#4438,#3628,#3629);
#3035=AXIS2_PLACEMENT_3D('',#4439,#3630,#3631);
#3036=AXIS2_PLACEMENT_3D('',#4448,#3636,#3637);
#3037=AXIS2_PLACEMENT_3D('',#4454,#3641,#3642);
#3038=AXIS2_PLACEMENT_3D('',#4460,#3646,#3647);
#3039=AXIS2_PLACEMENT_3D('',#4466,#3651,#3652);
#3040=AXIS2_PLACEMENT_3D('',#4472,#3656,#3657);
#3041=AXIS2_PLACEMENT_3D('',#4478,#3661,#3662);
#3042=AXIS2_PLACEMENT_3D('',#4480,#3663,#3664);
#3043=AXIS2_PLACEMENT_3D('',#4483,#3666,#3667);
#3044=AXIS2_PLACEMENT_3D('',#4484,#3668,#3669);
#3045=AXIS2_PLACEMENT_3D('',#4490,#3673,#3674);
#3046=AXIS2_PLACEMENT_3D('',#4493,#3677,#3678);
#3047=AXIS2_PLACEMENT_3D('',#4494,#3679,#3680);
#3048=AXIS2_PLACEMENT_3D('',#4497,#3681,#3682);
#3049=AXIS2_PLACEMENT_3D('',#4501,#3684,#3685);
#3050=AXIS2_PLACEMENT_3D('',#4503,#3687,#3688);
#3051=AXIS2_PLACEMENT_3D('',#4509,#3692,#3693);
#3052=AXIS2_PLACEMENT_3D('',#4515,#3697,#3698);
#3053=AXIS2_PLACEMENT_3D('',#4521,#3702,#3703);
#3054=AXIS2_PLACEMENT_3D('',#4527,#3707,#3708);
#3055=AXIS2_PLACEMENT_3D('',#4533,#3712,#3713);
#3056=AXIS2_PLACEMENT_3D('',#4539,#3717,#3718);
#3057=AXIS2_PLACEMENT_3D('',#4545,#3722,#3723);
#3058=AXIS2_PLACEMENT_3D('',#4548,#3726,#3727);
#3059=AXIS2_PLACEMENT_3D('',#4549,#3728,#3729);
#3060=AXIS2_PLACEMENT_3D('',#4552,#3730,#3731);
#3061=AXIS2_PLACEMENT_3D('',#4556,#3733,#3734);
#3062=AXIS2_PLACEMENT_3D('',#4558,#3736,#3737);
#3063=AXIS2_PLACEMENT_3D('',#4564,#3741,#3742);
#3064=AXIS2_PLACEMENT_3D('',#4570,#3746,#3747);
#3065=AXIS2_PLACEMENT_3D('',#4576,#3751,#3752);
#3066=AXIS2_PLACEMENT_3D('',#4582,#3756,#3757);
#3067=AXIS2_PLACEMENT_3D('',#4588,#3761,#3762);
#3068=AXIS2_PLACEMENT_3D('',#4594,#3766,#3767);
#3069=AXIS2_PLACEMENT_3D('',#4600,#3771,#3772);
#3070=AXIS2_PLACEMENT_3D('',#4603,#3775,#3776);
#3071=AXIS2_PLACEMENT_3D('',#4604,#3777,#3778);
#3072=AXIS2_PLACEMENT_3D('',#4606,#3779,#3780);
#3073=AXIS2_PLACEMENT_3D('',#4607,#3781,#3782);
#3074=AXIS2_PLACEMENT_3D('',#4609,#3783,#3784);
#3075=AXIS2_PLACEMENT_3D('',#4610,#3785,#3786);
#3076=AXIS2_PLACEMENT_3D('',#4619,#3791,#3792);
#3077=AXIS2_PLACEMENT_3D('',#4625,#3796,#3797);
#3078=AXIS2_PLACEMENT_3D('',#4630,#3800,#3801);
#3079=AXIS2_PLACEMENT_3D('',#4631,#3802,#3803);
#3080=AXIS2_PLACEMENT_3D('',#4632,#3804,#3805);
#3081=AXIS2_PLACEMENT_3D('',#4638,#3809,#3810);
#3082=AXIS2_PLACEMENT_3D('',#4644,#3814,#3815);
#3083=AXIS2_PLACEMENT_3D('',#4650,#3819,#3820);
#3084=AXIS2_PLACEMENT_3D('',#4655,#3824,#3825);
#3085=AXIS2_PLACEMENT_3D('',#4656,#3826,#3827);
#3086=AXIS2_PLACEMENT_3D('',#4662,#3831,#3832);
#3087=AXIS2_PLACEMENT_3D('',#4667,#3836,#3837);
#3088=AXIS2_PLACEMENT_3D('',#4668,#3838,#3839);
#3089=AXIS2_PLACEMENT_3D('',#4676,#3845,#3846);
#3090=AXIS2_PLACEMENT_3D('',#4677,#3847,#3848);
#3091=AXIS2_PLACEMENT_3D('',#4683,#3852,#3853);
#3092=AXIS2_PLACEMENT_3D('',#4687,#3856,#3857);
#3093=AXIS2_PLACEMENT_3D('',#4691,#3860,#3861);
#3094=AXIS2_PLACEMENT_3D('',#4693,#3863,#3864);
#3095=AXIS2_PLACEMENT_3D('',#4695,#3866,#3867);
#3096=AXIS2_PLACEMENT_3D('',#4697,#3868,#3869);
#3097=AXIS2_PLACEMENT_3D('',#4699,#3871,#3872);
#3098=AXIS2_PLACEMENT_3D('',#4701,#3874,#3875);
#3099=AXIS2_PLACEMENT_3D('',#4705,#3878,#3879);
#3100=AXIS2_PLACEMENT_3D('',#4706,#3880,#3881);
#3101=AXIS2_PLACEMENT_3D('',#4707,#3882,#3883);
#3102=AXIS2_PLACEMENT_3D('',#4708,#3884,#3885);
#3103=AXIS2_PLACEMENT_3D('',#4709,#3886,#3887);
#3104=AXIS2_PLACEMENT_3D('',#4710,#3888,#3889);
#3105=DIRECTION('axis',(0.,0.,1.));
#3106=DIRECTION('refdir',(1.,0.,0.));
#3107=DIRECTION('axis',(0.,0.,1.));
#3108=DIRECTION('refdir',(1.,0.,0.));
#3109=DIRECTION('center_axis',(-1.00929365875014E-16,-1.,0.));
#3110=DIRECTION('ref_axis',(-1.,1.00929365875014E-16,0.));
#3111=DIRECTION('',(0.,0.,-1.));
#3112=DIRECTION('center_axis',(1.00929365875014E-16,1.,0.));
#3113=DIRECTION('ref_axis',(-1.,0.,0.));
#3114=DIRECTION('center_axis',(0.,1.,0.));
#3115=DIRECTION('ref_axis',(-1.,0.,-1.22464679914735E-16));
#3116=DIRECTION('center_axis',(2.6860705731401E-15,-1.,0.));
#3117=DIRECTION('ref_axis',(1.,0.,0.));
#3118=DIRECTION('',(0.,-1.,0.));
#3119=DIRECTION('center_axis',(-2.6860705731401E-15,1.,0.));
#3120=DIRECTION('ref_axis',(1.,2.6860705731401E-15,0.));
#3121=DIRECTION('',(0.,1.,0.));
#3122=DIRECTION('center_axis',(0.,0.,-1.));
#3123=DIRECTION('ref_axis',(-1.,0.,0.));
#3124=DIRECTION('center_axis',(0.,0.,-1.));
#3125=DIRECTION('ref_axis',(-1.,-1.11022302462516E-15,0.));
#3126=DIRECTION('center_axis',(0.,0.,1.));
#3127=DIRECTION('ref_axis',(-1.,-1.11022302462516E-15,0.));
#3128=DIRECTION('center_axis',(-1.,-2.18074902333267E-15,0.));
#3129=DIRECTION('ref_axis',(-2.18074902333267E-15,1.,0.));
#3130=DIRECTION('center_axis',(-1.,1.00929365875014E-16,0.));
#3131=DIRECTION('ref_axis',(-1.00929365875014E-16,-1.,-1.22464679914735E-16));
#3132=DIRECTION('',(-1.,1.00929365875014E-16,0.));
#3133=DIRECTION('',(1.,-1.00929365875014E-16,0.));
#3134=DIRECTION('center_axis',(-1.,-2.18074902333267E-15,0.));
#3135=DIRECTION('ref_axis',(-2.18074902333267E-15,1.,0.));
#3136=DIRECTION('center_axis',(0.,0.,-1.));
#3137=DIRECTION('ref_axis',(-1.,0.,0.));
#3138=DIRECTION('center_axis',(0.,0.,-1.));
#3139=DIRECTION('ref_axis',(1.11022302462516E-15,-1.,0.));
#3140=DIRECTION('center_axis',(0.,0.,1.));
#3141=DIRECTION('ref_axis',(1.11022302462516E-15,-1.,0.));
#3142=DIRECTION('center_axis',(-1.00929365875014E-16,-1.,0.));
#3143=DIRECTION('ref_axis',(-1.,1.00929365875014E-16,0.));
#3144=DIRECTION('center_axis',(0.,-1.,0.));
#3145=DIRECTION('ref_axis',(1.,0.,-1.22464679914735E-16));
#3146=DIRECTION('',(0.,-1.,0.));
#3147=DIRECTION('',(0.,1.,0.));
#3148=DIRECTION('center_axis',(-2.6860705731401E-15,1.,0.));
#3149=DIRECTION('ref_axis',(1.,2.6860705731401E-15,0.));
#3150=DIRECTION('',(0.,0.,-1.));
#3151=DIRECTION('center_axis',(0.,1.,0.));
#3152=DIRECTION('ref_axis',(-1.,0.,0.));
#3153=DIRECTION('',(0.,0.,-1.));
#3154=DIRECTION('',(1.,0.,0.));
#3155=DIRECTION('',(0.,0.,1.));
#3156=DIRECTION('',(1.,0.,0.));
#3157=DIRECTION('',(0.,0.,1.));
#3158=DIRECTION('',(-1.,0.,0.));
#3159=DIRECTION('',(0.,0.,1.));
#3160=DIRECTION('',(1.,0.,0.));
#3161=DIRECTION('',(0.,0.,1.));
#3162=DIRECTION('',(-1.,0.,0.));
#3163=DIRECTION('',(0.,0.,-1.));
#3164=DIRECTION('',(1.,0.,0.));
#3165=DIRECTION('center_axis',(0.,-1.,0.));
#3166=DIRECTION('ref_axis',(0.,0.,-1.));
#3167=DIRECTION('center_axis',(0.,-1.,0.));
#3168=DIRECTION('ref_axis',(0.,0.,-1.));
#3169=DIRECTION('center_axis',(-1.00929365875014E-16,-1.,0.));
#3170=DIRECTION('ref_axis',(-1.,1.00929365875014E-16,0.));
#3171=DIRECTION('',(-1.,1.00929365875014E-16,0.));
#3172=DIRECTION('',(0.,0.,-1.));
#3173=DIRECTION('',(0.,0.,-1.));
#3174=DIRECTION('center_axis',(-1.00929365875014E-16,-1.,0.));
#3175=DIRECTION('ref_axis',(-1.,1.00929365875014E-16,0.));
#3176=DIRECTION('',(-1.,1.00929365875014E-16,0.));
#3177=DIRECTION('',(0.,0.,-1.));
#3178=DIRECTION('',(0.,0.,-1.));
#3179=DIRECTION('center_axis',(0.,0.,-1.));
#3180=DIRECTION('ref_axis',(-1.,-1.11022302462516E-15,0.));
#3181=DIRECTION('center_axis',(0.,0.,-1.));
#3182=DIRECTION('ref_axis',(-1.,-1.11022302462516E-15,0.));
#3183=DIRECTION('',(0.,0.,-1.));
#3184=DIRECTION('center_axis',(1.,0.,0.));
#3185=DIRECTION('ref_axis',(0.,-1.,0.));
#3186=DIRECTION('',(0.,0.,-1.));
#3187=DIRECTION('',(0.,-1.,0.));
#3188=DIRECTION('',(0.,-1.,0.));
#3189=DIRECTION('',(0.,0.,-1.));
#3190=DIRECTION('center_axis',(0.,0.,-1.));
#3191=DIRECTION('ref_axis',(1.11022302462516E-15,-1.,0.));
#3192=DIRECTION('center_axis',(0.,0.,-1.));
#3193=DIRECTION('ref_axis',(1.11022302462516E-15,-1.,0.));
#3194=DIRECTION('center_axis',(0.,0.,-1.));
#3195=DIRECTION('ref_axis',(1.11022302462516E-15,-1.,0.));
#3196=DIRECTION('center_axis',(0.,0.,-1.));
#3197=DIRECTION('ref_axis',(1.11022302462516E-15,-1.,0.));
#3198=DIRECTION('center_axis',(0.,0.,1.));
#3199=DIRECTION('ref_axis',(-1.,0.,0.));
#3200=DIRECTION('',(1.62076353959877E-16,1.,0.));
#3201=DIRECTION('',(1.,-2.92163953848725E-16,0.));
#3202=DIRECTION('',(-1.21557265469908E-16,-1.,0.));
#3203=DIRECTION('',(0.,1.,0.));
#3204=DIRECTION('center_axis',(0.,0.,-1.));
#3205=DIRECTION('ref_axis',(-1.,-1.11022302462516E-15,0.));
#3206=DIRECTION('center_axis',(0.,1.,0.));
#3207=DIRECTION('ref_axis',(0.,0.,-1.));
#3208=DIRECTION('center_axis',(-1.,0.,0.));
#3209=DIRECTION('ref_axis',(0.,0.,1.));
#3210=DIRECTION('center_axis',(0.,1.,0.));
#3211=DIRECTION('ref_axis',(0.,0.,-1.));
#3212=DIRECTION('center_axis',(-1.,0.,0.));
#3213=DIRECTION('ref_axis',(0.,0.,1.));
#3214=DIRECTION('center_axis',(-1.,0.,0.));
#3215=DIRECTION('ref_axis',(0.,1.,0.));
#3216=DIRECTION('',(0.,0.,-1.));
#3217=DIRECTION('',(0.,1.,0.));
#3218=DIRECTION('center_axis',(0.,0.,-1.));
#3219=DIRECTION('ref_axis',(-1.,-1.11022302462516E-15,0.));
#3220=DIRECTION('center_axis',(0.,0.,1.));
#3221=DIRECTION('ref_axis',(1.,0.,0.));
#3222=DIRECTION('center_axis',(0.,0.,1.));
#3223=DIRECTION('ref_axis',(0.,1.,0.));
#3224=DIRECTION('',(3.73184209958036E-16,-1.,0.));
#3225=DIRECTION('',(1.,0.,0.));
#3226=DIRECTION('',(0.,1.,0.));
#3227=DIRECTION('center_axis',(0.,0.,1.));
#3228=DIRECTION('ref_axis',(1.,0.,0.));
#3229=DIRECTION('center_axis',(-1.,1.62076353959877E-16,0.));
#3230=DIRECTION('ref_axis',(-1.62076353959877E-16,-1.,0.));
#3231=DIRECTION('',(1.62076353959877E-16,1.,0.));
#3232=DIRECTION('',(0.,0.,1.));
#3233=DIRECTION('',(1.62076353959877E-16,1.,0.));
#3234=DIRECTION('',(0.,0.,1.));
#3235=DIRECTION('center_axis',(0.,0.,1.));
#3236=DIRECTION('ref_axis',(0.707106781186548,0.707106781186548,0.));
#3237=DIRECTION('',(0.,0.,1.));
#3238=DIRECTION('center_axis',(0.,0.707106781186547,0.707106781186548));
#3239=DIRECTION('ref_axis',(6.13317366673349E-17,0.707106781186548,-0.707106781186547));
#3240=DIRECTION('center_axis',(0.,0.707106781186547,-0.707106781186548));
#3241=DIRECTION('ref_axis',(6.13317366673349E-17,-0.707106781186548,-0.707106781186547));
#3242=DIRECTION('center_axis',(0.,0.,-1.));
#3243=DIRECTION('ref_axis',(0.707106781186548,-0.707106781186548,0.));
#3244=DIRECTION('',(0.,0.,-1.));
#3245=DIRECTION('center_axis',(0.,0.707106781186547,0.707106781186548));
#3246=DIRECTION('ref_axis',(-6.13317366673349E-17,0.707106781186548,-0.707106781186547));
#3247=DIRECTION('center_axis',(0.,0.707106781186547,-0.707106781186548));
#3248=DIRECTION('ref_axis',(-6.13317366673349E-17,-0.707106781186548,-0.707106781186547));
#3249=DIRECTION('center_axis',(0.,1.,0.));
#3250=DIRECTION('ref_axis',(0.707106781186548,0.,-0.707106781186547));
#3251=DIRECTION('',(0.,1.,0.));
#3252=DIRECTION('',(0.,-1.,0.));
#3253=DIRECTION('center_axis',(2.77555756156229E-15,-1.,0.));
#3254=DIRECTION('ref_axis',(-0.707106781186548,0.,0.707106781186547));
#3255=DIRECTION('center_axis',(0.707106781186548,0.707106781186548,0.));
#3256=DIRECTION('ref_axis',(0.707106781186548,-0.707106781186548,-1.2266347333467E-16));
#3257=DIRECTION('center_axis',(0.707106781186549,-0.707106781186546,0.));
#3258=DIRECTION('ref_axis',(-0.707106781186546,-0.707106781186549,0.));
#3259=DIRECTION('',(2.77555756156229E-15,-1.,0.));
#3260=DIRECTION('center_axis',(1.,0.,0.));
#3261=DIRECTION('ref_axis',(0.,-0.70710678118655,0.707106781186545));
#3262=DIRECTION('',(-1.,0.,0.));
#3263=DIRECTION('center_axis',(0.707106781186549,-0.707106781186547,0.));
#3264=DIRECTION('ref_axis',(-0.707106781186547,-0.707106781186548,0.));
#3265=DIRECTION('center_axis',(0.707106781186547,0.707106781186549,0.));
#3266=DIRECTION('ref_axis',(0.707106781186549,-0.707106781186547,0.));
#3267=DIRECTION('',(1.,0.,0.));
#3268=DIRECTION('center_axis',(-1.8503717077082E-15,1.,0.));
#3269=DIRECTION('ref_axis',(0.707106781186548,0.,0.707106781186547));
#3270=DIRECTION('',(-1.8503717077082E-15,1.,0.));
#3271=DIRECTION('center_axis',(0.,1.,0.));
#3272=DIRECTION('ref_axis',(-1.,0.,0.));
#3273=DIRECTION('',(0.,0.,1.));
#3274=DIRECTION('',(-1.,0.,0.));
#3275=DIRECTION('',(0.,0.,-1.));
#3276=DIRECTION('center_axis',(1.,1.8503717077082E-15,0.));
#3277=DIRECTION('ref_axis',(-1.8503717077082E-15,1.,0.));
#3278=DIRECTION('',(-1.8503717077082E-15,1.,0.));
#3279=DIRECTION('',(0.,0.,1.));
#3280=DIRECTION('center_axis',(0.,-1.,0.));
#3281=DIRECTION('ref_axis',(1.,0.,0.));
#3282=DIRECTION('',(1.,0.,0.));
#3283=DIRECTION('',(0.,0.,-1.));
#3284=DIRECTION('center_axis',(-1.,-2.77555756156229E-15,0.));
#3285=DIRECTION('ref_axis',(2.77555756156229E-15,-1.,0.));
#3286=DIRECTION('',(2.77555756156229E-15,-1.,0.));
#3287=DIRECTION('center_axis',(0.,0.,-1.));
#3288=DIRECTION('ref_axis',(-0.707106781186548,0.707106781186548,0.));
#3289=DIRECTION('',(0.,0.,-1.));
#3290=DIRECTION('center_axis',(0.,-0.707106781186547,0.707106781186548));
#3291=DIRECTION('ref_axis',(6.13317366673349E-17,-0.707106781186548,-0.707106781186547));
#3292=DIRECTION('center_axis',(0.,-0.707106781186547,-0.707106781186548));
#3293=DIRECTION('ref_axis',(6.13317366673349E-17,0.707106781186548,-0.707106781186547));
#3294=DIRECTION('center_axis',(0.,0.,1.));
#3295=DIRECTION('ref_axis',(-0.707106781186548,-0.707106781186548,0.));
#3296=DIRECTION('',(0.,0.,1.));
#3297=DIRECTION('center_axis',(0.,-0.707106781186547,0.707106781186548));
#3298=DIRECTION('ref_axis',(-6.13317366673349E-17,-0.707106781186548,-0.707106781186547));
#3299=DIRECTION('center_axis',(0.,-0.707106781186547,-0.707106781186548));
#3300=DIRECTION('ref_axis',(-6.13317366673349E-17,0.707106781186548,-0.707106781186547));
#3301=DIRECTION('center_axis',(0.,-1.,0.));
#3302=DIRECTION('ref_axis',(-0.707106781186548,0.,-0.707106781186547));
#3303=DIRECTION('',(0.,1.,0.));
#3304=DIRECTION('',(0.,-1.,0.));
#3305=DIRECTION('center_axis',(0.,1.,0.));
#3306=DIRECTION('ref_axis',(0.707106781186548,0.,0.707106781186547));
#3307=DIRECTION('center_axis',(0.707106781186548,0.707106781186548,0.));
#3308=DIRECTION('ref_axis',(0.707106781186548,-0.707106781186548,-1.2266347333467E-16));
#3309=DIRECTION('center_axis',(0.707106781186548,-0.707106781186547,0.));
#3310=DIRECTION('ref_axis',(-0.707106781186547,-0.707106781186548,0.));
#3311=DIRECTION('',(0.,1.,0.));
#3312=DIRECTION('center_axis',(1.,0.,0.));
#3313=DIRECTION('ref_axis',(0.,-0.70710678118655,0.707106781186545));
#3314=DIRECTION('',(1.,0.,0.));
#3315=DIRECTION('center_axis',(0.707106781186549,-0.707106781186546,0.));
#3316=DIRECTION('ref_axis',(-0.707106781186546,-0.707106781186549,-1.2266347333467E-16));
#3317=DIRECTION('center_axis',(0.707106781186546,0.707106781186549,0.));
#3318=DIRECTION('ref_axis',(0.707106781186549,-0.707106781186546,-1.2266347333467E-16));
#3319=DIRECTION('',(-1.,0.,0.));
#3320=DIRECTION('center_axis',(3.70074341541639E-15,-1.,0.));
#3321=DIRECTION('ref_axis',(-0.707106781186548,0.,0.707106781186547));
#3322=DIRECTION('',(3.70074341541639E-15,-1.,0.));
#3323=DIRECTION('center_axis',(0.,1.,0.));
#3324=DIRECTION('ref_axis',(-1.,0.,0.));
#3325=DIRECTION('',(0.,0.,1.));
#3326=DIRECTION('',(-1.,0.,0.));
#3327=DIRECTION('',(0.,0.,-1.));
#3328=DIRECTION('center_axis',(1.,0.,0.));
#3329=DIRECTION('ref_axis',(0.,1.,0.));
#3330=DIRECTION('',(0.,1.,0.));
#3331=DIRECTION('',(0.,0.,1.));
#3332=DIRECTION('center_axis',(-1.,-3.70074341541639E-15,0.));
#3333=DIRECTION('ref_axis',(3.70074341541639E-15,-1.,0.));
#3334=DIRECTION('',(0.,0.,-1.));
#3335=DIRECTION('',(3.70074341541639E-15,-1.,0.));
#3336=DIRECTION('center_axis',(0.,-1.,0.));
#3337=DIRECTION('ref_axis',(1.,0.,0.));
#3338=DIRECTION('',(1.,0.,0.));
#3339=DIRECTION('center_axis',(0.,0.,1.));
#3340=DIRECTION('ref_axis',(1.,0.,0.));
#3341=DIRECTION('',(0.866025403784438,-0.500000000000001,0.));
#3342=DIRECTION('',(-5.49417910395304E-16,-1.,0.));
#3343=DIRECTION('',(-0.866025403784439,-0.5,0.));
#3344=DIRECTION('',(-0.866025403784438,0.5,0.));
#3345=DIRECTION('',(-1.21557265469908E-16,-1.,0.));
#3346=DIRECTION('',(-0.866025403784439,-0.499999999999999,0.));
#3347=DIRECTION('',(-0.866025403784438,0.500000000000001,0.));
#3348=DIRECTION('',(1.64825373118591E-15,1.,0.));
#3349=DIRECTION('',(0.866025403784439,0.499999999999999,0.));
#3350=DIRECTION('',(0.866025403784438,-0.500000000000001,0.));
#3351=DIRECTION('',(-1.21557265469908E-16,-1.,0.));
#3352=DIRECTION('',(1.,-2.92163953848725E-16,0.));
#3353=DIRECTION('center_axis',(-0.499999999999999,0.866025403784439,0.));
#3354=DIRECTION('ref_axis',(-0.866025403784439,-0.499999999999999,0.));
#3355=DIRECTION('',(0.,0.,-1.));
#3356=DIRECTION('',(-0.866025403784439,-0.499999999999999,0.));
#3357=DIRECTION('',(0.,0.,1.));
#3358=DIRECTION('center_axis',(0.5,0.866025403784438,0.));
#3359=DIRECTION('ref_axis',(-0.866025403784438,0.5,0.));
#3360=DIRECTION('',(0.,0.,1.));
#3361=DIRECTION('',(-0.866025403784438,0.5,0.));
#3362=DIRECTION('center_axis',(-0.5,0.866025403784439,0.));
#3363=DIRECTION('ref_axis',(-0.866025403784439,-0.5,0.));
#3364=DIRECTION('',(0.,0.,1.));
#3365=DIRECTION('',(-0.866025403784439,-0.5,0.));
#3366=DIRECTION('center_axis',(-1.,5.49417910395304E-16,0.));
#3367=DIRECTION('ref_axis',(-5.49417910395304E-16,-1.,0.));
#3368=DIRECTION('',(0.,0.,1.));
#3369=DIRECTION('',(-5.49417910395304E-16,-1.,0.));
#3370=DIRECTION('center_axis',(1.,-1.21557265469908E-16,0.));
#3371=DIRECTION('ref_axis',(1.21557265469908E-16,1.,0.));
#3372=DIRECTION('',(0.,0.,1.));
#3373=DIRECTION('',(0.,0.,1.));
#3374=DIRECTION('',(-1.21557265469908E-16,-1.,0.));
#3375=DIRECTION('center_axis',(2.92163953848725E-16,1.,0.));
#3376=DIRECTION('ref_axis',(-1.,2.92163953848725E-16,0.));
#3377=DIRECTION('',(1.,-2.92163953848725E-16,0.));
#3378=DIRECTION('',(0.,0.,-1.));
#3379=DIRECTION('center_axis',(-0.500000000000001,-0.866025403784438,0.));
#3380=DIRECTION('ref_axis',(0.866025403784438,-0.500000000000001,0.));
#3381=DIRECTION('',(0.866025403784438,-0.500000000000001,0.));
#3382=DIRECTION('center_axis',(0.,0.,1.));
#3383=DIRECTION('ref_axis',(1.,0.,0.));
#3384=DIRECTION('center_axis',(0.,0.,1.));
#3385=DIRECTION('ref_axis',(1.,0.,0.));
#3386=DIRECTION('center_axis',(0.,0.,1.));
#3387=DIRECTION('ref_axis',(1.,0.,0.));
#3388=DIRECTION('',(0.,1.,0.));
#3389=DIRECTION('',(1.,0.,0.));
#3390=DIRECTION('',(3.73184209958036E-16,-1.,0.));
#3391=DIRECTION('center_axis',(0.,0.,1.));
#3392=DIRECTION('ref_axis',(0.,1.,0.));
#3393=DIRECTION('center_axis',(1.,-1.64825373118591E-15,0.));
#3394=DIRECTION('ref_axis',(1.64825373118591E-15,1.,0.));
#3395=DIRECTION('',(0.,0.,1.));
#3396=DIRECTION('',(1.64825373118591E-15,1.,0.));
#3397=DIRECTION('',(0.,0.,1.));
#3398=DIRECTION('center_axis',(0.5,-0.866025403784439,0.));
#3399=DIRECTION('ref_axis',(0.866025403784439,0.499999999999999,0.));
#3400=DIRECTION('',(0.866025403784439,0.499999999999999,0.));
#3401=DIRECTION('',(0.,0.,1.));
#3402=DIRECTION('center_axis',(-0.500000000000001,-0.866025403784438,0.));
#3403=DIRECTION('ref_axis',(0.866025403784438,-0.500000000000001,0.));
#3404=DIRECTION('',(0.866025403784438,-0.500000000000001,0.));
#3405=DIRECTION('center_axis',(0.500000000000001,0.866025403784438,0.));
#3406=DIRECTION('ref_axis',(-0.866025403784438,0.500000000000001,0.));
#3407=DIRECTION('',(-0.866025403784438,0.500000000000001,0.));
#3408=DIRECTION('center_axis',(0.,0.,1.));
#3409=DIRECTION('ref_axis',(1.,0.,0.));
#3410=DIRECTION('center_axis',(0.,0.,1.));
#3411=DIRECTION('ref_axis',(0.,1.,0.));
#3412=DIRECTION('',(0.,0.,1.));
#3413=DIRECTION('center_axis',(0.,0.,1.));
#3414=DIRECTION('ref_axis',(1.,0.,0.));
#3415=DIRECTION('',(0.,0.,1.));
#3416=DIRECTION('center_axis',(1.,0.,0.));
#3417=DIRECTION('ref_axis',(0.,1.,0.));
#3418=DIRECTION('',(0.,0.,1.));
#3419=DIRECTION('center_axis',(0.,-1.,0.));
#3420=DIRECTION('ref_axis',(1.,0.,0.));
#3421=DIRECTION('',(0.,0.,1.));
#3422=DIRECTION('center_axis',(-1.,-3.73184209958036E-16,0.));
#3423=DIRECTION('ref_axis',(3.73184209958036E-16,-1.,0.));
#3424=DIRECTION('axis',(0.,0.,1.));
#3425=DIRECTION('refdir',(1.,0.,0.));
#3426=DIRECTION('center_axis',(-1.00929365875014E-16,-1.,0.));
#3427=DIRECTION('ref_axis',(-1.,1.00929365875014E-16,0.));
#3428=DIRECTION('',(0.,0.,-1.));
#3429=DIRECTION('center_axis',(1.00929365875014E-16,1.,0.));
#3430=DIRECTION('ref_axis',(-1.,1.00929365875014E-16,0.));
#3431=DIRECTION('center_axis',(0.,1.,0.));
#3432=DIRECTION('ref_axis',(-1.,0.,-1.22464679914735E-16));
#3433=DIRECTION('',(0.,1.,0.));
#3434=DIRECTION('center_axis',(-2.6860705731401E-15,1.,0.));
#3435=DIRECTION('ref_axis',(1.,2.6860705731401E-15,0.));
#3436=DIRECTION('',(0.,-1.,0.));
#3437=DIRECTION('center_axis',(-2.6860705731401E-15,1.,0.));
#3438=DIRECTION('ref_axis',(1.,2.6860705731401E-15,0.));
#3439=DIRECTION('center_axis',(0.,0.,-1.));
#3440=DIRECTION('ref_axis',(-1.,0.,0.));
#3441=DIRECTION('center_axis',(0.,0.,-1.));
#3442=DIRECTION('ref_axis',(-1.,-1.11022302462516E-15,0.));
#3443=DIRECTION('center_axis',(-1.,-2.18074902333267E-15,0.));
#3444=DIRECTION('ref_axis',(-2.18074902333267E-15,1.,0.));
#3445=DIRECTION('center_axis',(0.,0.,1.));
#3446=DIRECTION('ref_axis',(-1.,-1.11022302462516E-15,0.));
#3447=DIRECTION('center_axis',(-1.,1.00929365875014E-16,0.));
#3448=DIRECTION('ref_axis',(-1.00929365875014E-16,-1.,-1.22464679914735E-16));
#3449=DIRECTION('',(-1.,1.00929365875014E-16,0.));
#3450=DIRECTION('center_axis',(-1.,-2.18074902333267E-15,0.));
#3451=DIRECTION('ref_axis',(-2.18074902333267E-15,1.,0.));
#3452=DIRECTION('',(1.,-1.00929365875014E-16,0.));
#3453=DIRECTION('center_axis',(0.,0.,-1.));
#3454=DIRECTION('ref_axis',(-1.,0.,0.));
#3455=DIRECTION('center_axis',(0.,0.,-1.));
#3456=DIRECTION('ref_axis',(1.11022302462516E-15,-1.,0.));
#3457=DIRECTION('center_axis',(-1.00929365875014E-16,-1.,0.));
#3458=DIRECTION('ref_axis',(-1.,1.00929365875014E-16,0.));
#3459=DIRECTION('center_axis',(0.,0.,1.));
#3460=DIRECTION('ref_axis',(1.11022302462516E-15,-1.,0.));
#3461=DIRECTION('center_axis',(0.,-1.,0.));
#3462=DIRECTION('ref_axis',(1.,0.,-1.22464679914735E-16));
#3463=DIRECTION('',(0.,-1.,0.));
#3464=DIRECTION('',(0.,1.,0.));
#3465=DIRECTION('center_axis',(-2.6860705731401E-15,1.,0.));
#3466=DIRECTION('ref_axis',(1.,2.6860705731401E-15,0.));
#3467=DIRECTION('',(0.,0.,1.));
#3468=DIRECTION('center_axis',(0.,0.,-1.));
#3469=DIRECTION('ref_axis',(1.11022302462516E-15,-1.,0.));
#3470=DIRECTION('',(0.,0.,-1.));
#3471=DIRECTION('center_axis',(0.,0.,1.));
#3472=DIRECTION('ref_axis',(1.11022302462516E-15,-1.,0.));
#3473=DIRECTION('',(0.,0.,-1.));
#3474=DIRECTION('center_axis',(0.,0.,-1.));
#3475=DIRECTION('ref_axis',(1.11022302462516E-15,-1.,0.));
#3476=DIRECTION('',(0.,0.,-1.));
#3477=DIRECTION('center_axis',(0.,0.,-1.));
#3478=DIRECTION('ref_axis',(1.11022302462516E-15,-1.,0.));
#3479=DIRECTION('',(0.,0.,-1.));
#3480=DIRECTION('center_axis',(-1.00929365875014E-16,-1.,0.));
#3481=DIRECTION('ref_axis',(-1.,1.00929365875014E-16,0.));
#3482=DIRECTION('',(-1.,1.00929365875014E-16,0.));
#3483=DIRECTION('',(0.,0.,-1.));
#3484=DIRECTION('center_axis',(-1.00929365875014E-16,-1.,0.));
#3485=DIRECTION('ref_axis',(-1.,1.00929365875014E-16,0.));
#3486=DIRECTION('',(0.,0.,-1.));
#3487=DIRECTION('',(-1.,1.00929365875014E-16,0.));
#3488=DIRECTION('center_axis',(-1.,0.,0.));
#3489=DIRECTION('ref_axis',(0.,1.,0.));
#3490=DIRECTION('',(0.,0.,-1.));
#3491=DIRECTION('',(0.,1.,0.));
#3492=DIRECTION('',(0.,0.,-1.));
#3493=DIRECTION('',(0.,1.,0.));
#3494=DIRECTION('',(0.,0.,-1.));
#3495=DIRECTION('center_axis',(0.,0.,-1.));
#3496=DIRECTION('ref_axis',(-1.,-1.11022302462516E-15,0.));
#3497=DIRECTION('center_axis',(0.,0.,1.));
#3498=DIRECTION('ref_axis',(-1.,-1.11022302462516E-15,0.));
#3499=DIRECTION('center_axis',(0.,0.,-1.));
#3500=DIRECTION('ref_axis',(-1.,-1.11022302462516E-15,0.));
#3501=DIRECTION('center_axis',(0.,0.,-1.));
#3502=DIRECTION('ref_axis',(-1.,-1.11022302462516E-15,0.));
#3503=DIRECTION('center_axis',(0.,0.,1.));
#3504=DIRECTION('ref_axis',(1.,0.,0.));
#3505=DIRECTION('',(9.73879846162418E-17,-1.,0.));
#3506=DIRECTION('',(-1.,0.,0.));
#3507=DIRECTION('',(0.,1.,0.));
#3508=DIRECTION('',(1.,7.30409884621814E-17,0.));
#3509=DIRECTION('',(0.,-1.,0.));
#3510=DIRECTION('',(-1.,0.,0.));
#3511=DIRECTION('',(3.89551938464967E-16,1.,0.));
#3512=DIRECTION('',(-1.,1.06752213906265E-16,0.));
#3513=DIRECTION('center_axis',(0.,1.,0.));
#3514=DIRECTION('ref_axis',(-1.,0.,0.));
#3515=DIRECTION('',(0.,0.,-1.));
#3516=DIRECTION('',(0.,0.,1.));
#3517=DIRECTION('',(-1.,0.,0.));
#3518=DIRECTION('center_axis',(0.,1.,0.));
#3519=DIRECTION('ref_axis',(-1.,0.,0.));
#3520=DIRECTION('',(0.,0.,1.));
#3521=DIRECTION('',(-1.,0.,0.));
#3522=DIRECTION('',(0.,0.,1.));
#3523=DIRECTION('center_axis',(-1.,-9.73879846162418E-17,0.));
#3524=DIRECTION('ref_axis',(-9.73879846162418E-17,1.,0.));
#3525=DIRECTION('',(0.,0.,-1.));
#3526=DIRECTION('',(9.73879846162418E-17,-1.,0.));
#3527=DIRECTION('',(0.,0.,-1.));
#3528=DIRECTION('',(-9.73879846162418E-17,1.,0.));
#3529=DIRECTION('',(-9.73879846162418E-17,1.,0.));
#3530=DIRECTION('center_axis',(0.,0.,1.));
#3531=DIRECTION('ref_axis',(-1.,0.,0.));
#3532=DIRECTION('',(1.62076353959877E-16,1.,0.));
#3533=DIRECTION('',(1.,0.,0.));
#3534=DIRECTION('',(0.,1.,0.));
#3535=DIRECTION('',(1.,-6.27791124357755E-17,0.));
#3536=DIRECTION('',(0.,-1.,0.));
#3537=DIRECTION('',(1.,-6.27791124357755E-17,0.));
#3538=DIRECTION('',(0.,1.,0.));
#3539=DIRECTION('',(1.,0.,0.));
#3540=DIRECTION('',(-3.89551938464967E-16,-1.,0.));
#3541=DIRECTION('',(0.,-1.,0.));
#3542=DIRECTION('',(1.,-2.92163953848725E-16,0.));
#3543=DIRECTION('center_axis',(1.06752213906265E-16,1.,0.));
#3544=DIRECTION('ref_axis',(1.,-1.06752213906265E-16,0.));
#3545=DIRECTION('',(0.,0.,-1.));
#3546=DIRECTION('',(-1.,1.06752213906265E-16,0.));
#3547=DIRECTION('center_axis',(1.,-3.89551938464967E-16,0.));
#3548=DIRECTION('ref_axis',(-3.89551938464967E-16,-1.,0.));
#3549=DIRECTION('',(-3.89551938464967E-16,-1.,0.));
#3550=DIRECTION('',(0.,0.,-1.));
#3551=DIRECTION('',(3.89551938464967E-16,1.,0.));
#3552=DIRECTION('center_axis',(1.,0.,0.));
#3553=DIRECTION('ref_axis',(0.,0.,-1.));
#3554=DIRECTION('',(0.,0.,-1.));
#3555=DIRECTION('',(0.,0.,-1.));
#3556=DIRECTION('',(0.,1.,0.));
#3557=DIRECTION('center_axis',(-1.,0.,6.93889390390723E-16));
#3558=DIRECTION('ref_axis',(6.93889390390723E-16,0.,1.));
#3559=DIRECTION('',(6.93889390390723E-16,-4.35617600573309E-32,1.));
#3560=DIRECTION('',(0.,1.,0.));
#3561=DIRECTION('',(6.93889390390723E-16,0.,1.));
#3562=DIRECTION('center_axis',(0.,0.,-1.));
#3563=DIRECTION('ref_axis',(-1.,0.,0.));
#3564=DIRECTION('',(-1.,6.27791124357755E-17,0.));
#3565=DIRECTION('',(-1.,0.,0.));
#3566=DIRECTION('center_axis',(0.,1.,0.));
#3567=DIRECTION('ref_axis',(0.,0.,1.));
#3568=DIRECTION('',(1.,0.,0.));
#3569=DIRECTION('center_axis',(-6.27791124357755E-17,-1.,0.));
#3570=DIRECTION('ref_axis',(-1.,6.27791124357755E-17,0.));
#3571=DIRECTION('',(1.,-6.27791124357755E-17,0.));
#3572=DIRECTION('',(0.,0.,-1.));
#3573=DIRECTION('',(-1.,6.27791124357755E-17,0.));
#3574=DIRECTION('',(0.,0.,-1.));
#3575=DIRECTION('',(1.,-6.27791124357755E-17,0.));
#3576=DIRECTION('',(0.,0.,-1.));
#3577=DIRECTION('center_axis',(6.27791124357755E-17,1.,0.));
#3578=DIRECTION('ref_axis',(1.,0.,0.));
#3579=DIRECTION('center_axis',(6.27791124357755E-17,1.,0.));
#3580=DIRECTION('ref_axis',(1.,0.,0.));
#3581=DIRECTION('center_axis',(1.,0.,0.));
#3582=DIRECTION('ref_axis',(0.,-1.,0.));
#3583=DIRECTION('',(0.,-1.,0.));
#3584=DIRECTION('',(0.,0.,-1.));
#3585=DIRECTION('',(0.,-1.,0.));
#3586=DIRECTION('',(0.,0.,-1.));
#3587=DIRECTION('center_axis',(0.500000000000001,0.866025403784438,0.));
#3588=DIRECTION('ref_axis',(0.866025403784438,-0.500000000000001,0.));
#3589=DIRECTION('',(0.866025403784438,-0.500000000000001,0.));
#3590=DIRECTION('',(0.,0.,-1.));
#3591=DIRECTION('',(0.866025403784438,-0.500000000000001,0.));
#3592=DIRECTION('center_axis',(-0.499999999999999,0.866025403784439,0.));
#3593=DIRECTION('ref_axis',(0.866025403784439,0.499999999999999,0.));
#3594=DIRECTION('',(0.866025403784439,0.499999999999999,0.));
#3595=DIRECTION('',(0.,0.,-1.));
#3596=DIRECTION('',(0.866025403784439,0.499999999999999,0.));
#3597=DIRECTION('center_axis',(-1.,-5.00771532912387E-16,0.));
#3598=DIRECTION('ref_axis',(-5.00771532912387E-16,1.,0.));
#3599=DIRECTION('',(-5.00771532912387E-16,1.,0.));
#3600=DIRECTION('',(0.,0.,-1.));
#3601=DIRECTION('',(-5.00771532912387E-16,1.,0.));
#3602=DIRECTION('center_axis',(-0.5,-0.866025403784439,0.));
#3603=DIRECTION('ref_axis',(-0.866025403784439,0.5,0.));
#3604=DIRECTION('',(-0.866025403784439,0.5,0.));
#3605=DIRECTION('',(0.,0.,-1.));
#3606=DIRECTION('',(-0.866025403784439,0.5,0.));
#3607=DIRECTION('center_axis',(-1.,0.,0.));
#3608=DIRECTION('ref_axis',(0.,1.,0.));
#3609=DIRECTION('',(0.,1.,0.));
#3610=DIRECTION('',(0.,0.,-1.));
#3611=DIRECTION('',(0.,1.,0.));
#3612=DIRECTION('center_axis',(0.,0.,-1.));
#3613=DIRECTION('ref_axis',(-1.,0.,0.));
#3614=DIRECTION('center_axis',(0.,0.,-1.));
#3615=DIRECTION('ref_axis',(-1.,0.,0.));
#3616=DIRECTION('',(0.,0.,-1.));
#3617=DIRECTION('center_axis',(0.,0.,-1.));
#3618=DIRECTION('ref_axis',(-1.,0.,0.));
#3619=DIRECTION('center_axis',(1.,0.,0.));
#3620=DIRECTION('ref_axis',(0.,-1.,0.));
#3621=DIRECTION('',(0.,-1.,0.));
#3622=DIRECTION('',(0.,0.,-1.));
#3623=DIRECTION('',(0.,-1.,0.));
#3624=DIRECTION('center_axis',(0.499999999999999,-0.866025403784439,0.));
#3625=DIRECTION('ref_axis',(-0.866025403784439,-0.499999999999999,0.));
#3626=DIRECTION('',(-0.866025403784439,-0.499999999999999,0.));
#3627=DIRECTION('',(-0.866025403784439,-0.499999999999999,0.));
#3628=DIRECTION('center_axis',(0.,0.,1.));
#3629=DIRECTION('ref_axis',(-1.,0.,0.));
#3630=DIRECTION('center_axis',(1.,0.,0.));
#3631=DIRECTION('ref_axis',(0.,-1.,0.));
#3632=DIRECTION('',(0.,-1.,0.));
#3633=DIRECTION('',(0.,0.,-1.));
#3634=DIRECTION('',(0.,-1.,0.));
#3635=DIRECTION('',(0.,0.,-1.));
#3636=DIRECTION('center_axis',(0.500000000000001,0.866025403784438,0.));
#3637=DIRECTION('ref_axis',(0.866025403784438,-0.500000000000001,0.));
#3638=DIRECTION('',(0.866025403784438,-0.500000000000001,0.));
#3639=DIRECTION('',(0.,0.,-1.));
#3640=DIRECTION('',(0.866025403784438,-0.500000000000001,0.));
#3641=DIRECTION('center_axis',(-0.499999999999999,0.866025403784439,0.));
#3642=DIRECTION('ref_axis',(0.866025403784439,0.499999999999999,0.));
#3643=DIRECTION('',(0.866025403784439,0.499999999999999,0.));
#3644=DIRECTION('',(0.,0.,-1.));
#3645=DIRECTION('',(0.866025403784439,0.499999999999999,0.));
#3646=DIRECTION('center_axis',(-1.,0.,0.));
#3647=DIRECTION('ref_axis',(0.,1.,0.));
#3648=DIRECTION('',(0.,1.,0.));
#3649=DIRECTION('',(0.,0.,-1.));
#3650=DIRECTION('',(0.,1.,0.));
#3651=DIRECTION('center_axis',(-0.5,-0.866025403784439,0.));
#3652=DIRECTION('ref_axis',(-0.866025403784439,0.5,0.));
#3653=DIRECTION('',(-0.866025403784439,0.5,0.));
#3654=DIRECTION('',(0.,0.,-1.));
#3655=DIRECTION('',(-0.866025403784439,0.5,0.));
#3656=DIRECTION('center_axis',(-1.,0.,0.));
#3657=DIRECTION('ref_axis',(0.,1.,0.));
#3658=DIRECTION('',(0.,1.,0.));
#3659=DIRECTION('',(0.,0.,-1.));
#3660=DIRECTION('',(0.,1.,0.));
#3661=DIRECTION('center_axis',(0.,0.,-1.));
#3662=DIRECTION('ref_axis',(-1.,0.,0.));
#3663=DIRECTION('center_axis',(0.,0.,-1.));
#3664=DIRECTION('ref_axis',(-1.,0.,0.));
#3665=DIRECTION('',(0.,0.,-1.));
#3666=DIRECTION('center_axis',(0.,0.,-1.));
#3667=DIRECTION('ref_axis',(-1.,0.,0.));
#3668=DIRECTION('center_axis',(1.,0.,0.));
#3669=DIRECTION('ref_axis',(0.,-1.,0.));
#3670=DIRECTION('',(0.,-1.,0.));
#3671=DIRECTION('',(0.,0.,-1.));
#3672=DIRECTION('',(0.,-1.,0.));
#3673=DIRECTION('center_axis',(0.499999999999999,-0.866025403784439,0.));
#3674=DIRECTION('ref_axis',(-0.866025403784439,-0.499999999999999,0.));
#3675=DIRECTION('',(-0.866025403784439,-0.499999999999999,0.));
#3676=DIRECTION('',(-0.866025403784439,-0.499999999999999,0.));
#3677=DIRECTION('center_axis',(0.,0.,1.));
#3678=DIRECTION('ref_axis',(-1.,0.,0.));
#3679=DIRECTION('center_axis',(0.,0.,-1.));
#3680=DIRECTION('ref_axis',(-1.,0.,0.));
#3681=DIRECTION('center_axis',(0.,0.,-1.));
#3682=DIRECTION('ref_axis',(-1.,0.,0.));
#3683=DIRECTION('',(0.,0.,-1.));
#3684=DIRECTION('center_axis',(0.,0.,-1.));
#3685=DIRECTION('ref_axis',(-1.,0.,0.));
#3686=DIRECTION('',(0.,0.,-1.));
#3687=DIRECTION('center_axis',(-1.,0.,0.));
#3688=DIRECTION('ref_axis',(0.,1.,0.));
#3689=DIRECTION('',(0.,1.,0.));
#3690=DIRECTION('',(0.,0.,-1.));
#3691=DIRECTION('',(0.,1.,0.));
#3692=DIRECTION('center_axis',(-0.499999999999999,0.866025403784439,0.));
#3693=DIRECTION('ref_axis',(0.866025403784439,0.499999999999999,0.));
#3694=DIRECTION('',(0.866025403784439,0.499999999999999,0.));
#3695=DIRECTION('',(0.,0.,-1.));
#3696=DIRECTION('',(0.866025403784439,0.499999999999999,0.));
#3697=DIRECTION('center_axis',(-1.,-5.00771532912387E-16,0.));
#3698=DIRECTION('ref_axis',(-5.00771532912387E-16,1.,0.));
#3699=DIRECTION('',(-5.00771532912387E-16,1.,0.));
#3700=DIRECTION('',(0.,0.,-1.));
#3701=DIRECTION('',(-5.00771532912387E-16,1.,0.));
#3702=DIRECTION('center_axis',(-0.5,-0.866025403784439,0.));
#3703=DIRECTION('ref_axis',(-0.866025403784439,0.5,0.));
#3704=DIRECTION('',(-0.866025403784439,0.5,0.));
#3705=DIRECTION('',(0.,0.,-1.));
#3706=DIRECTION('',(-0.866025403784439,0.5,0.));
#3707=DIRECTION('center_axis',(0.499999999999999,-0.866025403784439,0.));
#3708=DIRECTION('ref_axis',(-0.866025403784439,-0.499999999999999,0.));
#3709=DIRECTION('',(-0.866025403784439,-0.499999999999999,0.));
#3710=DIRECTION('',(0.,0.,-1.));
#3711=DIRECTION('',(-0.866025403784439,-0.499999999999999,0.));
#3712=DIRECTION('center_axis',(1.,0.,0.));
#3713=DIRECTION('ref_axis',(0.,-1.,0.));
#3714=DIRECTION('',(0.,-1.,0.));
#3715=DIRECTION('',(0.,0.,-1.));
#3716=DIRECTION('',(0.,-1.,0.));
#3717=DIRECTION('center_axis',(0.500000000000001,0.866025403784438,0.));
#3718=DIRECTION('ref_axis',(0.866025403784438,-0.500000000000001,0.));
#3719=DIRECTION('',(0.866025403784438,-0.500000000000001,0.));
#3720=DIRECTION('',(0.,0.,-1.));
#3721=DIRECTION('',(0.866025403784438,-0.500000000000001,0.));
#3722=DIRECTION('center_axis',(1.,0.,0.));
#3723=DIRECTION('ref_axis',(0.,-1.,0.));
#3724=DIRECTION('',(0.,-1.,0.));
#3725=DIRECTION('',(0.,-1.,0.));
#3726=DIRECTION('center_axis',(0.,0.,1.));
#3727=DIRECTION('ref_axis',(-1.,0.,0.));
#3728=DIRECTION('center_axis',(0.,0.,-1.));
#3729=DIRECTION('ref_axis',(-1.,0.,0.));
#3730=DIRECTION('center_axis',(0.,0.,-1.));
#3731=DIRECTION('ref_axis',(-1.,0.,0.));
#3732=DIRECTION('',(0.,0.,-1.));
#3733=DIRECTION('center_axis',(0.,0.,-1.));
#3734=DIRECTION('ref_axis',(-1.,0.,0.));
#3735=DIRECTION('',(0.,0.,-1.));
#3736=DIRECTION('center_axis',(-1.,0.,0.));
#3737=DIRECTION('ref_axis',(0.,1.,0.));
#3738=DIRECTION('',(0.,1.,0.));
#3739=DIRECTION('',(0.,0.,-1.));
#3740=DIRECTION('',(0.,1.,0.));
#3741=DIRECTION('center_axis',(-0.499999999999999,0.866025403784439,0.));
#3742=DIRECTION('ref_axis',(0.866025403784439,0.499999999999999,0.));
#3743=DIRECTION('',(0.866025403784439,0.499999999999999,0.));
#3744=DIRECTION('',(0.,0.,-1.));
#3745=DIRECTION('',(0.866025403784439,0.499999999999999,0.));
#3746=DIRECTION('center_axis',(-1.,0.,0.));
#3747=DIRECTION('ref_axis',(0.,1.,0.));
#3748=DIRECTION('',(0.,1.,0.));
#3749=DIRECTION('',(0.,0.,-1.));
#3750=DIRECTION('',(0.,1.,0.));
#3751=DIRECTION('center_axis',(-0.5,-0.866025403784439,0.));
#3752=DIRECTION('ref_axis',(-0.866025403784439,0.5,0.));
#3753=DIRECTION('',(-0.866025403784439,0.5,0.));
#3754=DIRECTION('',(0.,0.,-1.));
#3755=DIRECTION('',(-0.866025403784439,0.5,0.));
#3756=DIRECTION('center_axis',(0.499999999999999,-0.866025403784439,0.));
#3757=DIRECTION('ref_axis',(-0.866025403784439,-0.499999999999999,0.));
#3758=DIRECTION('',(-0.866025403784439,-0.499999999999999,0.));
#3759=DIRECTION('',(0.,0.,-1.));
#3760=DIRECTION('',(-0.866025403784439,-0.499999999999999,0.));
#3761=DIRECTION('center_axis',(1.,0.,0.));
#3762=DIRECTION('ref_axis',(0.,-1.,0.));
#3763=DIRECTION('',(0.,-1.,0.));
#3764=DIRECTION('',(0.,0.,-1.));
#3765=DIRECTION('',(0.,-1.,0.));
#3766=DIRECTION('center_axis',(0.500000000000001,0.866025403784438,0.));
#3767=DIRECTION('ref_axis',(0.866025403784438,-0.500000000000001,0.));
#3768=DIRECTION('',(0.866025403784438,-0.500000000000001,0.));
#3769=DIRECTION('',(0.,0.,-1.));
#3770=DIRECTION('',(0.866025403784438,-0.500000000000001,0.));
#3771=DIRECTION('center_axis',(1.,0.,0.));
#3772=DIRECTION('ref_axis',(0.,-1.,0.));
#3773=DIRECTION('',(0.,-1.,0.));
#3774=DIRECTION('',(0.,-1.,0.));
#3775=DIRECTION('center_axis',(0.,0.,1.));
#3776=DIRECTION('ref_axis',(-1.,0.,0.));
#3777=DIRECTION('center_axis',(0.,1.,0.));
#3778=DIRECTION('ref_axis',(0.,0.,-1.));
#3779=DIRECTION('center_axis',(1.,0.,0.));
#3780=DIRECTION('ref_axis',(0.,0.,1.));
#3781=DIRECTION('center_axis',(0.,1.,0.));
#3782=DIRECTION('ref_axis',(0.,0.,-1.));
#3783=DIRECTION('center_axis',(1.,0.,0.));
#3784=DIRECTION('ref_axis',(0.,0.,1.));
#3785=DIRECTION('center_axis',(0.,0.707106781186548,-0.707106781186547));
#3786=DIRECTION('ref_axis',(-1.,0.,0.));
#3787=DIRECTION('',(0.,0.707106781186547,0.707106781186548));
#3788=DIRECTION('',(1.,0.,0.));
#3789=DIRECTION('',(0.,-0.707106781186547,-0.707106781186548));
#3790=DIRECTION('',(-1.,0.,0.));
#3791=DIRECTION('center_axis',(-1.,0.,0.));
#3792=DIRECTION('ref_axis',(0.,0.,1.));
#3793=DIRECTION('',(0.,0.,-1.));
#3794=DIRECTION('',(0.,1.,0.));
#3795=DIRECTION('',(0.,0.,1.));
#3796=DIRECTION('center_axis',(0.,0.,1.));
#3797=DIRECTION('ref_axis',(-1.,0.,0.));
#3798=DIRECTION('',(1.,2.61750660619859E-8,0.));
#3799=DIRECTION('',(-1.,0.,0.));
#3800=DIRECTION('center_axis',(0.,0.,-1.));
#3801=DIRECTION('ref_axis',(1.,0.,0.));
#3802=DIRECTION('center_axis',(0.,0.,-1.));
#3803=DIRECTION('ref_axis',(0.,1.,0.));
#3804=DIRECTION('center_axis',(0.,0.707106781186548,-0.707106781186547));
#3805=DIRECTION('ref_axis',(-1.,0.,0.));
#3806=DIRECTION('',(0.,-0.707106781186547,-0.707106781186548));
#3807=DIRECTION('',(0.,0.707106781186547,0.707106781186548));
#3808=DIRECTION('',(1.,0.,0.));
#3809=DIRECTION('center_axis',(1.,0.,0.));
#3810=DIRECTION('ref_axis',(0.,0.,-1.));
#3811=DIRECTION('',(0.,0.,-1.));
#3812=DIRECTION('',(0.,1.,0.));
#3813=DIRECTION('',(0.,0.,-1.));
#3814=DIRECTION('center_axis',(1.,0.,0.));
#3815=DIRECTION('ref_axis',(0.,0.,-1.));
#3816=DIRECTION('',(0.,0.,-1.));
#3817=DIRECTION('',(0.,1.,0.));
#3818=DIRECTION('',(0.,0.,1.));
#3819=DIRECTION('center_axis',(0.,0.,1.));
#3820=DIRECTION('ref_axis',(1.,0.,0.));
#3821=DIRECTION('',(-1.,-2.61750660619859E-8,0.));
#3822=DIRECTION('',(1.,0.,0.));
#3823=DIRECTION('',(-1.,0.,0.));
#3824=DIRECTION('center_axis',(0.,1.,0.));
#3825=DIRECTION('ref_axis',(0.,0.,1.));
#3826=DIRECTION('center_axis',(-1.,0.,0.));
#3827=DIRECTION('ref_axis',(0.,0.,1.));
#3828=DIRECTION('',(0.,0.,-1.));
#3829=DIRECTION('',(0.,1.,0.));
#3830=DIRECTION('',(0.,0.,1.));
#3831=DIRECTION('center_axis',(0.,0.,1.));
#3832=DIRECTION('ref_axis',(1.,0.,0.));
#3833=DIRECTION('',(-1.,0.,0.));
#3834=DIRECTION('',(1.,0.,0.));
#3835=DIRECTION('',(-1.,-2.61750660619859E-8,0.));
#3836=DIRECTION('center_axis',(0.,1.,0.));
#3837=DIRECTION('ref_axis',(0.,0.,1.));
#3838=DIRECTION('center_axis',(-2.61750660619859E-8,1.,0.));
#3839=DIRECTION('ref_axis',(1.,2.61750660619859E-8,0.));
#3840=DIRECTION('',(0.,0.,-1.));
#3841=DIRECTION('',(-1.,-2.61750660619859E-8,0.));
#3842=DIRECTION('',(-1.,-2.61750660619859E-8,0.));
#3843=DIRECTION('',(-1.,-2.61750660619859E-8,0.));
#3844=DIRECTION('',(0.,0.,-1.));
#3845=DIRECTION('center_axis',(0.,0.,1.));
#3846=DIRECTION('ref_axis',(-1.,0.,0.));
#3847=DIRECTION('center_axis',(2.92163953848725E-16,1.,0.));
#3848=DIRECTION('ref_axis',(1.,-2.92163953848725E-16,0.));
#3849=DIRECTION('',(-1.,2.92163953848725E-16,0.));
#3850=DIRECTION('',(0.,0.,-1.));
#3851=DIRECTION('',(0.,0.,-1.));
#3852=DIRECTION('center_axis',(1.,-1.62076353959877E-16,0.));
#3853=DIRECTION('ref_axis',(-1.62076353959877E-16,-1.,0.));
#3854=DIRECTION('',(1.62076353959877E-16,1.,0.));
#3855=DIRECTION('',(0.,0.,-1.));
#3856=DIRECTION('center_axis',(7.30409884621814E-17,-1.,0.));
#3857=DIRECTION('ref_axis',(-1.,-7.30409884621814E-17,0.));
#3858=DIRECTION('',(0.,0.,-1.));
#3859=DIRECTION('',(1.,7.30409884621814E-17,0.));
#3860=DIRECTION('center_axis',(-1.,1.62076353959877E-16,0.));
#3861=DIRECTION('ref_axis',(1.62076353959877E-16,1.,0.));
#3862=DIRECTION('',(-1.62076353959877E-16,-1.,0.));
#3863=DIRECTION('center_axis',(1.,0.,0.));
#3864=DIRECTION('ref_axis',(0.,-1.,0.));
#3865=DIRECTION('',(0.,-1.,0.));
#3866=DIRECTION('center_axis',(0.,0.,-1.));
#3867=DIRECTION('ref_axis',(1.,0.,0.));
#3868=DIRECTION('center_axis',(0.,0.,1.));
#3869=DIRECTION('ref_axis',(1.,0.,0.));
#3870=DIRECTION('',(0.,0.,-1.));
#3871=DIRECTION('center_axis',(0.,1.,0.));
#3872=DIRECTION('ref_axis',(1.,0.,0.));
#3873=DIRECTION('',(1.,0.,0.));
#3874=DIRECTION('center_axis',(0.,1.,0.));
#3875=DIRECTION('ref_axis',(1.,0.,0.));
#3876=DIRECTION('',(0.,0.,-1.));
#3877=DIRECTION('',(1.,0.,0.));
#3878=DIRECTION('center_axis',(0.,0.,-1.));
#3879=DIRECTION('ref_axis',(0.,1.,0.));
#3880=DIRECTION('center_axis',(0.,0.,1.));
#3881=DIRECTION('ref_axis',(0.,1.,0.));
#3882=DIRECTION('center_axis',(0.,0.,1.));
#3883=DIRECTION('ref_axis',(-1.,0.,0.));
#3884=DIRECTION('',(0.,0.,1.));
#3885=DIRECTION('',(1.,0.,0.));
#3886=DIRECTION('',(0.,0.,1.));
#3887=DIRECTION('',(1.,0.,0.));
#3888=DIRECTION('center_axis',(0.,0.,1.));
#3889=DIRECTION('ref_axis',(1.,0.,0.));
#3890=CARTESIAN_POINT('',(0.,0.,0.));
#3891=CARTESIAN_POINT('',(0.,0.,0.));
#3892=CARTESIAN_POINT('Origin',(7.49999983236194,5.66883174906072,3.5));
#3893=CARTESIAN_POINT('',(7.55000011175871,5.66883174906072,3.15358987881379));
#3894=CARTESIAN_POINT('',(7.55000011175871,5.66883174906072,3.84641012118621));
#3895=CARTESIAN_POINT('',(7.55000011175871,5.66883174906072,3.95));
#3896=CARTESIAN_POINT('Origin',(7.49999983236194,5.66883174906072,3.5));
#3897=CARTESIAN_POINT('Origin',(-7.4999996088445,-7.75,3.5));
#3898=CARTESIAN_POINT('',(-7.54999988824127,5.67327487296977,3.15358987881379));
#3899=CARTESIAN_POINT('',(-7.54999988824127,5.67327487296977,3.84641012118621));
#3900=CARTESIAN_POINT('Origin',(-7.4999996088445,5.67327487296977,3.5));
#3901=CARTESIAN_POINT('',(-7.54999988824127,-7.75,3.84641012118621));
#3902=CARTESIAN_POINT('',(-7.54999988824127,-7.75,3.84641012118621));
#3903=CARTESIAN_POINT('',(-7.54999988824127,-7.75,3.15358987881379));
#3904=CARTESIAN_POINT('Origin',(-7.4999996088445,-7.75,3.5));
#3905=CARTESIAN_POINT('',(-7.54999988824127,-7.75,3.15358987881379));
#3906=CARTESIAN_POINT('Origin',(-5.49999988824127,-7.75,3.5));
#3907=CARTESIAN_POINT('',(-5.49999988824127,-9.8,3.15358987881379));
#3908=CARTESIAN_POINT('Origin',(-5.49999988824127,-7.75,3.15358987881379));
#3909=CARTESIAN_POINT('',(-5.49999988824127,-9.8,3.84641012118621));
#3910=CARTESIAN_POINT('Origin',(-5.49999988824127,-7.75,3.84641012118621));
#3911=CARTESIAN_POINT('Origin',(-5.49999988824127,-9.74999972060323,3.5));
#3912=CARTESIAN_POINT('Origin',(5.50000011175871,-9.74999972060323,3.5));
#3913=CARTESIAN_POINT('',(5.50000011175871,-9.8,3.15358987881379));
#3914=CARTESIAN_POINT('',(5.50000011175871,-9.8,3.15358987881379));
#3915=CARTESIAN_POINT('',(5.50000011175871,-9.8,3.84641012118621));
#3916=CARTESIAN_POINT('',(5.50000011175871,-9.8,3.84641012118621));
#3917=CARTESIAN_POINT('Origin',(5.50000011175871,-9.74999972060323,3.5));
#3918=CARTESIAN_POINT('Origin',(5.50000011175871,-7.75,3.5));
#3919=CARTESIAN_POINT('',(7.55000011175871,-7.75,3.15358987881379));
#3920=CARTESIAN_POINT('Origin',(5.50000011175871,-7.75,3.15358987881379));
#3921=CARTESIAN_POINT('',(7.55000011175871,-7.75,3.84641012118621));
#3922=CARTESIAN_POINT('Origin',(5.50000011175871,-7.75,3.84641012118621));
#3923=CARTESIAN_POINT('Origin',(7.49999983236194,-7.75,3.5));
#3924=CARTESIAN_POINT('Origin',(7.49999983236194,0.249999999999996,3.5));
#3925=CARTESIAN_POINT('',(7.55000011175871,0.249999999999996,3.15358987881379));
#3926=CARTESIAN_POINT('',(7.55000011175871,0.249999999999996,3.84641012118621));
#3927=CARTESIAN_POINT('Origin',(-7.4999996088445,5.67327487296977,3.5));
#3928=CARTESIAN_POINT('',(-7.54999988824127,5.67327487296977,3.95));
#3929=CARTESIAN_POINT('Origin',(8.84229627936314,6.8,0.));
#3930=CARTESIAN_POINT('',(-3.79999997019768,6.8,2.6));
#3931=CARTESIAN_POINT('',(-3.79999997019768,6.8,0.9));
#3932=CARTESIAN_POINT('',(-3.79999997019768,6.8,0.45));
#3933=CARTESIAN_POINT('',(3.80000002980232,6.8,0.9));
#3934=CARTESIAN_POINT('',(4.42114813968157,6.8,0.9));
#3935=CARTESIAN_POINT('',(3.80000002980232,6.8,2.6));
#3936=CARTESIAN_POINT('',(3.80000002980232,6.8,0.45));
#3937=CARTESIAN_POINT('',(7.55000011175871,6.8,2.6));
#3938=CARTESIAN_POINT('',(4.42114813968157,6.8,2.6));
#3939=CARTESIAN_POINT('',(7.55000011175871,6.8,4.4));
#3940=CARTESIAN_POINT('',(7.55000011175871,6.8,2.2));
#3941=CARTESIAN_POINT('',(8.84229627936314,6.8,4.4));
#3942=CARTESIAN_POINT('',(-8.84229627936315,6.8,4.4));
#3943=CARTESIAN_POINT('',(8.84229627936314,6.8,0.));
#3944=CARTESIAN_POINT('',(8.84229627936314,6.8,0.));
#3945=CARTESIAN_POINT('',(-8.84229627936315,6.8,0.));
#3946=CARTESIAN_POINT('',(-8.84229627936315,6.8,0.));
#3947=CARTESIAN_POINT('',(-8.84229627936315,6.8,4.4));
#3948=CARTESIAN_POINT('',(-8.84229627936315,6.8,0.));
#3949=CARTESIAN_POINT('',(-7.54999988824127,6.8,4.4));
#3950=CARTESIAN_POINT('',(-8.84229627936315,6.8,4.4));
#3951=CARTESIAN_POINT('',(-7.54999988824127,6.8,2.6));
#3952=CARTESIAN_POINT('',(-7.54999988824127,6.8,2.2));
#3953=CARTESIAN_POINT('',(4.42114813968157,6.8,2.6));
#3954=CARTESIAN_POINT('',(-6.84229627936315,6.8,1.34999997764826));
#3955=CARTESIAN_POINT('Origin',(-6.84229627936315,6.8,0.999999977648258));
#3956=CARTESIAN_POINT('',(6.84229627936315,6.8,1.35));
#3957=CARTESIAN_POINT('Origin',(6.84229627936315,6.8,1.));
#3958=CARTESIAN_POINT('Origin',(5.50000011175871,-9.8,4.4));
#3959=CARTESIAN_POINT('',(5.50000011175871,-9.8,4.4));
#3960=CARTESIAN_POINT('',(-5.49999988824127,-9.8,4.4));
#3961=CARTESIAN_POINT('',(2.75000005587935,-9.8,4.4));
#3962=CARTESIAN_POINT('',(5.50000011175871,-9.8,4.4));
#3963=CARTESIAN_POINT('',(-5.49999988824127,-9.8,4.4));
#3964=CARTESIAN_POINT('Origin',(5.50000011175871,-9.8,4.4));
#3965=CARTESIAN_POINT('',(5.50000011175871,-9.8,2.6));
#3966=CARTESIAN_POINT('',(-5.49999988824127,-9.8,2.6));
#3967=CARTESIAN_POINT('',(2.75000005587935,-9.8,2.6));
#3968=CARTESIAN_POINT('',(-5.49999988824127,-9.8,4.4));
#3969=CARTESIAN_POINT('',(5.50000011175871,-9.8,4.4));
#3970=CARTESIAN_POINT('Origin',(-5.49999988824127,-7.75,4.4));
#3971=CARTESIAN_POINT('',(-7.54999988824127,-7.75,4.4));
#3972=CARTESIAN_POINT('Origin',(-5.49999988824127,-7.75,4.4));
#3973=CARTESIAN_POINT('',(-7.54999988824127,-7.75,4.4));
#3974=CARTESIAN_POINT('Origin',(7.55000011175871,6.8,4.4));
#3975=CARTESIAN_POINT('',(7.55000011175871,-7.75,4.4));
#3976=CARTESIAN_POINT('',(7.55000011175871,-7.75,4.4));
#3977=CARTESIAN_POINT('',(7.55000011175871,2.2,4.4));
#3978=CARTESIAN_POINT('',(7.55000011175871,-7.75,2.6));
#3979=CARTESIAN_POINT('',(7.55000011175871,3.1875,2.6));
#3980=CARTESIAN_POINT('',(7.55000011175871,-7.75,4.4));
#3981=CARTESIAN_POINT('Origin',(5.50000011175871,-7.75,4.4));
#3982=CARTESIAN_POINT('Origin',(5.50000011175871,-7.75,4.4));
#3983=CARTESIAN_POINT('Origin',(5.50000011175871,-7.75,4.4));
#3984=CARTESIAN_POINT('Origin',(5.50000011175871,-7.75,2.6));
#3985=CARTESIAN_POINT('Origin',(-3.33066907387547E-15,-0.425000000000001,
2.6));
#3986=CARTESIAN_POINT('',(3.80000002980232,-6.9,2.6));
#3987=CARTESIAN_POINT('',(3.80000002980232,3.1875,2.6));
#3988=CARTESIAN_POINT('',(-3.79999997019768,-6.9,2.6));
#3989=CARTESIAN_POINT('',(1.90000001490116,-6.9,2.6));
#3990=CARTESIAN_POINT('',(-3.79999997019768,-3.6625,2.6));
#3991=CARTESIAN_POINT('',(-7.54999988824127,-7.75,2.6));
#3992=CARTESIAN_POINT('',(-7.54999988824127,-4.0875,2.6));
#3993=CARTESIAN_POINT('Origin',(-5.49999988824127,-7.75,2.6));
#3994=CARTESIAN_POINT('Origin',(-6.84229627936315,6.8,0.999999977648258));
#3995=CARTESIAN_POINT('',(-6.84229627936315,6.45,0.999999977648258));
#3996=CARTESIAN_POINT('Origin',(-6.84229627936315,6.8,0.999999977648258));
#3997=CARTESIAN_POINT('Origin',(6.84229627936315,6.8,1.));
#3998=CARTESIAN_POINT('',(6.84229627936315,6.45,1.));
#3999=CARTESIAN_POINT('Origin',(6.84229627936315,6.8,1.));
#4000=CARTESIAN_POINT('Origin',(-7.54999988824127,-7.75,4.4));
#4001=CARTESIAN_POINT('',(-7.54999988824127,-7.75,4.4));
#4002=CARTESIAN_POINT('',(-7.54999988824127,-5.075,4.4));
#4003=CARTESIAN_POINT('Origin',(-5.49999988824127,-7.75,4.4));
#4004=CARTESIAN_POINT('Origin',(-3.33066907387547E-15,-2.4,4.4));
#4005=CARTESIAN_POINT('',(-8.90000000000001,6.25,4.4));
#4006=CARTESIAN_POINT('Origin',(-6.25000000000001,6.25,4.4));
#4007=CARTESIAN_POINT('',(-8.9,-11.6,4.4));
#4008=CARTESIAN_POINT('',(-8.90000000000001,6.25,4.4));
#4009=CARTESIAN_POINT('',(8.9,-11.6,4.4));
#4010=CARTESIAN_POINT('',(-8.9,-11.6,4.4));
#4011=CARTESIAN_POINT('',(8.9,6.25,4.4));
#4012=CARTESIAN_POINT('',(8.9,-11.6,4.4));
#4013=CARTESIAN_POINT('Origin',(6.25,6.25,4.4));
#4014=CARTESIAN_POINT('Origin',(3.80000002980232,6.8,0.));
#4015=CARTESIAN_POINT('',(3.80000002980232,-4.41435937115128,0.9));
#4016=CARTESIAN_POINT('',(3.80000002980232,-6.9,0.9));
#4017=CARTESIAN_POINT('',(3.80000002980232,-4.41435937115128,0.5));
#4018=CARTESIAN_POINT('',(3.80000002980232,-4.41435937115128,0.25));
#4019=CARTESIAN_POINT('',(3.80000002980232,-6.9,0.5));
#4020=CARTESIAN_POINT('',(3.80000002980232,0.500000000000001,0.5));
#4021=CARTESIAN_POINT('',(3.80000002980232,-6.9,0.));
#4022=CARTESIAN_POINT('Origin',(-9.,-4.65,1.35));
#4023=CARTESIAN_POINT('',(-8.9,-4.26270166537926,0.812701665379257));
#4024=CARTESIAN_POINT('',(-8.9,-4.26270166537926,1.58729833462074));
#4025=CARTESIAN_POINT('',(-8.9,-4.26270166537926,1.35));
#4026=CARTESIAN_POINT('',(-8.6,-4.65,1.2));
#4027=CARTESIAN_POINT('Origin',(-9.,-4.65,1.2));
#4028=CARTESIAN_POINT('Origin',(-9.,-4.65,1.2));
#4029=CARTESIAN_POINT('Origin',(-9.,-7.05,1.05));
#4030=CARTESIAN_POINT('',(-8.9,-7.43729833462074,1.58729833462074));
#4031=CARTESIAN_POINT('',(-8.9,-7.43729833462074,0.812701665379257));
#4032=CARTESIAN_POINT('',(-8.9,-7.43729833462074,1.05));
#4033=CARTESIAN_POINT('',(-8.6,-7.05,1.2));
#4034=CARTESIAN_POINT('Origin',(-9.,-7.05,1.2));
#4035=CARTESIAN_POINT('Origin',(-9.,-7.05,1.2));
#4036=CARTESIAN_POINT('Origin',(-9.,-5.1,1.2));
#4037=CARTESIAN_POINT('',(-8.9,-5.1,0.812701665379257));
#4038=CARTESIAN_POINT('',(-8.9,-5.1,1.58729833462074));
#4039=CARTESIAN_POINT('Origin',(4.75000000000055,-10.1499999999999,0.1));
#4040=CARTESIAN_POINT('',(4.35000000000055,-9.89999999999987,0.1));
#4041=CARTESIAN_POINT('',(4.75000000000056,-10.3,0.5));
#4042=CARTESIAN_POINT('Origin',(4.75000000000056,-10.3,0.1));
#4043=CARTESIAN_POINT('',(4.35000000000056,-10.7,0.1));
#4044=CARTESIAN_POINT('Origin',(4.75000000000056,-10.3,0.1));
#4045=CARTESIAN_POINT('',(4.35000000000055,-10.1499999999999,0.1));
#4046=CARTESIAN_POINT('Origin',(5.10000000000056,-10.3,0.1));
#4047=CARTESIAN_POINT('',(7.15000000000055,-9.89999999999987,0.1));
#4048=CARTESIAN_POINT('',(6.40000000000055,-9.89999999999987,0.1));
#4049=CARTESIAN_POINT('',(6.75000000000056,-10.3,0.5));
#4050=CARTESIAN_POINT('Origin',(6.75000000000056,-10.3,0.1));
#4051=CARTESIAN_POINT('',(7.15000000000056,-10.7,0.1));
#4052=CARTESIAN_POINT('Origin',(6.75000000000056,-10.3,0.1));
#4053=CARTESIAN_POINT('',(5.10000000000056,-10.7,0.1));
#4054=CARTESIAN_POINT('Origin',(6.75000000000056,-10.45,0.1));
#4055=CARTESIAN_POINT('',(7.15000000000056,-10.45,0.1));
#4056=CARTESIAN_POINT('Origin',(7.05000000000055,-9.89999999999987,0.));
#4057=CARTESIAN_POINT('',(4.35000000000055,-9.89999999999987,0.));
#4058=CARTESIAN_POINT('',(4.35000000000055,-9.89999999999987,0.));
#4059=CARTESIAN_POINT('',(7.15000000000055,-9.89999999999987,0.));
#4060=CARTESIAN_POINT('',(3.52500000000028,-9.89999999999987,0.));
#4061=CARTESIAN_POINT('',(7.15000000000055,-9.89999999999987,0.));
#4062=CARTESIAN_POINT('Origin',(7.15000000000056,-10.6,0.));
#4063=CARTESIAN_POINT('',(7.15000000000055,-10.7,0.));
#4064=CARTESIAN_POINT('',(7.15000000000055,-6.49999999999999,0.));
#4065=CARTESIAN_POINT('',(7.15000000000056,-10.7,0.));
#4066=CARTESIAN_POINT('Origin',(4.45000000000056,-10.7,0.));
#4067=CARTESIAN_POINT('',(4.35000000000056,-10.7,0.));
#4068=CARTESIAN_POINT('',(2.22500000000028,-10.7,0.));
#4069=CARTESIAN_POINT('',(4.35000000000056,-10.7,0.));
#4070=CARTESIAN_POINT('Origin',(4.35000000000055,-9.99999999999987,0.));
#4071=CARTESIAN_POINT('',(4.35000000000054,-6.19999999999993,0.));
#4072=CARTESIAN_POINT('Origin',(9.,-4.65,1.35));
#4073=CARTESIAN_POINT('',(8.9,-4.26270166537926,1.58729833462074));
#4074=CARTESIAN_POINT('',(8.9,-4.26270166537926,0.812701665379258));
#4075=CARTESIAN_POINT('',(8.9,-4.26270166537926,1.35));
#4076=CARTESIAN_POINT('',(8.6,-4.65,1.2));
#4077=CARTESIAN_POINT('Origin',(9.,-4.65,1.2));
#4078=CARTESIAN_POINT('Origin',(9.,-4.65,1.2));
#4079=CARTESIAN_POINT('Origin',(9.,-7.05,1.05));
#4080=CARTESIAN_POINT('',(8.9,-7.43729833462074,0.812701665379258));
#4081=CARTESIAN_POINT('',(8.9,-7.43729833462074,1.58729833462074));
#4082=CARTESIAN_POINT('',(8.9,-7.43729833462074,1.05));
#4083=CARTESIAN_POINT('',(8.6,-7.05,1.2));
#4084=CARTESIAN_POINT('Origin',(9.,-7.05,1.2));
#4085=CARTESIAN_POINT('Origin',(9.,-7.05,1.2));
#4086=CARTESIAN_POINT('Origin',(9.,-5.1,1.2));
#4087=CARTESIAN_POINT('',(8.9,-5.1,1.58729833462074));
#4088=CARTESIAN_POINT('',(8.9,-5.1,0.812701665379258));
#4089=CARTESIAN_POINT('Origin',(-4.74999999999945,-10.45,0.1));
#4090=CARTESIAN_POINT('',(-4.74999999999945,-10.2999999999999,0.5));
#4091=CARTESIAN_POINT('',(-4.34999999999945,-10.7,0.1));
#4092=CARTESIAN_POINT('Origin',(-4.74999999999945,-10.3,0.1));
#4093=CARTESIAN_POINT('',(-4.34999999999945,-9.89999999999987,0.1));
#4094=CARTESIAN_POINT('Origin',(-4.74999999999945,-10.3,0.1));
#4095=CARTESIAN_POINT('',(-4.34999999999945,-10.45,0.1));
#4096=CARTESIAN_POINT('Origin',(-6.39999999999945,-10.3,0.1));
#4097=CARTESIAN_POINT('',(-7.14999999999945,-10.7,0.1));
#4098=CARTESIAN_POINT('',(-6.39999999999945,-10.7,0.1));
#4099=CARTESIAN_POINT('',(-6.74999999999945,-10.2999999999999,0.5));
#4100=CARTESIAN_POINT('Origin',(-6.74999999999945,-10.3,0.1));
#4101=CARTESIAN_POINT('',(-7.14999999999945,-9.9,0.1));
#4102=CARTESIAN_POINT('Origin',(-6.74999999999945,-10.3,0.1));
#4103=CARTESIAN_POINT('',(-5.09999999999945,-9.89999999999987,0.1));
#4104=CARTESIAN_POINT('Origin',(-6.74999999999945,-10.1499999999999,0.1));
#4105=CARTESIAN_POINT('',(-7.14999999999945,-10.1499999999999,0.1));
#4106=CARTESIAN_POINT('Origin',(-4.44999999999945,-9.89999999999987,0.));
#4107=CARTESIAN_POINT('',(-7.14999999999945,-9.89999999999987,0.));
#4108=CARTESIAN_POINT('',(-7.14999999999945,-9.89999999999987,0.));
#4109=CARTESIAN_POINT('',(-4.34999999999945,-9.89999999999987,0.));
#4110=CARTESIAN_POINT('',(-2.22499999999973,-9.89999999999987,0.));
#4111=CARTESIAN_POINT('',(-4.34999999999945,-9.89999999999987,0.));
#4112=CARTESIAN_POINT('Origin',(-4.34999999999945,-10.6,0.));
#4113=CARTESIAN_POINT('',(-4.34999999999945,-10.7,0.));
#4114=CARTESIAN_POINT('',(-4.34999999999945,-6.5,0.));
#4115=CARTESIAN_POINT('',(-4.34999999999945,-10.7,0.));
#4116=CARTESIAN_POINT('Origin',(-7.14999999999945,-9.99999999999987,0.));
#4117=CARTESIAN_POINT('',(-7.14999999999944,-10.7,0.));
#4118=CARTESIAN_POINT('',(-7.14999999999945,-10.7,0.));
#4119=CARTESIAN_POINT('',(-7.14999999999946,-6.19999999999995,0.));
#4120=CARTESIAN_POINT('Origin',(-7.04999999999945,-10.7,0.));
#4121=CARTESIAN_POINT('',(-3.52499999999972,-10.7,0.));
#4122=CARTESIAN_POINT('Origin',(-3.33066907387547E-15,-1.35,0.9));
#4123=CARTESIAN_POINT('',(0.95,-6.81036297108184,0.9));
#4124=CARTESIAN_POINT('',(1.10525588832576,-6.9,0.9));
#4125=CARTESIAN_POINT('',(-0.58845326171019,-5.92213656629781,0.9));
#4126=CARTESIAN_POINT('',(0.950000000000001,-4.78963702891815,0.9));
#4127=CARTESIAN_POINT('',(0.950000000000002,-3.06981851445908,0.9));
#4128=CARTESIAN_POINT('',(2.7,-3.77927405783631,0.9));
#4129=CARTESIAN_POINT('',(2.21345326171019,-4.06018194816127,0.9));
#4130=CARTESIAN_POINT('',(2.03654673828981,-3.3962291385932,0.9));
#4131=CARTESIAN_POINT('',(-3.79999997019768,2.52790563634253,0.9));
#4132=CARTESIAN_POINT('',(-3.79999997019768,6.8,0.9));
#4133=CARTESIAN_POINT('',(-2.60000000000001,3.22072594216369,0.9));
#4134=CARTESIAN_POINT('',(-2.61459119491258,3.21230171185312,0.9));
#4135=CARTESIAN_POINT('',(-0.850000000000006,2.21036297108185,0.9));
#4136=CARTESIAN_POINT('',(0.239591194912575,1.58128720139242,0.9));
#4137=CARTESIAN_POINT('',(-0.850000000000009,0.189637028918156,0.9));
#4138=CARTESIAN_POINT('',(-0.850000000000011,-0.58018148554092,0.9));
#4139=CARTESIAN_POINT('',(-2.60000000000001,-0.820725942163688,0.9));
#4140=CARTESIAN_POINT('',(-1.73959119491259,-0.32396868693334,0.9));
#4141=CARTESIAN_POINT('',(-3.79999997019768,-0.127905636342519,0.9));
#4142=CARTESIAN_POINT('',(-2.38540880508743,-0.94462022631219,0.9));
#4143=CARTESIAN_POINT('',(-3.79999997019768,-6.9,0.9));
#4144=CARTESIAN_POINT('',(-3.79999997019768,6.8,0.9));
#4145=CARTESIAN_POINT('',(-3.79999997019768,-6.9,0.9));
#4146=CARTESIAN_POINT('Origin',(-2.60000000000001,3.22072594216369,0.5));
#4147=CARTESIAN_POINT('',(-3.79999997019768,2.52790563634253,0.5));
#4148=CARTESIAN_POINT('',(-3.79999997019768,2.52790563634253,0.25));
#4149=CARTESIAN_POINT('',(-2.60000000000001,3.22072594216369,0.5));
#4150=CARTESIAN_POINT('',(-2.60000000000001,3.22072594216369,0.5));
#4151=CARTESIAN_POINT('',(-2.60000000000001,3.22072594216369,0.5));
#4152=CARTESIAN_POINT('Origin',(4.45,-4.78963702891816,0.5));
#4153=CARTESIAN_POINT('',(2.7,-3.77927405783631,0.5));
#4154=CARTESIAN_POINT('',(2.7,-3.77927405783631,0.5));
#4155=CARTESIAN_POINT('',(4.45,-4.78963702891816,0.5));
#4156=CARTESIAN_POINT('Origin',(2.7,-3.77927405783631,0.5));
#4157=CARTESIAN_POINT('',(0.950000000000001,-4.78963702891815,0.5));
#4158=CARTESIAN_POINT('',(0.950000000000001,-4.78963702891815,0.5));
#4159=CARTESIAN_POINT('',(2.7,-3.77927405783631,0.5));
#4160=CARTESIAN_POINT('Origin',(0.950000000000001,-4.78963702891815,0.5));
#4161=CARTESIAN_POINT('',(0.95,-6.81036297108184,0.5));
#4162=CARTESIAN_POINT('',(0.95,-6.81036297108184,0.5));
#4163=CARTESIAN_POINT('',(0.950000000000001,-4.78963702891815,0.5));
#4164=CARTESIAN_POINT('Origin',(-3.79999997019768,-6.9,0.));
#4165=CARTESIAN_POINT('',(-3.79999997019768,-6.9,0.9));
#4166=CARTESIAN_POINT('',(-3.79999997019768,-0.12790563634252,0.5));
#4167=CARTESIAN_POINT('',(-3.79999997019768,-0.12790563634252,0.25));
#4168=CARTESIAN_POINT('',(-3.79999997019768,-2.85,0.5));
#4169=CARTESIAN_POINT('Origin',(3.80000002980232,-6.9,0.));
#4170=CARTESIAN_POINT('',(1.10525588832576,-6.9,0.5));
#4171=CARTESIAN_POINT('',(3.25000001490116,-6.9,0.5));
#4172=CARTESIAN_POINT('',(1.10525588832577,-6.9,0.25));
#4173=CARTESIAN_POINT('Origin',(0.95,-6.81036297108184,0.5));
#4174=CARTESIAN_POINT('',(0.95,-6.81036297108184,0.5));
#4175=CARTESIAN_POINT('Origin',(2.7,-5.8,0.5));
#4176=CARTESIAN_POINT('Origin',(-3.33066907387547E-15,-2.4,0.));
#4177=CARTESIAN_POINT('',(8.9,6.25,0.));
#4178=CARTESIAN_POINT('Origin',(6.25,6.25,0.));
#4179=CARTESIAN_POINT('',(8.9,-11.6,0.));
#4180=CARTESIAN_POINT('',(8.9,-11.6,0.));
#4181=CARTESIAN_POINT('',(-8.9,-11.6,0.));
#4182=CARTESIAN_POINT('',(-8.9,-11.6,0.));
#4183=CARTESIAN_POINT('',(-8.90000000000001,6.25,0.));
#4184=CARTESIAN_POINT('',(-8.90000000000001,6.25,0.));
#4185=CARTESIAN_POINT('Origin',(-6.25000000000001,6.25,0.));
#4186=CARTESIAN_POINT('Origin',(-0.850000000000009,0.189637028918156,0.5));
#4187=CARTESIAN_POINT('',(-0.850000000000006,2.21036297108185,0.5));
#4188=CARTESIAN_POINT('',(-0.850000000000006,2.21036297108185,0.5));
#4189=CARTESIAN_POINT('',(-0.850000000000009,0.189637028918156,0.5));
#4190=CARTESIAN_POINT('',(-0.850000000000009,0.189637028918156,0.5));
#4191=CARTESIAN_POINT('',(-0.850000000000009,0.189637028918156,0.5));
#4192=CARTESIAN_POINT('Origin',(-2.60000000000001,-0.820725942163688,0.5));
#4193=CARTESIAN_POINT('',(-2.60000000000001,-0.820725942163688,0.5));
#4194=CARTESIAN_POINT('',(-2.60000000000001,-0.820725942163688,0.5));
#4195=CARTESIAN_POINT('',(-2.60000000000001,-0.820725942163688,0.5));
#4196=CARTESIAN_POINT('Origin',(-4.35000000000001,0.189637028918159,0.5));
#4197=CARTESIAN_POINT('',(-4.35000000000001,0.189637028918159,0.5));
#4198=CARTESIAN_POINT('Origin',(-0.850000000000006,2.21036297108185,0.5));
#4199=CARTESIAN_POINT('',(-0.850000000000006,2.21036297108185,0.5));
#4200=CARTESIAN_POINT('Origin',(-2.60000000000001,1.2,0.5));
#4201=CARTESIAN_POINT('Origin',(-6.25000000000001,6.25,0.));
#4202=CARTESIAN_POINT('',(-8.90000000000001,6.25,0.));
#4203=CARTESIAN_POINT('Origin',(6.25,6.25,0.));
#4204=CARTESIAN_POINT('',(8.9,6.25,0.));
#4205=CARTESIAN_POINT('Origin',(8.9,-11.6,0.));
#4206=CARTESIAN_POINT('',(8.9,-11.6,0.));
#4207=CARTESIAN_POINT('Origin',(-8.9,-11.6,0.));
#4208=CARTESIAN_POINT('',(-8.9,-11.6,0.));
#4209=CARTESIAN_POINT('Origin',(-8.90000000000001,6.25,0.));
#4210=CARTESIAN_POINT('',(0.,0.,0.));
#4211=CARTESIAN_POINT('Origin',(7.49999983236194,5.66883174906072,3.5));
#4212=CARTESIAN_POINT('',(7.50000011175871,5.66883174906072,3.79999999999987));
#4213=CARTESIAN_POINT('',(7.50000011175871,5.66883174906072,3.20000000000013));
#4214=CARTESIAN_POINT('',(7.50000011175871,5.66883174906072,3.95));
#4215=CARTESIAN_POINT('Origin',(7.49999983236194,5.66883174906072,3.5));
#4216=CARTESIAN_POINT('Origin',(-7.4999996088445,-7.75,3.5));
#4217=CARTESIAN_POINT('',(-7.49999988824127,-7.75,3.20000000000013));
#4218=CARTESIAN_POINT('',(-7.49999988824127,5.67327487296977,3.20000000000013));
#4219=CARTESIAN_POINT('',(-7.49999988824127,-7.75,3.20000000000013));
#4220=CARTESIAN_POINT('',(-7.49999988824127,-7.75,3.79999999999987));
#4221=CARTESIAN_POINT('Origin',(-7.4999996088445,-7.75,3.5));
#4222=CARTESIAN_POINT('',(-7.49999988824127,5.67327487296977,3.79999999999987));
#4223=CARTESIAN_POINT('',(-7.49999988824127,-7.75,3.79999999999987));
#4224=CARTESIAN_POINT('Origin',(-7.4999996088445,5.67327487296977,3.5));
#4225=CARTESIAN_POINT('Origin',(-5.49999988824127,-7.75,3.5));
#4226=CARTESIAN_POINT('',(-5.49999988824127,-9.75,3.20000000000013));
#4227=CARTESIAN_POINT('Origin',(-5.49999988824127,-7.75,3.20000000000013));
#4228=CARTESIAN_POINT('',(-5.49999988824127,-9.75,3.79999999999987));
#4229=CARTESIAN_POINT('Origin',(-5.49999988824127,-9.74999972060323,3.5));
#4230=CARTESIAN_POINT('Origin',(-5.49999988824127,-7.75,3.79999999999987));
#4231=CARTESIAN_POINT('Origin',(5.50000011175871,-9.74999972060323,3.5));
#4232=CARTESIAN_POINT('',(5.50000011175871,-9.75,3.20000000000013));
#4233=CARTESIAN_POINT('',(5.50000011175871,-9.75,3.20000000000013));
#4234=CARTESIAN_POINT('',(5.50000011175871,-9.75,3.79999999999987));
#4235=CARTESIAN_POINT('Origin',(5.50000011175871,-9.74999972060323,3.5));
#4236=CARTESIAN_POINT('',(5.50000011175871,-9.75,3.79999999999987));
#4237=CARTESIAN_POINT('Origin',(5.50000011175871,-7.75,3.5));
#4238=CARTESIAN_POINT('',(7.50000011175871,-7.75,3.20000000000013));
#4239=CARTESIAN_POINT('Origin',(5.50000011175871,-7.75,3.20000000000013));
#4240=CARTESIAN_POINT('',(7.50000011175871,-7.75,3.79999999999987));
#4241=CARTESIAN_POINT('Origin',(7.49999983236194,-7.75,3.5));
#4242=CARTESIAN_POINT('Origin',(5.50000011175871,-7.75,3.79999999999987));
#4243=CARTESIAN_POINT('Origin',(7.49999983236194,0.249999999999996,3.5));
#4244=CARTESIAN_POINT('',(7.50000011175871,0.249999999999996,3.20000000000013));
#4245=CARTESIAN_POINT('',(7.50000011175871,0.249999999999996,3.79999999999987));
#4246=CARTESIAN_POINT('Origin',(-7.4999996088445,5.67327487296977,3.5));
#4247=CARTESIAN_POINT('',(-7.49999988824127,5.67327487296977,3.95));
#4248=CARTESIAN_POINT('Origin',(5.50000011175871,-7.75,4.4));
#4249=CARTESIAN_POINT('',(7.50000011175871,-7.75,4.4));
#4250=CARTESIAN_POINT('',(7.50000011175871,-7.75,4.4));
#4251=CARTESIAN_POINT('',(5.50000011175871,-9.75,4.4));
#4252=CARTESIAN_POINT('Origin',(5.50000011175871,-7.75,4.4));
#4253=CARTESIAN_POINT('',(5.50000011175871,-9.75,4.4));
#4254=CARTESIAN_POINT('Origin',(5.50000011175871,-7.75,4.4));
#4255=CARTESIAN_POINT('',(5.50000011175871,-9.75,2.6));
#4256=CARTESIAN_POINT('',(5.50000011175871,-9.75,4.4));
#4257=CARTESIAN_POINT('',(7.50000011175871,-7.75,2.6));
#4258=CARTESIAN_POINT('Origin',(5.50000011175871,-7.75,2.6));
#4259=CARTESIAN_POINT('',(7.50000011175871,-7.75,4.4));
#4260=CARTESIAN_POINT('Origin',(5.50000011175871,-9.75,4.4));
#4261=CARTESIAN_POINT('',(-5.49999988824127,-9.75,4.4));
#4262=CARTESIAN_POINT('',(5.50000011175871,-9.75,4.4));
#4263=CARTESIAN_POINT('',(-5.49999988824127,-9.75,4.4));
#4264=CARTESIAN_POINT('Origin',(5.50000011175871,-9.75,4.4));
#4265=CARTESIAN_POINT('',(-5.49999988824127,-9.75,2.6));
#4266=CARTESIAN_POINT('',(-5.49999988824127,-9.75,4.4));
#4267=CARTESIAN_POINT('',(5.50000011175871,-9.75,2.6));
#4268=CARTESIAN_POINT('Origin',(-7.49999988824127,-7.75,4.4));
#4269=CARTESIAN_POINT('',(-7.49999988824127,-7.75,4.4));
#4270=CARTESIAN_POINT('',(-7.49999988824127,-7.75,4.4));
#4271=CARTESIAN_POINT('',(-7.49999988824127,6.8,4.4));
#4272=CARTESIAN_POINT('',(-7.49999988824127,-7.75,4.4));
#4273=CARTESIAN_POINT('',(-7.49999988824127,6.8,2.6));
#4274=CARTESIAN_POINT('',(-7.49999988824127,6.8,4.4));
#4275=CARTESIAN_POINT('',(-7.49999988824127,-7.75000000000001,2.6));
#4276=CARTESIAN_POINT('',(-7.49999988824127,-7.75,2.6));
#4277=CARTESIAN_POINT('',(-7.49999988824127,-7.75,4.4));
#4278=CARTESIAN_POINT('Origin',(-5.49999988824127,-7.75,4.4));
#4279=CARTESIAN_POINT('Origin',(-5.49999988824127,-7.75,4.4));
#4280=CARTESIAN_POINT('Origin',(-5.49999988824127,-7.75,4.4));
#4281=CARTESIAN_POINT('Origin',(-5.49999988824127,-7.75,2.6));
#4282=CARTESIAN_POINT('Origin',(0.,4.04591243234414,3.5));
#4283=CARTESIAN_POINT('',(2.59999326499873,5.79182491609729,3.5));
#4284=CARTESIAN_POINT('',(2.59999326499873,3.2,3.5));
#4285=CARTESIAN_POINT('',(2.59999326499873,3.62295621617207,3.5));
#4286=CARTESIAN_POINT('',(3.79999991506338,5.79182491609729,3.5));
#4287=CARTESIAN_POINT('',(-3.79999991506338,5.79182491609729,3.5));
#4288=CARTESIAN_POINT('',(3.79999991506338,2.29999994859099,3.5));
#4289=CARTESIAN_POINT('',(3.79999991506338,5.79182491609729,3.5));
#4290=CARTESIAN_POINT('',(-3.79999991506338,2.29999994859099,3.5));
#4291=CARTESIAN_POINT('',(1.9,2.3,3.5));
#4292=CARTESIAN_POINT('',(-3.79999991506338,5.79182491609729,3.5));
#4293=CARTESIAN_POINT('',(-3.79999991506338,2.29999994859099,3.5));
#4294=CARTESIAN_POINT('',(-2.60000673500127,5.79182491609729,3.5));
#4295=CARTESIAN_POINT('',(-3.79999991506338,5.79182491609729,3.5));
#4296=CARTESIAN_POINT('',(-2.60000673500127,3.2,3.5));
#4297=CARTESIAN_POINT('',(-2.60000673500127,6.47295613241177,3.5));
#4298=CARTESIAN_POINT('',(-1.30000336750063,3.2,3.5));
#4299=CARTESIAN_POINT('Origin',(3.79999991506338,5.79182491609729,2.6));
#4300=CARTESIAN_POINT('',(-2.60000673500127,5.79182491609729,2.6));
#4301=CARTESIAN_POINT('',(-2.60000673500127,5.79182491609729,3.5));
#4302=CARTESIAN_POINT('',(-3.79999991506338,5.79182491609729,2.6));
#4303=CARTESIAN_POINT('',(-3.79999991506338,5.79182491609729,2.6));
#4304=CARTESIAN_POINT('',(1.89999995753169,5.79182491609729,2.6));
#4305=CARTESIAN_POINT('Origin',(3.79999991506338,5.79182491609729,2.6));
#4306=CARTESIAN_POINT('',(2.59999326499873,5.79182491609729,2.6));
#4307=CARTESIAN_POINT('',(2.59999326499873,5.79182491609729,3.5));
#4308=CARTESIAN_POINT('',(3.79999991506338,5.79182491609729,2.6));
#4309=CARTESIAN_POINT('',(1.89999995753169,5.79182491609729,2.6));
#4310=CARTESIAN_POINT('',(3.79999991506338,5.79182491609729,2.6));
#4311=CARTESIAN_POINT('Origin',(2.59999326499873,3.2,4.4));
#4312=CARTESIAN_POINT('',(2.59999326499873,3.2,4.4));
#4313=CARTESIAN_POINT('',(2.59999326499873,3.2,4.4));
#4314=CARTESIAN_POINT('',(2.59999326499874,8.89999996858974,4.4));
#4315=CARTESIAN_POINT('',(2.59999326499873,8.9,4.4));
#4316=CARTESIAN_POINT('',(2.59999326499874,8.89999996858974,2.6));
#4317=CARTESIAN_POINT('',(2.59999326499874,8.89999996858974,4.4));
#4318=CARTESIAN_POINT('',(2.59999326499874,7.,2.6));
#4319=CARTESIAN_POINT('',(2.59999326499873,8.9,2.6));
#4320=CARTESIAN_POINT('',(2.59999326499873,8.9,2.6));
#4321=CARTESIAN_POINT('Origin',(-3.33066907387547E-15,-0.425000000000001,
2.6));
#4322=CARTESIAN_POINT('',(3.80000002980232,-6.9,2.6));
#4323=CARTESIAN_POINT('',(3.80000002980232,6.8,2.6));
#4324=CARTESIAN_POINT('',(3.9,7.,2.6));
#4325=CARTESIAN_POINT('',(-3.9,7.,2.6));
#4326=CARTESIAN_POINT('',(3.9,6.8,2.6));
#4327=CARTESIAN_POINT('',(3.9,6.8,2.6));
#4328=CARTESIAN_POINT('',(7.50000011175871,6.8,2.6));
#4329=CARTESIAN_POINT('',(4.42114813968157,6.8,2.6));
#4330=CARTESIAN_POINT('',(7.50000011175871,8.58666422932419,2.6));
#4331=CARTESIAN_POINT('',(-3.9,6.8,2.6));
#4332=CARTESIAN_POINT('',(4.42114813968157,6.8,2.6));
#4333=CARTESIAN_POINT('',(-3.9,7.,2.6));
#4334=CARTESIAN_POINT('',(-3.9,6.8,2.6));
#4335=CARTESIAN_POINT('',(-2.60000673500127,7.,2.6));
#4336=CARTESIAN_POINT('',(-3.9,7.,2.6));
#4337=CARTESIAN_POINT('',(-2.60000673500127,3.2,2.6));
#4338=CARTESIAN_POINT('',(-3.79999997019768,-6.9,2.6));
#4339=CARTESIAN_POINT('',(-3.79999991506338,2.68341245804864,2.6));
#4340=CARTESIAN_POINT('',(3.80000002980232,-6.9,2.6));
#4341=CARTESIAN_POINT('Origin',(-2.60000673500127,3.2,4.4));
#4342=CARTESIAN_POINT('',(-2.60000673500127,3.2,4.4));
#4343=CARTESIAN_POINT('',(-2.60000673500127,3.2,4.4));
#4344=CARTESIAN_POINT('',(2.59999326499873,3.2,4.4));
#4345=CARTESIAN_POINT('Origin',(-2.60000673500127,8.8999998324794,4.4));
#4346=CARTESIAN_POINT('',(-2.60000673500126,8.8999998324794,2.6));
#4347=CARTESIAN_POINT('',(-2.60000673500127,3.2,2.6));
#4348=CARTESIAN_POINT('',(-2.60000673500126,8.8999998324794,4.4));
#4349=CARTESIAN_POINT('',(-2.60000673500126,8.8999998324794,4.4));
#4350=CARTESIAN_POINT('',(-2.60000673500127,3.2,4.4));
#4351=CARTESIAN_POINT('Origin',(3.9,6.8,2.6));
#4352=CARTESIAN_POINT('',(3.9,6.8,1.));
#4353=CARTESIAN_POINT('',(3.9,6.8,3.5));
#4354=CARTESIAN_POINT('',(3.9,7.,1.));
#4355=CARTESIAN_POINT('',(3.9,7.,2.6));
#4356=CARTESIAN_POINT('',(3.9,6.8,1.));
#4357=CARTESIAN_POINT('Origin',(-3.9,6.8,1.));
#4358=CARTESIAN_POINT('',(-3.9,6.8,1.));
#4359=CARTESIAN_POINT('',(-3.9,6.8,2.7));
#4360=CARTESIAN_POINT('',(-3.9,7.,1.));
#4361=CARTESIAN_POINT('',(-3.9,6.8,1.));
#4362=CARTESIAN_POINT('',(-3.9,7.,1.));
#4363=CARTESIAN_POINT('Origin',(3.9,6.8,1.));
#4364=CARTESIAN_POINT('',(6.37114813968157,6.8,1.));
#4365=CARTESIAN_POINT('',(3.9,7.,1.));
#4366=CARTESIAN_POINT('Origin',(-1.11022302462516E-15,7.,1.8));
#4367=CARTESIAN_POINT('',(-2.22044604925031E-15,7.,2.6));
#4368=CARTESIAN_POINT('Origin',(8.84229627936315,6.8,4.4));
#4369=CARTESIAN_POINT('',(-8.84229627936315,6.8,4.4));
#4370=CARTESIAN_POINT('',(-8.84229627936315,6.8,4.4));
#4371=CARTESIAN_POINT('',(-8.84229627936315,6.8,0.));
#4372=CARTESIAN_POINT('',(-8.84229627936315,6.8,4.4));
#4373=CARTESIAN_POINT('',(8.84229627936315,6.8,0.));
#4374=CARTESIAN_POINT('',(-8.84229627936315,6.8,0.));
#4375=CARTESIAN_POINT('',(8.84229627936315,6.8,4.4));
#4376=CARTESIAN_POINT('',(8.84229627936315,6.8,4.4));
#4377=CARTESIAN_POINT('',(7.50000011175871,6.8,4.4));
#4378=CARTESIAN_POINT('',(-8.84229627936315,6.8,4.4));
#4379=CARTESIAN_POINT('',(7.50000011175871,6.8,4.4));
#4380=CARTESIAN_POINT('',(6.84229627936315,6.8,1.3));
#4381=CARTESIAN_POINT('Origin',(6.84229627936315,6.8,1.));
#4382=CARTESIAN_POINT('',(-6.84229627936315,6.8,1.29999997764826));
#4383=CARTESIAN_POINT('Origin',(-6.84229627936315,6.8,0.999999977648258));
#4384=CARTESIAN_POINT('Origin',(6.56,6.80425625842205,4.4));
#4385=CARTESIAN_POINT('',(6.56,6.80425625842205,4.4));
#4386=CARTESIAN_POINT('',(6.56,5.69574374157796,4.4));
#4387=CARTESIAN_POINT('',(6.56,3.18962812921102,4.4));
#4388=CARTESIAN_POINT('',(6.56,6.80425625842205,3.3));
#4389=CARTESIAN_POINT('',(6.56,6.80425625842205,4.4));
#4390=CARTESIAN_POINT('',(6.56,5.69574374157796,3.3));
#4391=CARTESIAN_POINT('',(6.56,5.69574374157796,3.3));
#4392=CARTESIAN_POINT('',(6.56,5.69574374157796,4.4));
#4393=CARTESIAN_POINT('Origin',(5.6,7.35851251684409,4.4));
#4394=CARTESIAN_POINT('',(5.6,7.35851251684409,4.4));
#4395=CARTESIAN_POINT('',(5.18517989256529,7.59800901753679,4.4));
#4396=CARTESIAN_POINT('',(5.6,7.35851251684409,3.3));
#4397=CARTESIAN_POINT('',(5.6,7.35851251684409,4.4));
#4398=CARTESIAN_POINT('',(6.56,6.80425625842205,3.3));
#4399=CARTESIAN_POINT('Origin',(4.64,6.80425625842205,4.4));
#4400=CARTESIAN_POINT('',(4.64,6.80425625842205,4.4));
#4401=CARTESIAN_POINT('',(1.33482010743472,4.89600975772935,4.4));
#4402=CARTESIAN_POINT('',(4.64,6.80425625842205,3.3));
#4403=CARTESIAN_POINT('',(4.64,6.80425625842205,4.4));
#4404=CARTESIAN_POINT('',(5.6,7.35851251684409,3.3));
#4405=CARTESIAN_POINT('Origin',(4.64,5.69574374157797,4.4));
#4406=CARTESIAN_POINT('',(4.64,5.69574374157797,4.4));
#4407=CARTESIAN_POINT('',(4.64,2.63537187078898,4.4));
#4408=CARTESIAN_POINT('',(4.64,5.69574374157797,3.3));
#4409=CARTESIAN_POINT('',(4.64,5.69574374157797,4.4));
#4410=CARTESIAN_POINT('',(4.64,6.80425625842205,3.3));
#4411=CARTESIAN_POINT('Origin',(5.2,5.37242759083178,4.4));
#4412=CARTESIAN_POINT('',(5.2,5.37242759083178,4.4));
#4413=CARTESIAN_POINT('',(4.50517989256528,5.77358216689758,4.4));
#4414=CARTESIAN_POINT('',(5.2,5.37242759083178,3.3));
#4415=CARTESIAN_POINT('',(5.2,5.37242759083178,4.4));
#4416=CARTESIAN_POINT('',(4.64,5.69574374157797,3.3));
#4417=CARTESIAN_POINT('Origin',(5.2,4.24148748315591,4.4));
#4418=CARTESIAN_POINT('',(5.2,4.24148748315591,4.4));
#4419=CARTESIAN_POINT('',(5.2,1.90824374157796,4.4));
#4420=CARTESIAN_POINT('',(5.2,4.24148748315591,3.3));
#4421=CARTESIAN_POINT('',(5.2,4.24148748315591,4.4));
#4422=CARTESIAN_POINT('',(5.2,4.24148748315591,3.3));
#4423=CARTESIAN_POINT('Origin',(5.6,4.24148748315591,4.4));
#4424=CARTESIAN_POINT('',(6.,4.24148748315591,4.4));
#4425=CARTESIAN_POINT('Origin',(5.6,4.24148748315591,4.4));
#4426=CARTESIAN_POINT('',(6.,4.24148748315591,3.3));
#4427=CARTESIAN_POINT('',(6.,4.24148748315591,4.4));
#4428=CARTESIAN_POINT('Origin',(5.6,4.24148748315591,3.3));
#4429=CARTESIAN_POINT('Origin',(6.,5.37242759083178,4.4));
#4430=CARTESIAN_POINT('',(6.,5.37242759083178,4.4));
#4431=CARTESIAN_POINT('',(6.,2.47371379541589,4.4));
#4432=CARTESIAN_POINT('',(6.,5.37242759083178,3.3));
#4433=CARTESIAN_POINT('',(6.,5.37242759083178,4.4));
#4434=CARTESIAN_POINT('',(6.,6.04148748315591,3.3));
#4435=CARTESIAN_POINT('Origin',(6.56,5.69574374157796,4.4));
#4436=CARTESIAN_POINT('',(2.77482010743471,3.51036911167424,4.4));
#4437=CARTESIAN_POINT('',(5.6,5.14148748315593,3.3));
#4438=CARTESIAN_POINT('Origin',(5.6,5.6,3.3));
#4439=CARTESIAN_POINT('Origin',(-4.64,6.80425625842205,4.4));
#4440=CARTESIAN_POINT('',(-4.64,6.80425625842205,4.4));
#4441=CARTESIAN_POINT('',(-4.64,5.69574374157796,4.4));
#4442=CARTESIAN_POINT('',(-4.64,3.18962812921102,4.4));
#4443=CARTESIAN_POINT('',(-4.64,6.80425625842205,3.3));
#4444=CARTESIAN_POINT('',(-4.64,6.80425625842205,4.4));
#4445=CARTESIAN_POINT('',(-4.64,5.69574374157796,3.3));
#4446=CARTESIAN_POINT('',(-4.64,5.69574374157796,3.3));
#4447=CARTESIAN_POINT('',(-4.64,5.69574374157796,4.4));
#4448=CARTESIAN_POINT('Origin',(-5.6,7.35851251684409,4.4));
#4449=CARTESIAN_POINT('',(-5.6,7.35851251684409,4.4));
#4450=CARTESIAN_POINT('',(-1.81482010743472,5.17313788694036,4.4));
#4451=CARTESIAN_POINT('',(-5.6,7.35851251684409,3.3));
#4452=CARTESIAN_POINT('',(-5.6,7.35851251684409,4.4));
#4453=CARTESIAN_POINT('',(-4.64,6.80425625842205,3.3));
#4454=CARTESIAN_POINT('Origin',(-6.56,6.80425625842205,4.4));
#4455=CARTESIAN_POINT('',(-6.56,6.80425625842205,4.4));
#4456=CARTESIAN_POINT('',(-5.66517989256528,7.32088088832577,4.4));
#4457=CARTESIAN_POINT('',(-6.56,6.80425625842205,3.3));
#4458=CARTESIAN_POINT('',(-6.56,6.80425625842205,4.4));
#4459=CARTESIAN_POINT('',(-5.6,7.35851251684409,3.3));
#4460=CARTESIAN_POINT('Origin',(-6.56,5.69574374157797,4.4));
#4461=CARTESIAN_POINT('',(-6.56,5.69574374157797,4.4));
#4462=CARTESIAN_POINT('',(-6.56,2.63537187078898,4.4));
#4463=CARTESIAN_POINT('',(-6.56,5.69574374157797,3.3));
#4464=CARTESIAN_POINT('',(-6.56,5.69574374157797,4.4));
#4465=CARTESIAN_POINT('',(-6.56,6.80425625842205,3.3));
#4466=CARTESIAN_POINT('Origin',(-6.,5.37242759083178,4.4));
#4467=CARTESIAN_POINT('',(-6.,5.37242759083178,4.4));
#4468=CARTESIAN_POINT('',(-2.49482010743472,3.34871103630115,4.4));
#4469=CARTESIAN_POINT('',(-6.,5.37242759083178,3.3));
#4470=CARTESIAN_POINT('',(-6.,5.37242759083178,4.4));
#4471=CARTESIAN_POINT('',(-6.56,5.69574374157797,3.3));
#4472=CARTESIAN_POINT('Origin',(-6.,4.24148748315591,4.4));
#4473=CARTESIAN_POINT('',(-6.,4.24148748315591,4.4));
#4474=CARTESIAN_POINT('',(-6.,1.90824374157796,4.4));
#4475=CARTESIAN_POINT('',(-6.,4.24148748315591,3.3));
#4476=CARTESIAN_POINT('',(-6.,4.24148748315591,4.4));
#4477=CARTESIAN_POINT('',(-6.,4.24148748315591,3.3));
#4478=CARTESIAN_POINT('Origin',(-5.6,4.24148748315591,4.4));
#4479=CARTESIAN_POINT('',(-5.2,4.24148748315591,4.4));
#4480=CARTESIAN_POINT('Origin',(-5.6,4.24148748315591,4.4));
#4481=CARTESIAN_POINT('',(-5.2,4.24148748315591,3.3));
#4482=CARTESIAN_POINT('',(-5.2,4.24148748315591,4.4));
#4483=CARTESIAN_POINT('Origin',(-5.6,4.24148748315591,3.3));
#4484=CARTESIAN_POINT('Origin',(-5.2,5.37242759083178,4.4));
#4485=CARTESIAN_POINT('',(-5.2,5.37242759083178,4.4));
#4486=CARTESIAN_POINT('',(-5.2,2.47371379541589,4.4));
#4487=CARTESIAN_POINT('',(-5.2,5.37242759083178,3.3));
#4488=CARTESIAN_POINT('',(-5.2,5.37242759083178,4.4));
#4489=CARTESIAN_POINT('',(-5.2,6.04148748315591,3.3));
#4490=CARTESIAN_POINT('Origin',(-4.64,5.69574374157796,4.4));
#4491=CARTESIAN_POINT('',(-4.22517989256528,5.93524024227067,4.4));
#4492=CARTESIAN_POINT('',(-5.6,5.14148748315593,3.3));
#4493=CARTESIAN_POINT('Origin',(-5.6,5.6,3.3));
#4494=CARTESIAN_POINT('Origin',(5.6,-4.24148748315591,4.4));
#4495=CARTESIAN_POINT('',(5.2,-4.24148748315591,4.4));
#4496=CARTESIAN_POINT('',(6.,-4.24148748315591,4.4));
#4497=CARTESIAN_POINT('Origin',(5.6,-4.24148748315591,4.4));
#4498=CARTESIAN_POINT('',(5.2,-4.24148748315591,3.3));
#4499=CARTESIAN_POINT('',(5.2,-4.24148748315591,4.4));
#4500=CARTESIAN_POINT('',(6.,-4.24148748315591,3.3));
#4501=CARTESIAN_POINT('Origin',(5.6,-4.24148748315591,3.3));
#4502=CARTESIAN_POINT('',(6.,-4.24148748315591,4.4));
#4503=CARTESIAN_POINT('Origin',(5.2,-5.37242759083176,4.4));
#4504=CARTESIAN_POINT('',(5.2,-5.37242759083176,4.4));
#4505=CARTESIAN_POINT('',(5.2,-2.89871379541588,4.4));
#4506=CARTESIAN_POINT('',(5.2,-5.37242759083176,3.3));
#4507=CARTESIAN_POINT('',(5.2,-5.37242759083176,4.4));
#4508=CARTESIAN_POINT('',(5.2,-4.24148748315591,3.3));
#4509=CARTESIAN_POINT('Origin',(4.64,-5.69574374157795,4.4));
#4510=CARTESIAN_POINT('',(4.64,-5.69574374157795,4.4));
#4511=CARTESIAN_POINT('',(4.04114949426108,-6.04149024227066,4.4));
#4512=CARTESIAN_POINT('',(4.64,-5.69574374157795,3.3));
#4513=CARTESIAN_POINT('',(4.64,-5.69574374157795,4.4));
#4514=CARTESIAN_POINT('',(5.6,-5.14148748315591,3.3));
#4515=CARTESIAN_POINT('Origin',(4.64,-6.80425625842203,4.4));
#4516=CARTESIAN_POINT('',(4.64,-6.80425625842203,4.4));
#4517=CARTESIAN_POINT('',(4.64,-3.61462812921102,4.4));
#4518=CARTESIAN_POINT('',(4.64,-6.80425625842203,3.3));
#4519=CARTESIAN_POINT('',(4.64,-6.80425625842203,4.4));
#4520=CARTESIAN_POINT('',(4.64,-5.69574374157795,3.3));
#4521=CARTESIAN_POINT('Origin',(5.6,-7.35851251684407,4.4));
#4522=CARTESIAN_POINT('',(5.6,-7.35851251684407,4.4));
#4523=CARTESIAN_POINT('',(1.99885050573891,-5.27938788694035,4.4));
#4524=CARTESIAN_POINT('',(5.6,-7.35851251684407,3.3));
#4525=CARTESIAN_POINT('',(5.6,-7.35851251684407,4.4));
#4526=CARTESIAN_POINT('',(4.64,-6.80425625842203,3.3));
#4527=CARTESIAN_POINT('Origin',(6.56,-6.80425625842204,4.4));
#4528=CARTESIAN_POINT('',(6.56,-6.80425625842204,4.4));
#4529=CARTESIAN_POINT('',(5.48114949426108,-7.42713088832576,4.4));
#4530=CARTESIAN_POINT('',(6.56,-6.80425625842204,3.3));
#4531=CARTESIAN_POINT('',(6.56,-6.80425625842204,4.4));
#4532=CARTESIAN_POINT('',(5.6,-7.35851251684407,3.3));
#4533=CARTESIAN_POINT('Origin',(6.56,-5.69574374157795,4.4));
#4534=CARTESIAN_POINT('',(6.56,-5.69574374157795,4.4));
#4535=CARTESIAN_POINT('',(6.56,-3.06037187078898,4.4));
#4536=CARTESIAN_POINT('',(6.56,-5.69574374157795,3.3));
#4537=CARTESIAN_POINT('',(6.56,-5.69574374157795,4.4));
#4538=CARTESIAN_POINT('',(6.56,-6.80425625842204,3.3));
#4539=CARTESIAN_POINT('Origin',(6.,-5.37242759083176,4.4));
#4540=CARTESIAN_POINT('',(6.,-5.37242759083176,4.4));
#4541=CARTESIAN_POINT('',(2.67885050573891,-3.45496103630113,4.4));
#4542=CARTESIAN_POINT('',(6.,-5.37242759083176,3.3));
#4543=CARTESIAN_POINT('',(6.,-5.37242759083176,4.4));
#4544=CARTESIAN_POINT('',(6.56,-5.69574374157795,3.3));
#4545=CARTESIAN_POINT('Origin',(6.,-4.24148748315591,4.4));
#4546=CARTESIAN_POINT('',(6.,-2.33324374157796,4.4));
#4547=CARTESIAN_POINT('',(6.,-6.04148748315591,3.3));
#4548=CARTESIAN_POINT('Origin',(5.6,-5.59999999999999,3.3));
#4549=CARTESIAN_POINT('Origin',(-5.6,-4.24148748315591,4.4));
#4550=CARTESIAN_POINT('',(-6.,-4.24148748315591,4.4));
#4551=CARTESIAN_POINT('',(-5.2,-4.24148748315591,4.4));
#4552=CARTESIAN_POINT('Origin',(-5.6,-4.24148748315591,4.4));
#4553=CARTESIAN_POINT('',(-6.,-4.24148748315591,3.3));
#4554=CARTESIAN_POINT('',(-6.,-4.24148748315591,4.4));
#4555=CARTESIAN_POINT('',(-5.2,-4.24148748315591,3.3));
#4556=CARTESIAN_POINT('Origin',(-5.6,-4.24148748315591,3.3));
#4557=CARTESIAN_POINT('',(-5.2,-4.24148748315591,4.4));
#4558=CARTESIAN_POINT('Origin',(-6.,-5.37242759083176,4.4));
#4559=CARTESIAN_POINT('',(-6.,-5.37242759083176,4.4));
#4560=CARTESIAN_POINT('',(-6.,-2.89871379541588,4.4));
#4561=CARTESIAN_POINT('',(-6.,-5.37242759083176,3.3));
#4562=CARTESIAN_POINT('',(-6.,-5.37242759083176,4.4));
#4563=CARTESIAN_POINT('',(-6.,-4.24148748315591,3.3));
#4564=CARTESIAN_POINT('Origin',(-6.56,-5.69574374157795,4.4));
#4565=CARTESIAN_POINT('',(-6.56,-5.69574374157795,4.4));
#4566=CARTESIAN_POINT('',(-2.95885050573891,-3.61661911167423,4.4));
#4567=CARTESIAN_POINT('',(-6.56,-5.69574374157795,3.3));
#4568=CARTESIAN_POINT('',(-6.56,-5.69574374157795,4.4));
#4569=CARTESIAN_POINT('',(-5.6,-5.14148748315591,3.3));
#4570=CARTESIAN_POINT('Origin',(-6.56,-6.80425625842203,4.4));
#4571=CARTESIAN_POINT('',(-6.56,-6.80425625842203,4.4));
#4572=CARTESIAN_POINT('',(-6.56,-3.61462812921102,4.4));
#4573=CARTESIAN_POINT('',(-6.56,-6.80425625842203,3.3));
#4574=CARTESIAN_POINT('',(-6.56,-6.80425625842203,4.4));
#4575=CARTESIAN_POINT('',(-6.56,-5.69574374157795,3.3));
#4576=CARTESIAN_POINT('Origin',(-5.6,-7.35851251684407,4.4));
#4577=CARTESIAN_POINT('',(-5.6,-7.35851251684407,4.4));
#4578=CARTESIAN_POINT('',(-5.00114949426109,-7.70425901753678,4.4));
#4579=CARTESIAN_POINT('',(-5.6,-7.35851251684407,3.3));
#4580=CARTESIAN_POINT('',(-5.6,-7.35851251684407,4.4));
#4581=CARTESIAN_POINT('',(-6.56,-6.80425625842203,3.3));
#4582=CARTESIAN_POINT('Origin',(-4.64,-6.80425625842204,4.4));
#4583=CARTESIAN_POINT('',(-4.64,-6.80425625842204,4.4));
#4584=CARTESIAN_POINT('',(-1.51885050573891,-5.00225975772934,4.4));
#4585=CARTESIAN_POINT('',(-4.64,-6.80425625842204,3.3));
#4586=CARTESIAN_POINT('',(-4.64,-6.80425625842204,4.4));
#4587=CARTESIAN_POINT('',(-5.6,-7.35851251684407,3.3));
#4588=CARTESIAN_POINT('Origin',(-4.64,-5.69574374157795,4.4));
#4589=CARTESIAN_POINT('',(-4.64,-5.69574374157795,4.4));
#4590=CARTESIAN_POINT('',(-4.64,-3.06037187078898,4.4));
#4591=CARTESIAN_POINT('',(-4.64,-5.69574374157795,3.3));
#4592=CARTESIAN_POINT('',(-4.64,-5.69574374157795,4.4));
#4593=CARTESIAN_POINT('',(-4.64,-6.80425625842204,3.3));
#4594=CARTESIAN_POINT('Origin',(-5.2,-5.37242759083176,4.4));
#4595=CARTESIAN_POINT('',(-5.2,-5.37242759083176,4.4));
#4596=CARTESIAN_POINT('',(-4.32114949426109,-5.87983216689756,4.4));
#4597=CARTESIAN_POINT('',(-5.2,-5.37242759083176,3.3));
#4598=CARTESIAN_POINT('',(-5.2,-5.37242759083176,4.4));
#4599=CARTESIAN_POINT('',(-4.64,-5.69574374157795,3.3));
#4600=CARTESIAN_POINT('Origin',(-5.2,-4.24148748315591,4.4));
#4601=CARTESIAN_POINT('',(-5.2,-2.33324374157796,4.4));
#4602=CARTESIAN_POINT('',(-5.2,-6.04148748315591,3.3));
#4603=CARTESIAN_POINT('Origin',(-5.6,-5.59999999999999,3.3));
#4604=CARTESIAN_POINT('Origin',(-6.84229627936315,6.8,0.999999977648258));
#4605=CARTESIAN_POINT('',(-6.84229627936315,6.5,0.999999977648258));
#4606=CARTESIAN_POINT('Origin',(-6.84229627936315,6.8,0.999999977648258));
#4607=CARTESIAN_POINT('Origin',(6.84229627936315,6.8,1.));
#4608=CARTESIAN_POINT('',(6.84229627936315,6.5,1.));
#4609=CARTESIAN_POINT('Origin',(6.84229627936315,6.8,1.));
#4610=CARTESIAN_POINT('Origin',(-2.25,9.4,0.5));
#4611=CARTESIAN_POINT('',(-6.25,8.9,0.));
#4612=CARTESIAN_POINT('',(-6.25,9.9,1.));
#4613=CARTESIAN_POINT('',(-6.25,9.15,0.25));
#4614=CARTESIAN_POINT('',(-2.75,9.9,1.));
#4615=CARTESIAN_POINT('',(-2.25,9.9,1.));
#4616=CARTESIAN_POINT('',(-2.75,8.9,0.));
#4617=CARTESIAN_POINT('',(-2.75,9.6375,0.7375));
#4618=CARTESIAN_POINT('',(-2.25,8.9,0.));
#4619=CARTESIAN_POINT('Origin',(-6.25,8.9,0.));
#4620=CARTESIAN_POINT('',(-6.25,8.9,1.95));
#4621=CARTESIAN_POINT('',(-6.25,8.9,4.4));
#4622=CARTESIAN_POINT('',(-6.25,9.9,1.95));
#4623=CARTESIAN_POINT('',(-6.25,8.9,1.95));
#4624=CARTESIAN_POINT('',(-6.25,9.9,1.95));
#4625=CARTESIAN_POINT('Origin',(-3.33066907387547E-15,7.85,0.));
#4626=CARTESIAN_POINT('',(2.75,8.9,0.));
#4627=CARTESIAN_POINT('',(3.80000002980232,8.9,0.));
#4628=CARTESIAN_POINT('',(6.25,8.9,0.));
#4629=CARTESIAN_POINT('',(2.25,8.9,0.));
#4630=CARTESIAN_POINT('Origin',(6.25,6.25,0.));
#4631=CARTESIAN_POINT('Origin',(-6.25,6.25,0.));
#4632=CARTESIAN_POINT('Origin',(2.25,9.4,0.5));
#4633=CARTESIAN_POINT('',(6.25,9.9,1.));
#4634=CARTESIAN_POINT('',(6.25,9.6375,0.7375));
#4635=CARTESIAN_POINT('',(2.75,9.9,1.));
#4636=CARTESIAN_POINT('',(2.75,9.15,0.25));
#4637=CARTESIAN_POINT('',(2.25,9.9,1.));
#4638=CARTESIAN_POINT('Origin',(6.25,8.9,1.95));
#4639=CARTESIAN_POINT('',(6.25,9.9,1.95));
#4640=CARTESIAN_POINT('',(6.25,9.9,0.));
#4641=CARTESIAN_POINT('',(6.25,8.9,1.95));
#4642=CARTESIAN_POINT('',(6.25,8.9,1.95));
#4643=CARTESIAN_POINT('',(6.25,8.9,4.4));
#4644=CARTESIAN_POINT('Origin',(-2.75,8.9,1.95));
#4645=CARTESIAN_POINT('',(-2.75,9.9,1.95));
#4646=CARTESIAN_POINT('',(-2.75,9.9,0.));
#4647=CARTESIAN_POINT('',(-2.75,8.9,1.95));
#4648=CARTESIAN_POINT('',(-2.75,8.9,1.95));
#4649=CARTESIAN_POINT('',(-2.75,8.89999982855332,3.175));
#4650=CARTESIAN_POINT('Origin',(-6.25,8.9,1.95));
#4651=CARTESIAN_POINT('',(-3.79999997019768,8.8999998010695,1.95));
#4652=CARTESIAN_POINT('',(-1.82500336750063,8.89999985276516,1.95));
#4653=CARTESIAN_POINT('',(-2.75,9.9,1.95));
#4654=CARTESIAN_POINT('',(-6.25,8.9,1.95));
#4655=CARTESIAN_POINT('Origin',(-4.5,9.9,0.975));
#4656=CARTESIAN_POINT('Origin',(2.75,8.9,0.));
#4657=CARTESIAN_POINT('',(2.75,8.9,1.95));
#4658=CARTESIAN_POINT('',(2.75,8.89999997251618,2.2));
#4659=CARTESIAN_POINT('',(2.75,9.9,1.95));
#4660=CARTESIAN_POINT('',(2.75,8.9,1.95));
#4661=CARTESIAN_POINT('',(2.75,9.9,1.95));
#4662=CARTESIAN_POINT('Origin',(2.75,8.9,1.95));
#4663=CARTESIAN_POINT('',(3.80000002980232,8.9,1.95));
#4664=CARTESIAN_POINT('',(3.27500001490116,8.9,1.95));
#4665=CARTESIAN_POINT('',(6.25,9.9,1.95));
#4666=CARTESIAN_POINT('',(2.67499663249937,8.89999997055296,1.95));
#4667=CARTESIAN_POINT('Origin',(4.5,9.9,0.975));
#4668=CARTESIAN_POINT('Origin',(2.59999326499874,8.89999996858974,4.4));
#4669=CARTESIAN_POINT('',(-3.79999997019768,8.8999998010695,4.4));
#4670=CARTESIAN_POINT('',(-3.79999997019768,8.8999998010695,4.4));
#4671=CARTESIAN_POINT('',(3.80000002980232,8.9,4.4));
#4672=CARTESIAN_POINT('',(3.80000002980232,8.9,2.6));
#4673=CARTESIAN_POINT('',(3.80000002980232,8.9,4.4));
#4674=CARTESIAN_POINT('',(3.80000002980232,8.9,4.4));
#4675=CARTESIAN_POINT('',(3.80000002980232,8.9,4.4));
#4676=CARTESIAN_POINT('Origin',(-3.33066907387547E-15,7.85,2.6));
#4677=CARTESIAN_POINT('Origin',(-3.79999997019768,-6.9,4.4));
#4678=CARTESIAN_POINT('',(3.80000002980232,-6.9,4.4));
#4679=CARTESIAN_POINT('',(-3.79999997019768,-6.9,4.4));
#4680=CARTESIAN_POINT('',(3.80000002980232,-6.9,4.4));
#4681=CARTESIAN_POINT('',(3.80000002980232,-6.9,4.4));
#4682=CARTESIAN_POINT('',(-3.79999997019768,-6.9,4.4));
#4683=CARTESIAN_POINT('Origin',(-3.79999997019768,2.3,4.4));
#4684=CARTESIAN_POINT('',(-3.79999997019768,2.3,4.4));
#4685=CARTESIAN_POINT('',(-3.79999997019768,-6.9,4.4));
#4686=CARTESIAN_POINT('',(-3.79999997019768,2.3,4.4));
#4687=CARTESIAN_POINT('Origin',(3.8,2.3,4.4));
#4688=CARTESIAN_POINT('',(3.80000002980232,2.3,4.4));
#4689=CARTESIAN_POINT('',(3.80000002980232,2.3,4.4));
#4690=CARTESIAN_POINT('',(-3.8,2.3,4.4));
#4691=CARTESIAN_POINT('Origin',(3.80000002980232,-6.9,4.4));
#4692=CARTESIAN_POINT('',(3.80000002980232,6.8,4.4));
#4693=CARTESIAN_POINT('Origin',(7.50000011175871,6.8,4.4));
#4694=CARTESIAN_POINT('',(7.50000011175871,8.58666422932419,4.4));
#4695=CARTESIAN_POINT('Origin',(6.25,6.25,4.4));
#4696=CARTESIAN_POINT('',(6.25,8.9,4.4));
#4697=CARTESIAN_POINT('Origin',(6.25,6.25,4.4));
#4698=CARTESIAN_POINT('',(6.25,8.9,4.4));
#4699=CARTESIAN_POINT('Origin',(3.80000002980232,8.9,4.4));
#4700=CARTESIAN_POINT('',(-6.25,8.9,4.4));
#4701=CARTESIAN_POINT('Origin',(-6.25,8.9,4.4));
#4702=CARTESIAN_POINT('',(-6.25,8.9,4.4));
#4703=CARTESIAN_POINT('',(-6.25,8.9,4.4));
#4704=CARTESIAN_POINT('',(-6.25,8.9,4.4));
#4705=CARTESIAN_POINT('Origin',(-6.25,6.25,4.4));
#4706=CARTESIAN_POINT('Origin',(-6.25,6.25,4.4));
#4707=CARTESIAN_POINT('Origin',(-3.33066907387547E-15,-0.425000000000001,
4.4));
#4708=CARTESIAN_POINT('',(0.,0.,0.));
#4709=CARTESIAN_POINT('',(0.,0.,0.));
#4710=CARTESIAN_POINT('Origin',(0.,0.,0.));
#4711=UNCERTAINTY_MEASURE_WITH_UNIT(LENGTH_MEASURE(0.01),#4719,
'DISTANCE_ACCURACY_VALUE',
'Maximum model space distance between geometric entities at asserted c
onnectivities');
#4712=UNCERTAINTY_MEASURE_WITH_UNIT(LENGTH_MEASURE(0.01),#4719,
'DISTANCE_ACCURACY_VALUE',
'Maximum model space distance between geometric entities at asserted c
onnectivities');
#4713=UNCERTAINTY_MEASURE_WITH_UNIT(LENGTH_MEASURE(0.01),#4719,
'DISTANCE_ACCURACY_VALUE',
'Maximum model space distance between geometric entities at asserted c
onnectivities');
#4714=UNCERTAINTY_MEASURE_WITH_UNIT(LENGTH_MEASURE(0.01),#4719,
'DISTANCE_ACCURACY_VALUE',
'Maximum model space distance between geometric entities at asserted c
onnectivities');
#4715=(
GEOMETRIC_REPRESENTATION_CONTEXT(3)
GLOBAL_UNCERTAINTY_ASSIGNED_CONTEXT((#4711))
GLOBAL_UNIT_ASSIGNED_CONTEXT((#4719,#4721,#4722))
REPRESENTATION_CONTEXT('','3D')
);
#4716=(
GEOMETRIC_REPRESENTATION_CONTEXT(3)
GLOBAL_UNCERTAINTY_ASSIGNED_CONTEXT((#4712))
GLOBAL_UNIT_ASSIGNED_CONTEXT((#4719,#4721,#4722))
REPRESENTATION_CONTEXT('','3D')
);
#4717=(
GEOMETRIC_REPRESENTATION_CONTEXT(3)
GLOBAL_UNCERTAINTY_ASSIGNED_CONTEXT((#4713))
GLOBAL_UNIT_ASSIGNED_CONTEXT((#4719,#4721,#4722))
REPRESENTATION_CONTEXT('','3D')
);
#4718=(
GEOMETRIC_REPRESENTATION_CONTEXT(3)
GLOBAL_UNCERTAINTY_ASSIGNED_CONTEXT((#4714))
GLOBAL_UNIT_ASSIGNED_CONTEXT((#4719,#4721,#4722))
REPRESENTATION_CONTEXT('','3D')
);
#4719=(
LENGTH_UNIT()
NAMED_UNIT(*)
SI_UNIT(.MILLI.,.METRE.)
);
#4720=(
LENGTH_UNIT()
NAMED_UNIT(*)
SI_UNIT($,.METRE.)
);
#4721=(
NAMED_UNIT(*)
PLANE_ANGLE_UNIT()
SI_UNIT($,.RADIAN.)
);
#4722=(
NAMED_UNIT(*)
SI_UNIT($,.STERADIAN.)
SOLID_ANGLE_UNIT()
);
#4723=SHAPE_DEFINITION_REPRESENTATION(#4726,#4731);
#4724=SHAPE_DEFINITION_REPRESENTATION(#4727,#4732);
#4725=SHAPE_DEFINITION_REPRESENTATION(#4728,#4733);
#4726=PRODUCT_DEFINITION_SHAPE('',$,#4735);
#4727=PRODUCT_DEFINITION_SHAPE('',$,#4736);
#4728=PRODUCT_DEFINITION_SHAPE('',$,#4737);
#4729=PRODUCT_DEFINITION_SHAPE($,$,#21);
#4730=PRODUCT_DEFINITION_SHAPE($,$,#22);
#4731=SHAPE_REPRESENTATION('',(#2879,#3102,#3103),#4715);
#4732=SHAPE_REPRESENTATION('',(#2880),#4716);
#4733=SHAPE_REPRESENTATION('',(#2980),#4717);
#4734=PRODUCT_DEFINITION_CONTEXT('part definition',#4745,'design');
#4735=PRODUCT_DEFINITION('PAW3222Case_v2.0','PAW3222Case_v2.0 v2',#4738,
#4734);
#4736=PRODUCT_DEFINITION('BottomPart','BottomPart',#4739,#4734);
#4737=PRODUCT_DEFINITION('TopPart','TopPart',#4740,#4734);
#4738=PRODUCT_DEFINITION_FORMATION('',$,#4747);
#4739=PRODUCT_DEFINITION_FORMATION('',$,#4748);
#4740=PRODUCT_DEFINITION_FORMATION('',$,#4749);
#4741=PRODUCT_RELATED_PRODUCT_CATEGORY('PAW3222Case_v2.0 v2',
'PAW3222Case_v2.0 v2',(#4747));
#4742=PRODUCT_RELATED_PRODUCT_CATEGORY('BottomPart','BottomPart',(#4748));
#4743=PRODUCT_RELATED_PRODUCT_CATEGORY('TopPart','TopPart',(#4749));
#4744=APPLICATION_PROTOCOL_DEFINITION('international standard',
'automotive_design',2009,#4745);
#4745=APPLICATION_CONTEXT(
'Core Data for Automotive Mechanical Design Process');
#4746=PRODUCT_CONTEXT('part definition',#4745,'mechanical');
#4747=PRODUCT('PAW3222Case_v2.0','PAW3222Case_v2.0 v2',$,(#4746));
#4748=PRODUCT('BottomPart','BottomPart',$,(#4746));
#4749=PRODUCT('TopPart','TopPart',$,(#4746));
#4750=PRESENTATION_STYLE_ASSIGNMENT((#4753));
#4751=PRESENTATION_STYLE_ASSIGNMENT((#4754));
#4752=PRESENTATION_STYLE_ASSIGNMENT((NULL_STYLE(.NULL.)));
#4753=SURFACE_STYLE_USAGE(.BOTH.,#4755);
#4754=SURFACE_STYLE_USAGE(.BOTH.,#4756);
#4755=SURFACE_SIDE_STYLE('',(#4757));
#4756=SURFACE_SIDE_STYLE('',(#4758));
#4757=SURFACE_STYLE_FILL_AREA(#4759);
#4758=SURFACE_STYLE_FILL_AREA(#4760);
#4759=FILL_AREA_STYLE('\X2\92FC\X0\ - \X2\30B530C630F3\X0\',(#4761));
#4760=FILL_AREA_STYLE('\X2\30D730E930B930C130C330AF\X0\ - \X2\30DE30C330C8\X0\(
\X2\767D\X0\)',(#4762));
#4761=FILL_AREA_STYLE_COLOUR('\X2\92FC\X0\ - \X2\30B530C630F3\X0\',#4763);
#4762=FILL_AREA_STYLE_COLOUR('\X2\30D730E930B930C130C330AF\X0\ - \X2\30DE30C330C8\X0\(
\X2\767D\X0\)',#4764);
#4763=COLOUR_RGB('\X2\92FC\X0\ - \X2\30B530C630F3\X0\',0.627450980392157,
0.627450980392157,0.627450980392157);
#4764=COLOUR_RGB('\X2\30D730E930B930C130C330AF\X0\ - \X2\30DE30C330C8\X0\(
\X2\767D\X0\)',0.964705882352941,0.964705882352941,0.952941176470588);
ENDSEC;
END-ISO-10303-21;
