ISO-10303-21;
HEADER;
/* Generated by software containing ST-Developer
 * from STEP Tools, Inc. (www.steptools.com) 
 */

FILE_DESCRIPTION(
/* description */ (''),
/* implementation_level */ '2;1');

FILE_NAME(
/* name */ 'TrackBallSensor_v1.step',
/* time_stamp */ '2026-10-02T21:37:09+09:00',
/* author */ (''),
/* organization */ (''),
/* preprocessor_version */ 'ST-DEVELOPER v20.2',
/* originating_system */ 'Autodesk Translation Framework v15.15.0.0',
/* authorisation */ '');

FILE_SCHEMA (('AUTOMOTIVE_DESIGN { 1 0 10303 214 3 1 1 }'));
ENDSEC;

DATA;
#10=MECHANICAL_DESIGN_GEOMETRIC_PRESENTATION_REPRESENTATION('',(#39,#40,
#41),#5010);
#11=CONTEXT_DEPENDENT_OVER_RIDING_STYLED_ITEM('',(#5043),#5024,#41,(#17));
#12=CONTEXT_DEPENDENT_OVER_RIDING_STYLED_ITEM('',(#5043),#5025,#41,(#18));
#13=MAPPED_ITEM('',#14,#3299);
#14=REPRESENTATION_MAP(#3299,#5023);
#15=ITEM_DEFINED_TRANSFORMATION($,$,#3066,#3297);
#16=ITEM_DEFINED_TRANSFORMATION($,$,#3169,#3298);
#17=(
REPRESENTATION_RELATIONSHIP($,$,#5024,#5023)
REPRESENTATION_RELATIONSHIP_WITH_TRANSFORMATION(#15)
SHAPE_REPRESENTATION_RELATIONSHIP()
);
#18=(
REPRESENTATION_RELATIONSHIP($,$,#5025,#5023)
REPRESENTATION_RELATIONSHIP_WITH_TRANSFORMATION(#16)
SHAPE_REPRESENTATION_RELATIONSHIP()
);
#19=CONTEXT_DEPENDENT_SHAPE_REPRESENTATION(#17,#5021);
#20=CONTEXT_DEPENDENT_SHAPE_REPRESENTATION(#18,#5022);
#21=NEXT_ASSEMBLY_USAGE_OCCURRENCE('BottomPart:1','BottomPart:1',
'BottomPart:1',#5027,#5028,'BottomPart:1');
#22=NEXT_ASSEMBLY_USAGE_OCCURRENCE('TopPart:1','TopPart:1','TopPart:1',
#5027,#5029,'TopPart:1');
#23=DERIVED_UNIT_ELEMENT(#25,1.);
#24=DERIVED_UNIT_ELEMENT(#5012,-3.);
#25=(
MASS_UNIT()
NAMED_UNIT(*)
SI_UNIT(.KILO.,.GRAM.)
);
#26=DERIVED_UNIT((#23,#24));
#27=MEASURE_REPRESENTATION_ITEM('density measure',
POSITIVE_RATIO_MEASURE(7850.),#26);
#28=PROPERTY_DEFINITION_REPRESENTATION(#33,#30);
#29=PROPERTY_DEFINITION_REPRESENTATION(#34,#31);
#30=REPRESENTATION('material name',(#32),#5009);
#31=REPRESENTATION('density',(#27),#5009);
#32=DESCRIPTIVE_REPRESENTATION_ITEM('\X2\92FC\X0\','\X2\92FC\X0\');
#33=PROPERTY_DEFINITION('material property','material name',#5029);
#34=PROPERTY_DEFINITION('material property','density of part',#5029);
#35=SHAPE_REPRESENTATION_RELATIONSHIP('SRR','None',#5024,#37);
#36=SHAPE_REPRESENTATION_RELATIONSHIP('SRR','None',#5025,#38);
#37=ADVANCED_BREP_SHAPE_REPRESENTATION('',(#42),#5008);
#38=ADVANCED_BREP_SHAPE_REPRESENTATION('',(#43),#5009);
#39=STYLED_ITEM('',(#5043),#42);
#40=STYLED_ITEM('',(#5043),#43);
#41=STYLED_ITEM('',(#5044),#13);
#42=MANIFOLD_SOLID_BREP('BottomPart',#3063);
#43=MANIFOLD_SOLID_BREP('TopPart',#3064);
#44=FACE_BOUND('',#319,.T.);
#45=FACE_BOUND('',#331,.T.);
#46=FACE_BOUND('',#332,.T.);
#47=FACE_BOUND('',#334,.T.);
#48=FACE_BOUND('',#335,.T.);
#49=FACE_BOUND('',#344,.T.);
#50=FACE_BOUND('',#347,.T.);
#51=FACE_BOUND('',#379,.T.);
#52=FACE_BOUND('',#380,.T.);
#53=FACE_BOUND('',#446,.T.);
#54=FACE_BOUND('',#447,.T.);
#55=FACE_BOUND('',#448,.T.);
#56=FACE_BOUND('',#449,.T.);
#57=FACE_BOUND('',#450,.T.);
#58=ELLIPSE('',#3109,0.565685424949238,0.4);
#59=ELLIPSE('',#3110,0.565685424949238,0.4);
#60=ELLIPSE('',#3112,0.565685424949238,0.4);
#61=ELLIPSE('',#3113,0.565685424949238,0.4);
#62=ELLIPSE('',#3116,0.565685424949238,0.4);
#63=ELLIPSE('',#3117,0.565685424949237,0.4);
#64=ELLIPSE('',#3119,0.565685424949237,0.4);
#65=ELLIPSE('',#3120,0.565685424949239,0.4);
#66=ELLIPSE('',#3127,0.565685424949238,0.4);
#67=ELLIPSE('',#3128,0.565685424949238,0.4);
#68=ELLIPSE('',#3130,0.565685424949238,0.4);
#69=ELLIPSE('',#3131,0.565685424949238,0.4);
#70=ELLIPSE('',#3134,0.565685424949238,0.4);
#71=ELLIPSE('',#3135,0.565685424949238,0.4);
#72=ELLIPSE('',#3137,0.565685424949237,0.4);
#73=ELLIPSE('',#3138,0.56568542494924,0.4);
#74=SPHERICAL_SURFACE('',#3094,0.35);
#75=SPHERICAL_SURFACE('',#3097,0.35);
#76=SPHERICAL_SURFACE('',#3265,0.3);
#77=SPHERICAL_SURFACE('',#3267,0.3);
#78=TOROIDAL_SURFACE('',#3072,1.99999972060323,0.35);
#79=TOROIDAL_SURFACE('',#3078,1.99999972060323,0.35);
#80=TOROIDAL_SURFACE('',#3175,1.99999972060323,0.3);
#81=TOROIDAL_SURFACE('',#3181,1.99999972060323,0.3);
#82=CYLINDRICAL_SURFACE('',#3069,0.35);
#83=CYLINDRICAL_SURFACE('',#3076,0.35);
#84=CYLINDRICAL_SURFACE('',#3082,0.35);
#85=CYLINDRICAL_SURFACE('',#3084,2.05);
#86=CYLINDRICAL_SURFACE('',#3089,2.05);
#87=CYLINDRICAL_SURFACE('',#3091,2.05);
#88=CYLINDRICAL_SURFACE('',#3100,2.05);
#89=CYLINDRICAL_SURFACE('',#3108,0.4);
#90=CYLINDRICAL_SURFACE('',#3111,0.4);
#91=CYLINDRICAL_SURFACE('',#3114,0.4);
#92=CYLINDRICAL_SURFACE('',#3115,0.4);
#93=CYLINDRICAL_SURFACE('',#3118,0.4);
#94=CYLINDRICAL_SURFACE('',#3121,0.4);
#95=CYLINDRICAL_SURFACE('',#3126,0.4);
#96=CYLINDRICAL_SURFACE('',#3129,0.4);
#97=CYLINDRICAL_SURFACE('',#3132,0.4);
#98=CYLINDRICAL_SURFACE('',#3133,0.4);
#99=CYLINDRICAL_SURFACE('',#3136,0.4);
#100=CYLINDRICAL_SURFACE('',#3139,0.4);
#101=CYLINDRICAL_SURFACE('',#3164,2.65);
#102=CYLINDRICAL_SURFACE('',#3165,2.65);
#103=CYLINDRICAL_SURFACE('',#3172,0.3);
#104=CYLINDRICAL_SURFACE('',#3179,0.3);
#105=CYLINDRICAL_SURFACE('',#3185,0.3);
#106=CYLINDRICAL_SURFACE('',#3187,2.);
#107=CYLINDRICAL_SURFACE('',#3189,2.);
#108=CYLINDRICAL_SURFACE('',#3194,2.);
#109=CYLINDRICAL_SURFACE('',#3196,2.);
#110=CYLINDRICAL_SURFACE('',#3223,0.4);
#111=CYLINDRICAL_SURFACE('',#3235,0.4);
#112=CYLINDRICAL_SURFACE('',#3241,0.4);
#113=CYLINDRICAL_SURFACE('',#3253,0.4);
#114=CYLINDRICAL_SURFACE('',#3286,2.65);
#115=CYLINDRICAL_SURFACE('',#3293,2.65);
#116=FACE_OUTER_BOUND('',#277,.T.);
#117=FACE_OUTER_BOUND('',#278,.T.);
#118=FACE_OUTER_BOUND('',#279,.T.);
#119=FACE_OUTER_BOUND('',#280,.T.);
#120=FACE_OUTER_BOUND('',#281,.T.);
#121=FACE_OUTER_BOUND('',#282,.T.);
#122=FACE_OUTER_BOUND('',#283,.T.);
#123=FACE_OUTER_BOUND('',#284,.T.);
#124=FACE_OUTER_BOUND('',#285,.T.);
#125=FACE_OUTER_BOUND('',#286,.T.);
#126=FACE_OUTER_BOUND('',#287,.T.);
#127=FACE_OUTER_BOUND('',#288,.T.);
#128=FACE_OUTER_BOUND('',#289,.T.);
#129=FACE_OUTER_BOUND('',#290,.T.);
#130=FACE_OUTER_BOUND('',#291,.T.);
#131=FACE_OUTER_BOUND('',#292,.T.);
#132=FACE_OUTER_BOUND('',#293,.T.);
#133=FACE_OUTER_BOUND('',#294,.T.);
#134=FACE_OUTER_BOUND('',#295,.T.);
#135=FACE_OUTER_BOUND('',#296,.T.);
#136=FACE_OUTER_BOUND('',#297,.T.);
#137=FACE_OUTER_BOUND('',#298,.T.);
#138=FACE_OUTER_BOUND('',#299,.T.);
#139=FACE_OUTER_BOUND('',#300,.T.);
#140=FACE_OUTER_BOUND('',#301,.T.);
#141=FACE_OUTER_BOUND('',#302,.T.);
#142=FACE_OUTER_BOUND('',#303,.T.);
#143=FACE_OUTER_BOUND('',#304,.T.);
#144=FACE_OUTER_BOUND('',#305,.T.);
#145=FACE_OUTER_BOUND('',#306,.T.);
#146=FACE_OUTER_BOUND('',#307,.T.);
#147=FACE_OUTER_BOUND('',#308,.T.);
#148=FACE_OUTER_BOUND('',#309,.T.);
#149=FACE_OUTER_BOUND('',#310,.T.);
#150=FACE_OUTER_BOUND('',#311,.T.);
#151=FACE_OUTER_BOUND('',#312,.T.);
#152=FACE_OUTER_BOUND('',#313,.T.);
#153=FACE_OUTER_BOUND('',#314,.T.);
#154=FACE_OUTER_BOUND('',#315,.T.);
#155=FACE_OUTER_BOUND('',#316,.T.);
#156=FACE_OUTER_BOUND('',#317,.T.);
#157=FACE_OUTER_BOUND('',#318,.T.);
#158=FACE_OUTER_BOUND('',#320,.T.);
#159=FACE_OUTER_BOUND('',#321,.T.);
#160=FACE_OUTER_BOUND('',#322,.T.);
#161=FACE_OUTER_BOUND('',#323,.T.);
#162=FACE_OUTER_BOUND('',#324,.T.);
#163=FACE_OUTER_BOUND('',#325,.T.);
#164=FACE_OUTER_BOUND('',#326,.T.);
#165=FACE_OUTER_BOUND('',#327,.T.);
#166=FACE_OUTER_BOUND('',#328,.T.);
#167=FACE_OUTER_BOUND('',#329,.T.);
#168=FACE_OUTER_BOUND('',#330,.T.);
#169=FACE_OUTER_BOUND('',#333,.T.);
#170=FACE_OUTER_BOUND('',#336,.T.);
#171=FACE_OUTER_BOUND('',#337,.T.);
#172=FACE_OUTER_BOUND('',#338,.T.);
#173=FACE_OUTER_BOUND('',#339,.T.);
#174=FACE_OUTER_BOUND('',#340,.T.);
#175=FACE_OUTER_BOUND('',#341,.T.);
#176=FACE_OUTER_BOUND('',#342,.T.);
#177=FACE_OUTER_BOUND('',#343,.T.);
#178=FACE_OUTER_BOUND('',#345,.T.);
#179=FACE_OUTER_BOUND('',#346,.T.);
#180=FACE_OUTER_BOUND('',#348,.T.);
#181=FACE_OUTER_BOUND('',#349,.T.);
#182=FACE_OUTER_BOUND('',#350,.T.);
#183=FACE_OUTER_BOUND('',#351,.T.);
#184=FACE_OUTER_BOUND('',#352,.T.);
#185=FACE_OUTER_BOUND('',#353,.T.);
#186=FACE_OUTER_BOUND('',#354,.T.);
#187=FACE_OUTER_BOUND('',#355,.T.);
#188=FACE_OUTER_BOUND('',#356,.T.);
#189=FACE_OUTER_BOUND('',#357,.T.);
#190=FACE_OUTER_BOUND('',#358,.T.);
#191=FACE_OUTER_BOUND('',#359,.T.);
#192=FACE_OUTER_BOUND('',#360,.T.);
#193=FACE_OUTER_BOUND('',#361,.T.);
#194=FACE_OUTER_BOUND('',#362,.T.);
#195=FACE_OUTER_BOUND('',#363,.T.);
#196=FACE_OUTER_BOUND('',#364,.T.);
#197=FACE_OUTER_BOUND('',#365,.T.);
#198=FACE_OUTER_BOUND('',#366,.T.);
#199=FACE_OUTER_BOUND('',#367,.T.);
#200=FACE_OUTER_BOUND('',#368,.T.);
#201=FACE_OUTER_BOUND('',#369,.T.);
#202=FACE_OUTER_BOUND('',#370,.T.);
#203=FACE_OUTER_BOUND('',#371,.T.);
#204=FACE_OUTER_BOUND('',#372,.T.);
#205=FACE_OUTER_BOUND('',#373,.T.);
#206=FACE_OUTER_BOUND('',#374,.T.);
#207=FACE_OUTER_BOUND('',#375,.T.);
#208=FACE_OUTER_BOUND('',#376,.T.);
#209=FACE_OUTER_BOUND('',#377,.T.);
#210=FACE_OUTER_BOUND('',#378,.T.);
#211=FACE_OUTER_BOUND('',#381,.T.);
#212=FACE_OUTER_BOUND('',#382,.T.);
#213=FACE_OUTER_BOUND('',#383,.T.);
#214=FACE_OUTER_BOUND('',#384,.T.);
#215=FACE_OUTER_BOUND('',#385,.T.);
#216=FACE_OUTER_BOUND('',#386,.T.);
#217=FACE_OUTER_BOUND('',#387,.T.);
#218=FACE_OUTER_BOUND('',#388,.T.);
#219=FACE_OUTER_BOUND('',#389,.T.);
#220=FACE_OUTER_BOUND('',#390,.T.);
#221=FACE_OUTER_BOUND('',#391,.T.);
#222=FACE_OUTER_BOUND('',#392,.T.);
#223=FACE_OUTER_BOUND('',#393,.T.);
#224=FACE_OUTER_BOUND('',#394,.T.);
#225=FACE_OUTER_BOUND('',#395,.T.);
#226=FACE_OUTER_BOUND('',#396,.T.);
#227=FACE_OUTER_BOUND('',#397,.T.);
#228=FACE_OUTER_BOUND('',#398,.T.);
#229=FACE_OUTER_BOUND('',#399,.T.);
#230=FACE_OUTER_BOUND('',#400,.T.);
#231=FACE_OUTER_BOUND('',#401,.T.);
#232=FACE_OUTER_BOUND('',#402,.T.);
#233=FACE_OUTER_BOUND('',#403,.T.);
#234=FACE_OUTER_BOUND('',#404,.T.);
#235=FACE_OUTER_BOUND('',#405,.T.);
#236=FACE_OUTER_BOUND('',#406,.T.);
#237=FACE_OUTER_BOUND('',#407,.T.);
#238=FACE_OUTER_BOUND('',#408,.T.);
#239=FACE_OUTER_BOUND('',#409,.T.);
#240=FACE_OUTER_BOUND('',#410,.T.);
#241=FACE_OUTER_BOUND('',#411,.T.);
#242=FACE_OUTER_BOUND('',#412,.T.);
#243=FACE_OUTER_BOUND('',#413,.T.);
#244=FACE_OUTER_BOUND('',#414,.T.);
#245=FACE_OUTER_BOUND('',#415,.T.);
#246=FACE_OUTER_BOUND('',#416,.T.);
#247=FACE_OUTER_BOUND('',#417,.T.);
#248=FACE_OUTER_BOUND('',#418,.T.);
#249=FACE_OUTER_BOUND('',#419,.T.);
#250=FACE_OUTER_BOUND('',#420,.T.);
#251=FACE_OUTER_BOUND('',#421,.T.);
#252=FACE_OUTER_BOUND('',#422,.T.);
#253=FACE_OUTER_BOUND('',#423,.T.);
#254=FACE_OUTER_BOUND('',#424,.T.);
#255=FACE_OUTER_BOUND('',#425,.T.);
#256=FACE_OUTER_BOUND('',#426,.T.);
#257=FACE_OUTER_BOUND('',#427,.T.);
#258=FACE_OUTER_BOUND('',#428,.T.);
#259=FACE_OUTER_BOUND('',#429,.T.);
#260=FACE_OUTER_BOUND('',#430,.T.);
#261=FACE_OUTER_BOUND('',#431,.T.);
#262=FACE_OUTER_BOUND('',#432,.T.);
#263=FACE_OUTER_BOUND('',#433,.T.);
#264=FACE_OUTER_BOUND('',#434,.T.);
#265=FACE_OUTER_BOUND('',#435,.T.);
#266=FACE_OUTER_BOUND('',#436,.T.);
#267=FACE_OUTER_BOUND('',#437,.T.);
#268=FACE_OUTER_BOUND('',#438,.T.);
#269=FACE_OUTER_BOUND('',#439,.T.);
#270=FACE_OUTER_BOUND('',#440,.T.);
#271=FACE_OUTER_BOUND('',#441,.T.);
#272=FACE_OUTER_BOUND('',#442,.T.);
#273=FACE_OUTER_BOUND('',#443,.T.);
#274=FACE_OUTER_BOUND('',#444,.T.);
#275=FACE_OUTER_BOUND('',#445,.T.);
#276=FACE_OUTER_BOUND('',#451,.T.);
#277=EDGE_LOOP('',(#1929,#1930));
#278=EDGE_LOOP('',(#1931,#1932,#1933,#1934));
#279=EDGE_LOOP('',(#1935,#1936,#1937,#1938));
#280=EDGE_LOOP('',(#1939,#1940,#1941,#1942));
#281=EDGE_LOOP('',(#1943,#1944,#1945,#1946));
#282=EDGE_LOOP('',(#1947,#1948,#1949,#1950));
#283=EDGE_LOOP('',(#1951,#1952));
#284=EDGE_LOOP('',(#1953,#1954,#1955,#1956));
#285=EDGE_LOOP('',(#1957,#1958,#1959,#1960));
#286=EDGE_LOOP('',(#1961,#1962,#1963,#1964));
#287=EDGE_LOOP('',(#1965,#1966,#1967,#1968,#1969,#1970,#1971,#1972));
#288=EDGE_LOOP('',(#1973,#1974,#1975,#1976));
#289=EDGE_LOOP('',(#1977,#1978,#1979,#1980));
#290=EDGE_LOOP('',(#1981,#1982,#1983,#1984,#1985,#1986,#1987,#1988,#1989,
#1990));
#291=EDGE_LOOP('',(#1991,#1992,#1993));
#292=EDGE_LOOP('',(#1994,#1995,#1996));
#293=EDGE_LOOP('',(#1997,#1998,#1999,#2000));
#294=EDGE_LOOP('',(#2001,#2002,#2003,#2004,#2005,#2006,#2007,#2008));
#295=EDGE_LOOP('',(#2009,#2010,#2011,#2012,#2013,#2014,#2015,#2016,#2017,
#2018,#2019,#2020));
#296=EDGE_LOOP('',(#2021,#2022,#2023,#2024));
#297=EDGE_LOOP('',(#2025,#2026,#2027,#2028,#2029,#2030,#2031,#2032));
#298=EDGE_LOOP('',(#2033,#2034,#2035));
#299=EDGE_LOOP('',(#2036,#2037,#2038));
#300=EDGE_LOOP('',(#2039,#2040,#2041,#2042,#2043,#2044));
#301=EDGE_LOOP('',(#2045,#2046,#2047));
#302=EDGE_LOOP('',(#2048,#2049,#2050,#2051,#2052,#2053));
#303=EDGE_LOOP('',(#2054,#2055,#2056));
#304=EDGE_LOOP('',(#2057,#2058,#2059,#2060));
#305=EDGE_LOOP('',(#2061,#2062,#2063,#2064));
#306=EDGE_LOOP('',(#2065,#2066,#2067,#2068));
#307=EDGE_LOOP('',(#2069,#2070,#2071,#2072));
#308=EDGE_LOOP('',(#2073,#2074,#2075));
#309=EDGE_LOOP('',(#2076,#2077,#2078));
#310=EDGE_LOOP('',(#2079,#2080,#2081,#2082,#2083,#2084));
#311=EDGE_LOOP('',(#2085,#2086,#2087));
#312=EDGE_LOOP('',(#2088,#2089,#2090,#2091,#2092,#2093));
#313=EDGE_LOOP('',(#2094,#2095,#2096));
#314=EDGE_LOOP('',(#2097,#2098,#2099,#2100));
#315=EDGE_LOOP('',(#2101,#2102,#2103,#2104));
#316=EDGE_LOOP('',(#2105,#2106,#2107,#2108));
#317=EDGE_LOOP('',(#2109,#2110,#2111,#2112));
#318=EDGE_LOOP('',(#2113,#2114,#2115,#2116,#2117,#2118,#2119,#2120,#2121,
#2122,#2123));
#319=EDGE_LOOP('',(#2124,#2125,#2126,#2127,#2128,#2129));
#320=EDGE_LOOP('',(#2130,#2131,#2132,#2133));
#321=EDGE_LOOP('',(#2134,#2135,#2136,#2137));
#322=EDGE_LOOP('',(#2138,#2139,#2140,#2141));
#323=EDGE_LOOP('',(#2142,#2143,#2144,#2145));
#324=EDGE_LOOP('',(#2146,#2147,#2148,#2149));
#325=EDGE_LOOP('',(#2150,#2151,#2152,#2153));
#326=EDGE_LOOP('',(#2154,#2155,#2156,#2157));
#327=EDGE_LOOP('',(#2158,#2159,#2160,#2161));
#328=EDGE_LOOP('',(#2162,#2163,#2164,#2165));
#329=EDGE_LOOP('',(#2166,#2167,#2168,#2169));
#330=EDGE_LOOP('',(#2170,#2171,#2172,#2173,#2174,#2175));
#331=EDGE_LOOP('',(#2176,#2177,#2178,#2179));
#332=EDGE_LOOP('',(#2180,#2181,#2182,#2183));
#333=EDGE_LOOP('',(#2184,#2185,#2186,#2187,#2188,#2189,#2190,#2191,#2192,
#2193,#2194,#2195));
#334=EDGE_LOOP('',(#2196));
#335=EDGE_LOOP('',(#2197));
#336=EDGE_LOOP('',(#2198,#2199,#2200,#2201));
#337=EDGE_LOOP('',(#2202,#2203,#2204,#2205));
#338=EDGE_LOOP('',(#2206,#2207,#2208,#2209));
#339=EDGE_LOOP('',(#2210,#2211,#2212,#2213,#2214,#2215));
#340=EDGE_LOOP('',(#2216,#2217,#2218,#2219,#2220,#2221,#2222));
#341=EDGE_LOOP('',(#2223,#2224,#2225,#2226));
#342=EDGE_LOOP('',(#2227,#2228,#2229,#2230));
#343=EDGE_LOOP('',(#2231,#2232,#2233,#2234));
#344=EDGE_LOOP('',(#2235,#2236,#2237,#2238));
#345=EDGE_LOOP('',(#2239,#2240,#2241,#2242));
#346=EDGE_LOOP('',(#2243,#2244,#2245,#2246));
#347=EDGE_LOOP('',(#2247,#2248,#2249,#2250));
#348=EDGE_LOOP('',(#2251,#2252));
#349=EDGE_LOOP('',(#2253,#2254,#2255,#2256));
#350=EDGE_LOOP('',(#2257,#2258,#2259,#2260));
#351=EDGE_LOOP('',(#2261,#2262,#2263,#2264));
#352=EDGE_LOOP('',(#2265,#2266,#2267,#2268));
#353=EDGE_LOOP('',(#2269,#2270,#2271,#2272));
#354=EDGE_LOOP('',(#2273,#2274));
#355=EDGE_LOOP('',(#2275,#2276,#2277,#2278));
#356=EDGE_LOOP('',(#2279,#2280,#2281,#2282));
#357=EDGE_LOOP('',(#2283,#2284,#2285,#2286));
#358=EDGE_LOOP('',(#2287,#2288,#2289,#2290));
#359=EDGE_LOOP('',(#2291,#2292,#2293,#2294,#2295,#2296,#2297,#2298));
#360=EDGE_LOOP('',(#2299,#2300,#2301,#2302));
#361=EDGE_LOOP('',(#2303,#2304,#2305,#2306));
#362=EDGE_LOOP('',(#2307,#2308,#2309,#2310));
#363=EDGE_LOOP('',(#2311,#2312,#2313,#2314));
#364=EDGE_LOOP('',(#2315,#2316,#2317,#2318));
#365=EDGE_LOOP('',(#2319,#2320,#2321,#2322));
#366=EDGE_LOOP('',(#2323,#2324,#2325,#2326));
#367=EDGE_LOOP('',(#2327,#2328,#2329,#2330));
#368=EDGE_LOOP('',(#2331,#2332,#2333,#2334));
#369=EDGE_LOOP('',(#2335,#2336,#2337,#2338));
#370=EDGE_LOOP('',(#2339,#2340,#2341,#2342));
#371=EDGE_LOOP('',(#2343,#2344,#2345,#2346,#2347,#2348,#2349,#2350));
#372=EDGE_LOOP('',(#2351,#2352,#2353,#2354,#2355,#2356,#2357,#2358));
#373=EDGE_LOOP('',(#2359,#2360,#2361,#2362,#2363,#2364,#2365,#2366));
#374=EDGE_LOOP('',(#2367,#2368,#2369,#2370));
#375=EDGE_LOOP('',(#2371,#2372,#2373,#2374));
#376=EDGE_LOOP('',(#2375,#2376,#2377,#2378));
#377=EDGE_LOOP('',(#2379,#2380,#2381,#2382,#2383,#2384));
#378=EDGE_LOOP('',(#2385,#2386,#2387,#2388,#2389,#2390,#2391,#2392,#2393,
#2394,#2395,#2396));
#379=EDGE_LOOP('',(#2397));
#380=EDGE_LOOP('',(#2398));
#381=EDGE_LOOP('',(#2399,#2400,#2401,#2402));
#382=EDGE_LOOP('',(#2403,#2404,#2405,#2406));
#383=EDGE_LOOP('',(#2407,#2408,#2409,#2410));
#384=EDGE_LOOP('',(#2411,#2412,#2413,#2414));
#385=EDGE_LOOP('',(#2415,#2416,#2417,#2418));
#386=EDGE_LOOP('',(#2419,#2420,#2421,#2422));
#387=EDGE_LOOP('',(#2423,#2424,#2425,#2426));
#388=EDGE_LOOP('',(#2427,#2428,#2429,#2430));
#389=EDGE_LOOP('',(#2431,#2432,#2433,#2434));
#390=EDGE_LOOP('',(#2435,#2436,#2437,#2438,#2439,#2440,#2441,#2442,#2443));
#391=EDGE_LOOP('',(#2444,#2445,#2446,#2447));
#392=EDGE_LOOP('',(#2448,#2449,#2450,#2451));
#393=EDGE_LOOP('',(#2452,#2453,#2454,#2455));
#394=EDGE_LOOP('',(#2456,#2457,#2458,#2459));
#395=EDGE_LOOP('',(#2460,#2461,#2462,#2463));
#396=EDGE_LOOP('',(#2464,#2465,#2466,#2467));
#397=EDGE_LOOP('',(#2468,#2469,#2470,#2471));
#398=EDGE_LOOP('',(#2472,#2473,#2474,#2475));
#399=EDGE_LOOP('',(#2476,#2477,#2478,#2479));
#400=EDGE_LOOP('',(#2480,#2481,#2482,#2483,#2484,#2485,#2486,#2487,#2488));
#401=EDGE_LOOP('',(#2489,#2490,#2491,#2492));
#402=EDGE_LOOP('',(#2493,#2494,#2495,#2496));
#403=EDGE_LOOP('',(#2497,#2498,#2499,#2500));
#404=EDGE_LOOP('',(#2501,#2502,#2503,#2504));
#405=EDGE_LOOP('',(#2505,#2506,#2507,#2508));
#406=EDGE_LOOP('',(#2509,#2510,#2511,#2512));
#407=EDGE_LOOP('',(#2513,#2514,#2515,#2516));
#408=EDGE_LOOP('',(#2517,#2518,#2519,#2520));
#409=EDGE_LOOP('',(#2521,#2522,#2523,#2524));
#410=EDGE_LOOP('',(#2525,#2526,#2527,#2528,#2529,#2530,#2531,#2532,#2533));
#411=EDGE_LOOP('',(#2534,#2535,#2536,#2537));
#412=EDGE_LOOP('',(#2538,#2539,#2540,#2541));
#413=EDGE_LOOP('',(#2542,#2543,#2544,#2545));
#414=EDGE_LOOP('',(#2546,#2547,#2548,#2549));
#415=EDGE_LOOP('',(#2550,#2551,#2552,#2553));
#416=EDGE_LOOP('',(#2554,#2555,#2556,#2557));
#417=EDGE_LOOP('',(#2558,#2559,#2560,#2561));
#418=EDGE_LOOP('',(#2562,#2563,#2564,#2565));
#419=EDGE_LOOP('',(#2566,#2567,#2568,#2569));
#420=EDGE_LOOP('',(#2570,#2571,#2572,#2573,#2574,#2575,#2576,#2577,#2578));
#421=EDGE_LOOP('',(#2579,#2580,#2581));
#422=EDGE_LOOP('',(#2582,#2583,#2584));
#423=EDGE_LOOP('',(#2585,#2586,#2587,#2588));
#424=EDGE_LOOP('',(#2589,#2590,#2591,#2592));
#425=EDGE_LOOP('',(#2593,#2594,#2595,#2596,#2597,#2598));
#426=EDGE_LOOP('',(#2599,#2600,#2601,#2602));
#427=EDGE_LOOP('',(#2603,#2604,#2605,#2606));
#428=EDGE_LOOP('',(#2607,#2608,#2609,#2610));
#429=EDGE_LOOP('',(#2611,#2612,#2613,#2614,#2615));
#430=EDGE_LOOP('',(#2616,#2617,#2618,#2619));
#431=EDGE_LOOP('',(#2620,#2621,#2622,#2623));
#432=EDGE_LOOP('',(#2624,#2625,#2626,#2627,#2628));
#433=EDGE_LOOP('',(#2629,#2630,#2631,#2632));
#434=EDGE_LOOP('',(#2633,#2634,#2635,#2636,#2637,#2638,#2639,#2640,#2641,
#2642,#2643,#2644));
#435=EDGE_LOOP('',(#2645,#2646,#2647,#2648));
#436=EDGE_LOOP('',(#2649,#2650,#2651,#2652));
#437=EDGE_LOOP('',(#2653,#2654,#2655,#2656,#2657,#2658,#2659,#2660));
#438=EDGE_LOOP('',(#2661,#2662,#2663,#2664,#2665));
#439=EDGE_LOOP('',(#2666,#2667,#2668,#2669));
#440=EDGE_LOOP('',(#2670,#2671,#2672,#2673,#2674,#2675,#2676,#2677));
#441=EDGE_LOOP('',(#2678,#2679,#2680,#2681));
#442=EDGE_LOOP('',(#2682,#2683,#2684,#2685,#2686,#2687,#2688,#2689));
#443=EDGE_LOOP('',(#2690,#2691,#2692,#2693));
#444=EDGE_LOOP('',(#2694,#2695,#2696,#2697,#2698));
#445=EDGE_LOOP('',(#2699,#2700,#2701,#2702,#2703,#2704,#2705,#2706,#2707,
#2708,#2709,#2710,#2711,#2712,#2713,#2714));
#446=EDGE_LOOP('',(#2715,#2716,#2717,#2718));
#447=EDGE_LOOP('',(#2719,#2720,#2721,#2722,#2723,#2724,#2725,#2726,#2727));
#448=EDGE_LOOP('',(#2728,#2729,#2730,#2731,#2732,#2733,#2734,#2735,#2736));
#449=EDGE_LOOP('',(#2737,#2738,#2739,#2740,#2741,#2742,#2743,#2744,#2745));
#450=EDGE_LOOP('',(#2746,#2747,#2748,#2749,#2750,#2751,#2752,#2753,#2754));
#451=EDGE_LOOP('',(#2755,#2756,#2757,#2758,#2759,#2760,#2761,#2762,#2763,
#2764,#2765,#2766,#2767,#2768,#2769,#2770,#2771,#2772,#2773,#2774,#2775,
#2776,#2777,#2778,#2779,#2780,#2781,#2782));
#452=CIRCLE('',#3068,0.35);
#453=CIRCLE('',#3070,0.35);
#454=CIRCLE('',#3071,0.35);
#455=CIRCLE('',#3073,2.05);
#456=CIRCLE('',#3074,2.05);
#457=CIRCLE('',#3075,0.35);
#458=CIRCLE('',#3077,0.35);
#459=CIRCLE('',#3079,2.05);
#460=CIRCLE('',#3080,2.05);
#461=CIRCLE('',#3081,0.35);
#462=CIRCLE('',#3085,2.05);
#463=CIRCLE('',#3090,2.05);
#464=CIRCLE('',#3092,2.05);
#465=CIRCLE('',#3095,0.35);
#466=CIRCLE('',#3096,0.35);
#467=CIRCLE('',#3098,0.35);
#468=CIRCLE('',#3099,0.35);
#469=CIRCLE('',#3101,2.05);
#470=CIRCLE('',#3104,2.65);
#471=CIRCLE('',#3105,2.65);
#472=CIRCLE('',#3156,2.65);
#473=CIRCLE('',#3157,2.65);
#474=CIRCLE('',#3171,0.3);
#475=CIRCLE('',#3173,0.3);
#476=CIRCLE('',#3174,0.3);
#477=CIRCLE('',#3176,2.);
#478=CIRCLE('',#3177,0.3);
#479=CIRCLE('',#3178,2.);
#480=CIRCLE('',#3180,0.3);
#481=CIRCLE('',#3182,2.);
#482=CIRCLE('',#3183,0.3);
#483=CIRCLE('',#3184,2.);
#484=CIRCLE('',#3188,2.);
#485=CIRCLE('',#3190,2.);
#486=CIRCLE('',#3195,2.);
#487=CIRCLE('',#3197,2.);
#488=CIRCLE('',#3215,0.3);
#489=CIRCLE('',#3216,0.3);
#490=CIRCLE('',#3224,0.4);
#491=CIRCLE('',#3225,0.4);
#492=CIRCLE('',#3236,0.4);
#493=CIRCLE('',#3237,0.4);
#494=CIRCLE('',#3242,0.4);
#495=CIRCLE('',#3243,0.4);
#496=CIRCLE('',#3254,0.4);
#497=CIRCLE('',#3255,0.4);
#498=CIRCLE('',#3266,0.3);
#499=CIRCLE('',#3268,0.3);
#500=CIRCLE('',#3272,2.65);
#501=CIRCLE('',#3273,2.65);
#502=CIRCLE('',#3287,2.65);
#503=CIRCLE('',#3294,2.65);
#504=LINE('',#4134,#863);
#505=LINE('',#4141,#864);
#506=LINE('',#4144,#865);
#507=LINE('',#4153,#866);
#508=LINE('',#4155,#867);
#509=LINE('',#4164,#868);
#510=LINE('',#4165,#869);
#511=LINE('',#4167,#870);
#512=LINE('',#4172,#871);
#513=LINE('',#4173,#872);
#514=LINE('',#4176,#873);
#515=LINE('',#4177,#874);
#516=LINE('',#4181,#875);
#517=LINE('',#4182,#876);
#518=LINE('',#4183,#877);
#519=LINE('',#4186,#878);
#520=LINE('',#4188,#879);
#521=LINE('',#4190,#880);
#522=LINE('',#4192,#881);
#523=LINE('',#4193,#882);
#524=LINE('',#4201,#883);
#525=LINE('',#4203,#884);
#526=LINE('',#4204,#885);
#527=LINE('',#4206,#886);
#528=LINE('',#4208,#887);
#529=LINE('',#4209,#888);
#530=LINE('',#4223,#889);
#531=LINE('',#4226,#890);
#532=LINE('',#4227,#891);
#533=LINE('',#4230,#892);
#534=LINE('',#4234,#893);
#535=LINE('',#4236,#894);
#536=LINE('',#4238,#895);
#537=LINE('',#4241,#896);
#538=LINE('',#4244,#897);
#539=LINE('',#4246,#898);
#540=LINE('',#4247,#899);
#541=LINE('',#4250,#900);
#542=LINE('',#4252,#901);
#543=LINE('',#4254,#902);
#544=LINE('',#4256,#903);
#545=LINE('',#4258,#904);
#546=LINE('',#4259,#905);
#547=LINE('',#4263,#906);
#548=LINE('',#4270,#907);
#549=LINE('',#4275,#908);
#550=LINE('',#4276,#909);
#551=LINE('',#4283,#910);
#552=LINE('',#4286,#911);
#553=LINE('',#4291,#912);
#554=LINE('',#4293,#913);
#555=LINE('',#4296,#914);
#556=LINE('',#4298,#915);
#557=LINE('',#4299,#916);
#558=LINE('',#4302,#917);
#559=LINE('',#4303,#918);
#560=LINE('',#4306,#919);
#561=LINE('',#4307,#920);
#562=LINE('',#4309,#921);
#563=LINE('',#4313,#922);
#564=LINE('',#4320,#923);
#565=LINE('',#4325,#924);
#566=LINE('',#4326,#925);
#567=LINE('',#4333,#926);
#568=LINE('',#4336,#927);
#569=LINE('',#4341,#928);
#570=LINE('',#4343,#929);
#571=LINE('',#4346,#930);
#572=LINE('',#4348,#931);
#573=LINE('',#4349,#932);
#574=LINE('',#4352,#933);
#575=LINE('',#4353,#934);
#576=LINE('',#4356,#935);
#577=LINE('',#4357,#936);
#578=LINE('',#4359,#937);
#579=LINE('',#4362,#938);
#580=LINE('',#4364,#939);
#581=LINE('',#4366,#940);
#582=LINE('',#4368,#941);
#583=LINE('',#4370,#942);
#584=LINE('',#4372,#943);
#585=LINE('',#4373,#944);
#586=LINE('',#4374,#945);
#587=LINE('',#4377,#946);
#588=LINE('',#4379,#947);
#589=LINE('',#4381,#948);
#590=LINE('',#4383,#949);
#591=LINE('',#4385,#950);
#592=LINE('',#4386,#951);
#593=LINE('',#4389,#952);
#594=LINE('',#4391,#953);
#595=LINE('',#4392,#954);
#596=LINE('',#4395,#955);
#597=LINE('',#4396,#956);
#598=LINE('',#4399,#957);
#599=LINE('',#4400,#958);
#600=LINE('',#4403,#959);
#601=LINE('',#4404,#960);
#602=LINE('',#4407,#961);
#603=LINE('',#4408,#962);
#604=LINE('',#4411,#963);
#605=LINE('',#4412,#964);
#606=LINE('',#4415,#965);
#607=LINE('',#4416,#966);
#608=LINE('',#4419,#967);
#609=LINE('',#4420,#968);
#610=LINE('',#4422,#969);
#611=LINE('',#4424,#970);
#612=LINE('',#4428,#971);
#613=LINE('',#4432,#972);
#614=LINE('',#4434,#973);
#615=LINE('',#4436,#974);
#616=LINE('',#4439,#975);
#617=LINE('',#4440,#976);
#618=LINE('',#4443,#977);
#619=LINE('',#4444,#978);
#620=LINE('',#4447,#979);
#621=LINE('',#4448,#980);
#622=LINE('',#4450,#981);
#623=LINE('',#4454,#982);
#624=LINE('',#4456,#983);
#625=LINE('',#4458,#984);
#626=LINE('',#4460,#985);
#627=LINE('',#4466,#986);
#628=LINE('',#4471,#987);
#629=LINE('',#4475,#988);
#630=LINE('',#4485,#989);
#631=LINE('',#4488,#990);
#632=LINE('',#4496,#991);
#633=LINE('',#4497,#992);
#634=LINE('',#4499,#993);
#635=LINE('',#4502,#994);
#636=LINE('',#4505,#995);
#637=LINE('',#4508,#996);
#638=LINE('',#4511,#997);
#639=LINE('',#4514,#998);
#640=LINE('',#4515,#999);
#641=LINE('',#4518,#1000);
#642=LINE('',#4519,#1001);
#643=LINE('',#4522,#1002);
#644=LINE('',#4524,#1003);
#645=LINE('',#4526,#1004);
#646=LINE('',#4528,#1005);
#647=LINE('',#4529,#1006);
#648=LINE('',#4537,#1007);
#649=LINE('',#4539,#1008);
#650=LINE('',#4541,#1009);
#651=LINE('',#4542,#1010);
#652=LINE('',#4545,#1011);
#653=LINE('',#4547,#1012);
#654=LINE('',#4548,#1013);
#655=LINE('',#4551,#1014);
#656=LINE('',#4553,#1015);
#657=LINE('',#4554,#1016);
#658=LINE('',#4556,#1017);
#659=LINE('',#4560,#1018);
#660=LINE('',#4562,#1019);
#661=LINE('',#4564,#1020);
#662=LINE('',#4565,#1021);
#663=LINE('',#4568,#1022);
#664=LINE('',#4570,#1023);
#665=LINE('',#4571,#1024);
#666=LINE('',#4574,#1025);
#667=LINE('',#4576,#1026);
#668=LINE('',#4577,#1027);
#669=LINE('',#4579,#1028);
#670=LINE('',#4583,#1029);
#671=LINE('',#4585,#1030);
#672=LINE('',#4587,#1031);
#673=LINE('',#4588,#1032);
#674=LINE('',#4591,#1033);
#675=LINE('',#4593,#1034);
#676=LINE('',#4595,#1035);
#677=LINE('',#4597,#1036);
#678=LINE('',#4598,#1037);
#679=LINE('',#4601,#1038);
#680=LINE('',#4603,#1039);
#681=LINE('',#4605,#1040);
#682=LINE('',#4607,#1041);
#683=LINE('',#4608,#1042);
#684=LINE('',#4611,#1043);
#685=LINE('',#4613,#1044);
#686=LINE('',#4614,#1045);
#687=LINE('',#4615,#1046);
#688=LINE('',#4616,#1047);
#689=LINE('',#4620,#1048);
#690=LINE('',#4622,#1049);
#691=LINE('',#4624,#1050);
#692=LINE('',#4625,#1051);
#693=LINE('',#4629,#1052);
#694=LINE('',#4631,#1053);
#695=LINE('',#4633,#1054);
#696=LINE('',#4634,#1055);
#697=LINE('',#4636,#1056);
#698=LINE('',#4637,#1057);
#699=LINE('',#4640,#1058);
#700=LINE('',#4642,#1059);
#701=LINE('',#4643,#1060);
#702=LINE('',#4645,#1061);
#703=LINE('',#4647,#1062);
#704=LINE('',#4649,#1063);
#705=LINE('',#4651,#1064);
#706=LINE('',#4653,#1065);
#707=LINE('',#4655,#1066);
#708=LINE('',#4657,#1067);
#709=LINE('',#4658,#1068);
#710=LINE('',#4666,#1069);
#711=LINE('',#4668,#1070);
#712=LINE('',#4670,#1071);
#713=LINE('',#4671,#1072);
#714=LINE('',#4674,#1073);
#715=LINE('',#4676,#1074);
#716=LINE('',#4677,#1075);
#717=LINE('',#4680,#1076);
#718=LINE('',#4682,#1077);
#719=LINE('',#4683,#1078);
#720=LINE('',#4686,#1079);
#721=LINE('',#4688,#1080);
#722=LINE('',#4689,#1081);
#723=LINE('',#4692,#1082);
#724=LINE('',#4694,#1083);
#725=LINE('',#4695,#1084);
#726=LINE('',#4698,#1085);
#727=LINE('',#4700,#1086);
#728=LINE('',#4701,#1087);
#729=LINE('',#4706,#1088);
#730=LINE('',#4710,#1089);
#731=LINE('',#4712,#1090);
#732=LINE('',#4713,#1091);
#733=LINE('',#4715,#1092);
#734=LINE('',#4716,#1093);
#735=LINE('',#4721,#1094);
#736=LINE('',#4723,#1095);
#737=LINE('',#4725,#1096);
#738=LINE('',#4726,#1097);
#739=LINE('',#4729,#1098);
#740=LINE('',#4731,#1099);
#741=LINE('',#4732,#1100);
#742=LINE('',#4735,#1101);
#743=LINE('',#4737,#1102);
#744=LINE('',#4738,#1103);
#745=LINE('',#4741,#1104);
#746=LINE('',#4743,#1105);
#747=LINE('',#4744,#1106);
#748=LINE('',#4747,#1107);
#749=LINE('',#4749,#1108);
#750=LINE('',#4750,#1109);
#751=LINE('',#4753,#1110);
#752=LINE('',#4755,#1111);
#753=LINE('',#4756,#1112);
#754=LINE('',#4761,#1113);
#755=LINE('',#4765,#1114);
#756=LINE('',#4767,#1115);
#757=LINE('',#4768,#1116);
#758=LINE('',#4770,#1117);
#759=LINE('',#4771,#1118);
#760=LINE('',#4778,#1119);
#761=LINE('',#4781,#1120);
#762=LINE('',#4784,#1121);
#763=LINE('',#4786,#1122);
#764=LINE('',#4787,#1123);
#765=LINE('',#4790,#1124);
#766=LINE('',#4792,#1125);
#767=LINE('',#4793,#1126);
#768=LINE('',#4796,#1127);
#769=LINE('',#4798,#1128);
#770=LINE('',#4799,#1129);
#771=LINE('',#4802,#1130);
#772=LINE('',#4804,#1131);
#773=LINE('',#4805,#1132);
#774=LINE('',#4808,#1133);
#775=LINE('',#4810,#1134);
#776=LINE('',#4811,#1135);
#777=LINE('',#4814,#1136);
#778=LINE('',#4816,#1137);
#779=LINE('',#4817,#1138);
#780=LINE('',#4820,#1139);
#781=LINE('',#4822,#1140);
#782=LINE('',#4823,#1141);
#783=LINE('',#4825,#1142);
#784=LINE('',#4826,#1143);
#785=LINE('',#4833,#1144);
#786=LINE('',#4836,#1145);
#787=LINE('',#4839,#1146);
#788=LINE('',#4841,#1147);
#789=LINE('',#4842,#1148);
#790=LINE('',#4845,#1149);
#791=LINE('',#4847,#1150);
#792=LINE('',#4848,#1151);
#793=LINE('',#4851,#1152);
#794=LINE('',#4853,#1153);
#795=LINE('',#4854,#1154);
#796=LINE('',#4857,#1155);
#797=LINE('',#4859,#1156);
#798=LINE('',#4860,#1157);
#799=LINE('',#4863,#1158);
#800=LINE('',#4865,#1159);
#801=LINE('',#4866,#1160);
#802=LINE('',#4869,#1161);
#803=LINE('',#4871,#1162);
#804=LINE('',#4872,#1163);
#805=LINE('',#4875,#1164);
#806=LINE('',#4877,#1165);
#807=LINE('',#4878,#1166);
#808=LINE('',#4880,#1167);
#809=LINE('',#4881,#1168);
#810=LINE('',#4892,#1169);
#811=LINE('',#4894,#1170);
#812=LINE('',#4896,#1171);
#813=LINE('',#4897,#1172);
#814=LINE('',#4900,#1173);
#815=LINE('',#4902,#1174);
#816=LINE('',#4903,#1175);
#817=LINE('',#4906,#1176);
#818=LINE('',#4908,#1177);
#819=LINE('',#4913,#1178);
#820=LINE('',#4915,#1179);
#821=LINE('',#4916,#1180);
#822=LINE('',#4919,#1181);
#823=LINE('',#4921,#1182);
#824=LINE('',#4922,#1183);
#825=LINE('',#4925,#1184);
#826=LINE('',#4927,#1185);
#827=LINE('',#4928,#1186);
#828=LINE('',#4931,#1187);
#829=LINE('',#4932,#1188);
#830=LINE('',#4933,#1189);
#831=LINE('',#4937,#1190);
#832=LINE('',#4939,#1191);
#833=LINE('',#4940,#1192);
#834=LINE('',#4943,#1193);
#835=LINE('',#4944,#1194);
#836=LINE('',#4945,#1195);
#837=LINE('',#4949,#1196);
#838=LINE('',#4951,#1197);
#839=LINE('',#4953,#1198);
#840=LINE('',#4955,#1199);
#841=LINE('',#4957,#1200);
#842=LINE('',#4959,#1201);
#843=LINE('',#4960,#1202);
#844=LINE('',#4962,#1203);
#845=LINE('',#4963,#1204);
#846=LINE('',#4965,#1205);
#847=LINE('',#4966,#1206);
#848=LINE('',#4968,#1207);
#849=LINE('',#4969,#1208);
#850=LINE('',#4973,#1209);
#851=LINE('',#4975,#1210);
#852=LINE('',#4978,#1211);
#853=LINE('',#4980,#1212);
#854=LINE('',#4981,#1213);
#855=LINE('',#4982,#1214);
#856=LINE('',#4985,#1215);
#857=LINE('',#4986,#1216);
#858=LINE('',#4988,#1217);
#859=LINE('',#4990,#1218);
#860=LINE('',#4991,#1219);
#861=LINE('',#4994,#1220);
#862=LINE('',#4995,#1221);
#863=VECTOR('',#3306,10.);
#864=VECTOR('',#3313,10.);
#865=VECTOR('',#3316,10.);
#866=VECTOR('',#3327,10.);
#867=VECTOR('',#3328,10.);
#868=VECTOR('',#3341,10.);
#869=VECTOR('',#3342,10.);
#870=VECTOR('',#3345,10.);
#871=VECTOR('',#3350,10.);
#872=VECTOR('',#3351,10.);
#873=VECTOR('',#3354,10.);
#874=VECTOR('',#3355,10.);
#875=VECTOR('',#3358,10.);
#876=VECTOR('',#3359,10.);
#877=VECTOR('',#3360,10.);
#878=VECTOR('',#3363,10.);
#879=VECTOR('',#3364,10.);
#880=VECTOR('',#3365,10.);
#881=VECTOR('',#3366,10.);
#882=VECTOR('',#3367,10.);
#883=VECTOR('',#3378,10.);
#884=VECTOR('',#3379,10.);
#885=VECTOR('',#3380,10.);
#886=VECTOR('',#3381,10.);
#887=VECTOR('',#3382,10.);
#888=VECTOR('',#3383,10.);
#889=VECTOR('',#3400,10.);
#890=VECTOR('',#3403,10.);
#891=VECTOR('',#3404,10.);
#892=VECTOR('',#3407,10.);
#893=VECTOR('',#3410,10.);
#894=VECTOR('',#3411,10.);
#895=VECTOR('',#3412,10.);
#896=VECTOR('',#3415,10.);
#897=VECTOR('',#3418,10.);
#898=VECTOR('',#3419,10.);
#899=VECTOR('',#3420,10.);
#900=VECTOR('',#3423,10.);
#901=VECTOR('',#3424,10.);
#902=VECTOR('',#3425,10.);
#903=VECTOR('',#3426,10.);
#904=VECTOR('',#3427,10.);
#905=VECTOR('',#3428,10.);
#906=VECTOR('',#3431,10.);
#907=VECTOR('',#3438,10.);
#908=VECTOR('',#3445,10.);
#909=VECTOR('',#3446,10.);
#910=VECTOR('',#3453,10.);
#911=VECTOR('',#3456,10.);
#912=VECTOR('',#3461,10.);
#913=VECTOR('',#3464,10.);
#914=VECTOR('',#3467,10.);
#915=VECTOR('',#3468,10.);
#916=VECTOR('',#3469,10.);
#917=VECTOR('',#3472,10.);
#918=VECTOR('',#3473,10.);
#919=VECTOR('',#3476,10.);
#920=VECTOR('',#3477,10.);
#921=VECTOR('',#3480,10.);
#922=VECTOR('',#3483,10.);
#923=VECTOR('',#3490,10.);
#924=VECTOR('',#3497,10.);
#925=VECTOR('',#3498,10.);
#926=VECTOR('',#3505,10.);
#927=VECTOR('',#3508,10.);
#928=VECTOR('',#3513,10.);
#929=VECTOR('',#3516,10.);
#930=VECTOR('',#3519,10.);
#931=VECTOR('',#3520,10.);
#932=VECTOR('',#3521,10.);
#933=VECTOR('',#3524,10.);
#934=VECTOR('',#3525,10.);
#935=VECTOR('',#3528,10.);
#936=VECTOR('',#3529,10.);
#937=VECTOR('',#3532,10.);
#938=VECTOR('',#3535,10.);
#939=VECTOR('',#3536,10.);
#940=VECTOR('',#3537,10.);
#941=VECTOR('',#3538,10.);
#942=VECTOR('',#3539,10.);
#943=VECTOR('',#3540,10.);
#944=VECTOR('',#3541,10.);
#945=VECTOR('',#3542,10.);
#946=VECTOR('',#3543,10.);
#947=VECTOR('',#3544,10.);
#948=VECTOR('',#3545,10.);
#949=VECTOR('',#3546,10.);
#950=VECTOR('',#3547,10.);
#951=VECTOR('',#3548,10.);
#952=VECTOR('',#3551,10.);
#953=VECTOR('',#3552,10.);
#954=VECTOR('',#3553,10.);
#955=VECTOR('',#3556,10.);
#956=VECTOR('',#3557,10.);
#957=VECTOR('',#3560,10.);
#958=VECTOR('',#3561,10.);
#959=VECTOR('',#3564,10.);
#960=VECTOR('',#3565,10.);
#961=VECTOR('',#3568,10.);
#962=VECTOR('',#3569,10.);
#963=VECTOR('',#3572,10.);
#964=VECTOR('',#3573,10.);
#965=VECTOR('',#3576,10.);
#966=VECTOR('',#3577,10.);
#967=VECTOR('',#3580,10.);
#968=VECTOR('',#3581,10.);
#969=VECTOR('',#3584,10.);
#970=VECTOR('',#3587,10.);
#971=VECTOR('',#3590,10.);
#972=VECTOR('',#3593,10.);
#973=VECTOR('',#3594,10.);
#974=VECTOR('',#3595,10.);
#975=VECTOR('',#3600,10.);
#976=VECTOR('',#3601,10.);
#977=VECTOR('',#3604,10.);
#978=VECTOR('',#3605,10.);
#979=VECTOR('',#3608,10.);
#980=VECTOR('',#3609,10.);
#981=VECTOR('',#3612,10.);
#982=VECTOR('',#3619,10.);
#983=VECTOR('',#3622,10.);
#984=VECTOR('',#3625,10.);
#985=VECTOR('',#3628,10.);
#986=VECTOR('',#3635,10.);
#987=VECTOR('',#3640,10.);
#988=VECTOR('',#3643,10.);
#989=VECTOR('',#3656,10.);
#990=VECTOR('',#3659,10.);
#991=VECTOR('',#3670,10.);
#992=VECTOR('',#3671,10.);
#993=VECTOR('',#3674,10.);
#994=VECTOR('',#3677,10.);
#995=VECTOR('',#3680,10.);
#996=VECTOR('',#3683,10.);
#997=VECTOR('',#3686,10.);
#998=VECTOR('',#3689,10.);
#999=VECTOR('',#3690,10.);
#1000=VECTOR('',#3693,10.);
#1001=VECTOR('',#3694,10.);
#1002=VECTOR('',#3697,10.);
#1003=VECTOR('',#3698,10.);
#1004=VECTOR('',#3699,10.);
#1005=VECTOR('',#3700,10.);
#1006=VECTOR('',#3701,10.);
#1007=VECTOR('',#3712,10.);
#1008=VECTOR('',#3713,10.);
#1009=VECTOR('',#3714,10.);
#1010=VECTOR('',#3715,10.);
#1011=VECTOR('',#3718,10.);
#1012=VECTOR('',#3719,10.);
#1013=VECTOR('',#3720,10.);
#1014=VECTOR('',#3723,10.);
#1015=VECTOR('',#3724,10.);
#1016=VECTOR('',#3725,10.);
#1017=VECTOR('',#3728,10.);
#1018=VECTOR('',#3731,10.);
#1019=VECTOR('',#3732,10.);
#1020=VECTOR('',#3733,10.);
#1021=VECTOR('',#3734,10.);
#1022=VECTOR('',#3737,10.);
#1023=VECTOR('',#3738,10.);
#1024=VECTOR('',#3739,10.);
#1025=VECTOR('',#3742,10.);
#1026=VECTOR('',#3743,10.);
#1027=VECTOR('',#3744,10.);
#1028=VECTOR('',#3747,10.);
#1029=VECTOR('',#3750,10.);
#1030=VECTOR('',#3751,10.);
#1031=VECTOR('',#3752,10.);
#1032=VECTOR('',#3753,10.);
#1033=VECTOR('',#3756,10.);
#1034=VECTOR('',#3757,10.);
#1035=VECTOR('',#3758,10.);
#1036=VECTOR('',#3759,10.);
#1037=VECTOR('',#3760,10.);
#1038=VECTOR('',#3763,10.);
#1039=VECTOR('',#3764,10.);
#1040=VECTOR('',#3765,10.);
#1041=VECTOR('',#3766,10.);
#1042=VECTOR('',#3767,10.);
#1043=VECTOR('',#3770,10.);
#1044=VECTOR('',#3771,10.);
#1045=VECTOR('',#3772,10.);
#1046=VECTOR('',#3773,10.);
#1047=VECTOR('',#3774,10.);
#1048=VECTOR('',#3777,10.);
#1049=VECTOR('',#3778,10.);
#1050=VECTOR('',#3779,10.);
#1051=VECTOR('',#3780,10.);
#1052=VECTOR('',#3783,10.);
#1053=VECTOR('',#3784,10.);
#1054=VECTOR('',#3785,10.);
#1055=VECTOR('',#3786,10.);
#1056=VECTOR('',#3789,10.);
#1057=VECTOR('',#3790,10.);
#1058=VECTOR('',#3793,10.);
#1059=VECTOR('',#3794,10.);
#1060=VECTOR('',#3795,10.);
#1061=VECTOR('',#3798,10.);
#1062=VECTOR('',#3799,10.);
#1063=VECTOR('',#3800,10.);
#1064=VECTOR('',#3801,10.);
#1065=VECTOR('',#3802,10.);
#1066=VECTOR('',#3803,10.);
#1067=VECTOR('',#3804,10.);
#1068=VECTOR('',#3805,10.);
#1069=VECTOR('',#3812,10.);
#1070=VECTOR('',#3813,10.);
#1071=VECTOR('',#3814,10.);
#1072=VECTOR('',#3815,10.);
#1073=VECTOR('',#3818,10.);
#1074=VECTOR('',#3819,10.);
#1075=VECTOR('',#3820,10.);
#1076=VECTOR('',#3823,10.);
#1077=VECTOR('',#3824,10.);
#1078=VECTOR('',#3825,10.);
#1079=VECTOR('',#3828,10.);
#1080=VECTOR('',#3829,10.);
#1081=VECTOR('',#3830,10.);
#1082=VECTOR('',#3833,10.);
#1083=VECTOR('',#3834,10.);
#1084=VECTOR('',#3835,10.);
#1085=VECTOR('',#3838,10.);
#1086=VECTOR('',#3839,10.);
#1087=VECTOR('',#3840,10.);
#1088=VECTOR('',#3845,10.);
#1089=VECTOR('',#3850,10.);
#1090=VECTOR('',#3851,10.);
#1091=VECTOR('',#3852,10.);
#1092=VECTOR('',#3855,10.);
#1093=VECTOR('',#3856,10.);
#1094=VECTOR('',#3861,10.);
#1095=VECTOR('',#3862,10.);
#1096=VECTOR('',#3863,10.);
#1097=VECTOR('',#3864,10.);
#1098=VECTOR('',#3867,10.);
#1099=VECTOR('',#3868,10.);
#1100=VECTOR('',#3869,10.);
#1101=VECTOR('',#3872,10.);
#1102=VECTOR('',#3873,10.);
#1103=VECTOR('',#3874,10.);
#1104=VECTOR('',#3877,10.);
#1105=VECTOR('',#3878,10.);
#1106=VECTOR('',#3879,10.);
#1107=VECTOR('',#3882,10.);
#1108=VECTOR('',#3883,10.);
#1109=VECTOR('',#3884,10.);
#1110=VECTOR('',#3887,10.);
#1111=VECTOR('',#3888,10.);
#1112=VECTOR('',#3889,10.);
#1113=VECTOR('',#3894,10.);
#1114=VECTOR('',#3899,10.);
#1115=VECTOR('',#3900,10.);
#1116=VECTOR('',#3901,10.);
#1117=VECTOR('',#3904,10.);
#1118=VECTOR('',#3905,10.);
#1119=VECTOR('',#3912,10.);
#1120=VECTOR('',#3915,10.);
#1121=VECTOR('',#3918,10.);
#1122=VECTOR('',#3919,10.);
#1123=VECTOR('',#3920,10.);
#1124=VECTOR('',#3923,10.);
#1125=VECTOR('',#3924,10.);
#1126=VECTOR('',#3925,10.);
#1127=VECTOR('',#3928,10.);
#1128=VECTOR('',#3929,10.);
#1129=VECTOR('',#3930,10.);
#1130=VECTOR('',#3933,10.);
#1131=VECTOR('',#3934,10.);
#1132=VECTOR('',#3935,10.);
#1133=VECTOR('',#3938,10.);
#1134=VECTOR('',#3939,10.);
#1135=VECTOR('',#3940,10.);
#1136=VECTOR('',#3943,10.);
#1137=VECTOR('',#3944,10.);
#1138=VECTOR('',#3945,10.);
#1139=VECTOR('',#3948,10.);
#1140=VECTOR('',#3949,10.);
#1141=VECTOR('',#3950,10.);
#1142=VECTOR('',#3953,10.);
#1143=VECTOR('',#3954,10.);
#1144=VECTOR('',#3961,10.);
#1145=VECTOR('',#3964,10.);
#1146=VECTOR('',#3967,10.);
#1147=VECTOR('',#3968,10.);
#1148=VECTOR('',#3969,10.);
#1149=VECTOR('',#3972,10.);
#1150=VECTOR('',#3973,10.);
#1151=VECTOR('',#3974,10.);
#1152=VECTOR('',#3977,10.);
#1153=VECTOR('',#3978,10.);
#1154=VECTOR('',#3979,10.);
#1155=VECTOR('',#3982,10.);
#1156=VECTOR('',#3983,10.);
#1157=VECTOR('',#3984,10.);
#1158=VECTOR('',#3987,10.);
#1159=VECTOR('',#3988,10.);
#1160=VECTOR('',#3989,10.);
#1161=VECTOR('',#3992,10.);
#1162=VECTOR('',#3993,10.);
#1163=VECTOR('',#3994,10.);
#1164=VECTOR('',#3997,10.);
#1165=VECTOR('',#3998,10.);
#1166=VECTOR('',#3999,10.);
#1167=VECTOR('',#4002,10.);
#1168=VECTOR('',#4003,10.);
#1169=VECTOR('',#4016,10.);
#1170=VECTOR('',#4017,10.);
#1171=VECTOR('',#4018,10.);
#1172=VECTOR('',#4019,10.);
#1173=VECTOR('',#4022,10.);
#1174=VECTOR('',#4023,10.);
#1175=VECTOR('',#4024,10.);
#1176=VECTOR('',#4027,10.);
#1177=VECTOR('',#4028,10.);
#1178=VECTOR('',#4035,10.);
#1179=VECTOR('',#4036,10.);
#1180=VECTOR('',#4037,10.);
#1181=VECTOR('',#4040,10.);
#1182=VECTOR('',#4041,10.);
#1183=VECTOR('',#4042,10.);
#1184=VECTOR('',#4045,10.);
#1185=VECTOR('',#4046,10.);
#1186=VECTOR('',#4047,10.);
#1187=VECTOR('',#4050,10.);
#1188=VECTOR('',#4051,10.);
#1189=VECTOR('',#4052,10.);
#1190=VECTOR('',#4057,10.);
#1191=VECTOR('',#4058,10.);
#1192=VECTOR('',#4059,10.);
#1193=VECTOR('',#4062,10.);
#1194=VECTOR('',#4063,10.);
#1195=VECTOR('',#4064,10.);
#1196=VECTOR('',#4069,10.);
#1197=VECTOR('',#4070,10.);
#1198=VECTOR('',#4071,10.);
#1199=VECTOR('',#4072,10.);
#1200=VECTOR('',#4073,10.);
#1201=VECTOR('',#4074,10.);
#1202=VECTOR('',#4075,10.);
#1203=VECTOR('',#4078,10.);
#1204=VECTOR('',#4079,10.);
#1205=VECTOR('',#4082,10.);
#1206=VECTOR('',#4083,10.);
#1207=VECTOR('',#4086,10.);
#1208=VECTOR('',#4087,10.);
#1209=VECTOR('',#4092,10.);
#1210=VECTOR('',#4095,10.);
#1211=VECTOR('',#4098,10.);
#1212=VECTOR('',#4099,10.);
#1213=VECTOR('',#4100,10.);
#1214=VECTOR('',#4101,10.);
#1215=VECTOR('',#4104,10.);
#1216=VECTOR('',#4105,10.);
#1217=VECTOR('',#4108,10.);
#1218=VECTOR('',#4109,10.);
#1219=VECTOR('',#4110,10.);
#1220=VECTOR('',#4113,10.);
#1221=VECTOR('',#4114,10.);
#1222=VERTEX_POINT('',#4132);
#1223=VERTEX_POINT('',#4133);
#1224=VERTEX_POINT('',#4137);
#1225=VERTEX_POINT('',#4138);
#1226=VERTEX_POINT('',#4140);
#1227=VERTEX_POINT('',#4142);
#1228=VERTEX_POINT('',#4146);
#1229=VERTEX_POINT('',#4148);
#1230=VERTEX_POINT('',#4152);
#1231=VERTEX_POINT('',#4154);
#1232=VERTEX_POINT('',#4158);
#1233=VERTEX_POINT('',#4160);
#1234=VERTEX_POINT('',#4169);
#1235=VERTEX_POINT('',#4170);
#1236=VERTEX_POINT('',#4175);
#1237=VERTEX_POINT('',#4179);
#1238=VERTEX_POINT('',#4180);
#1239=VERTEX_POINT('',#4185);
#1240=VERTEX_POINT('',#4187);
#1241=VERTEX_POINT('',#4189);
#1242=VERTEX_POINT('',#4191);
#1243=VERTEX_POINT('',#4199);
#1244=VERTEX_POINT('',#4200);
#1245=VERTEX_POINT('',#4202);
#1246=VERTEX_POINT('',#4205);
#1247=VERTEX_POINT('',#4207);
#1248=VERTEX_POINT('',#4211);
#1249=VERTEX_POINT('',#4213);
#1250=VERTEX_POINT('',#4216);
#1251=VERTEX_POINT('',#4218);
#1252=VERTEX_POINT('',#4221);
#1253=VERTEX_POINT('',#4225);
#1254=VERTEX_POINT('',#4229);
#1255=VERTEX_POINT('',#4231);
#1256=VERTEX_POINT('',#4233);
#1257=VERTEX_POINT('',#4235);
#1258=VERTEX_POINT('',#4237);
#1259=VERTEX_POINT('',#4239);
#1260=VERTEX_POINT('',#4243);
#1261=VERTEX_POINT('',#4245);
#1262=VERTEX_POINT('',#4249);
#1263=VERTEX_POINT('',#4251);
#1264=VERTEX_POINT('',#4253);
#1265=VERTEX_POINT('',#4255);
#1266=VERTEX_POINT('',#4257);
#1267=VERTEX_POINT('',#4261);
#1268=VERTEX_POINT('',#4262);
#1269=VERTEX_POINT('',#4264);
#1270=VERTEX_POINT('',#4268);
#1271=VERTEX_POINT('',#4269);
#1272=VERTEX_POINT('',#4271);
#1273=VERTEX_POINT('',#4278);
#1274=VERTEX_POINT('',#4279);
#1275=VERTEX_POINT('',#4281);
#1276=VERTEX_POINT('',#4285);
#1277=VERTEX_POINT('',#4287);
#1278=VERTEX_POINT('',#4289);
#1279=VERTEX_POINT('',#4295);
#1280=VERTEX_POINT('',#4297);
#1281=VERTEX_POINT('',#4301);
#1282=VERTEX_POINT('',#4305);
#1283=VERTEX_POINT('',#4311);
#1284=VERTEX_POINT('',#4312);
#1285=VERTEX_POINT('',#4314);
#1286=VERTEX_POINT('',#4318);
#1287=VERTEX_POINT('',#4319);
#1288=VERTEX_POINT('',#4321);
#1289=VERTEX_POINT('',#4328);
#1290=VERTEX_POINT('',#4329);
#1291=VERTEX_POINT('',#4331);
#1292=VERTEX_POINT('',#4335);
#1293=VERTEX_POINT('',#4337);
#1294=VERTEX_POINT('',#4339);
#1295=VERTEX_POINT('',#4345);
#1296=VERTEX_POINT('',#4347);
#1297=VERTEX_POINT('',#4351);
#1298=VERTEX_POINT('',#4355);
#1299=VERTEX_POINT('',#4361);
#1300=VERTEX_POINT('',#4363);
#1301=VERTEX_POINT('',#4365);
#1302=VERTEX_POINT('',#4367);
#1303=VERTEX_POINT('',#4369);
#1304=VERTEX_POINT('',#4371);
#1305=VERTEX_POINT('',#4375);
#1306=VERTEX_POINT('',#4376);
#1307=VERTEX_POINT('',#4378);
#1308=VERTEX_POINT('',#4380);
#1309=VERTEX_POINT('',#4382);
#1310=VERTEX_POINT('',#4384);
#1311=VERTEX_POINT('',#4388);
#1312=VERTEX_POINT('',#4390);
#1313=VERTEX_POINT('',#4394);
#1314=VERTEX_POINT('',#4398);
#1315=VERTEX_POINT('',#4402);
#1316=VERTEX_POINT('',#4406);
#1317=VERTEX_POINT('',#4410);
#1318=VERTEX_POINT('',#4414);
#1319=VERTEX_POINT('',#4418);
#1320=VERTEX_POINT('',#4426);
#1321=VERTEX_POINT('',#4427);
#1322=VERTEX_POINT('',#4429);
#1323=VERTEX_POINT('',#4431);
#1324=VERTEX_POINT('',#4433);
#1325=VERTEX_POINT('',#4435);
#1326=VERTEX_POINT('',#4442);
#1327=VERTEX_POINT('',#4446);
#1328=VERTEX_POINT('',#4464);
#1329=VERTEX_POINT('',#4465);
#1330=VERTEX_POINT('',#4469);
#1331=VERTEX_POINT('',#4470);
#1332=VERTEX_POINT('',#4472);
#1333=VERTEX_POINT('',#4474);
#1334=VERTEX_POINT('',#4478);
#1335=VERTEX_POINT('',#4480);
#1336=VERTEX_POINT('',#4484);
#1337=VERTEX_POINT('',#4486);
#1338=VERTEX_POINT('',#4490);
#1339=VERTEX_POINT('',#4492);
#1340=VERTEX_POINT('',#4501);
#1341=VERTEX_POINT('',#4503);
#1342=VERTEX_POINT('',#4507);
#1343=VERTEX_POINT('',#4509);
#1344=VERTEX_POINT('',#4513);
#1345=VERTEX_POINT('',#4517);
#1346=VERTEX_POINT('',#4521);
#1347=VERTEX_POINT('',#4523);
#1348=VERTEX_POINT('',#4525);
#1349=VERTEX_POINT('',#4527);
#1350=VERTEX_POINT('',#4535);
#1351=VERTEX_POINT('',#4536);
#1352=VERTEX_POINT('',#4538);
#1353=VERTEX_POINT('',#4540);
#1354=VERTEX_POINT('',#4544);
#1355=VERTEX_POINT('',#4546);
#1356=VERTEX_POINT('',#4550);
#1357=VERTEX_POINT('',#4552);
#1358=VERTEX_POINT('',#4558);
#1359=VERTEX_POINT('',#4559);
#1360=VERTEX_POINT('',#4561);
#1361=VERTEX_POINT('',#4563);
#1362=VERTEX_POINT('',#4567);
#1363=VERTEX_POINT('',#4569);
#1364=VERTEX_POINT('',#4573);
#1365=VERTEX_POINT('',#4575);
#1366=VERTEX_POINT('',#4581);
#1367=VERTEX_POINT('',#4582);
#1368=VERTEX_POINT('',#4584);
#1369=VERTEX_POINT('',#4586);
#1370=VERTEX_POINT('',#4590);
#1371=VERTEX_POINT('',#4592);
#1372=VERTEX_POINT('',#4594);
#1373=VERTEX_POINT('',#4596);
#1374=VERTEX_POINT('',#4600);
#1375=VERTEX_POINT('',#4602);
#1376=VERTEX_POINT('',#4604);
#1377=VERTEX_POINT('',#4606);
#1378=VERTEX_POINT('',#4610);
#1379=VERTEX_POINT('',#4612);
#1380=VERTEX_POINT('',#4618);
#1381=VERTEX_POINT('',#4619);
#1382=VERTEX_POINT('',#4621);
#1383=VERTEX_POINT('',#4623);
#1384=VERTEX_POINT('',#4627);
#1385=VERTEX_POINT('',#4628);
#1386=VERTEX_POINT('',#4630);
#1387=VERTEX_POINT('',#4632);
#1388=VERTEX_POINT('',#4639);
#1389=VERTEX_POINT('',#4641);
#1390=VERTEX_POINT('',#4646);
#1391=VERTEX_POINT('',#4648);
#1392=VERTEX_POINT('',#4650);
#1393=VERTEX_POINT('',#4652);
#1394=VERTEX_POINT('',#4654);
#1395=VERTEX_POINT('',#4656);
#1396=VERTEX_POINT('',#4659);
#1397=VERTEX_POINT('',#4661);
#1398=VERTEX_POINT('',#4664);
#1399=VERTEX_POINT('',#4665);
#1400=VERTEX_POINT('',#4667);
#1401=VERTEX_POINT('',#4669);
#1402=VERTEX_POINT('',#4673);
#1403=VERTEX_POINT('',#4675);
#1404=VERTEX_POINT('',#4679);
#1405=VERTEX_POINT('',#4681);
#1406=VERTEX_POINT('',#4685);
#1407=VERTEX_POINT('',#4687);
#1408=VERTEX_POINT('',#4691);
#1409=VERTEX_POINT('',#4693);
#1410=VERTEX_POINT('',#4697);
#1411=VERTEX_POINT('',#4699);
#1412=VERTEX_POINT('',#4703);
#1413=VERTEX_POINT('',#4705);
#1414=VERTEX_POINT('',#4709);
#1415=VERTEX_POINT('',#4711);
#1416=VERTEX_POINT('',#4719);
#1417=VERTEX_POINT('',#4720);
#1418=VERTEX_POINT('',#4722);
#1419=VERTEX_POINT('',#4724);
#1420=VERTEX_POINT('',#4728);
#1421=VERTEX_POINT('',#4730);
#1422=VERTEX_POINT('',#4734);
#1423=VERTEX_POINT('',#4736);
#1424=VERTEX_POINT('',#4740);
#1425=VERTEX_POINT('',#4742);
#1426=VERTEX_POINT('',#4746);
#1427=VERTEX_POINT('',#4748);
#1428=VERTEX_POINT('',#4752);
#1429=VERTEX_POINT('',#4754);
#1430=VERTEX_POINT('',#4758);
#1431=VERTEX_POINT('',#4760);
#1432=VERTEX_POINT('',#4764);
#1433=VERTEX_POINT('',#4766);
#1434=VERTEX_POINT('',#4774);
#1435=VERTEX_POINT('',#4775);
#1436=VERTEX_POINT('',#4777);
#1437=VERTEX_POINT('',#4779);
#1438=VERTEX_POINT('',#4783);
#1439=VERTEX_POINT('',#4785);
#1440=VERTEX_POINT('',#4789);
#1441=VERTEX_POINT('',#4791);
#1442=VERTEX_POINT('',#4795);
#1443=VERTEX_POINT('',#4797);
#1444=VERTEX_POINT('',#4801);
#1445=VERTEX_POINT('',#4803);
#1446=VERTEX_POINT('',#4807);
#1447=VERTEX_POINT('',#4809);
#1448=VERTEX_POINT('',#4813);
#1449=VERTEX_POINT('',#4815);
#1450=VERTEX_POINT('',#4819);
#1451=VERTEX_POINT('',#4821);
#1452=VERTEX_POINT('',#4829);
#1453=VERTEX_POINT('',#4830);
#1454=VERTEX_POINT('',#4832);
#1455=VERTEX_POINT('',#4834);
#1456=VERTEX_POINT('',#4838);
#1457=VERTEX_POINT('',#4840);
#1458=VERTEX_POINT('',#4844);
#1459=VERTEX_POINT('',#4846);
#1460=VERTEX_POINT('',#4850);
#1461=VERTEX_POINT('',#4852);
#1462=VERTEX_POINT('',#4856);
#1463=VERTEX_POINT('',#4858);
#1464=VERTEX_POINT('',#4862);
#1465=VERTEX_POINT('',#4864);
#1466=VERTEX_POINT('',#4868);
#1467=VERTEX_POINT('',#4870);
#1468=VERTEX_POINT('',#4874);
#1469=VERTEX_POINT('',#4876);
#1470=VERTEX_POINT('',#4884);
#1471=VERTEX_POINT('',#4887);
#1472=VERTEX_POINT('',#4890);
#1473=VERTEX_POINT('',#4891);
#1474=VERTEX_POINT('',#4893);
#1475=VERTEX_POINT('',#4895);
#1476=VERTEX_POINT('',#4899);
#1477=VERTEX_POINT('',#4901);
#1478=VERTEX_POINT('',#4905);
#1479=VERTEX_POINT('',#4907);
#1480=VERTEX_POINT('',#4912);
#1481=VERTEX_POINT('',#4914);
#1482=VERTEX_POINT('',#4918);
#1483=VERTEX_POINT('',#4920);
#1484=VERTEX_POINT('',#4924);
#1485=VERTEX_POINT('',#4926);
#1486=VERTEX_POINT('',#4930);
#1487=VERTEX_POINT('',#4936);
#1488=VERTEX_POINT('',#4938);
#1489=VERTEX_POINT('',#4942);
#1490=VERTEX_POINT('',#4948);
#1491=VERTEX_POINT('',#4950);
#1492=VERTEX_POINT('',#4952);
#1493=VERTEX_POINT('',#4954);
#1494=VERTEX_POINT('',#4956);
#1495=VERTEX_POINT('',#4958);
#1496=VERTEX_POINT('',#4971);
#1497=VERTEX_POINT('',#4977);
#1498=VERTEX_POINT('',#4979);
#1499=VERTEX_POINT('',#4984);
#1500=VERTEX_POINT('',#4989);
#1501=VERTEX_POINT('',#4993);
#1502=EDGE_CURVE('',#1222,#1223,#504,.F.);
#1503=EDGE_CURVE('',#1223,#1222,#452,.T.);
#1504=EDGE_CURVE('',#1224,#1225,#453,.F.);
#1505=EDGE_CURVE('',#1226,#1225,#505,.F.);
#1506=EDGE_CURVE('',#1227,#1226,#454,.T.);
#1507=EDGE_CURVE('',#1224,#1227,#506,.F.);
#1508=EDGE_CURVE('',#1227,#1228,#455,.F.);
#1509=EDGE_CURVE('',#1229,#1226,#456,.F.);
#1510=EDGE_CURVE('',#1228,#1229,#457,.T.);
#1511=EDGE_CURVE('',#1228,#1230,#507,.F.);
#1512=EDGE_CURVE('',#1231,#1229,#508,.F.);
#1513=EDGE_CURVE('',#1230,#1231,#458,.T.);
#1514=EDGE_CURVE('',#1230,#1232,#459,.F.);
#1515=EDGE_CURVE('',#1233,#1231,#460,.F.);
#1516=EDGE_CURVE('',#1232,#1233,#461,.T.);
#1517=EDGE_CURVE('',#1232,#1222,#509,.F.);
#1518=EDGE_CURVE('',#1223,#1233,#510,.F.);
#1519=EDGE_CURVE('',#1225,#1224,#511,.T.);
#1520=EDGE_CURVE('',#1234,#1235,#462,.T.);
#1521=EDGE_CURVE('',#1230,#1235,#512,.T.);
#1522=EDGE_CURVE('',#1232,#1234,#513,.T.);
#1523=EDGE_CURVE('',#1235,#1236,#514,.T.);
#1524=EDGE_CURVE('',#1228,#1236,#515,.T.);
#1525=EDGE_CURVE('',#1237,#1238,#516,.T.);
#1526=EDGE_CURVE('',#1237,#1231,#517,.T.);
#1527=EDGE_CURVE('',#1238,#1229,#518,.T.);
#1528=EDGE_CURVE('',#1227,#1239,#519,.T.);
#1529=EDGE_CURVE('',#1239,#1240,#520,.T.);
#1530=EDGE_CURVE('',#1241,#1240,#521,.T.);
#1531=EDGE_CURVE('',#1242,#1241,#522,.T.);
#1532=EDGE_CURVE('',#1242,#1226,#523,.T.);
#1533=EDGE_CURVE('',#1236,#1239,#463,.T.);
#1534=EDGE_CURVE('',#1238,#1242,#464,.T.);
#1535=EDGE_CURVE('',#1243,#1244,#524,.T.);
#1536=EDGE_CURVE('',#1245,#1243,#525,.T.);
#1537=EDGE_CURVE('',#1240,#1245,#526,.T.);
#1538=EDGE_CURVE('',#1246,#1234,#527,.T.);
#1539=EDGE_CURVE('',#1247,#1246,#528,.T.);
#1540=EDGE_CURVE('',#1244,#1247,#529,.T.);
#1541=EDGE_CURVE('',#1248,#1248,#465,.T.);
#1542=EDGE_CURVE('',#1249,#1248,#466,.T.);
#1543=EDGE_CURVE('',#1250,#1250,#467,.T.);
#1544=EDGE_CURVE('',#1251,#1250,#468,.T.);
#1545=EDGE_CURVE('',#1252,#1237,#469,.T.);
#1546=EDGE_CURVE('',#1252,#1233,#530,.T.);
#1547=EDGE_CURVE('',#1253,#1252,#531,.T.);
#1548=EDGE_CURVE('',#1246,#1253,#532,.T.);
#1549=EDGE_CURVE('',#1241,#1254,#533,.T.);
#1550=EDGE_CURVE('',#1254,#1255,#470,.T.);
#1551=EDGE_CURVE('',#1255,#1256,#534,.T.);
#1552=EDGE_CURVE('',#1256,#1257,#535,.T.);
#1553=EDGE_CURVE('',#1257,#1258,#536,.T.);
#1554=EDGE_CURVE('',#1258,#1259,#471,.T.);
#1555=EDGE_CURVE('',#1259,#1253,#537,.T.);
#1556=EDGE_CURVE('',#1260,#1247,#538,.T.);
#1557=EDGE_CURVE('',#1261,#1260,#539,.T.);
#1558=EDGE_CURVE('',#1261,#1244,#540,.T.);
#1559=EDGE_CURVE('',#1262,#1261,#541,.T.);
#1560=EDGE_CURVE('',#1263,#1262,#542,.T.);
#1561=EDGE_CURVE('',#1264,#1263,#543,.T.);
#1562=EDGE_CURVE('',#1265,#1264,#544,.T.);
#1563=EDGE_CURVE('',#1266,#1265,#545,.T.);
#1564=EDGE_CURVE('',#1266,#1243,#546,.T.);
#1565=EDGE_CURVE('',#1267,#1268,#547,.T.);
#1566=EDGE_CURVE('',#1269,#1267,#58,.T.);
#1567=EDGE_CURVE('',#1269,#1268,#59,.F.);
#1568=EDGE_CURVE('',#1270,#1271,#548,.T.);
#1569=EDGE_CURVE('',#1272,#1270,#60,.F.);
#1570=EDGE_CURVE('',#1272,#1271,#61,.T.);
#1571=EDGE_CURVE('',#1271,#1267,#549,.T.);
#1572=EDGE_CURVE('',#1268,#1270,#550,.T.);
#1573=EDGE_CURVE('',#1273,#1274,#62,.T.);
#1574=EDGE_CURVE('',#1275,#1274,#63,.F.);
#1575=EDGE_CURVE('',#1273,#1275,#551,.T.);
#1576=EDGE_CURVE('',#1276,#1273,#552,.T.);
#1577=EDGE_CURVE('',#1277,#1276,#64,.F.);
#1578=EDGE_CURVE('',#1277,#1278,#65,.T.);
#1579=EDGE_CURVE('',#1275,#1278,#553,.T.);
#1580=EDGE_CURVE('',#1278,#1276,#554,.T.);
#1581=EDGE_CURVE('',#1279,#1273,#555,.T.);
#1582=EDGE_CURVE('',#1280,#1279,#556,.T.);
#1583=EDGE_CURVE('',#1280,#1276,#557,.F.);
#1584=EDGE_CURVE('',#1281,#1280,#558,.T.);
#1585=EDGE_CURVE('',#1281,#1278,#559,.T.);
#1586=EDGE_CURVE('',#1282,#1281,#560,.T.);
#1587=EDGE_CURVE('',#1282,#1275,#561,.F.);
#1588=EDGE_CURVE('',#1279,#1282,#562,.T.);
#1589=EDGE_CURVE('',#1283,#1284,#563,.T.);
#1590=EDGE_CURVE('',#1285,#1283,#66,.F.);
#1591=EDGE_CURVE('',#1285,#1284,#67,.T.);
#1592=EDGE_CURVE('',#1286,#1287,#564,.T.);
#1593=EDGE_CURVE('',#1288,#1286,#68,.T.);
#1594=EDGE_CURVE('',#1288,#1287,#69,.F.);
#1595=EDGE_CURVE('',#1287,#1283,#565,.T.);
#1596=EDGE_CURVE('',#1284,#1286,#566,.T.);
#1597=EDGE_CURVE('',#1289,#1290,#70,.T.);
#1598=EDGE_CURVE('',#1289,#1291,#71,.F.);
#1599=EDGE_CURVE('',#1290,#1291,#567,.T.);
#1600=EDGE_CURVE('',#1292,#1290,#568,.T.);
#1601=EDGE_CURVE('',#1293,#1292,#72,.T.);
#1602=EDGE_CURVE('',#1293,#1294,#73,.F.);
#1603=EDGE_CURVE('',#1291,#1294,#569,.T.);
#1604=EDGE_CURVE('',#1294,#1292,#570,.T.);
#1605=EDGE_CURVE('',#1295,#1294,#571,.T.);
#1606=EDGE_CURVE('',#1296,#1295,#572,.T.);
#1607=EDGE_CURVE('',#1296,#1291,#573,.F.);
#1608=EDGE_CURVE('',#1297,#1296,#574,.T.);
#1609=EDGE_CURVE('',#1297,#1290,#575,.T.);
#1610=EDGE_CURVE('',#1298,#1292,#576,.F.);
#1611=EDGE_CURVE('',#1295,#1298,#577,.T.);
#1612=EDGE_CURVE('',#1298,#1297,#578,.T.);
#1613=EDGE_CURVE('',#1299,#1266,#579,.T.);
#1614=EDGE_CURVE('',#1300,#1265,#580,.T.);
#1615=EDGE_CURVE('',#1301,#1300,#581,.T.);
#1616=EDGE_CURVE('',#1302,#1301,#582,.T.);
#1617=EDGE_CURVE('',#1303,#1302,#583,.T.);
#1618=EDGE_CURVE('',#1304,#1303,#584,.T.);
#1619=EDGE_CURVE('',#1262,#1304,#585,.T.);
#1620=EDGE_CURVE('',#1299,#1260,#586,.T.);
#1621=EDGE_CURVE('',#1305,#1306,#587,.T.);
#1622=EDGE_CURVE('',#1307,#1305,#588,.T.);
#1623=EDGE_CURVE('',#1308,#1307,#589,.T.);
#1624=EDGE_CURVE('',#1309,#1308,#590,.T.);
#1625=EDGE_CURVE('',#1310,#1309,#591,.T.);
#1626=EDGE_CURVE('',#1306,#1310,#592,.T.);
#1627=EDGE_CURVE('',#1311,#1305,#593,.T.);
#1628=EDGE_CURVE('',#1312,#1311,#594,.T.);
#1629=EDGE_CURVE('',#1312,#1307,#595,.T.);
#1630=EDGE_CURVE('',#1313,#1306,#596,.T.);
#1631=EDGE_CURVE('',#1311,#1313,#597,.T.);
#1632=EDGE_CURVE('',#1314,#1310,#598,.T.);
#1633=EDGE_CURVE('',#1313,#1314,#599,.T.);
#1634=EDGE_CURVE('',#1315,#1304,#600,.T.);
#1635=EDGE_CURVE('',#1263,#1315,#601,.T.);
#1636=EDGE_CURVE('',#1316,#1303,#602,.T.);
#1637=EDGE_CURVE('',#1315,#1316,#603,.T.);
#1638=EDGE_CURVE('',#1317,#1302,#604,.T.);
#1639=EDGE_CURVE('',#1316,#1317,#605,.T.);
#1640=EDGE_CURVE('',#1318,#1301,#606,.T.);
#1641=EDGE_CURVE('',#1317,#1318,#607,.T.);
#1642=EDGE_CURVE('',#1319,#1300,#608,.T.);
#1643=EDGE_CURVE('',#1318,#1319,#609,.T.);
#1644=EDGE_CURVE('',#1319,#1264,#610,.T.);
#1645=EDGE_CURVE('',#1245,#1299,#611,.T.);
#1646=EDGE_CURVE('',#1320,#1321,#612,.T.);
#1647=EDGE_CURVE('',#1322,#1321,#472,.T.);
#1648=EDGE_CURVE('',#1323,#1322,#613,.T.);
#1649=EDGE_CURVE('',#1324,#1323,#614,.T.);
#1650=EDGE_CURVE('',#1325,#1324,#615,.T.);
#1651=EDGE_CURVE('',#1320,#1325,#473,.T.);
#1652=EDGE_CURVE('',#1321,#1259,#616,.T.);
#1653=EDGE_CURVE('',#1320,#1254,#617,.T.);
#1654=EDGE_CURVE('',#1326,#1312,#618,.T.);
#1655=EDGE_CURVE('',#1326,#1308,#619,.T.);
#1656=EDGE_CURVE('',#1327,#1326,#620,.T.);
#1657=EDGE_CURVE('',#1327,#1309,#621,.T.);
#1658=EDGE_CURVE('',#1314,#1327,#622,.T.);
#1659=EDGE_CURVE('',#1325,#1255,#623,.T.);
#1660=EDGE_CURVE('',#1322,#1258,#624,.T.);
#1661=EDGE_CURVE('',#1323,#1257,#625,.T.);
#1662=EDGE_CURVE('',#1324,#1256,#626,.T.);
#1663=EDGE_CURVE('',#1328,#1329,#627,.T.);
#1664=EDGE_CURVE('',#1328,#1329,#474,.T.);
#1665=EDGE_CURVE('',#1330,#1331,#628,.T.);
#1666=EDGE_CURVE('',#1330,#1332,#475,.T.);
#1667=EDGE_CURVE('',#1333,#1332,#629,.T.);
#1668=EDGE_CURVE('',#1331,#1333,#476,.T.);
#1669=EDGE_CURVE('',#1334,#1330,#477,.T.);
#1670=EDGE_CURVE('',#1334,#1335,#478,.T.);
#1671=EDGE_CURVE('',#1332,#1335,#479,.T.);
#1672=EDGE_CURVE('',#1336,#1334,#630,.T.);
#1673=EDGE_CURVE('',#1336,#1337,#480,.T.);
#1674=EDGE_CURVE('',#1335,#1337,#631,.T.);
#1675=EDGE_CURVE('',#1338,#1336,#481,.T.);
#1676=EDGE_CURVE('',#1338,#1339,#482,.T.);
#1677=EDGE_CURVE('',#1337,#1339,#483,.T.);
#1678=EDGE_CURVE('',#1329,#1338,#632,.T.);
#1679=EDGE_CURVE('',#1339,#1328,#633,.T.);
#1680=EDGE_CURVE('',#1331,#1333,#634,.T.);
#1681=EDGE_CURVE('',#1340,#1339,#635,.T.);
#1682=EDGE_CURVE('',#1341,#1340,#484,.T.);
#1683=EDGE_CURVE('',#1341,#1337,#636,.T.);
#1684=EDGE_CURVE('',#1336,#1342,#637,.T.);
#1685=EDGE_CURVE('',#1343,#1342,#485,.T.);
#1686=EDGE_CURVE('',#1338,#1343,#638,.T.);
#1687=EDGE_CURVE('',#1341,#1344,#639,.T.);
#1688=EDGE_CURVE('',#1344,#1335,#640,.T.);
#1689=EDGE_CURVE('',#1334,#1345,#641,.T.);
#1690=EDGE_CURVE('',#1342,#1345,#642,.T.);
#1691=EDGE_CURVE('',#1346,#1332,#643,.T.);
#1692=EDGE_CURVE('',#1346,#1347,#644,.T.);
#1693=EDGE_CURVE('',#1347,#1348,#645,.T.);
#1694=EDGE_CURVE('',#1349,#1348,#646,.T.);
#1695=EDGE_CURVE('',#1330,#1349,#647,.T.);
#1696=EDGE_CURVE('',#1346,#1344,#486,.T.);
#1697=EDGE_CURVE('',#1345,#1349,#487,.T.);
#1698=EDGE_CURVE('',#1350,#1351,#648,.T.);
#1699=EDGE_CURVE('',#1350,#1352,#649,.T.);
#1700=EDGE_CURVE('',#1352,#1353,#650,.T.);
#1701=EDGE_CURVE('',#1351,#1353,#651,.T.);
#1702=EDGE_CURVE('',#1354,#1350,#652,.T.);
#1703=EDGE_CURVE('',#1355,#1354,#653,.T.);
#1704=EDGE_CURVE('',#1355,#1352,#654,.T.);
#1705=EDGE_CURVE('',#1351,#1356,#655,.T.);
#1706=EDGE_CURVE('',#1353,#1357,#656,.T.);
#1707=EDGE_CURVE('',#1356,#1357,#657,.T.);
#1708=EDGE_CURVE('',#1357,#1355,#658,.T.);
#1709=EDGE_CURVE('',#1358,#1359,#659,.T.);
#1710=EDGE_CURVE('',#1358,#1360,#660,.T.);
#1711=EDGE_CURVE('',#1360,#1361,#661,.T.);
#1712=EDGE_CURVE('',#1359,#1361,#662,.T.);
#1713=EDGE_CURVE('',#1362,#1358,#663,.T.);
#1714=EDGE_CURVE('',#1362,#1363,#664,.T.);
#1715=EDGE_CURVE('',#1363,#1360,#665,.T.);
#1716=EDGE_CURVE('',#1364,#1362,#666,.T.);
#1717=EDGE_CURVE('',#1365,#1364,#667,.T.);
#1718=EDGE_CURVE('',#1365,#1363,#668,.T.);
#1719=EDGE_CURVE('',#1361,#1365,#669,.T.);
#1720=EDGE_CURVE('',#1366,#1367,#670,.T.);
#1721=EDGE_CURVE('',#1368,#1366,#671,.T.);
#1722=EDGE_CURVE('',#1369,#1368,#672,.T.);
#1723=EDGE_CURVE('',#1367,#1369,#673,.T.);
#1724=EDGE_CURVE('',#1370,#1354,#674,.T.);
#1725=EDGE_CURVE('',#1371,#1370,#675,.T.);
#1726=EDGE_CURVE('',#1372,#1371,#676,.T.);
#1727=EDGE_CURVE('',#1372,#1373,#677,.T.);
#1728=EDGE_CURVE('',#1356,#1373,#678,.T.);
#1729=EDGE_CURVE('',#1374,#1364,#679,.T.);
#1730=EDGE_CURVE('',#1375,#1374,#680,.T.);
#1731=EDGE_CURVE('',#1376,#1375,#681,.T.);
#1732=EDGE_CURVE('',#1376,#1377,#682,.T.);
#1733=EDGE_CURVE('',#1359,#1377,#683,.T.);
#1734=EDGE_CURVE('',#1378,#1368,#684,.T.);
#1735=EDGE_CURVE('',#1366,#1379,#685,.T.);
#1736=EDGE_CURVE('',#1377,#1379,#686,.T.);
#1737=EDGE_CURVE('',#1371,#1376,#687,.T.);
#1738=EDGE_CURVE('',#1378,#1370,#688,.T.);
#1739=EDGE_CURVE('',#1380,#1381,#689,.T.);
#1740=EDGE_CURVE('',#1380,#1382,#690,.T.);
#1741=EDGE_CURVE('',#1382,#1383,#691,.T.);
#1742=EDGE_CURVE('',#1381,#1383,#692,.T.);
#1743=EDGE_CURVE('',#1384,#1385,#693,.T.);
#1744=EDGE_CURVE('',#1384,#1386,#694,.T.);
#1745=EDGE_CURVE('',#1386,#1387,#695,.T.);
#1746=EDGE_CURVE('',#1385,#1387,#696,.T.);
#1747=EDGE_CURVE('',#1381,#1384,#697,.T.);
#1748=EDGE_CURVE('',#1383,#1386,#698,.T.);
#1749=EDGE_CURVE('',#1388,#1382,#699,.T.);
#1750=EDGE_CURVE('',#1389,#1388,#700,.T.);
#1751=EDGE_CURVE('',#1387,#1389,#701,.T.);
#1752=EDGE_CURVE('',#1348,#1385,#702,.T.);
#1753=EDGE_CURVE('',#1390,#1347,#703,.T.);
#1754=EDGE_CURVE('',#1390,#1391,#704,.T.);
#1755=EDGE_CURVE('',#1392,#1391,#705,.T.);
#1756=EDGE_CURVE('',#1393,#1392,#706,.T.);
#1757=EDGE_CURVE('',#1394,#1393,#707,.T.);
#1758=EDGE_CURVE('',#1394,#1395,#708,.T.);
#1759=EDGE_CURVE('',#1380,#1395,#709,.T.);
#1760=EDGE_CURVE('',#1396,#1396,#488,.T.);
#1761=EDGE_CURVE('',#1397,#1397,#489,.T.);
#1762=EDGE_CURVE('',#1398,#1399,#710,.T.);
#1763=EDGE_CURVE('',#1398,#1400,#711,.T.);
#1764=EDGE_CURVE('',#1400,#1401,#712,.T.);
#1765=EDGE_CURVE('',#1399,#1401,#713,.T.);
#1766=EDGE_CURVE('',#1402,#1398,#714,.T.);
#1767=EDGE_CURVE('',#1402,#1403,#715,.T.);
#1768=EDGE_CURVE('',#1403,#1400,#716,.T.);
#1769=EDGE_CURVE('',#1404,#1402,#717,.T.);
#1770=EDGE_CURVE('',#1404,#1405,#718,.T.);
#1771=EDGE_CURVE('',#1405,#1403,#719,.T.);
#1772=EDGE_CURVE('',#1406,#1404,#720,.T.);
#1773=EDGE_CURVE('',#1406,#1407,#721,.T.);
#1774=EDGE_CURVE('',#1407,#1405,#722,.T.);
#1775=EDGE_CURVE('',#1408,#1406,#723,.T.);
#1776=EDGE_CURVE('',#1408,#1409,#724,.T.);
#1777=EDGE_CURVE('',#1409,#1407,#725,.T.);
#1778=EDGE_CURVE('',#1410,#1408,#726,.T.);
#1779=EDGE_CURVE('',#1410,#1411,#727,.T.);
#1780=EDGE_CURVE('',#1411,#1409,#728,.T.);
#1781=EDGE_CURVE('',#1412,#1410,#490,.T.);
#1782=EDGE_CURVE('',#1412,#1413,#729,.T.);
#1783=EDGE_CURVE('',#1413,#1411,#491,.T.);
#1784=EDGE_CURVE('',#1414,#1412,#730,.T.);
#1785=EDGE_CURVE('',#1414,#1415,#731,.T.);
#1786=EDGE_CURVE('',#1415,#1413,#732,.T.);
#1787=EDGE_CURVE('',#1399,#1414,#733,.T.);
#1788=EDGE_CURVE('',#1401,#1415,#734,.T.);
#1789=EDGE_CURVE('',#1416,#1417,#735,.T.);
#1790=EDGE_CURVE('',#1416,#1418,#736,.T.);
#1791=EDGE_CURVE('',#1418,#1419,#737,.T.);
#1792=EDGE_CURVE('',#1417,#1419,#738,.T.);
#1793=EDGE_CURVE('',#1420,#1416,#739,.T.);
#1794=EDGE_CURVE('',#1420,#1421,#740,.T.);
#1795=EDGE_CURVE('',#1421,#1418,#741,.T.);
#1796=EDGE_CURVE('',#1422,#1420,#742,.T.);
#1797=EDGE_CURVE('',#1422,#1423,#743,.T.);
#1798=EDGE_CURVE('',#1423,#1421,#744,.T.);
#1799=EDGE_CURVE('',#1424,#1422,#745,.T.);
#1800=EDGE_CURVE('',#1424,#1425,#746,.T.);
#1801=EDGE_CURVE('',#1425,#1423,#747,.T.);
#1802=EDGE_CURVE('',#1426,#1424,#748,.T.);
#1803=EDGE_CURVE('',#1426,#1427,#749,.T.);
#1804=EDGE_CURVE('',#1427,#1425,#750,.T.);
#1805=EDGE_CURVE('',#1428,#1426,#751,.T.);
#1806=EDGE_CURVE('',#1428,#1429,#752,.T.);
#1807=EDGE_CURVE('',#1429,#1427,#753,.T.);
#1808=EDGE_CURVE('',#1430,#1428,#492,.T.);
#1809=EDGE_CURVE('',#1430,#1431,#754,.T.);
#1810=EDGE_CURVE('',#1431,#1429,#493,.T.);
#1811=EDGE_CURVE('',#1432,#1430,#755,.T.);
#1812=EDGE_CURVE('',#1432,#1433,#756,.T.);
#1813=EDGE_CURVE('',#1433,#1431,#757,.T.);
#1814=EDGE_CURVE('',#1417,#1432,#758,.T.);
#1815=EDGE_CURVE('',#1419,#1433,#759,.T.);
#1816=EDGE_CURVE('',#1434,#1435,#494,.T.);
#1817=EDGE_CURVE('',#1434,#1436,#760,.T.);
#1818=EDGE_CURVE('',#1436,#1437,#495,.T.);
#1819=EDGE_CURVE('',#1435,#1437,#761,.T.);
#1820=EDGE_CURVE('',#1438,#1434,#762,.T.);
#1821=EDGE_CURVE('',#1438,#1439,#763,.T.);
#1822=EDGE_CURVE('',#1439,#1436,#764,.T.);
#1823=EDGE_CURVE('',#1440,#1438,#765,.T.);
#1824=EDGE_CURVE('',#1440,#1441,#766,.T.);
#1825=EDGE_CURVE('',#1441,#1439,#767,.T.);
#1826=EDGE_CURVE('',#1442,#1440,#768,.T.);
#1827=EDGE_CURVE('',#1442,#1443,#769,.T.);
#1828=EDGE_CURVE('',#1443,#1441,#770,.T.);
#1829=EDGE_CURVE('',#1444,#1442,#771,.T.);
#1830=EDGE_CURVE('',#1444,#1445,#772,.T.);
#1831=EDGE_CURVE('',#1445,#1443,#773,.T.);
#1832=EDGE_CURVE('',#1446,#1444,#774,.T.);
#1833=EDGE_CURVE('',#1446,#1447,#775,.T.);
#1834=EDGE_CURVE('',#1447,#1445,#776,.T.);
#1835=EDGE_CURVE('',#1448,#1446,#777,.T.);
#1836=EDGE_CURVE('',#1448,#1449,#778,.T.);
#1837=EDGE_CURVE('',#1449,#1447,#779,.T.);
#1838=EDGE_CURVE('',#1450,#1448,#780,.T.);
#1839=EDGE_CURVE('',#1450,#1451,#781,.T.);
#1840=EDGE_CURVE('',#1451,#1449,#782,.T.);
#1841=EDGE_CURVE('',#1435,#1450,#783,.T.);
#1842=EDGE_CURVE('',#1437,#1451,#784,.T.);
#1843=EDGE_CURVE('',#1452,#1453,#496,.T.);
#1844=EDGE_CURVE('',#1452,#1454,#785,.T.);
#1845=EDGE_CURVE('',#1454,#1455,#497,.T.);
#1846=EDGE_CURVE('',#1453,#1455,#786,.T.);
#1847=EDGE_CURVE('',#1456,#1452,#787,.T.);
#1848=EDGE_CURVE('',#1456,#1457,#788,.T.);
#1849=EDGE_CURVE('',#1457,#1454,#789,.T.);
#1850=EDGE_CURVE('',#1458,#1456,#790,.T.);
#1851=EDGE_CURVE('',#1458,#1459,#791,.T.);
#1852=EDGE_CURVE('',#1459,#1457,#792,.T.);
#1853=EDGE_CURVE('',#1460,#1458,#793,.T.);
#1854=EDGE_CURVE('',#1460,#1461,#794,.T.);
#1855=EDGE_CURVE('',#1461,#1459,#795,.T.);
#1856=EDGE_CURVE('',#1462,#1460,#796,.T.);
#1857=EDGE_CURVE('',#1462,#1463,#797,.T.);
#1858=EDGE_CURVE('',#1463,#1461,#798,.T.);
#1859=EDGE_CURVE('',#1464,#1462,#799,.T.);
#1860=EDGE_CURVE('',#1464,#1465,#800,.T.);
#1861=EDGE_CURVE('',#1465,#1463,#801,.T.);
#1862=EDGE_CURVE('',#1466,#1464,#802,.T.);
#1863=EDGE_CURVE('',#1466,#1467,#803,.T.);
#1864=EDGE_CURVE('',#1467,#1465,#804,.T.);
#1865=EDGE_CURVE('',#1468,#1466,#805,.T.);
#1866=EDGE_CURVE('',#1468,#1469,#806,.T.);
#1867=EDGE_CURVE('',#1469,#1467,#807,.T.);
#1868=EDGE_CURVE('',#1453,#1468,#808,.T.);
#1869=EDGE_CURVE('',#1455,#1469,#809,.T.);
#1870=EDGE_CURVE('',#1397,#1470,#498,.T.);
#1871=EDGE_CURVE('',#1396,#1471,#499,.T.);
#1872=EDGE_CURVE('',#1472,#1473,#810,.T.);
#1873=EDGE_CURVE('',#1473,#1474,#811,.T.);
#1874=EDGE_CURVE('',#1474,#1475,#812,.T.);
#1875=EDGE_CURVE('',#1475,#1472,#813,.T.);
#1876=EDGE_CURVE('',#1476,#1472,#814,.T.);
#1877=EDGE_CURVE('',#1476,#1477,#815,.T.);
#1878=EDGE_CURVE('',#1473,#1477,#816,.T.);
#1879=EDGE_CURVE('',#1475,#1478,#817,.T.);
#1880=EDGE_CURVE('',#1479,#1478,#818,.T.);
#1881=EDGE_CURVE('',#1479,#1392,#500,.T.);
#1882=EDGE_CURVE('',#1391,#1472,#501,.T.);
#1883=EDGE_CURVE('',#1480,#1479,#819,.T.);
#1884=EDGE_CURVE('',#1478,#1481,#820,.T.);
#1885=EDGE_CURVE('',#1481,#1480,#821,.T.);
#1886=EDGE_CURVE('',#1482,#1480,#822,.T.);
#1887=EDGE_CURVE('',#1483,#1482,#823,.T.);
#1888=EDGE_CURVE('',#1483,#1479,#824,.T.);
#1889=EDGE_CURVE('',#1484,#1474,#825,.T.);
#1890=EDGE_CURVE('',#1485,#1484,#826,.T.);
#1891=EDGE_CURVE('',#1475,#1485,#827,.T.);
#1892=EDGE_CURVE('',#1485,#1486,#828,.T.);
#1893=EDGE_CURVE('',#1477,#1484,#829,.T.);
#1894=EDGE_CURVE('',#1486,#1476,#830,.T.);
#1895=EDGE_CURVE('',#1487,#1478,#831,.T.);
#1896=EDGE_CURVE('',#1487,#1488,#832,.T.);
#1897=EDGE_CURVE('',#1481,#1488,#833,.T.);
#1898=EDGE_CURVE('',#1483,#1489,#834,.T.);
#1899=EDGE_CURVE('',#1488,#1482,#835,.T.);
#1900=EDGE_CURVE('',#1489,#1487,#836,.T.);
#1901=EDGE_CURVE('',#1490,#1486,#837,.T.);
#1902=EDGE_CURVE('',#1491,#1490,#838,.T.);
#1903=EDGE_CURVE('',#1491,#1492,#839,.T.);
#1904=EDGE_CURVE('',#1493,#1492,#840,.T.);
#1905=EDGE_CURVE('',#1494,#1493,#841,.T.);
#1906=EDGE_CURVE('',#1495,#1494,#842,.T.);
#1907=EDGE_CURVE('',#1495,#1489,#843,.T.);
#1908=EDGE_CURVE('',#1388,#1493,#844,.T.);
#1909=EDGE_CURVE('',#1492,#1389,#845,.T.);
#1910=EDGE_CURVE('',#1375,#1372,#846,.T.);
#1911=EDGE_CURVE('',#1373,#1374,#847,.T.);
#1912=EDGE_CURVE('',#1395,#1343,#848,.T.);
#1913=EDGE_CURVE('',#1394,#1340,#849,.T.);
#1914=EDGE_CURVE('',#1393,#1496,#502,.T.);
#1915=EDGE_CURVE('',#1496,#1483,#850,.T.);
#1916=EDGE_CURVE('',#1495,#1496,#851,.T.);
#1917=EDGE_CURVE('',#1494,#1497,#852,.T.);
#1918=EDGE_CURVE('',#1498,#1388,#853,.T.);
#1919=EDGE_CURVE('',#1379,#1498,#854,.T.);
#1920=EDGE_CURVE('',#1497,#1367,#855,.T.);
#1921=EDGE_CURVE('',#1499,#1369,#856,.T.);
#1922=EDGE_CURVE('',#1497,#1499,#857,.T.);
#1923=EDGE_CURVE('',#1499,#1491,#858,.T.);
#1924=EDGE_CURVE('',#1500,#1378,#859,.T.);
#1925=EDGE_CURVE('',#1389,#1500,#860,.T.);
#1926=EDGE_CURVE('',#1501,#1476,#861,.T.);
#1927=EDGE_CURVE('',#1501,#1490,#862,.T.);
#1928=EDGE_CURVE('',#1501,#1390,#503,.T.);
#1929=ORIENTED_EDGE('',*,*,#1502,.F.);
#1930=ORIENTED_EDGE('',*,*,#1503,.F.);
#1931=ORIENTED_EDGE('',*,*,#1504,.T.);
#1932=ORIENTED_EDGE('',*,*,#1505,.F.);
#1933=ORIENTED_EDGE('',*,*,#1506,.F.);
#1934=ORIENTED_EDGE('',*,*,#1507,.F.);
#1935=ORIENTED_EDGE('',*,*,#1508,.F.);
#1936=ORIENTED_EDGE('',*,*,#1506,.T.);
#1937=ORIENTED_EDGE('',*,*,#1509,.F.);
#1938=ORIENTED_EDGE('',*,*,#1510,.F.);
#1939=ORIENTED_EDGE('',*,*,#1511,.F.);
#1940=ORIENTED_EDGE('',*,*,#1510,.T.);
#1941=ORIENTED_EDGE('',*,*,#1512,.F.);
#1942=ORIENTED_EDGE('',*,*,#1513,.F.);
#1943=ORIENTED_EDGE('',*,*,#1514,.F.);
#1944=ORIENTED_EDGE('',*,*,#1513,.T.);
#1945=ORIENTED_EDGE('',*,*,#1515,.F.);
#1946=ORIENTED_EDGE('',*,*,#1516,.F.);
#1947=ORIENTED_EDGE('',*,*,#1517,.F.);
#1948=ORIENTED_EDGE('',*,*,#1516,.T.);
#1949=ORIENTED_EDGE('',*,*,#1518,.F.);
#1950=ORIENTED_EDGE('',*,*,#1503,.T.);
#1951=ORIENTED_EDGE('',*,*,#1519,.F.);
#1952=ORIENTED_EDGE('',*,*,#1504,.F.);
#1953=ORIENTED_EDGE('',*,*,#1520,.T.);
#1954=ORIENTED_EDGE('',*,*,#1521,.F.);
#1955=ORIENTED_EDGE('',*,*,#1514,.T.);
#1956=ORIENTED_EDGE('',*,*,#1522,.T.);
#1957=ORIENTED_EDGE('',*,*,#1523,.T.);
#1958=ORIENTED_EDGE('',*,*,#1524,.F.);
#1959=ORIENTED_EDGE('',*,*,#1511,.T.);
#1960=ORIENTED_EDGE('',*,*,#1521,.T.);
#1961=ORIENTED_EDGE('',*,*,#1525,.F.);
#1962=ORIENTED_EDGE('',*,*,#1526,.T.);
#1963=ORIENTED_EDGE('',*,*,#1512,.T.);
#1964=ORIENTED_EDGE('',*,*,#1527,.F.);
#1965=ORIENTED_EDGE('',*,*,#1519,.T.);
#1966=ORIENTED_EDGE('',*,*,#1507,.T.);
#1967=ORIENTED_EDGE('',*,*,#1528,.T.);
#1968=ORIENTED_EDGE('',*,*,#1529,.T.);
#1969=ORIENTED_EDGE('',*,*,#1530,.F.);
#1970=ORIENTED_EDGE('',*,*,#1531,.F.);
#1971=ORIENTED_EDGE('',*,*,#1532,.T.);
#1972=ORIENTED_EDGE('',*,*,#1505,.T.);
#1973=ORIENTED_EDGE('',*,*,#1533,.T.);
#1974=ORIENTED_EDGE('',*,*,#1528,.F.);
#1975=ORIENTED_EDGE('',*,*,#1508,.T.);
#1976=ORIENTED_EDGE('',*,*,#1524,.T.);
#1977=ORIENTED_EDGE('',*,*,#1534,.F.);
#1978=ORIENTED_EDGE('',*,*,#1527,.T.);
#1979=ORIENTED_EDGE('',*,*,#1509,.T.);
#1980=ORIENTED_EDGE('',*,*,#1532,.F.);
#1981=ORIENTED_EDGE('',*,*,#1535,.F.);
#1982=ORIENTED_EDGE('',*,*,#1536,.F.);
#1983=ORIENTED_EDGE('',*,*,#1537,.F.);
#1984=ORIENTED_EDGE('',*,*,#1529,.F.);
#1985=ORIENTED_EDGE('',*,*,#1533,.F.);
#1986=ORIENTED_EDGE('',*,*,#1523,.F.);
#1987=ORIENTED_EDGE('',*,*,#1520,.F.);
#1988=ORIENTED_EDGE('',*,*,#1538,.F.);
#1989=ORIENTED_EDGE('',*,*,#1539,.F.);
#1990=ORIENTED_EDGE('',*,*,#1540,.F.);
#1991=ORIENTED_EDGE('',*,*,#1541,.F.);
#1992=ORIENTED_EDGE('',*,*,#1542,.F.);
#1993=ORIENTED_EDGE('',*,*,#1542,.T.);
#1994=ORIENTED_EDGE('',*,*,#1543,.F.);
#1995=ORIENTED_EDGE('',*,*,#1544,.F.);
#1996=ORIENTED_EDGE('',*,*,#1544,.T.);
#1997=ORIENTED_EDGE('',*,*,#1545,.F.);
#1998=ORIENTED_EDGE('',*,*,#1546,.T.);
#1999=ORIENTED_EDGE('',*,*,#1515,.T.);
#2000=ORIENTED_EDGE('',*,*,#1526,.F.);
#2001=ORIENTED_EDGE('',*,*,#1518,.T.);
#2002=ORIENTED_EDGE('',*,*,#1546,.F.);
#2003=ORIENTED_EDGE('',*,*,#1547,.F.);
#2004=ORIENTED_EDGE('',*,*,#1548,.F.);
#2005=ORIENTED_EDGE('',*,*,#1538,.T.);
#2006=ORIENTED_EDGE('',*,*,#1522,.F.);
#2007=ORIENTED_EDGE('',*,*,#1517,.T.);
#2008=ORIENTED_EDGE('',*,*,#1502,.T.);
#2009=ORIENTED_EDGE('',*,*,#1547,.T.);
#2010=ORIENTED_EDGE('',*,*,#1545,.T.);
#2011=ORIENTED_EDGE('',*,*,#1525,.T.);
#2012=ORIENTED_EDGE('',*,*,#1534,.T.);
#2013=ORIENTED_EDGE('',*,*,#1531,.T.);
#2014=ORIENTED_EDGE('',*,*,#1549,.T.);
#2015=ORIENTED_EDGE('',*,*,#1550,.T.);
#2016=ORIENTED_EDGE('',*,*,#1551,.T.);
#2017=ORIENTED_EDGE('',*,*,#1552,.T.);
#2018=ORIENTED_EDGE('',*,*,#1553,.T.);
#2019=ORIENTED_EDGE('',*,*,#1554,.T.);
#2020=ORIENTED_EDGE('',*,*,#1555,.T.);
#2021=ORIENTED_EDGE('',*,*,#1540,.T.);
#2022=ORIENTED_EDGE('',*,*,#1556,.F.);
#2023=ORIENTED_EDGE('',*,*,#1557,.F.);
#2024=ORIENTED_EDGE('',*,*,#1558,.T.);
#2025=ORIENTED_EDGE('',*,*,#1535,.T.);
#2026=ORIENTED_EDGE('',*,*,#1558,.F.);
#2027=ORIENTED_EDGE('',*,*,#1559,.F.);
#2028=ORIENTED_EDGE('',*,*,#1560,.F.);
#2029=ORIENTED_EDGE('',*,*,#1561,.F.);
#2030=ORIENTED_EDGE('',*,*,#1562,.F.);
#2031=ORIENTED_EDGE('',*,*,#1563,.F.);
#2032=ORIENTED_EDGE('',*,*,#1564,.T.);
#2033=ORIENTED_EDGE('',*,*,#1565,.F.);
#2034=ORIENTED_EDGE('',*,*,#1566,.F.);
#2035=ORIENTED_EDGE('',*,*,#1567,.T.);
#2036=ORIENTED_EDGE('',*,*,#1568,.F.);
#2037=ORIENTED_EDGE('',*,*,#1569,.F.);
#2038=ORIENTED_EDGE('',*,*,#1570,.T.);
#2039=ORIENTED_EDGE('',*,*,#1571,.F.);
#2040=ORIENTED_EDGE('',*,*,#1570,.F.);
#2041=ORIENTED_EDGE('',*,*,#1569,.T.);
#2042=ORIENTED_EDGE('',*,*,#1572,.F.);
#2043=ORIENTED_EDGE('',*,*,#1567,.F.);
#2044=ORIENTED_EDGE('',*,*,#1566,.T.);
#2045=ORIENTED_EDGE('',*,*,#1573,.T.);
#2046=ORIENTED_EDGE('',*,*,#1574,.F.);
#2047=ORIENTED_EDGE('',*,*,#1575,.F.);
#2048=ORIENTED_EDGE('',*,*,#1574,.T.);
#2049=ORIENTED_EDGE('',*,*,#1573,.F.);
#2050=ORIENTED_EDGE('',*,*,#1576,.F.);
#2051=ORIENTED_EDGE('',*,*,#1577,.F.);
#2052=ORIENTED_EDGE('',*,*,#1578,.T.);
#2053=ORIENTED_EDGE('',*,*,#1579,.F.);
#2054=ORIENTED_EDGE('',*,*,#1577,.T.);
#2055=ORIENTED_EDGE('',*,*,#1580,.F.);
#2056=ORIENTED_EDGE('',*,*,#1578,.F.);
#2057=ORIENTED_EDGE('',*,*,#1576,.T.);
#2058=ORIENTED_EDGE('',*,*,#1581,.F.);
#2059=ORIENTED_EDGE('',*,*,#1582,.F.);
#2060=ORIENTED_EDGE('',*,*,#1583,.T.);
#2061=ORIENTED_EDGE('',*,*,#1580,.T.);
#2062=ORIENTED_EDGE('',*,*,#1583,.F.);
#2063=ORIENTED_EDGE('',*,*,#1584,.F.);
#2064=ORIENTED_EDGE('',*,*,#1585,.T.);
#2065=ORIENTED_EDGE('',*,*,#1579,.T.);
#2066=ORIENTED_EDGE('',*,*,#1585,.F.);
#2067=ORIENTED_EDGE('',*,*,#1586,.F.);
#2068=ORIENTED_EDGE('',*,*,#1587,.T.);
#2069=ORIENTED_EDGE('',*,*,#1575,.T.);
#2070=ORIENTED_EDGE('',*,*,#1587,.F.);
#2071=ORIENTED_EDGE('',*,*,#1588,.F.);
#2072=ORIENTED_EDGE('',*,*,#1581,.T.);
#2073=ORIENTED_EDGE('',*,*,#1589,.F.);
#2074=ORIENTED_EDGE('',*,*,#1590,.F.);
#2075=ORIENTED_EDGE('',*,*,#1591,.T.);
#2076=ORIENTED_EDGE('',*,*,#1592,.F.);
#2077=ORIENTED_EDGE('',*,*,#1593,.F.);
#2078=ORIENTED_EDGE('',*,*,#1594,.T.);
#2079=ORIENTED_EDGE('',*,*,#1595,.F.);
#2080=ORIENTED_EDGE('',*,*,#1594,.F.);
#2081=ORIENTED_EDGE('',*,*,#1593,.T.);
#2082=ORIENTED_EDGE('',*,*,#1596,.F.);
#2083=ORIENTED_EDGE('',*,*,#1591,.F.);
#2084=ORIENTED_EDGE('',*,*,#1590,.T.);
#2085=ORIENTED_EDGE('',*,*,#1597,.F.);
#2086=ORIENTED_EDGE('',*,*,#1598,.T.);
#2087=ORIENTED_EDGE('',*,*,#1599,.F.);
#2088=ORIENTED_EDGE('',*,*,#1598,.F.);
#2089=ORIENTED_EDGE('',*,*,#1597,.T.);
#2090=ORIENTED_EDGE('',*,*,#1600,.F.);
#2091=ORIENTED_EDGE('',*,*,#1601,.F.);
#2092=ORIENTED_EDGE('',*,*,#1602,.T.);
#2093=ORIENTED_EDGE('',*,*,#1603,.F.);
#2094=ORIENTED_EDGE('',*,*,#1602,.F.);
#2095=ORIENTED_EDGE('',*,*,#1601,.T.);
#2096=ORIENTED_EDGE('',*,*,#1604,.F.);
#2097=ORIENTED_EDGE('',*,*,#1603,.T.);
#2098=ORIENTED_EDGE('',*,*,#1605,.F.);
#2099=ORIENTED_EDGE('',*,*,#1606,.F.);
#2100=ORIENTED_EDGE('',*,*,#1607,.T.);
#2101=ORIENTED_EDGE('',*,*,#1599,.T.);
#2102=ORIENTED_EDGE('',*,*,#1607,.F.);
#2103=ORIENTED_EDGE('',*,*,#1608,.F.);
#2104=ORIENTED_EDGE('',*,*,#1609,.T.);
#2105=ORIENTED_EDGE('',*,*,#1604,.T.);
#2106=ORIENTED_EDGE('',*,*,#1610,.F.);
#2107=ORIENTED_EDGE('',*,*,#1611,.F.);
#2108=ORIENTED_EDGE('',*,*,#1605,.T.);
#2109=ORIENTED_EDGE('',*,*,#1600,.T.);
#2110=ORIENTED_EDGE('',*,*,#1609,.F.);
#2111=ORIENTED_EDGE('',*,*,#1612,.F.);
#2112=ORIENTED_EDGE('',*,*,#1610,.T.);
#2113=ORIENTED_EDGE('',*,*,#1613,.T.);
#2114=ORIENTED_EDGE('',*,*,#1563,.T.);
#2115=ORIENTED_EDGE('',*,*,#1614,.F.);
#2116=ORIENTED_EDGE('',*,*,#1615,.F.);
#2117=ORIENTED_EDGE('',*,*,#1616,.F.);
#2118=ORIENTED_EDGE('',*,*,#1617,.F.);
#2119=ORIENTED_EDGE('',*,*,#1618,.F.);
#2120=ORIENTED_EDGE('',*,*,#1619,.F.);
#2121=ORIENTED_EDGE('',*,*,#1559,.T.);
#2122=ORIENTED_EDGE('',*,*,#1557,.T.);
#2123=ORIENTED_EDGE('',*,*,#1620,.F.);
#2124=ORIENTED_EDGE('',*,*,#1621,.F.);
#2125=ORIENTED_EDGE('',*,*,#1622,.F.);
#2126=ORIENTED_EDGE('',*,*,#1623,.F.);
#2127=ORIENTED_EDGE('',*,*,#1624,.F.);
#2128=ORIENTED_EDGE('',*,*,#1625,.F.);
#2129=ORIENTED_EDGE('',*,*,#1626,.F.);
#2130=ORIENTED_EDGE('',*,*,#1622,.T.);
#2131=ORIENTED_EDGE('',*,*,#1627,.F.);
#2132=ORIENTED_EDGE('',*,*,#1628,.F.);
#2133=ORIENTED_EDGE('',*,*,#1629,.T.);
#2134=ORIENTED_EDGE('',*,*,#1621,.T.);
#2135=ORIENTED_EDGE('',*,*,#1630,.F.);
#2136=ORIENTED_EDGE('',*,*,#1631,.F.);
#2137=ORIENTED_EDGE('',*,*,#1627,.T.);
#2138=ORIENTED_EDGE('',*,*,#1626,.T.);
#2139=ORIENTED_EDGE('',*,*,#1632,.F.);
#2140=ORIENTED_EDGE('',*,*,#1633,.F.);
#2141=ORIENTED_EDGE('',*,*,#1630,.T.);
#2142=ORIENTED_EDGE('',*,*,#1619,.T.);
#2143=ORIENTED_EDGE('',*,*,#1634,.F.);
#2144=ORIENTED_EDGE('',*,*,#1635,.F.);
#2145=ORIENTED_EDGE('',*,*,#1560,.T.);
#2146=ORIENTED_EDGE('',*,*,#1618,.T.);
#2147=ORIENTED_EDGE('',*,*,#1636,.F.);
#2148=ORIENTED_EDGE('',*,*,#1637,.F.);
#2149=ORIENTED_EDGE('',*,*,#1634,.T.);
#2150=ORIENTED_EDGE('',*,*,#1617,.T.);
#2151=ORIENTED_EDGE('',*,*,#1638,.F.);
#2152=ORIENTED_EDGE('',*,*,#1639,.F.);
#2153=ORIENTED_EDGE('',*,*,#1636,.T.);
#2154=ORIENTED_EDGE('',*,*,#1616,.T.);
#2155=ORIENTED_EDGE('',*,*,#1640,.F.);
#2156=ORIENTED_EDGE('',*,*,#1641,.F.);
#2157=ORIENTED_EDGE('',*,*,#1638,.T.);
#2158=ORIENTED_EDGE('',*,*,#1615,.T.);
#2159=ORIENTED_EDGE('',*,*,#1642,.F.);
#2160=ORIENTED_EDGE('',*,*,#1643,.F.);
#2161=ORIENTED_EDGE('',*,*,#1640,.T.);
#2162=ORIENTED_EDGE('',*,*,#1614,.T.);
#2163=ORIENTED_EDGE('',*,*,#1562,.T.);
#2164=ORIENTED_EDGE('',*,*,#1644,.F.);
#2165=ORIENTED_EDGE('',*,*,#1642,.T.);
#2166=ORIENTED_EDGE('',*,*,#1536,.T.);
#2167=ORIENTED_EDGE('',*,*,#1564,.F.);
#2168=ORIENTED_EDGE('',*,*,#1613,.F.);
#2169=ORIENTED_EDGE('',*,*,#1645,.F.);
#2170=ORIENTED_EDGE('',*,*,#1646,.T.);
#2171=ORIENTED_EDGE('',*,*,#1647,.F.);
#2172=ORIENTED_EDGE('',*,*,#1648,.F.);
#2173=ORIENTED_EDGE('',*,*,#1649,.F.);
#2174=ORIENTED_EDGE('',*,*,#1650,.F.);
#2175=ORIENTED_EDGE('',*,*,#1651,.F.);
#2176=ORIENTED_EDGE('',*,*,#1582,.T.);
#2177=ORIENTED_EDGE('',*,*,#1588,.T.);
#2178=ORIENTED_EDGE('',*,*,#1586,.T.);
#2179=ORIENTED_EDGE('',*,*,#1584,.T.);
#2180=ORIENTED_EDGE('',*,*,#1606,.T.);
#2181=ORIENTED_EDGE('',*,*,#1611,.T.);
#2182=ORIENTED_EDGE('',*,*,#1612,.T.);
#2183=ORIENTED_EDGE('',*,*,#1608,.T.);
#2184=ORIENTED_EDGE('',*,*,#1556,.T.);
#2185=ORIENTED_EDGE('',*,*,#1539,.T.);
#2186=ORIENTED_EDGE('',*,*,#1548,.T.);
#2187=ORIENTED_EDGE('',*,*,#1555,.F.);
#2188=ORIENTED_EDGE('',*,*,#1652,.F.);
#2189=ORIENTED_EDGE('',*,*,#1646,.F.);
#2190=ORIENTED_EDGE('',*,*,#1653,.T.);
#2191=ORIENTED_EDGE('',*,*,#1549,.F.);
#2192=ORIENTED_EDGE('',*,*,#1530,.T.);
#2193=ORIENTED_EDGE('',*,*,#1537,.T.);
#2194=ORIENTED_EDGE('',*,*,#1645,.T.);
#2195=ORIENTED_EDGE('',*,*,#1620,.T.);
#2196=ORIENTED_EDGE('',*,*,#1543,.T.);
#2197=ORIENTED_EDGE('',*,*,#1541,.T.);
#2198=ORIENTED_EDGE('',*,*,#1623,.T.);
#2199=ORIENTED_EDGE('',*,*,#1629,.F.);
#2200=ORIENTED_EDGE('',*,*,#1654,.F.);
#2201=ORIENTED_EDGE('',*,*,#1655,.T.);
#2202=ORIENTED_EDGE('',*,*,#1624,.T.);
#2203=ORIENTED_EDGE('',*,*,#1655,.F.);
#2204=ORIENTED_EDGE('',*,*,#1656,.F.);
#2205=ORIENTED_EDGE('',*,*,#1657,.T.);
#2206=ORIENTED_EDGE('',*,*,#1625,.T.);
#2207=ORIENTED_EDGE('',*,*,#1657,.F.);
#2208=ORIENTED_EDGE('',*,*,#1658,.F.);
#2209=ORIENTED_EDGE('',*,*,#1632,.T.);
#2210=ORIENTED_EDGE('',*,*,#1633,.T.);
#2211=ORIENTED_EDGE('',*,*,#1658,.T.);
#2212=ORIENTED_EDGE('',*,*,#1656,.T.);
#2213=ORIENTED_EDGE('',*,*,#1654,.T.);
#2214=ORIENTED_EDGE('',*,*,#1628,.T.);
#2215=ORIENTED_EDGE('',*,*,#1631,.T.);
#2216=ORIENTED_EDGE('',*,*,#1561,.T.);
#2217=ORIENTED_EDGE('',*,*,#1635,.T.);
#2218=ORIENTED_EDGE('',*,*,#1637,.T.);
#2219=ORIENTED_EDGE('',*,*,#1639,.T.);
#2220=ORIENTED_EDGE('',*,*,#1641,.T.);
#2221=ORIENTED_EDGE('',*,*,#1643,.T.);
#2222=ORIENTED_EDGE('',*,*,#1644,.T.);
#2223=ORIENTED_EDGE('',*,*,#1651,.T.);
#2224=ORIENTED_EDGE('',*,*,#1659,.T.);
#2225=ORIENTED_EDGE('',*,*,#1550,.F.);
#2226=ORIENTED_EDGE('',*,*,#1653,.F.);
#2227=ORIENTED_EDGE('',*,*,#1647,.T.);
#2228=ORIENTED_EDGE('',*,*,#1652,.T.);
#2229=ORIENTED_EDGE('',*,*,#1554,.F.);
#2230=ORIENTED_EDGE('',*,*,#1660,.F.);
#2231=ORIENTED_EDGE('',*,*,#1648,.T.);
#2232=ORIENTED_EDGE('',*,*,#1660,.T.);
#2233=ORIENTED_EDGE('',*,*,#1553,.F.);
#2234=ORIENTED_EDGE('',*,*,#1661,.F.);
#2235=ORIENTED_EDGE('',*,*,#1592,.T.);
#2236=ORIENTED_EDGE('',*,*,#1595,.T.);
#2237=ORIENTED_EDGE('',*,*,#1589,.T.);
#2238=ORIENTED_EDGE('',*,*,#1596,.T.);
#2239=ORIENTED_EDGE('',*,*,#1649,.T.);
#2240=ORIENTED_EDGE('',*,*,#1661,.T.);
#2241=ORIENTED_EDGE('',*,*,#1552,.F.);
#2242=ORIENTED_EDGE('',*,*,#1662,.F.);
#2243=ORIENTED_EDGE('',*,*,#1650,.T.);
#2244=ORIENTED_EDGE('',*,*,#1662,.T.);
#2245=ORIENTED_EDGE('',*,*,#1551,.F.);
#2246=ORIENTED_EDGE('',*,*,#1659,.F.);
#2247=ORIENTED_EDGE('',*,*,#1568,.T.);
#2248=ORIENTED_EDGE('',*,*,#1571,.T.);
#2249=ORIENTED_EDGE('',*,*,#1565,.T.);
#2250=ORIENTED_EDGE('',*,*,#1572,.T.);
#2251=ORIENTED_EDGE('',*,*,#1663,.F.);
#2252=ORIENTED_EDGE('',*,*,#1664,.T.);
#2253=ORIENTED_EDGE('',*,*,#1665,.F.);
#2254=ORIENTED_EDGE('',*,*,#1666,.T.);
#2255=ORIENTED_EDGE('',*,*,#1667,.F.);
#2256=ORIENTED_EDGE('',*,*,#1668,.F.);
#2257=ORIENTED_EDGE('',*,*,#1669,.F.);
#2258=ORIENTED_EDGE('',*,*,#1670,.T.);
#2259=ORIENTED_EDGE('',*,*,#1671,.F.);
#2260=ORIENTED_EDGE('',*,*,#1666,.F.);
#2261=ORIENTED_EDGE('',*,*,#1672,.F.);
#2262=ORIENTED_EDGE('',*,*,#1673,.T.);
#2263=ORIENTED_EDGE('',*,*,#1674,.F.);
#2264=ORIENTED_EDGE('',*,*,#1670,.F.);
#2265=ORIENTED_EDGE('',*,*,#1675,.F.);
#2266=ORIENTED_EDGE('',*,*,#1676,.T.);
#2267=ORIENTED_EDGE('',*,*,#1677,.F.);
#2268=ORIENTED_EDGE('',*,*,#1673,.F.);
#2269=ORIENTED_EDGE('',*,*,#1678,.F.);
#2270=ORIENTED_EDGE('',*,*,#1664,.F.);
#2271=ORIENTED_EDGE('',*,*,#1679,.F.);
#2272=ORIENTED_EDGE('',*,*,#1676,.F.);
#2273=ORIENTED_EDGE('',*,*,#1680,.F.);
#2274=ORIENTED_EDGE('',*,*,#1668,.T.);
#2275=ORIENTED_EDGE('',*,*,#1677,.T.);
#2276=ORIENTED_EDGE('',*,*,#1681,.F.);
#2277=ORIENTED_EDGE('',*,*,#1682,.F.);
#2278=ORIENTED_EDGE('',*,*,#1683,.T.);
#2279=ORIENTED_EDGE('',*,*,#1675,.T.);
#2280=ORIENTED_EDGE('',*,*,#1684,.T.);
#2281=ORIENTED_EDGE('',*,*,#1685,.F.);
#2282=ORIENTED_EDGE('',*,*,#1686,.F.);
#2283=ORIENTED_EDGE('',*,*,#1674,.T.);
#2284=ORIENTED_EDGE('',*,*,#1683,.F.);
#2285=ORIENTED_EDGE('',*,*,#1687,.T.);
#2286=ORIENTED_EDGE('',*,*,#1688,.T.);
#2287=ORIENTED_EDGE('',*,*,#1672,.T.);
#2288=ORIENTED_EDGE('',*,*,#1689,.T.);
#2289=ORIENTED_EDGE('',*,*,#1690,.F.);
#2290=ORIENTED_EDGE('',*,*,#1684,.F.);
#2291=ORIENTED_EDGE('',*,*,#1665,.T.);
#2292=ORIENTED_EDGE('',*,*,#1680,.T.);
#2293=ORIENTED_EDGE('',*,*,#1667,.T.);
#2294=ORIENTED_EDGE('',*,*,#1691,.F.);
#2295=ORIENTED_EDGE('',*,*,#1692,.T.);
#2296=ORIENTED_EDGE('',*,*,#1693,.T.);
#2297=ORIENTED_EDGE('',*,*,#1694,.F.);
#2298=ORIENTED_EDGE('',*,*,#1695,.F.);
#2299=ORIENTED_EDGE('',*,*,#1671,.T.);
#2300=ORIENTED_EDGE('',*,*,#1688,.F.);
#2301=ORIENTED_EDGE('',*,*,#1696,.F.);
#2302=ORIENTED_EDGE('',*,*,#1691,.T.);
#2303=ORIENTED_EDGE('',*,*,#1669,.T.);
#2304=ORIENTED_EDGE('',*,*,#1695,.T.);
#2305=ORIENTED_EDGE('',*,*,#1697,.F.);
#2306=ORIENTED_EDGE('',*,*,#1689,.F.);
#2307=ORIENTED_EDGE('',*,*,#1698,.F.);
#2308=ORIENTED_EDGE('',*,*,#1699,.T.);
#2309=ORIENTED_EDGE('',*,*,#1700,.T.);
#2310=ORIENTED_EDGE('',*,*,#1701,.F.);
#2311=ORIENTED_EDGE('',*,*,#1702,.F.);
#2312=ORIENTED_EDGE('',*,*,#1703,.F.);
#2313=ORIENTED_EDGE('',*,*,#1704,.T.);
#2314=ORIENTED_EDGE('',*,*,#1699,.F.);
#2315=ORIENTED_EDGE('',*,*,#1705,.F.);
#2316=ORIENTED_EDGE('',*,*,#1701,.T.);
#2317=ORIENTED_EDGE('',*,*,#1706,.T.);
#2318=ORIENTED_EDGE('',*,*,#1707,.F.);
#2319=ORIENTED_EDGE('',*,*,#1706,.F.);
#2320=ORIENTED_EDGE('',*,*,#1700,.F.);
#2321=ORIENTED_EDGE('',*,*,#1704,.F.);
#2322=ORIENTED_EDGE('',*,*,#1708,.F.);
#2323=ORIENTED_EDGE('',*,*,#1709,.F.);
#2324=ORIENTED_EDGE('',*,*,#1710,.T.);
#2325=ORIENTED_EDGE('',*,*,#1711,.T.);
#2326=ORIENTED_EDGE('',*,*,#1712,.F.);
#2327=ORIENTED_EDGE('',*,*,#1713,.F.);
#2328=ORIENTED_EDGE('',*,*,#1714,.T.);
#2329=ORIENTED_EDGE('',*,*,#1715,.T.);
#2330=ORIENTED_EDGE('',*,*,#1710,.F.);
#2331=ORIENTED_EDGE('',*,*,#1716,.F.);
#2332=ORIENTED_EDGE('',*,*,#1717,.F.);
#2333=ORIENTED_EDGE('',*,*,#1718,.T.);
#2334=ORIENTED_EDGE('',*,*,#1714,.F.);
#2335=ORIENTED_EDGE('',*,*,#1719,.F.);
#2336=ORIENTED_EDGE('',*,*,#1711,.F.);
#2337=ORIENTED_EDGE('',*,*,#1715,.F.);
#2338=ORIENTED_EDGE('',*,*,#1718,.F.);
#2339=ORIENTED_EDGE('',*,*,#1720,.F.);
#2340=ORIENTED_EDGE('',*,*,#1721,.F.);
#2341=ORIENTED_EDGE('',*,*,#1722,.F.);
#2342=ORIENTED_EDGE('',*,*,#1723,.F.);
#2343=ORIENTED_EDGE('',*,*,#1707,.T.);
#2344=ORIENTED_EDGE('',*,*,#1708,.T.);
#2345=ORIENTED_EDGE('',*,*,#1703,.T.);
#2346=ORIENTED_EDGE('',*,*,#1724,.F.);
#2347=ORIENTED_EDGE('',*,*,#1725,.F.);
#2348=ORIENTED_EDGE('',*,*,#1726,.F.);
#2349=ORIENTED_EDGE('',*,*,#1727,.T.);
#2350=ORIENTED_EDGE('',*,*,#1728,.F.);
#2351=ORIENTED_EDGE('',*,*,#1712,.T.);
#2352=ORIENTED_EDGE('',*,*,#1719,.T.);
#2353=ORIENTED_EDGE('',*,*,#1717,.T.);
#2354=ORIENTED_EDGE('',*,*,#1729,.F.);
#2355=ORIENTED_EDGE('',*,*,#1730,.F.);
#2356=ORIENTED_EDGE('',*,*,#1731,.F.);
#2357=ORIENTED_EDGE('',*,*,#1732,.T.);
#2358=ORIENTED_EDGE('',*,*,#1733,.F.);
#2359=ORIENTED_EDGE('',*,*,#1734,.T.);
#2360=ORIENTED_EDGE('',*,*,#1721,.T.);
#2361=ORIENTED_EDGE('',*,*,#1735,.T.);
#2362=ORIENTED_EDGE('',*,*,#1736,.F.);
#2363=ORIENTED_EDGE('',*,*,#1732,.F.);
#2364=ORIENTED_EDGE('',*,*,#1737,.F.);
#2365=ORIENTED_EDGE('',*,*,#1725,.T.);
#2366=ORIENTED_EDGE('',*,*,#1738,.F.);
#2367=ORIENTED_EDGE('',*,*,#1739,.F.);
#2368=ORIENTED_EDGE('',*,*,#1740,.T.);
#2369=ORIENTED_EDGE('',*,*,#1741,.T.);
#2370=ORIENTED_EDGE('',*,*,#1742,.F.);
#2371=ORIENTED_EDGE('',*,*,#1743,.F.);
#2372=ORIENTED_EDGE('',*,*,#1744,.T.);
#2373=ORIENTED_EDGE('',*,*,#1745,.T.);
#2374=ORIENTED_EDGE('',*,*,#1746,.F.);
#2375=ORIENTED_EDGE('',*,*,#1747,.F.);
#2376=ORIENTED_EDGE('',*,*,#1742,.T.);
#2377=ORIENTED_EDGE('',*,*,#1748,.T.);
#2378=ORIENTED_EDGE('',*,*,#1744,.F.);
#2379=ORIENTED_EDGE('',*,*,#1748,.F.);
#2380=ORIENTED_EDGE('',*,*,#1741,.F.);
#2381=ORIENTED_EDGE('',*,*,#1749,.F.);
#2382=ORIENTED_EDGE('',*,*,#1750,.F.);
#2383=ORIENTED_EDGE('',*,*,#1751,.F.);
#2384=ORIENTED_EDGE('',*,*,#1745,.F.);
#2385=ORIENTED_EDGE('',*,*,#1739,.T.);
#2386=ORIENTED_EDGE('',*,*,#1747,.T.);
#2387=ORIENTED_EDGE('',*,*,#1743,.T.);
#2388=ORIENTED_EDGE('',*,*,#1752,.F.);
#2389=ORIENTED_EDGE('',*,*,#1693,.F.);
#2390=ORIENTED_EDGE('',*,*,#1753,.F.);
#2391=ORIENTED_EDGE('',*,*,#1754,.T.);
#2392=ORIENTED_EDGE('',*,*,#1755,.F.);
#2393=ORIENTED_EDGE('',*,*,#1756,.F.);
#2394=ORIENTED_EDGE('',*,*,#1757,.F.);
#2395=ORIENTED_EDGE('',*,*,#1758,.T.);
#2396=ORIENTED_EDGE('',*,*,#1759,.F.);
#2397=ORIENTED_EDGE('',*,*,#1760,.T.);
#2398=ORIENTED_EDGE('',*,*,#1761,.T.);
#2399=ORIENTED_EDGE('',*,*,#1762,.F.);
#2400=ORIENTED_EDGE('',*,*,#1763,.T.);
#2401=ORIENTED_EDGE('',*,*,#1764,.T.);
#2402=ORIENTED_EDGE('',*,*,#1765,.F.);
#2403=ORIENTED_EDGE('',*,*,#1766,.F.);
#2404=ORIENTED_EDGE('',*,*,#1767,.T.);
#2405=ORIENTED_EDGE('',*,*,#1768,.T.);
#2406=ORIENTED_EDGE('',*,*,#1763,.F.);
#2407=ORIENTED_EDGE('',*,*,#1769,.F.);
#2408=ORIENTED_EDGE('',*,*,#1770,.T.);
#2409=ORIENTED_EDGE('',*,*,#1771,.T.);
#2410=ORIENTED_EDGE('',*,*,#1767,.F.);
#2411=ORIENTED_EDGE('',*,*,#1772,.F.);
#2412=ORIENTED_EDGE('',*,*,#1773,.T.);
#2413=ORIENTED_EDGE('',*,*,#1774,.T.);
#2414=ORIENTED_EDGE('',*,*,#1770,.F.);
#2415=ORIENTED_EDGE('',*,*,#1775,.F.);
#2416=ORIENTED_EDGE('',*,*,#1776,.T.);
#2417=ORIENTED_EDGE('',*,*,#1777,.T.);
#2418=ORIENTED_EDGE('',*,*,#1773,.F.);
#2419=ORIENTED_EDGE('',*,*,#1778,.F.);
#2420=ORIENTED_EDGE('',*,*,#1779,.T.);
#2421=ORIENTED_EDGE('',*,*,#1780,.T.);
#2422=ORIENTED_EDGE('',*,*,#1776,.F.);
#2423=ORIENTED_EDGE('',*,*,#1781,.F.);
#2424=ORIENTED_EDGE('',*,*,#1782,.T.);
#2425=ORIENTED_EDGE('',*,*,#1783,.T.);
#2426=ORIENTED_EDGE('',*,*,#1779,.F.);
#2427=ORIENTED_EDGE('',*,*,#1784,.F.);
#2428=ORIENTED_EDGE('',*,*,#1785,.T.);
#2429=ORIENTED_EDGE('',*,*,#1786,.T.);
#2430=ORIENTED_EDGE('',*,*,#1782,.F.);
#2431=ORIENTED_EDGE('',*,*,#1787,.F.);
#2432=ORIENTED_EDGE('',*,*,#1765,.T.);
#2433=ORIENTED_EDGE('',*,*,#1788,.T.);
#2434=ORIENTED_EDGE('',*,*,#1785,.F.);
#2435=ORIENTED_EDGE('',*,*,#1788,.F.);
#2436=ORIENTED_EDGE('',*,*,#1764,.F.);
#2437=ORIENTED_EDGE('',*,*,#1768,.F.);
#2438=ORIENTED_EDGE('',*,*,#1771,.F.);
#2439=ORIENTED_EDGE('',*,*,#1774,.F.);
#2440=ORIENTED_EDGE('',*,*,#1777,.F.);
#2441=ORIENTED_EDGE('',*,*,#1780,.F.);
#2442=ORIENTED_EDGE('',*,*,#1783,.F.);
#2443=ORIENTED_EDGE('',*,*,#1786,.F.);
#2444=ORIENTED_EDGE('',*,*,#1789,.F.);
#2445=ORIENTED_EDGE('',*,*,#1790,.T.);
#2446=ORIENTED_EDGE('',*,*,#1791,.T.);
#2447=ORIENTED_EDGE('',*,*,#1792,.F.);
#2448=ORIENTED_EDGE('',*,*,#1793,.F.);
#2449=ORIENTED_EDGE('',*,*,#1794,.T.);
#2450=ORIENTED_EDGE('',*,*,#1795,.T.);
#2451=ORIENTED_EDGE('',*,*,#1790,.F.);
#2452=ORIENTED_EDGE('',*,*,#1796,.F.);
#2453=ORIENTED_EDGE('',*,*,#1797,.T.);
#2454=ORIENTED_EDGE('',*,*,#1798,.T.);
#2455=ORIENTED_EDGE('',*,*,#1794,.F.);
#2456=ORIENTED_EDGE('',*,*,#1799,.F.);
#2457=ORIENTED_EDGE('',*,*,#1800,.T.);
#2458=ORIENTED_EDGE('',*,*,#1801,.T.);
#2459=ORIENTED_EDGE('',*,*,#1797,.F.);
#2460=ORIENTED_EDGE('',*,*,#1802,.F.);
#2461=ORIENTED_EDGE('',*,*,#1803,.T.);
#2462=ORIENTED_EDGE('',*,*,#1804,.T.);
#2463=ORIENTED_EDGE('',*,*,#1800,.F.);
#2464=ORIENTED_EDGE('',*,*,#1805,.F.);
#2465=ORIENTED_EDGE('',*,*,#1806,.T.);
#2466=ORIENTED_EDGE('',*,*,#1807,.T.);
#2467=ORIENTED_EDGE('',*,*,#1803,.F.);
#2468=ORIENTED_EDGE('',*,*,#1808,.F.);
#2469=ORIENTED_EDGE('',*,*,#1809,.T.);
#2470=ORIENTED_EDGE('',*,*,#1810,.T.);
#2471=ORIENTED_EDGE('',*,*,#1806,.F.);
#2472=ORIENTED_EDGE('',*,*,#1811,.F.);
#2473=ORIENTED_EDGE('',*,*,#1812,.T.);
#2474=ORIENTED_EDGE('',*,*,#1813,.T.);
#2475=ORIENTED_EDGE('',*,*,#1809,.F.);
#2476=ORIENTED_EDGE('',*,*,#1814,.F.);
#2477=ORIENTED_EDGE('',*,*,#1792,.T.);
#2478=ORIENTED_EDGE('',*,*,#1815,.T.);
#2479=ORIENTED_EDGE('',*,*,#1812,.F.);
#2480=ORIENTED_EDGE('',*,*,#1815,.F.);
#2481=ORIENTED_EDGE('',*,*,#1791,.F.);
#2482=ORIENTED_EDGE('',*,*,#1795,.F.);
#2483=ORIENTED_EDGE('',*,*,#1798,.F.);
#2484=ORIENTED_EDGE('',*,*,#1801,.F.);
#2485=ORIENTED_EDGE('',*,*,#1804,.F.);
#2486=ORIENTED_EDGE('',*,*,#1807,.F.);
#2487=ORIENTED_EDGE('',*,*,#1810,.F.);
#2488=ORIENTED_EDGE('',*,*,#1813,.F.);
#2489=ORIENTED_EDGE('',*,*,#1816,.F.);
#2490=ORIENTED_EDGE('',*,*,#1817,.T.);
#2491=ORIENTED_EDGE('',*,*,#1818,.T.);
#2492=ORIENTED_EDGE('',*,*,#1819,.F.);
#2493=ORIENTED_EDGE('',*,*,#1820,.F.);
#2494=ORIENTED_EDGE('',*,*,#1821,.T.);
#2495=ORIENTED_EDGE('',*,*,#1822,.T.);
#2496=ORIENTED_EDGE('',*,*,#1817,.F.);
#2497=ORIENTED_EDGE('',*,*,#1823,.F.);
#2498=ORIENTED_EDGE('',*,*,#1824,.T.);
#2499=ORIENTED_EDGE('',*,*,#1825,.T.);
#2500=ORIENTED_EDGE('',*,*,#1821,.F.);
#2501=ORIENTED_EDGE('',*,*,#1826,.F.);
#2502=ORIENTED_EDGE('',*,*,#1827,.T.);
#2503=ORIENTED_EDGE('',*,*,#1828,.T.);
#2504=ORIENTED_EDGE('',*,*,#1824,.F.);
#2505=ORIENTED_EDGE('',*,*,#1829,.F.);
#2506=ORIENTED_EDGE('',*,*,#1830,.T.);
#2507=ORIENTED_EDGE('',*,*,#1831,.T.);
#2508=ORIENTED_EDGE('',*,*,#1827,.F.);
#2509=ORIENTED_EDGE('',*,*,#1832,.F.);
#2510=ORIENTED_EDGE('',*,*,#1833,.T.);
#2511=ORIENTED_EDGE('',*,*,#1834,.T.);
#2512=ORIENTED_EDGE('',*,*,#1830,.F.);
#2513=ORIENTED_EDGE('',*,*,#1835,.F.);
#2514=ORIENTED_EDGE('',*,*,#1836,.T.);
#2515=ORIENTED_EDGE('',*,*,#1837,.T.);
#2516=ORIENTED_EDGE('',*,*,#1833,.F.);
#2517=ORIENTED_EDGE('',*,*,#1838,.F.);
#2518=ORIENTED_EDGE('',*,*,#1839,.T.);
#2519=ORIENTED_EDGE('',*,*,#1840,.T.);
#2520=ORIENTED_EDGE('',*,*,#1836,.F.);
#2521=ORIENTED_EDGE('',*,*,#1841,.F.);
#2522=ORIENTED_EDGE('',*,*,#1819,.T.);
#2523=ORIENTED_EDGE('',*,*,#1842,.T.);
#2524=ORIENTED_EDGE('',*,*,#1839,.F.);
#2525=ORIENTED_EDGE('',*,*,#1842,.F.);
#2526=ORIENTED_EDGE('',*,*,#1818,.F.);
#2527=ORIENTED_EDGE('',*,*,#1822,.F.);
#2528=ORIENTED_EDGE('',*,*,#1825,.F.);
#2529=ORIENTED_EDGE('',*,*,#1828,.F.);
#2530=ORIENTED_EDGE('',*,*,#1831,.F.);
#2531=ORIENTED_EDGE('',*,*,#1834,.F.);
#2532=ORIENTED_EDGE('',*,*,#1837,.F.);
#2533=ORIENTED_EDGE('',*,*,#1840,.F.);
#2534=ORIENTED_EDGE('',*,*,#1843,.F.);
#2535=ORIENTED_EDGE('',*,*,#1844,.T.);
#2536=ORIENTED_EDGE('',*,*,#1845,.T.);
#2537=ORIENTED_EDGE('',*,*,#1846,.F.);
#2538=ORIENTED_EDGE('',*,*,#1847,.F.);
#2539=ORIENTED_EDGE('',*,*,#1848,.T.);
#2540=ORIENTED_EDGE('',*,*,#1849,.T.);
#2541=ORIENTED_EDGE('',*,*,#1844,.F.);
#2542=ORIENTED_EDGE('',*,*,#1850,.F.);
#2543=ORIENTED_EDGE('',*,*,#1851,.T.);
#2544=ORIENTED_EDGE('',*,*,#1852,.T.);
#2545=ORIENTED_EDGE('',*,*,#1848,.F.);
#2546=ORIENTED_EDGE('',*,*,#1853,.F.);
#2547=ORIENTED_EDGE('',*,*,#1854,.T.);
#2548=ORIENTED_EDGE('',*,*,#1855,.T.);
#2549=ORIENTED_EDGE('',*,*,#1851,.F.);
#2550=ORIENTED_EDGE('',*,*,#1856,.F.);
#2551=ORIENTED_EDGE('',*,*,#1857,.T.);
#2552=ORIENTED_EDGE('',*,*,#1858,.T.);
#2553=ORIENTED_EDGE('',*,*,#1854,.F.);
#2554=ORIENTED_EDGE('',*,*,#1859,.F.);
#2555=ORIENTED_EDGE('',*,*,#1860,.T.);
#2556=ORIENTED_EDGE('',*,*,#1861,.T.);
#2557=ORIENTED_EDGE('',*,*,#1857,.F.);
#2558=ORIENTED_EDGE('',*,*,#1862,.F.);
#2559=ORIENTED_EDGE('',*,*,#1863,.T.);
#2560=ORIENTED_EDGE('',*,*,#1864,.T.);
#2561=ORIENTED_EDGE('',*,*,#1860,.F.);
#2562=ORIENTED_EDGE('',*,*,#1865,.F.);
#2563=ORIENTED_EDGE('',*,*,#1866,.T.);
#2564=ORIENTED_EDGE('',*,*,#1867,.T.);
#2565=ORIENTED_EDGE('',*,*,#1863,.F.);
#2566=ORIENTED_EDGE('',*,*,#1868,.F.);
#2567=ORIENTED_EDGE('',*,*,#1846,.T.);
#2568=ORIENTED_EDGE('',*,*,#1869,.T.);
#2569=ORIENTED_EDGE('',*,*,#1866,.F.);
#2570=ORIENTED_EDGE('',*,*,#1869,.F.);
#2571=ORIENTED_EDGE('',*,*,#1845,.F.);
#2572=ORIENTED_EDGE('',*,*,#1849,.F.);
#2573=ORIENTED_EDGE('',*,*,#1852,.F.);
#2574=ORIENTED_EDGE('',*,*,#1855,.F.);
#2575=ORIENTED_EDGE('',*,*,#1858,.F.);
#2576=ORIENTED_EDGE('',*,*,#1861,.F.);
#2577=ORIENTED_EDGE('',*,*,#1864,.F.);
#2578=ORIENTED_EDGE('',*,*,#1867,.F.);
#2579=ORIENTED_EDGE('',*,*,#1761,.F.);
#2580=ORIENTED_EDGE('',*,*,#1870,.T.);
#2581=ORIENTED_EDGE('',*,*,#1870,.F.);
#2582=ORIENTED_EDGE('',*,*,#1760,.F.);
#2583=ORIENTED_EDGE('',*,*,#1871,.T.);
#2584=ORIENTED_EDGE('',*,*,#1871,.F.);
#2585=ORIENTED_EDGE('',*,*,#1872,.T.);
#2586=ORIENTED_EDGE('',*,*,#1873,.T.);
#2587=ORIENTED_EDGE('',*,*,#1874,.T.);
#2588=ORIENTED_EDGE('',*,*,#1875,.T.);
#2589=ORIENTED_EDGE('',*,*,#1872,.F.);
#2590=ORIENTED_EDGE('',*,*,#1876,.F.);
#2591=ORIENTED_EDGE('',*,*,#1877,.T.);
#2592=ORIENTED_EDGE('',*,*,#1878,.F.);
#2593=ORIENTED_EDGE('',*,*,#1875,.F.);
#2594=ORIENTED_EDGE('',*,*,#1879,.T.);
#2595=ORIENTED_EDGE('',*,*,#1880,.F.);
#2596=ORIENTED_EDGE('',*,*,#1881,.T.);
#2597=ORIENTED_EDGE('',*,*,#1755,.T.);
#2598=ORIENTED_EDGE('',*,*,#1882,.T.);
#2599=ORIENTED_EDGE('',*,*,#1883,.T.);
#2600=ORIENTED_EDGE('',*,*,#1880,.T.);
#2601=ORIENTED_EDGE('',*,*,#1884,.T.);
#2602=ORIENTED_EDGE('',*,*,#1885,.T.);
#2603=ORIENTED_EDGE('',*,*,#1883,.F.);
#2604=ORIENTED_EDGE('',*,*,#1886,.F.);
#2605=ORIENTED_EDGE('',*,*,#1887,.F.);
#2606=ORIENTED_EDGE('',*,*,#1888,.T.);
#2607=ORIENTED_EDGE('',*,*,#1874,.F.);
#2608=ORIENTED_EDGE('',*,*,#1889,.F.);
#2609=ORIENTED_EDGE('',*,*,#1890,.F.);
#2610=ORIENTED_EDGE('',*,*,#1891,.F.);
#2611=ORIENTED_EDGE('',*,*,#1892,.F.);
#2612=ORIENTED_EDGE('',*,*,#1890,.T.);
#2613=ORIENTED_EDGE('',*,*,#1893,.F.);
#2614=ORIENTED_EDGE('',*,*,#1877,.F.);
#2615=ORIENTED_EDGE('',*,*,#1894,.F.);
#2616=ORIENTED_EDGE('',*,*,#1873,.F.);
#2617=ORIENTED_EDGE('',*,*,#1878,.T.);
#2618=ORIENTED_EDGE('',*,*,#1893,.T.);
#2619=ORIENTED_EDGE('',*,*,#1889,.T.);
#2620=ORIENTED_EDGE('',*,*,#1884,.F.);
#2621=ORIENTED_EDGE('',*,*,#1895,.F.);
#2622=ORIENTED_EDGE('',*,*,#1896,.T.);
#2623=ORIENTED_EDGE('',*,*,#1897,.F.);
#2624=ORIENTED_EDGE('',*,*,#1898,.F.);
#2625=ORIENTED_EDGE('',*,*,#1887,.T.);
#2626=ORIENTED_EDGE('',*,*,#1899,.F.);
#2627=ORIENTED_EDGE('',*,*,#1896,.F.);
#2628=ORIENTED_EDGE('',*,*,#1900,.F.);
#2629=ORIENTED_EDGE('',*,*,#1885,.F.);
#2630=ORIENTED_EDGE('',*,*,#1897,.T.);
#2631=ORIENTED_EDGE('',*,*,#1899,.T.);
#2632=ORIENTED_EDGE('',*,*,#1886,.T.);
#2633=ORIENTED_EDGE('',*,*,#1892,.T.);
#2634=ORIENTED_EDGE('',*,*,#1901,.F.);
#2635=ORIENTED_EDGE('',*,*,#1902,.F.);
#2636=ORIENTED_EDGE('',*,*,#1903,.T.);
#2637=ORIENTED_EDGE('',*,*,#1904,.F.);
#2638=ORIENTED_EDGE('',*,*,#1905,.F.);
#2639=ORIENTED_EDGE('',*,*,#1906,.F.);
#2640=ORIENTED_EDGE('',*,*,#1907,.T.);
#2641=ORIENTED_EDGE('',*,*,#1900,.T.);
#2642=ORIENTED_EDGE('',*,*,#1895,.T.);
#2643=ORIENTED_EDGE('',*,*,#1879,.F.);
#2644=ORIENTED_EDGE('',*,*,#1891,.T.);
#2645=ORIENTED_EDGE('',*,*,#1750,.T.);
#2646=ORIENTED_EDGE('',*,*,#1908,.T.);
#2647=ORIENTED_EDGE('',*,*,#1904,.T.);
#2648=ORIENTED_EDGE('',*,*,#1909,.T.);
#2649=ORIENTED_EDGE('',*,*,#1910,.F.);
#2650=ORIENTED_EDGE('',*,*,#1730,.T.);
#2651=ORIENTED_EDGE('',*,*,#1911,.F.);
#2652=ORIENTED_EDGE('',*,*,#1727,.F.);
#2653=ORIENTED_EDGE('',*,*,#1678,.T.);
#2654=ORIENTED_EDGE('',*,*,#1686,.T.);
#2655=ORIENTED_EDGE('',*,*,#1912,.F.);
#2656=ORIENTED_EDGE('',*,*,#1758,.F.);
#2657=ORIENTED_EDGE('',*,*,#1913,.T.);
#2658=ORIENTED_EDGE('',*,*,#1681,.T.);
#2659=ORIENTED_EDGE('',*,*,#1679,.T.);
#2660=ORIENTED_EDGE('',*,*,#1663,.T.);
#2661=ORIENTED_EDGE('',*,*,#1914,.F.);
#2662=ORIENTED_EDGE('',*,*,#1756,.T.);
#2663=ORIENTED_EDGE('',*,*,#1881,.F.);
#2664=ORIENTED_EDGE('',*,*,#1888,.F.);
#2665=ORIENTED_EDGE('',*,*,#1915,.F.);
#2666=ORIENTED_EDGE('',*,*,#1898,.T.);
#2667=ORIENTED_EDGE('',*,*,#1907,.F.);
#2668=ORIENTED_EDGE('',*,*,#1916,.T.);
#2669=ORIENTED_EDGE('',*,*,#1915,.T.);
#2670=ORIENTED_EDGE('',*,*,#1917,.F.);
#2671=ORIENTED_EDGE('',*,*,#1905,.T.);
#2672=ORIENTED_EDGE('',*,*,#1908,.F.);
#2673=ORIENTED_EDGE('',*,*,#1918,.F.);
#2674=ORIENTED_EDGE('',*,*,#1919,.F.);
#2675=ORIENTED_EDGE('',*,*,#1735,.F.);
#2676=ORIENTED_EDGE('',*,*,#1720,.T.);
#2677=ORIENTED_EDGE('',*,*,#1920,.F.);
#2678=ORIENTED_EDGE('',*,*,#1723,.T.);
#2679=ORIENTED_EDGE('',*,*,#1921,.F.);
#2680=ORIENTED_EDGE('',*,*,#1922,.F.);
#2681=ORIENTED_EDGE('',*,*,#1920,.T.);
#2682=ORIENTED_EDGE('',*,*,#1923,.F.);
#2683=ORIENTED_EDGE('',*,*,#1921,.T.);
#2684=ORIENTED_EDGE('',*,*,#1722,.T.);
#2685=ORIENTED_EDGE('',*,*,#1734,.F.);
#2686=ORIENTED_EDGE('',*,*,#1924,.F.);
#2687=ORIENTED_EDGE('',*,*,#1925,.F.);
#2688=ORIENTED_EDGE('',*,*,#1909,.F.);
#2689=ORIENTED_EDGE('',*,*,#1903,.F.);
#2690=ORIENTED_EDGE('',*,*,#1894,.T.);
#2691=ORIENTED_EDGE('',*,*,#1926,.F.);
#2692=ORIENTED_EDGE('',*,*,#1927,.T.);
#2693=ORIENTED_EDGE('',*,*,#1901,.T.);
#2694=ORIENTED_EDGE('',*,*,#1928,.F.);
#2695=ORIENTED_EDGE('',*,*,#1926,.T.);
#2696=ORIENTED_EDGE('',*,*,#1876,.T.);
#2697=ORIENTED_EDGE('',*,*,#1882,.F.);
#2698=ORIENTED_EDGE('',*,*,#1754,.F.);
#2699=ORIENTED_EDGE('',*,*,#1928,.T.);
#2700=ORIENTED_EDGE('',*,*,#1753,.T.);
#2701=ORIENTED_EDGE('',*,*,#1692,.F.);
#2702=ORIENTED_EDGE('',*,*,#1696,.T.);
#2703=ORIENTED_EDGE('',*,*,#1687,.F.);
#2704=ORIENTED_EDGE('',*,*,#1682,.T.);
#2705=ORIENTED_EDGE('',*,*,#1913,.F.);
#2706=ORIENTED_EDGE('',*,*,#1757,.T.);
#2707=ORIENTED_EDGE('',*,*,#1914,.T.);
#2708=ORIENTED_EDGE('',*,*,#1916,.F.);
#2709=ORIENTED_EDGE('',*,*,#1906,.T.);
#2710=ORIENTED_EDGE('',*,*,#1917,.T.);
#2711=ORIENTED_EDGE('',*,*,#1922,.T.);
#2712=ORIENTED_EDGE('',*,*,#1923,.T.);
#2713=ORIENTED_EDGE('',*,*,#1902,.T.);
#2714=ORIENTED_EDGE('',*,*,#1927,.F.);
#2715=ORIENTED_EDGE('',*,*,#1726,.T.);
#2716=ORIENTED_EDGE('',*,*,#1737,.T.);
#2717=ORIENTED_EDGE('',*,*,#1731,.T.);
#2718=ORIENTED_EDGE('',*,*,#1910,.T.);
#2719=ORIENTED_EDGE('',*,*,#1843,.T.);
#2720=ORIENTED_EDGE('',*,*,#1868,.T.);
#2721=ORIENTED_EDGE('',*,*,#1865,.T.);
#2722=ORIENTED_EDGE('',*,*,#1862,.T.);
#2723=ORIENTED_EDGE('',*,*,#1859,.T.);
#2724=ORIENTED_EDGE('',*,*,#1856,.T.);
#2725=ORIENTED_EDGE('',*,*,#1853,.T.);
#2726=ORIENTED_EDGE('',*,*,#1850,.T.);
#2727=ORIENTED_EDGE('',*,*,#1847,.T.);
#2728=ORIENTED_EDGE('',*,*,#1816,.T.);
#2729=ORIENTED_EDGE('',*,*,#1841,.T.);
#2730=ORIENTED_EDGE('',*,*,#1838,.T.);
#2731=ORIENTED_EDGE('',*,*,#1835,.T.);
#2732=ORIENTED_EDGE('',*,*,#1832,.T.);
#2733=ORIENTED_EDGE('',*,*,#1829,.T.);
#2734=ORIENTED_EDGE('',*,*,#1826,.T.);
#2735=ORIENTED_EDGE('',*,*,#1823,.T.);
#2736=ORIENTED_EDGE('',*,*,#1820,.T.);
#2737=ORIENTED_EDGE('',*,*,#1789,.T.);
#2738=ORIENTED_EDGE('',*,*,#1814,.T.);
#2739=ORIENTED_EDGE('',*,*,#1811,.T.);
#2740=ORIENTED_EDGE('',*,*,#1808,.T.);
#2741=ORIENTED_EDGE('',*,*,#1805,.T.);
#2742=ORIENTED_EDGE('',*,*,#1802,.T.);
#2743=ORIENTED_EDGE('',*,*,#1799,.T.);
#2744=ORIENTED_EDGE('',*,*,#1796,.T.);
#2745=ORIENTED_EDGE('',*,*,#1793,.T.);
#2746=ORIENTED_EDGE('',*,*,#1762,.T.);
#2747=ORIENTED_EDGE('',*,*,#1787,.T.);
#2748=ORIENTED_EDGE('',*,*,#1784,.T.);
#2749=ORIENTED_EDGE('',*,*,#1781,.T.);
#2750=ORIENTED_EDGE('',*,*,#1778,.T.);
#2751=ORIENTED_EDGE('',*,*,#1775,.T.);
#2752=ORIENTED_EDGE('',*,*,#1772,.T.);
#2753=ORIENTED_EDGE('',*,*,#1769,.T.);
#2754=ORIENTED_EDGE('',*,*,#1766,.T.);
#2755=ORIENTED_EDGE('',*,*,#1705,.T.);
#2756=ORIENTED_EDGE('',*,*,#1728,.T.);
#2757=ORIENTED_EDGE('',*,*,#1911,.T.);
#2758=ORIENTED_EDGE('',*,*,#1729,.T.);
#2759=ORIENTED_EDGE('',*,*,#1716,.T.);
#2760=ORIENTED_EDGE('',*,*,#1713,.T.);
#2761=ORIENTED_EDGE('',*,*,#1709,.T.);
#2762=ORIENTED_EDGE('',*,*,#1733,.T.);
#2763=ORIENTED_EDGE('',*,*,#1736,.T.);
#2764=ORIENTED_EDGE('',*,*,#1919,.T.);
#2765=ORIENTED_EDGE('',*,*,#1918,.T.);
#2766=ORIENTED_EDGE('',*,*,#1749,.T.);
#2767=ORIENTED_EDGE('',*,*,#1740,.F.);
#2768=ORIENTED_EDGE('',*,*,#1759,.T.);
#2769=ORIENTED_EDGE('',*,*,#1912,.T.);
#2770=ORIENTED_EDGE('',*,*,#1685,.T.);
#2771=ORIENTED_EDGE('',*,*,#1690,.T.);
#2772=ORIENTED_EDGE('',*,*,#1697,.T.);
#2773=ORIENTED_EDGE('',*,*,#1694,.T.);
#2774=ORIENTED_EDGE('',*,*,#1752,.T.);
#2775=ORIENTED_EDGE('',*,*,#1746,.T.);
#2776=ORIENTED_EDGE('',*,*,#1751,.T.);
#2777=ORIENTED_EDGE('',*,*,#1925,.T.);
#2778=ORIENTED_EDGE('',*,*,#1924,.T.);
#2779=ORIENTED_EDGE('',*,*,#1738,.T.);
#2780=ORIENTED_EDGE('',*,*,#1724,.T.);
#2781=ORIENTED_EDGE('',*,*,#1702,.T.);
#2782=ORIENTED_EDGE('',*,*,#1698,.T.);
#2783=PLANE('',#3067);
#2784=PLANE('',#3083);
#2785=PLANE('',#3086);
#2786=PLANE('',#3087);
#2787=PLANE('',#3088);
#2788=PLANE('',#3093);
#2789=PLANE('',#3102);
#2790=PLANE('',#3103);
#2791=PLANE('',#3106);
#2792=PLANE('',#3107);
#2793=PLANE('',#3122);
#2794=PLANE('',#3123);
#2795=PLANE('',#3124);
#2796=PLANE('',#3125);
#2797=PLANE('',#3140);
#2798=PLANE('',#3141);
#2799=PLANE('',#3142);
#2800=PLANE('',#3143);
#2801=PLANE('',#3144);
#2802=PLANE('',#3145);
#2803=PLANE('',#3146);
#2804=PLANE('',#3147);
#2805=PLANE('',#3148);
#2806=PLANE('',#3149);
#2807=PLANE('',#3150);
#2808=PLANE('',#3151);
#2809=PLANE('',#3152);
#2810=PLANE('',#3153);
#2811=PLANE('',#3154);
#2812=PLANE('',#3155);
#2813=PLANE('',#3158);
#2814=PLANE('',#3159);
#2815=PLANE('',#3160);
#2816=PLANE('',#3161);
#2817=PLANE('',#3162);
#2818=PLANE('',#3163);
#2819=PLANE('',#3166);
#2820=PLANE('',#3167);
#2821=PLANE('',#3168);
#2822=PLANE('',#3170);
#2823=PLANE('',#3186);
#2824=PLANE('',#3191);
#2825=PLANE('',#3192);
#2826=PLANE('',#3193);
#2827=PLANE('',#3198);
#2828=PLANE('',#3199);
#2829=PLANE('',#3200);
#2830=PLANE('',#3201);
#2831=PLANE('',#3202);
#2832=PLANE('',#3203);
#2833=PLANE('',#3204);
#2834=PLANE('',#3205);
#2835=PLANE('',#3206);
#2836=PLANE('',#3207);
#2837=PLANE('',#3208);
#2838=PLANE('',#3209);
#2839=PLANE('',#3210);
#2840=PLANE('',#3211);
#2841=PLANE('',#3212);
#2842=PLANE('',#3213);
#2843=PLANE('',#3214);
#2844=PLANE('',#3217);
#2845=PLANE('',#3218);
#2846=PLANE('',#3219);
#2847=PLANE('',#3220);
#2848=PLANE('',#3221);
#2849=PLANE('',#3222);
#2850=PLANE('',#3226);
#2851=PLANE('',#3227);
#2852=PLANE('',#3228);
#2853=PLANE('',#3229);
#2854=PLANE('',#3230);
#2855=PLANE('',#3231);
#2856=PLANE('',#3232);
#2857=PLANE('',#3233);
#2858=PLANE('',#3234);
#2859=PLANE('',#3238);
#2860=PLANE('',#3239);
#2861=PLANE('',#3240);
#2862=PLANE('',#3244);
#2863=PLANE('',#3245);
#2864=PLANE('',#3246);
#2865=PLANE('',#3247);
#2866=PLANE('',#3248);
#2867=PLANE('',#3249);
#2868=PLANE('',#3250);
#2869=PLANE('',#3251);
#2870=PLANE('',#3252);
#2871=PLANE('',#3256);
#2872=PLANE('',#3257);
#2873=PLANE('',#3258);
#2874=PLANE('',#3259);
#2875=PLANE('',#3260);
#2876=PLANE('',#3261);
#2877=PLANE('',#3262);
#2878=PLANE('',#3263);
#2879=PLANE('',#3264);
#2880=PLANE('',#3269);
#2881=PLANE('',#3270);
#2882=PLANE('',#3271);
#2883=PLANE('',#3274);
#2884=PLANE('',#3275);
#2885=PLANE('',#3276);
#2886=PLANE('',#3277);
#2887=PLANE('',#3278);
#2888=PLANE('',#3279);
#2889=PLANE('',#3280);
#2890=PLANE('',#3281);
#2891=PLANE('',#3282);
#2892=PLANE('',#3283);
#2893=PLANE('',#3284);
#2894=PLANE('',#3285);
#2895=PLANE('',#3288);
#2896=PLANE('',#3289);
#2897=PLANE('',#3290);
#2898=PLANE('',#3291);
#2899=PLANE('',#3292);
#2900=PLANE('',#3295);
#2901=PLANE('',#3296);
#2902=ADVANCED_FACE('',(#116),#2783,.T.);
#2903=ADVANCED_FACE('',(#117),#82,.F.);
#2904=ADVANCED_FACE('',(#118),#78,.F.);
#2905=ADVANCED_FACE('',(#119),#83,.F.);
#2906=ADVANCED_FACE('',(#120),#79,.F.);
#2907=ADVANCED_FACE('',(#121),#84,.F.);
#2908=ADVANCED_FACE('',(#122),#2784,.F.);
#2909=ADVANCED_FACE('',(#123),#85,.F.);
#2910=ADVANCED_FACE('',(#124),#2785,.F.);
#2911=ADVANCED_FACE('',(#125),#2786,.F.);
#2912=ADVANCED_FACE('',(#126),#2787,.F.);
#2913=ADVANCED_FACE('',(#127),#86,.F.);
#2914=ADVANCED_FACE('',(#128),#87,.F.);
#2915=ADVANCED_FACE('',(#129),#2788,.T.);
#2916=ADVANCED_FACE('',(#130),#74,.F.);
#2917=ADVANCED_FACE('',(#131),#75,.F.);
#2918=ADVANCED_FACE('',(#132),#88,.F.);
#2919=ADVANCED_FACE('',(#133),#2789,.F.);
#2920=ADVANCED_FACE('',(#134),#2790,.T.);
#2921=ADVANCED_FACE('',(#135),#2791,.T.);
#2922=ADVANCED_FACE('',(#136),#2792,.T.);
#2923=ADVANCED_FACE('',(#137),#89,.F.);
#2924=ADVANCED_FACE('',(#138),#90,.F.);
#2925=ADVANCED_FACE('',(#139),#91,.F.);
#2926=ADVANCED_FACE('',(#140),#92,.F.);
#2927=ADVANCED_FACE('',(#141),#93,.F.);
#2928=ADVANCED_FACE('',(#142),#94,.F.);
#2929=ADVANCED_FACE('',(#143),#2793,.F.);
#2930=ADVANCED_FACE('',(#144),#2794,.F.);
#2931=ADVANCED_FACE('',(#145),#2795,.F.);
#2932=ADVANCED_FACE('',(#146),#2796,.F.);
#2933=ADVANCED_FACE('',(#147),#95,.F.);
#2934=ADVANCED_FACE('',(#148),#96,.F.);
#2935=ADVANCED_FACE('',(#149),#97,.F.);
#2936=ADVANCED_FACE('',(#150),#98,.F.);
#2937=ADVANCED_FACE('',(#151),#99,.F.);
#2938=ADVANCED_FACE('',(#152),#100,.F.);
#2939=ADVANCED_FACE('',(#153),#2797,.F.);
#2940=ADVANCED_FACE('',(#154),#2798,.F.);
#2941=ADVANCED_FACE('',(#155),#2799,.F.);
#2942=ADVANCED_FACE('',(#156),#2800,.F.);
#2943=ADVANCED_FACE('',(#157,#44),#2801,.T.);
#2944=ADVANCED_FACE('',(#158),#2802,.F.);
#2945=ADVANCED_FACE('',(#159),#2803,.F.);
#2946=ADVANCED_FACE('',(#160),#2804,.F.);
#2947=ADVANCED_FACE('',(#161),#2805,.F.);
#2948=ADVANCED_FACE('',(#162),#2806,.F.);
#2949=ADVANCED_FACE('',(#163),#2807,.F.);
#2950=ADVANCED_FACE('',(#164),#2808,.F.);
#2951=ADVANCED_FACE('',(#165),#2809,.F.);
#2952=ADVANCED_FACE('',(#166),#2810,.F.);
#2953=ADVANCED_FACE('',(#167),#2811,.T.);
#2954=ADVANCED_FACE('',(#168,#45,#46),#2812,.F.);
#2955=ADVANCED_FACE('',(#169,#47,#48),#2813,.T.);
#2956=ADVANCED_FACE('',(#170),#2814,.F.);
#2957=ADVANCED_FACE('',(#171),#2815,.F.);
#2958=ADVANCED_FACE('',(#172),#2816,.F.);
#2959=ADVANCED_FACE('',(#173),#2817,.T.);
#2960=ADVANCED_FACE('',(#174),#2818,.T.);
#2961=ADVANCED_FACE('',(#175),#101,.T.);
#2962=ADVANCED_FACE('',(#176),#102,.T.);
#2963=ADVANCED_FACE('',(#177,#49),#2819,.T.);
#2964=ADVANCED_FACE('',(#178),#2820,.T.);
#2965=ADVANCED_FACE('',(#179,#50),#2821,.T.);
#2966=ADVANCED_FACE('',(#180),#2822,.F.);
#2967=ADVANCED_FACE('',(#181),#103,.T.);
#2968=ADVANCED_FACE('',(#182),#80,.T.);
#2969=ADVANCED_FACE('',(#183),#104,.T.);
#2970=ADVANCED_FACE('',(#184),#81,.T.);
#2971=ADVANCED_FACE('',(#185),#105,.T.);
#2972=ADVANCED_FACE('',(#186),#2823,.T.);
#2973=ADVANCED_FACE('',(#187),#106,.T.);
#2974=ADVANCED_FACE('',(#188),#107,.T.);
#2975=ADVANCED_FACE('',(#189),#2824,.T.);
#2976=ADVANCED_FACE('',(#190),#2825,.T.);
#2977=ADVANCED_FACE('',(#191),#2826,.T.);
#2978=ADVANCED_FACE('',(#192),#108,.T.);
#2979=ADVANCED_FACE('',(#193),#109,.T.);
#2980=ADVANCED_FACE('',(#194),#2827,.F.);
#2981=ADVANCED_FACE('',(#195),#2828,.F.);
#2982=ADVANCED_FACE('',(#196),#2829,.F.);
#2983=ADVANCED_FACE('',(#197),#2830,.F.);
#2984=ADVANCED_FACE('',(#198),#2831,.F.);
#2985=ADVANCED_FACE('',(#199),#2832,.F.);
#2986=ADVANCED_FACE('',(#200),#2833,.F.);
#2987=ADVANCED_FACE('',(#201),#2834,.F.);
#2988=ADVANCED_FACE('',(#202),#2835,.F.);
#2989=ADVANCED_FACE('',(#203),#2836,.T.);
#2990=ADVANCED_FACE('',(#204),#2837,.T.);
#2991=ADVANCED_FACE('',(#205),#2838,.T.);
#2992=ADVANCED_FACE('',(#206),#2839,.F.);
#2993=ADVANCED_FACE('',(#207),#2840,.F.);
#2994=ADVANCED_FACE('',(#208),#2841,.F.);
#2995=ADVANCED_FACE('',(#209),#2842,.F.);
#2996=ADVANCED_FACE('',(#210,#51,#52),#2843,.T.);
#2997=ADVANCED_FACE('',(#211),#2844,.F.);
#2998=ADVANCED_FACE('',(#212),#2845,.F.);
#2999=ADVANCED_FACE('',(#213),#2846,.F.);
#3000=ADVANCED_FACE('',(#214),#2847,.F.);
#3001=ADVANCED_FACE('',(#215),#2848,.F.);
#3002=ADVANCED_FACE('',(#216),#2849,.F.);
#3003=ADVANCED_FACE('',(#217),#110,.F.);
#3004=ADVANCED_FACE('',(#218),#2850,.F.);
#3005=ADVANCED_FACE('',(#219),#2851,.F.);
#3006=ADVANCED_FACE('',(#220),#2852,.T.);
#3007=ADVANCED_FACE('',(#221),#2853,.F.);
#3008=ADVANCED_FACE('',(#222),#2854,.F.);
#3009=ADVANCED_FACE('',(#223),#2855,.F.);
#3010=ADVANCED_FACE('',(#224),#2856,.F.);
#3011=ADVANCED_FACE('',(#225),#2857,.F.);
#3012=ADVANCED_FACE('',(#226),#2858,.F.);
#3013=ADVANCED_FACE('',(#227),#111,.F.);
#3014=ADVANCED_FACE('',(#228),#2859,.F.);
#3015=ADVANCED_FACE('',(#229),#2860,.F.);
#3016=ADVANCED_FACE('',(#230),#2861,.T.);
#3017=ADVANCED_FACE('',(#231),#112,.F.);
#3018=ADVANCED_FACE('',(#232),#2862,.F.);
#3019=ADVANCED_FACE('',(#233),#2863,.F.);
#3020=ADVANCED_FACE('',(#234),#2864,.F.);
#3021=ADVANCED_FACE('',(#235),#2865,.F.);
#3022=ADVANCED_FACE('',(#236),#2866,.F.);
#3023=ADVANCED_FACE('',(#237),#2867,.F.);
#3024=ADVANCED_FACE('',(#238),#2868,.F.);
#3025=ADVANCED_FACE('',(#239),#2869,.F.);
#3026=ADVANCED_FACE('',(#240),#2870,.T.);
#3027=ADVANCED_FACE('',(#241),#113,.F.);
#3028=ADVANCED_FACE('',(#242),#2871,.F.);
#3029=ADVANCED_FACE('',(#243),#2872,.F.);
#3030=ADVANCED_FACE('',(#244),#2873,.F.);
#3031=ADVANCED_FACE('',(#245),#2874,.F.);
#3032=ADVANCED_FACE('',(#246),#2875,.F.);
#3033=ADVANCED_FACE('',(#247),#2876,.F.);
#3034=ADVANCED_FACE('',(#248),#2877,.F.);
#3035=ADVANCED_FACE('',(#249),#2878,.F.);
#3036=ADVANCED_FACE('',(#250),#2879,.T.);
#3037=ADVANCED_FACE('',(#251),#76,.T.);
#3038=ADVANCED_FACE('',(#252),#77,.T.);
#3039=ADVANCED_FACE('',(#253),#2880,.T.);
#3040=ADVANCED_FACE('',(#254),#2881,.T.);
#3041=ADVANCED_FACE('',(#255),#2882,.F.);
#3042=ADVANCED_FACE('',(#256),#2883,.T.);
#3043=ADVANCED_FACE('',(#257),#2884,.T.);
#3044=ADVANCED_FACE('',(#258),#2885,.T.);
#3045=ADVANCED_FACE('',(#259),#2886,.T.);
#3046=ADVANCED_FACE('',(#260),#2887,.T.);
#3047=ADVANCED_FACE('',(#261),#2888,.T.);
#3048=ADVANCED_FACE('',(#262),#2889,.T.);
#3049=ADVANCED_FACE('',(#263),#2890,.T.);
#3050=ADVANCED_FACE('',(#264),#2891,.T.);
#3051=ADVANCED_FACE('',(#265),#2892,.T.);
#3052=ADVANCED_FACE('',(#266),#2893,.T.);
#3053=ADVANCED_FACE('',(#267),#2894,.T.);
#3054=ADVANCED_FACE('',(#268),#114,.T.);
#3055=ADVANCED_FACE('',(#269),#2895,.T.);
#3056=ADVANCED_FACE('',(#270),#2896,.T.);
#3057=ADVANCED_FACE('',(#271),#2897,.T.);
#3058=ADVANCED_FACE('',(#272),#2898,.T.);
#3059=ADVANCED_FACE('',(#273),#2899,.T.);
#3060=ADVANCED_FACE('',(#274),#115,.T.);
#3061=ADVANCED_FACE('',(#275,#53,#54,#55,#56,#57),#2900,.T.);
#3062=ADVANCED_FACE('',(#276),#2901,.F.);
#3063=CLOSED_SHELL('',(#2902,#2903,#2904,#2905,#2906,#2907,#2908,#2909,
#2910,#2911,#2912,#2913,#2914,#2915,#2916,#2917,#2918,#2919,#2920,#2921,
#2922,#2923,#2924,#2925,#2926,#2927,#2928,#2929,#2930,#2931,#2932,#2933,
#2934,#2935,#2936,#2937,#2938,#2939,#2940,#2941,#2942,#2943,#2944,#2945,
#2946,#2947,#2948,#2949,#2950,#2951,#2952,#2953,#2954,#2955,#2956,#2957,
#2958,#2959,#2960,#2961,#2962,#2963,#2964,#2965));
#3064=CLOSED_SHELL('',(#2966,#2967,#2968,#2969,#2970,#2971,#2972,#2973,
#2974,#2975,#2976,#2977,#2978,#2979,#2980,#2981,#2982,#2983,#2984,#2985,
#2986,#2987,#2988,#2989,#2990,#2991,#2992,#2993,#2994,#2995,#2996,#2997,
#2998,#2999,#3000,#3001,#3002,#3003,#3004,#3005,#3006,#3007,#3008,#3009,
#3010,#3011,#3012,#3013,#3014,#3015,#3016,#3017,#3018,#3019,#3020,#3021,
#3022,#3023,#3024,#3025,#3026,#3027,#3028,#3029,#3030,#3031,#3032,#3033,
#3034,#3035,#3036,#3037,#3038,#3039,#3040,#3041,#3042,#3043,#3044,#3045,
#3046,#3047,#3048,#3049,#3050,#3051,#3052,#3053,#3054,#3055,#3056,#3057,
#3058,#3059,#3060,#3061,#3062));
#3065=AXIS2_PLACEMENT_3D('',#4129,#3300,#3301);
#3066=AXIS2_PLACEMENT_3D('',#4130,#3302,#3303);
#3067=AXIS2_PLACEMENT_3D('',#4131,#3304,#3305);
#3068=AXIS2_PLACEMENT_3D('',#4135,#3307,#3308);
#3069=AXIS2_PLACEMENT_3D('',#4136,#3309,#3310);
#3070=AXIS2_PLACEMENT_3D('',#4139,#3311,#3312);
#3071=AXIS2_PLACEMENT_3D('',#4143,#3314,#3315);
#3072=AXIS2_PLACEMENT_3D('',#4145,#3317,#3318);
#3073=AXIS2_PLACEMENT_3D('',#4147,#3319,#3320);
#3074=AXIS2_PLACEMENT_3D('',#4149,#3321,#3322);
#3075=AXIS2_PLACEMENT_3D('',#4150,#3323,#3324);
#3076=AXIS2_PLACEMENT_3D('',#4151,#3325,#3326);
#3077=AXIS2_PLACEMENT_3D('',#4156,#3329,#3330);
#3078=AXIS2_PLACEMENT_3D('',#4157,#3331,#3332);
#3079=AXIS2_PLACEMENT_3D('',#4159,#3333,#3334);
#3080=AXIS2_PLACEMENT_3D('',#4161,#3335,#3336);
#3081=AXIS2_PLACEMENT_3D('',#4162,#3337,#3338);
#3082=AXIS2_PLACEMENT_3D('',#4163,#3339,#3340);
#3083=AXIS2_PLACEMENT_3D('',#4166,#3343,#3344);
#3084=AXIS2_PLACEMENT_3D('',#4168,#3346,#3347);
#3085=AXIS2_PLACEMENT_3D('',#4171,#3348,#3349);
#3086=AXIS2_PLACEMENT_3D('',#4174,#3352,#3353);
#3087=AXIS2_PLACEMENT_3D('',#4178,#3356,#3357);
#3088=AXIS2_PLACEMENT_3D('',#4184,#3361,#3362);
#3089=AXIS2_PLACEMENT_3D('',#4194,#3368,#3369);
#3090=AXIS2_PLACEMENT_3D('',#4195,#3370,#3371);
#3091=AXIS2_PLACEMENT_3D('',#4196,#3372,#3373);
#3092=AXIS2_PLACEMENT_3D('',#4197,#3374,#3375);
#3093=AXIS2_PLACEMENT_3D('',#4198,#3376,#3377);
#3094=AXIS2_PLACEMENT_3D('',#4210,#3384,#3385);
#3095=AXIS2_PLACEMENT_3D('',#4212,#3386,#3387);
#3096=AXIS2_PLACEMENT_3D('',#4214,#3388,#3389);
#3097=AXIS2_PLACEMENT_3D('',#4215,#3390,#3391);
#3098=AXIS2_PLACEMENT_3D('',#4217,#3392,#3393);
#3099=AXIS2_PLACEMENT_3D('',#4219,#3394,#3395);
#3100=AXIS2_PLACEMENT_3D('',#4220,#3396,#3397);
#3101=AXIS2_PLACEMENT_3D('',#4222,#3398,#3399);
#3102=AXIS2_PLACEMENT_3D('',#4224,#3401,#3402);
#3103=AXIS2_PLACEMENT_3D('',#4228,#3405,#3406);
#3104=AXIS2_PLACEMENT_3D('',#4232,#3408,#3409);
#3105=AXIS2_PLACEMENT_3D('',#4240,#3413,#3414);
#3106=AXIS2_PLACEMENT_3D('',#4242,#3416,#3417);
#3107=AXIS2_PLACEMENT_3D('',#4248,#3421,#3422);
#3108=AXIS2_PLACEMENT_3D('',#4260,#3429,#3430);
#3109=AXIS2_PLACEMENT_3D('',#4265,#3432,#3433);
#3110=AXIS2_PLACEMENT_3D('',#4266,#3434,#3435);
#3111=AXIS2_PLACEMENT_3D('',#4267,#3436,#3437);
#3112=AXIS2_PLACEMENT_3D('',#4272,#3439,#3440);
#3113=AXIS2_PLACEMENT_3D('',#4273,#3441,#3442);
#3114=AXIS2_PLACEMENT_3D('',#4274,#3443,#3444);
#3115=AXIS2_PLACEMENT_3D('',#4277,#3447,#3448);
#3116=AXIS2_PLACEMENT_3D('',#4280,#3449,#3450);
#3117=AXIS2_PLACEMENT_3D('',#4282,#3451,#3452);
#3118=AXIS2_PLACEMENT_3D('',#4284,#3454,#3455);
#3119=AXIS2_PLACEMENT_3D('',#4288,#3457,#3458);
#3120=AXIS2_PLACEMENT_3D('',#4290,#3459,#3460);
#3121=AXIS2_PLACEMENT_3D('',#4292,#3462,#3463);
#3122=AXIS2_PLACEMENT_3D('',#4294,#3465,#3466);
#3123=AXIS2_PLACEMENT_3D('',#4300,#3470,#3471);
#3124=AXIS2_PLACEMENT_3D('',#4304,#3474,#3475);
#3125=AXIS2_PLACEMENT_3D('',#4308,#3478,#3479);
#3126=AXIS2_PLACEMENT_3D('',#4310,#3481,#3482);
#3127=AXIS2_PLACEMENT_3D('',#4315,#3484,#3485);
#3128=AXIS2_PLACEMENT_3D('',#4316,#3486,#3487);
#3129=AXIS2_PLACEMENT_3D('',#4317,#3488,#3489);
#3130=AXIS2_PLACEMENT_3D('',#4322,#3491,#3492);
#3131=AXIS2_PLACEMENT_3D('',#4323,#3493,#3494);
#3132=AXIS2_PLACEMENT_3D('',#4324,#3495,#3496);
#3133=AXIS2_PLACEMENT_3D('',#4327,#3499,#3500);
#3134=AXIS2_PLACEMENT_3D('',#4330,#3501,#3502);
#3135=AXIS2_PLACEMENT_3D('',#4332,#3503,#3504);
#3136=AXIS2_PLACEMENT_3D('',#4334,#3506,#3507);
#3137=AXIS2_PLACEMENT_3D('',#4338,#3509,#3510);
#3138=AXIS2_PLACEMENT_3D('',#4340,#3511,#3512);
#3139=AXIS2_PLACEMENT_3D('',#4342,#3514,#3515);
#3140=AXIS2_PLACEMENT_3D('',#4344,#3517,#3518);
#3141=AXIS2_PLACEMENT_3D('',#4350,#3522,#3523);
#3142=AXIS2_PLACEMENT_3D('',#4354,#3526,#3527);
#3143=AXIS2_PLACEMENT_3D('',#4358,#3530,#3531);
#3144=AXIS2_PLACEMENT_3D('',#4360,#3533,#3534);
#3145=AXIS2_PLACEMENT_3D('',#4387,#3549,#3550);
#3146=AXIS2_PLACEMENT_3D('',#4393,#3554,#3555);
#3147=AXIS2_PLACEMENT_3D('',#4397,#3558,#3559);
#3148=AXIS2_PLACEMENT_3D('',#4401,#3562,#3563);
#3149=AXIS2_PLACEMENT_3D('',#4405,#3566,#3567);
#3150=AXIS2_PLACEMENT_3D('',#4409,#3570,#3571);
#3151=AXIS2_PLACEMENT_3D('',#4413,#3574,#3575);
#3152=AXIS2_PLACEMENT_3D('',#4417,#3578,#3579);
#3153=AXIS2_PLACEMENT_3D('',#4421,#3582,#3583);
#3154=AXIS2_PLACEMENT_3D('',#4423,#3585,#3586);
#3155=AXIS2_PLACEMENT_3D('',#4425,#3588,#3589);
#3156=AXIS2_PLACEMENT_3D('',#4430,#3591,#3592);
#3157=AXIS2_PLACEMENT_3D('',#4437,#3596,#3597);
#3158=AXIS2_PLACEMENT_3D('',#4438,#3598,#3599);
#3159=AXIS2_PLACEMENT_3D('',#4441,#3602,#3603);
#3160=AXIS2_PLACEMENT_3D('',#4445,#3606,#3607);
#3161=AXIS2_PLACEMENT_3D('',#4449,#3610,#3611);
#3162=AXIS2_PLACEMENT_3D('',#4451,#3613,#3614);
#3163=AXIS2_PLACEMENT_3D('',#4452,#3615,#3616);
#3164=AXIS2_PLACEMENT_3D('',#4453,#3617,#3618);
#3165=AXIS2_PLACEMENT_3D('',#4455,#3620,#3621);
#3166=AXIS2_PLACEMENT_3D('',#4457,#3623,#3624);
#3167=AXIS2_PLACEMENT_3D('',#4459,#3626,#3627);
#3168=AXIS2_PLACEMENT_3D('',#4461,#3629,#3630);
#3169=AXIS2_PLACEMENT_3D('',#4462,#3631,#3632);
#3170=AXIS2_PLACEMENT_3D('',#4463,#3633,#3634);
#3171=AXIS2_PLACEMENT_3D('',#4467,#3636,#3637);
#3172=AXIS2_PLACEMENT_3D('',#4468,#3638,#3639);
#3173=AXIS2_PLACEMENT_3D('',#4473,#3641,#3642);
#3174=AXIS2_PLACEMENT_3D('',#4476,#3644,#3645);
#3175=AXIS2_PLACEMENT_3D('',#4477,#3646,#3647);
#3176=AXIS2_PLACEMENT_3D('',#4479,#3648,#3649);
#3177=AXIS2_PLACEMENT_3D('',#4481,#3650,#3651);
#3178=AXIS2_PLACEMENT_3D('',#4482,#3652,#3653);
#3179=AXIS2_PLACEMENT_3D('',#4483,#3654,#3655);
#3180=AXIS2_PLACEMENT_3D('',#4487,#3657,#3658);
#3181=AXIS2_PLACEMENT_3D('',#4489,#3660,#3661);
#3182=AXIS2_PLACEMENT_3D('',#4491,#3662,#3663);
#3183=AXIS2_PLACEMENT_3D('',#4493,#3664,#3665);
#3184=AXIS2_PLACEMENT_3D('',#4494,#3666,#3667);
#3185=AXIS2_PLACEMENT_3D('',#4495,#3668,#3669);
#3186=AXIS2_PLACEMENT_3D('',#4498,#3672,#3673);
#3187=AXIS2_PLACEMENT_3D('',#4500,#3675,#3676);
#3188=AXIS2_PLACEMENT_3D('',#4504,#3678,#3679);
#3189=AXIS2_PLACEMENT_3D('',#4506,#3681,#3682);
#3190=AXIS2_PLACEMENT_3D('',#4510,#3684,#3685);
#3191=AXIS2_PLACEMENT_3D('',#4512,#3687,#3688);
#3192=AXIS2_PLACEMENT_3D('',#4516,#3691,#3692);
#3193=AXIS2_PLACEMENT_3D('',#4520,#3695,#3696);
#3194=AXIS2_PLACEMENT_3D('',#4530,#3702,#3703);
#3195=AXIS2_PLACEMENT_3D('',#4531,#3704,#3705);
#3196=AXIS2_PLACEMENT_3D('',#4532,#3706,#3707);
#3197=AXIS2_PLACEMENT_3D('',#4533,#3708,#3709);
#3198=AXIS2_PLACEMENT_3D('',#4534,#3710,#3711);
#3199=AXIS2_PLACEMENT_3D('',#4543,#3716,#3717);
#3200=AXIS2_PLACEMENT_3D('',#4549,#3721,#3722);
#3201=AXIS2_PLACEMENT_3D('',#4555,#3726,#3727);
#3202=AXIS2_PLACEMENT_3D('',#4557,#3729,#3730);
#3203=AXIS2_PLACEMENT_3D('',#4566,#3735,#3736);
#3204=AXIS2_PLACEMENT_3D('',#4572,#3740,#3741);
#3205=AXIS2_PLACEMENT_3D('',#4578,#3745,#3746);
#3206=AXIS2_PLACEMENT_3D('',#4580,#3748,#3749);
#3207=AXIS2_PLACEMENT_3D('',#4589,#3754,#3755);
#3208=AXIS2_PLACEMENT_3D('',#4599,#3761,#3762);
#3209=AXIS2_PLACEMENT_3D('',#4609,#3768,#3769);
#3210=AXIS2_PLACEMENT_3D('',#4617,#3775,#3776);
#3211=AXIS2_PLACEMENT_3D('',#4626,#3781,#3782);
#3212=AXIS2_PLACEMENT_3D('',#4635,#3787,#3788);
#3213=AXIS2_PLACEMENT_3D('',#4638,#3791,#3792);
#3214=AXIS2_PLACEMENT_3D('',#4644,#3796,#3797);
#3215=AXIS2_PLACEMENT_3D('',#4660,#3806,#3807);
#3216=AXIS2_PLACEMENT_3D('',#4662,#3808,#3809);
#3217=AXIS2_PLACEMENT_3D('',#4663,#3810,#3811);
#3218=AXIS2_PLACEMENT_3D('',#4672,#3816,#3817);
#3219=AXIS2_PLACEMENT_3D('',#4678,#3821,#3822);
#3220=AXIS2_PLACEMENT_3D('',#4684,#3826,#3827);
#3221=AXIS2_PLACEMENT_3D('',#4690,#3831,#3832);
#3222=AXIS2_PLACEMENT_3D('',#4696,#3836,#3837);
#3223=AXIS2_PLACEMENT_3D('',#4702,#3841,#3842);
#3224=AXIS2_PLACEMENT_3D('',#4704,#3843,#3844);
#3225=AXIS2_PLACEMENT_3D('',#4707,#3846,#3847);
#3226=AXIS2_PLACEMENT_3D('',#4708,#3848,#3849);
#3227=AXIS2_PLACEMENT_3D('',#4714,#3853,#3854);
#3228=AXIS2_PLACEMENT_3D('',#4717,#3857,#3858);
#3229=AXIS2_PLACEMENT_3D('',#4718,#3859,#3860);
#3230=AXIS2_PLACEMENT_3D('',#4727,#3865,#3866);
#3231=AXIS2_PLACEMENT_3D('',#4733,#3870,#3871);
#3232=AXIS2_PLACEMENT_3D('',#4739,#3875,#3876);
#3233=AXIS2_PLACEMENT_3D('',#4745,#3880,#3881);
#3234=AXIS2_PLACEMENT_3D('',#4751,#3885,#3886);
#3235=AXIS2_PLACEMENT_3D('',#4757,#3890,#3891);
#3236=AXIS2_PLACEMENT_3D('',#4759,#3892,#3893);
#3237=AXIS2_PLACEMENT_3D('',#4762,#3895,#3896);
#3238=AXIS2_PLACEMENT_3D('',#4763,#3897,#3898);
#3239=AXIS2_PLACEMENT_3D('',#4769,#3902,#3903);
#3240=AXIS2_PLACEMENT_3D('',#4772,#3906,#3907);
#3241=AXIS2_PLACEMENT_3D('',#4773,#3908,#3909);
#3242=AXIS2_PLACEMENT_3D('',#4776,#3910,#3911);
#3243=AXIS2_PLACEMENT_3D('',#4780,#3913,#3914);
#3244=AXIS2_PLACEMENT_3D('',#4782,#3916,#3917);
#3245=AXIS2_PLACEMENT_3D('',#4788,#3921,#3922);
#3246=AXIS2_PLACEMENT_3D('',#4794,#3926,#3927);
#3247=AXIS2_PLACEMENT_3D('',#4800,#3931,#3932);
#3248=AXIS2_PLACEMENT_3D('',#4806,#3936,#3937);
#3249=AXIS2_PLACEMENT_3D('',#4812,#3941,#3942);
#3250=AXIS2_PLACEMENT_3D('',#4818,#3946,#3947);
#3251=AXIS2_PLACEMENT_3D('',#4824,#3951,#3952);
#3252=AXIS2_PLACEMENT_3D('',#4827,#3955,#3956);
#3253=AXIS2_PLACEMENT_3D('',#4828,#3957,#3958);
#3254=AXIS2_PLACEMENT_3D('',#4831,#3959,#3960);
#3255=AXIS2_PLACEMENT_3D('',#4835,#3962,#3963);
#3256=AXIS2_PLACEMENT_3D('',#4837,#3965,#3966);
#3257=AXIS2_PLACEMENT_3D('',#4843,#3970,#3971);
#3258=AXIS2_PLACEMENT_3D('',#4849,#3975,#3976);
#3259=AXIS2_PLACEMENT_3D('',#4855,#3980,#3981);
#3260=AXIS2_PLACEMENT_3D('',#4861,#3985,#3986);
#3261=AXIS2_PLACEMENT_3D('',#4867,#3990,#3991);
#3262=AXIS2_PLACEMENT_3D('',#4873,#3995,#3996);
#3263=AXIS2_PLACEMENT_3D('',#4879,#4000,#4001);
#3264=AXIS2_PLACEMENT_3D('',#4882,#4004,#4005);
#3265=AXIS2_PLACEMENT_3D('',#4883,#4006,#4007);
#3266=AXIS2_PLACEMENT_3D('',#4885,#4008,#4009);
#3267=AXIS2_PLACEMENT_3D('',#4886,#4010,#4011);
#3268=AXIS2_PLACEMENT_3D('',#4888,#4012,#4013);
#3269=AXIS2_PLACEMENT_3D('',#4889,#4014,#4015);
#3270=AXIS2_PLACEMENT_3D('',#4898,#4020,#4021);
#3271=AXIS2_PLACEMENT_3D('',#4904,#4025,#4026);
#3272=AXIS2_PLACEMENT_3D('',#4909,#4029,#4030);
#3273=AXIS2_PLACEMENT_3D('',#4910,#4031,#4032);
#3274=AXIS2_PLACEMENT_3D('',#4911,#4033,#4034);
#3275=AXIS2_PLACEMENT_3D('',#4917,#4038,#4039);
#3276=AXIS2_PLACEMENT_3D('',#4923,#4043,#4044);
#3277=AXIS2_PLACEMENT_3D('',#4929,#4048,#4049);
#3278=AXIS2_PLACEMENT_3D('',#4934,#4053,#4054);
#3279=AXIS2_PLACEMENT_3D('',#4935,#4055,#4056);
#3280=AXIS2_PLACEMENT_3D('',#4941,#4060,#4061);
#3281=AXIS2_PLACEMENT_3D('',#4946,#4065,#4066);
#3282=AXIS2_PLACEMENT_3D('',#4947,#4067,#4068);
#3283=AXIS2_PLACEMENT_3D('',#4961,#4076,#4077);
#3284=AXIS2_PLACEMENT_3D('',#4964,#4080,#4081);
#3285=AXIS2_PLACEMENT_3D('',#4967,#4084,#4085);
#3286=AXIS2_PLACEMENT_3D('',#4970,#4088,#4089);
#3287=AXIS2_PLACEMENT_3D('',#4972,#4090,#4091);
#3288=AXIS2_PLACEMENT_3D('',#4974,#4093,#4094);
#3289=AXIS2_PLACEMENT_3D('',#4976,#4096,#4097);
#3290=AXIS2_PLACEMENT_3D('',#4983,#4102,#4103);
#3291=AXIS2_PLACEMENT_3D('',#4987,#4106,#4107);
#3292=AXIS2_PLACEMENT_3D('',#4992,#4111,#4112);
#3293=AXIS2_PLACEMENT_3D('',#4996,#4115,#4116);
#3294=AXIS2_PLACEMENT_3D('',#4997,#4117,#4118);
#3295=AXIS2_PLACEMENT_3D('',#4998,#4119,#4120);
#3296=AXIS2_PLACEMENT_3D('',#4999,#4121,#4122);
#3297=AXIS2_PLACEMENT_3D('',#5000,#4123,#4124);
#3298=AXIS2_PLACEMENT_3D('',#5001,#4125,#4126);
#3299=AXIS2_PLACEMENT_3D('',#5002,#4127,#4128);
#3300=DIRECTION('axis',(0.,0.,1.));
#3301=DIRECTION('refdir',(1.,0.,0.));
#3302=DIRECTION('axis',(0.,0.,1.));
#3303=DIRECTION('refdir',(1.,0.,0.));
#3304=DIRECTION('center_axis',(-1.00929365875014E-16,-1.,0.));
#3305=DIRECTION('ref_axis',(-1.,1.00929365875014E-16,0.));
#3306=DIRECTION('',(0.,0.,-1.));
#3307=DIRECTION('center_axis',(1.00929365875014E-16,1.,0.));
#3308=DIRECTION('ref_axis',(-1.,0.,0.));
#3309=DIRECTION('center_axis',(0.,1.,0.));
#3310=DIRECTION('ref_axis',(-1.,0.,-1.22464679914735E-16));
#3311=DIRECTION('center_axis',(2.6860705731401E-15,-1.,0.));
#3312=DIRECTION('ref_axis',(1.,0.,0.));
#3313=DIRECTION('',(0.,-1.,0.));
#3314=DIRECTION('center_axis',(-2.6860705731401E-15,1.,0.));
#3315=DIRECTION('ref_axis',(1.,2.6860705731401E-15,0.));
#3316=DIRECTION('',(0.,1.,0.));
#3317=DIRECTION('center_axis',(0.,0.,-1.));
#3318=DIRECTION('ref_axis',(-1.,0.,0.));
#3319=DIRECTION('center_axis',(0.,0.,-1.));
#3320=DIRECTION('ref_axis',(-1.,-1.11022302462516E-15,0.));
#3321=DIRECTION('center_axis',(0.,0.,1.));
#3322=DIRECTION('ref_axis',(-1.,-1.11022302462516E-15,0.));
#3323=DIRECTION('center_axis',(-1.,-2.18074902333267E-15,0.));
#3324=DIRECTION('ref_axis',(-2.18074902333267E-15,1.,0.));
#3325=DIRECTION('center_axis',(-1.,1.00929365875014E-16,0.));
#3326=DIRECTION('ref_axis',(-1.00929365875014E-16,-1.,-1.22464679914735E-16));
#3327=DIRECTION('',(-1.,1.00929365875014E-16,0.));
#3328=DIRECTION('',(1.,-1.00929365875014E-16,0.));
#3329=DIRECTION('center_axis',(-1.,-2.18074902333267E-15,0.));
#3330=DIRECTION('ref_axis',(-2.18074902333267E-15,1.,0.));
#3331=DIRECTION('center_axis',(0.,0.,-1.));
#3332=DIRECTION('ref_axis',(-1.,0.,0.));
#3333=DIRECTION('center_axis',(0.,0.,-1.));
#3334=DIRECTION('ref_axis',(1.11022302462516E-15,-1.,0.));
#3335=DIRECTION('center_axis',(0.,0.,1.));
#3336=DIRECTION('ref_axis',(1.11022302462516E-15,-1.,0.));
#3337=DIRECTION('center_axis',(-1.00929365875014E-16,-1.,0.));
#3338=DIRECTION('ref_axis',(-1.,1.00929365875014E-16,0.));
#3339=DIRECTION('center_axis',(0.,-1.,0.));
#3340=DIRECTION('ref_axis',(1.,0.,-1.22464679914735E-16));
#3341=DIRECTION('',(0.,-1.,0.));
#3342=DIRECTION('',(0.,1.,0.));
#3343=DIRECTION('center_axis',(-2.6860705731401E-15,1.,0.));
#3344=DIRECTION('ref_axis',(1.,2.6860705731401E-15,0.));
#3345=DIRECTION('',(0.,0.,-1.));
#3346=DIRECTION('center_axis',(0.,0.,-1.));
#3347=DIRECTION('ref_axis',(1.11022302462516E-15,-1.,0.));
#3348=DIRECTION('center_axis',(0.,0.,-1.));
#3349=DIRECTION('ref_axis',(1.11022302462516E-15,-1.,0.));
#3350=DIRECTION('',(0.,0.,-1.));
#3351=DIRECTION('',(0.,0.,-1.));
#3352=DIRECTION('center_axis',(-1.00929365875014E-16,-1.,0.));
#3353=DIRECTION('ref_axis',(-1.,1.00929365875014E-16,0.));
#3354=DIRECTION('',(-1.,1.00929365875014E-16,0.));
#3355=DIRECTION('',(0.,0.,-1.));
#3356=DIRECTION('center_axis',(-1.00929365875014E-16,-1.,0.));
#3357=DIRECTION('ref_axis',(-1.,1.00929365875014E-16,0.));
#3358=DIRECTION('',(-1.,1.00929365875014E-16,0.));
#3359=DIRECTION('',(0.,0.,-1.));
#3360=DIRECTION('',(0.,0.,-1.));
#3361=DIRECTION('center_axis',(-1.,0.,0.));
#3362=DIRECTION('ref_axis',(0.,1.,0.));
#3363=DIRECTION('',(0.,0.,-1.));
#3364=DIRECTION('',(0.,1.,0.));
#3365=DIRECTION('',(0.,0.,-1.));
#3366=DIRECTION('',(0.,1.,0.));
#3367=DIRECTION('',(0.,0.,-1.));
#3368=DIRECTION('center_axis',(0.,0.,-1.));
#3369=DIRECTION('ref_axis',(-1.,-1.11022302462516E-15,0.));
#3370=DIRECTION('center_axis',(0.,0.,-1.));
#3371=DIRECTION('ref_axis',(-1.,-1.11022302462516E-15,0.));
#3372=DIRECTION('center_axis',(0.,0.,-1.));
#3373=DIRECTION('ref_axis',(-1.,-1.11022302462516E-15,0.));
#3374=DIRECTION('center_axis',(0.,0.,-1.));
#3375=DIRECTION('ref_axis',(-1.,-1.11022302462516E-15,0.));
#3376=DIRECTION('center_axis',(0.,0.,1.));
#3377=DIRECTION('ref_axis',(-1.,0.,0.));
#3378=DIRECTION('',(1.,-2.09476042382105E-16,0.));
#3379=DIRECTION('',(-4.05190884899692E-16,-1.,0.));
#3380=DIRECTION('',(1.,0.,0.));
#3381=DIRECTION('',(0.,-1.,0.));
#3382=DIRECTION('',(1.,0.,0.));
#3383=DIRECTION('',(1.62076353959877E-16,1.,0.));
#3384=DIRECTION('center_axis',(0.,1.,0.));
#3385=DIRECTION('ref_axis',(0.,0.,-1.));
#3386=DIRECTION('center_axis',(0.,-1.,0.));
#3387=DIRECTION('ref_axis',(0.,0.,-1.));
#3388=DIRECTION('center_axis',(-1.,0.,0.));
#3389=DIRECTION('ref_axis',(0.,0.,1.));
#3390=DIRECTION('center_axis',(0.,1.,0.));
#3391=DIRECTION('ref_axis',(0.,0.,-1.));
#3392=DIRECTION('center_axis',(0.,-1.,0.));
#3393=DIRECTION('ref_axis',(0.,0.,-1.));
#3394=DIRECTION('center_axis',(-1.,0.,0.));
#3395=DIRECTION('ref_axis',(0.,0.,1.));
#3396=DIRECTION('center_axis',(0.,0.,-1.));
#3397=DIRECTION('ref_axis',(1.11022302462516E-15,-1.,0.));
#3398=DIRECTION('center_axis',(0.,0.,-1.));
#3399=DIRECTION('ref_axis',(1.11022302462516E-15,-1.,0.));
#3400=DIRECTION('',(0.,0.,-1.));
#3401=DIRECTION('center_axis',(1.,0.,0.));
#3402=DIRECTION('ref_axis',(0.,-1.,0.));
#3403=DIRECTION('',(0.,-1.,0.));
#3404=DIRECTION('',(0.,0.,1.));
#3405=DIRECTION('center_axis',(0.,0.,1.));
#3406=DIRECTION('ref_axis',(1.,0.,0.));
#3407=DIRECTION('',(-1.,0.,0.));
#3408=DIRECTION('center_axis',(0.,0.,1.));
#3409=DIRECTION('ref_axis',(0.,1.,0.));
#3410=DIRECTION('',(3.73184209958036E-16,-1.,0.));
#3411=DIRECTION('',(1.,0.,0.));
#3412=DIRECTION('',(0.,1.,0.));
#3413=DIRECTION('center_axis',(0.,0.,1.));
#3414=DIRECTION('ref_axis',(1.,0.,0.));
#3415=DIRECTION('',(-1.,0.,0.));
#3416=DIRECTION('center_axis',(-1.,1.62076353959877E-16,0.));
#3417=DIRECTION('ref_axis',(-1.62076353959877E-16,-1.,0.));
#3418=DIRECTION('',(0.,0.,1.));
#3419=DIRECTION('',(1.62076353959877E-16,1.,0.));
#3420=DIRECTION('',(0.,0.,1.));
#3421=DIRECTION('center_axis',(2.09476042382105E-16,1.,0.));
#3422=DIRECTION('ref_axis',(-1.,2.09476042382105E-16,0.));
#3423=DIRECTION('',(1.,-2.09476042382105E-16,0.));
#3424=DIRECTION('',(0.,0.,1.));
#3425=DIRECTION('',(1.,-2.09476042382105E-16,0.));
#3426=DIRECTION('',(0.,0.,-1.));
#3427=DIRECTION('',(1.,-2.09476042382105E-16,0.));
#3428=DIRECTION('',(0.,0.,1.));
#3429=DIRECTION('center_axis',(0.,0.,1.));
#3430=DIRECTION('ref_axis',(0.707106781186548,0.707106781186548,0.));
#3431=DIRECTION('',(0.,0.,1.));
#3432=DIRECTION('center_axis',(0.,0.707106781186547,0.707106781186548));
#3433=DIRECTION('ref_axis',(6.13317366673349E-17,0.707106781186548,-0.707106781186547));
#3434=DIRECTION('center_axis',(0.,0.707106781186547,-0.707106781186548));
#3435=DIRECTION('ref_axis',(6.13317366673349E-17,-0.707106781186548,-0.707106781186547));
#3436=DIRECTION('center_axis',(0.,0.,-1.));
#3437=DIRECTION('ref_axis',(0.707106781186548,-0.707106781186548,0.));
#3438=DIRECTION('',(0.,0.,-1.));
#3439=DIRECTION('center_axis',(0.,0.707106781186547,0.707106781186548));
#3440=DIRECTION('ref_axis',(-6.13317366673349E-17,0.707106781186548,-0.707106781186547));
#3441=DIRECTION('center_axis',(0.,0.707106781186547,-0.707106781186548));
#3442=DIRECTION('ref_axis',(-6.13317366673349E-17,-0.707106781186548,-0.707106781186547));
#3443=DIRECTION('center_axis',(0.,1.,0.));
#3444=DIRECTION('ref_axis',(0.707106781186548,0.,-0.707106781186547));
#3445=DIRECTION('',(0.,1.,0.));
#3446=DIRECTION('',(0.,-1.,0.));
#3447=DIRECTION('center_axis',(2.77555756156229E-15,-1.,0.));
#3448=DIRECTION('ref_axis',(-0.707106781186548,0.,0.707106781186547));
#3449=DIRECTION('center_axis',(0.707106781186548,0.707106781186548,0.));
#3450=DIRECTION('ref_axis',(0.707106781186548,-0.707106781186548,-1.2266347333467E-16));
#3451=DIRECTION('center_axis',(0.707106781186549,-0.707106781186546,0.));
#3452=DIRECTION('ref_axis',(-0.707106781186546,-0.707106781186549,0.));
#3453=DIRECTION('',(2.77555756156229E-15,-1.,0.));
#3454=DIRECTION('center_axis',(1.,0.,0.));
#3455=DIRECTION('ref_axis',(0.,-0.70710678118655,0.707106781186545));
#3456=DIRECTION('',(-1.,0.,0.));
#3457=DIRECTION('center_axis',(0.707106781186549,-0.707106781186547,0.));
#3458=DIRECTION('ref_axis',(-0.707106781186547,-0.707106781186548,0.));
#3459=DIRECTION('center_axis',(0.707106781186547,0.707106781186549,0.));
#3460=DIRECTION('ref_axis',(0.707106781186549,-0.707106781186547,0.));
#3461=DIRECTION('',(1.,0.,0.));
#3462=DIRECTION('center_axis',(-1.8503717077082E-15,1.,0.));
#3463=DIRECTION('ref_axis',(0.707106781186548,0.,0.707106781186547));
#3464=DIRECTION('',(-1.8503717077082E-15,1.,0.));
#3465=DIRECTION('center_axis',(0.,1.,0.));
#3466=DIRECTION('ref_axis',(-1.,0.,0.));
#3467=DIRECTION('',(0.,0.,1.));
#3468=DIRECTION('',(-1.,0.,0.));
#3469=DIRECTION('',(0.,0.,-1.));
#3470=DIRECTION('center_axis',(1.,1.8503717077082E-15,0.));
#3471=DIRECTION('ref_axis',(-1.8503717077082E-15,1.,0.));
#3472=DIRECTION('',(-1.8503717077082E-15,1.,0.));
#3473=DIRECTION('',(0.,0.,1.));
#3474=DIRECTION('center_axis',(0.,-1.,0.));
#3475=DIRECTION('ref_axis',(1.,0.,0.));
#3476=DIRECTION('',(1.,0.,0.));
#3477=DIRECTION('',(0.,0.,-1.));
#3478=DIRECTION('center_axis',(-1.,-2.77555756156229E-15,0.));
#3479=DIRECTION('ref_axis',(2.77555756156229E-15,-1.,0.));
#3480=DIRECTION('',(2.77555756156229E-15,-1.,0.));
#3481=DIRECTION('center_axis',(0.,0.,-1.));
#3482=DIRECTION('ref_axis',(-0.707106781186548,0.707106781186548,0.));
#3483=DIRECTION('',(0.,0.,-1.));
#3484=DIRECTION('center_axis',(0.,-0.707106781186547,0.707106781186548));
#3485=DIRECTION('ref_axis',(6.13317366673349E-17,-0.707106781186548,-0.707106781186547));
#3486=DIRECTION('center_axis',(0.,-0.707106781186547,-0.707106781186548));
#3487=DIRECTION('ref_axis',(6.13317366673349E-17,0.707106781186548,-0.707106781186547));
#3488=DIRECTION('center_axis',(0.,0.,1.));
#3489=DIRECTION('ref_axis',(-0.707106781186548,-0.707106781186548,0.));
#3490=DIRECTION('',(0.,0.,1.));
#3491=DIRECTION('center_axis',(0.,-0.707106781186547,0.707106781186548));
#3492=DIRECTION('ref_axis',(-6.13317366673349E-17,-0.707106781186548,-0.707106781186547));
#3493=DIRECTION('center_axis',(0.,-0.707106781186547,-0.707106781186548));
#3494=DIRECTION('ref_axis',(-6.13317366673349E-17,0.707106781186548,-0.707106781186547));
#3495=DIRECTION('center_axis',(0.,-1.,0.));
#3496=DIRECTION('ref_axis',(-0.707106781186548,0.,-0.707106781186547));
#3497=DIRECTION('',(0.,1.,0.));
#3498=DIRECTION('',(0.,-1.,0.));
#3499=DIRECTION('center_axis',(0.,1.,0.));
#3500=DIRECTION('ref_axis',(0.707106781186548,0.,0.707106781186547));
#3501=DIRECTION('center_axis',(0.707106781186548,0.707106781186548,0.));
#3502=DIRECTION('ref_axis',(0.707106781186548,-0.707106781186548,-1.2266347333467E-16));
#3503=DIRECTION('center_axis',(0.707106781186548,-0.707106781186547,0.));
#3504=DIRECTION('ref_axis',(-0.707106781186547,-0.707106781186548,0.));
#3505=DIRECTION('',(0.,1.,0.));
#3506=DIRECTION('center_axis',(1.,0.,0.));
#3507=DIRECTION('ref_axis',(0.,-0.70710678118655,0.707106781186545));
#3508=DIRECTION('',(1.,0.,0.));
#3509=DIRECTION('center_axis',(0.707106781186549,-0.707106781186546,0.));
#3510=DIRECTION('ref_axis',(-0.707106781186546,-0.707106781186549,-1.2266347333467E-16));
#3511=DIRECTION('center_axis',(0.707106781186546,0.707106781186549,0.));
#3512=DIRECTION('ref_axis',(0.707106781186549,-0.707106781186546,-1.2266347333467E-16));
#3513=DIRECTION('',(-1.,0.,0.));
#3514=DIRECTION('center_axis',(3.70074341541639E-15,-1.,0.));
#3515=DIRECTION('ref_axis',(-0.707106781186548,0.,0.707106781186547));
#3516=DIRECTION('',(3.70074341541639E-15,-1.,0.));
#3517=DIRECTION('center_axis',(0.,1.,0.));
#3518=DIRECTION('ref_axis',(-1.,0.,0.));
#3519=DIRECTION('',(0.,0.,1.));
#3520=DIRECTION('',(-1.,0.,0.));
#3521=DIRECTION('',(0.,0.,-1.));
#3522=DIRECTION('center_axis',(1.,0.,0.));
#3523=DIRECTION('ref_axis',(0.,1.,0.));
#3524=DIRECTION('',(0.,1.,0.));
#3525=DIRECTION('',(0.,0.,1.));
#3526=DIRECTION('center_axis',(-1.,-3.70074341541639E-15,0.));
#3527=DIRECTION('ref_axis',(3.70074341541639E-15,-1.,0.));
#3528=DIRECTION('',(0.,0.,-1.));
#3529=DIRECTION('',(3.70074341541639E-15,-1.,0.));
#3530=DIRECTION('center_axis',(0.,-1.,0.));
#3531=DIRECTION('ref_axis',(1.,0.,0.));
#3532=DIRECTION('',(1.,0.,0.));
#3533=DIRECTION('center_axis',(0.,0.,1.));
#3534=DIRECTION('ref_axis',(1.,0.,0.));
#3535=DIRECTION('',(-4.05190884899692E-16,-1.,0.));
#3536=DIRECTION('',(0.866025403784438,-0.500000000000001,0.));
#3537=DIRECTION('',(-5.49417910395304E-16,-1.,0.));
#3538=DIRECTION('',(-0.866025403784439,-0.5,0.));
#3539=DIRECTION('',(-0.866025403784438,0.5,0.));
#3540=DIRECTION('',(0.,1.,0.));
#3541=DIRECTION('',(0.866025403784439,0.499999999999999,0.));
#3542=DIRECTION('',(1.,0.,0.));
#3543=DIRECTION('',(1.64825373118591E-15,1.,0.));
#3544=DIRECTION('',(0.866025403784439,0.499999999999999,0.));
#3545=DIRECTION('',(0.866025403784438,-0.500000000000001,0.));
#3546=DIRECTION('',(-1.37354477598826E-15,-1.,0.));
#3547=DIRECTION('',(-0.866025403784439,-0.499999999999999,0.));
#3548=DIRECTION('',(-0.866025403784438,0.500000000000001,0.));
#3549=DIRECTION('center_axis',(0.5,-0.866025403784439,0.));
#3550=DIRECTION('ref_axis',(0.866025403784439,0.499999999999999,0.));
#3551=DIRECTION('',(0.,0.,1.));
#3552=DIRECTION('',(0.866025403784439,0.499999999999999,0.));
#3553=DIRECTION('',(0.,0.,1.));
#3554=DIRECTION('center_axis',(1.,-1.64825373118591E-15,0.));
#3555=DIRECTION('ref_axis',(1.64825373118591E-15,1.,0.));
#3556=DIRECTION('',(0.,0.,1.));
#3557=DIRECTION('',(1.64825373118591E-15,1.,0.));
#3558=DIRECTION('center_axis',(0.500000000000001,0.866025403784438,0.));
#3559=DIRECTION('ref_axis',(-0.866025403784438,0.500000000000001,0.));
#3560=DIRECTION('',(0.,0.,1.));
#3561=DIRECTION('',(-0.866025403784438,0.500000000000001,0.));
#3562=DIRECTION('center_axis',(0.499999999999999,-0.866025403784439,0.));
#3563=DIRECTION('ref_axis',(0.866025403784439,0.499999999999999,0.));
#3564=DIRECTION('',(0.,0.,1.));
#3565=DIRECTION('',(0.866025403784439,0.499999999999999,0.));
#3566=DIRECTION('center_axis',(1.,0.,0.));
#3567=DIRECTION('ref_axis',(0.,1.,0.));
#3568=DIRECTION('',(0.,0.,1.));
#3569=DIRECTION('',(0.,1.,0.));
#3570=DIRECTION('center_axis',(0.5,0.866025403784438,0.));
#3571=DIRECTION('ref_axis',(-0.866025403784438,0.5,0.));
#3572=DIRECTION('',(0.,0.,1.));
#3573=DIRECTION('',(-0.866025403784438,0.5,0.));
#3574=DIRECTION('center_axis',(-0.5,0.866025403784439,0.));
#3575=DIRECTION('ref_axis',(-0.866025403784439,-0.5,0.));
#3576=DIRECTION('',(0.,0.,1.));
#3577=DIRECTION('',(-0.866025403784439,-0.5,0.));
#3578=DIRECTION('center_axis',(-1.,5.49417910395304E-16,0.));
#3579=DIRECTION('ref_axis',(-5.49417910395304E-16,-1.,0.));
#3580=DIRECTION('',(0.,0.,1.));
#3581=DIRECTION('',(-5.49417910395304E-16,-1.,0.));
#3582=DIRECTION('center_axis',(-0.500000000000001,-0.866025403784438,0.));
#3583=DIRECTION('ref_axis',(0.866025403784438,-0.500000000000001,0.));
#3584=DIRECTION('',(0.866025403784438,-0.500000000000001,0.));
#3585=DIRECTION('center_axis',(1.,-4.05190884899692E-16,0.));
#3586=DIRECTION('ref_axis',(4.05190884899692E-16,1.,0.));
#3587=DIRECTION('',(0.,0.,-1.));
#3588=DIRECTION('center_axis',(0.,0.,1.));
#3589=DIRECTION('ref_axis',(1.,0.,0.));
#3590=DIRECTION('',(1.,0.,0.));
#3591=DIRECTION('center_axis',(0.,0.,1.));
#3592=DIRECTION('ref_axis',(1.,0.,0.));
#3593=DIRECTION('',(0.,1.,0.));
#3594=DIRECTION('',(1.,0.,0.));
#3595=DIRECTION('',(3.73184209958036E-16,-1.,0.));
#3596=DIRECTION('center_axis',(0.,0.,1.));
#3597=DIRECTION('ref_axis',(0.,1.,0.));
#3598=DIRECTION('center_axis',(0.,1.,0.));
#3599=DIRECTION('ref_axis',(-1.,0.,0.));
#3600=DIRECTION('',(0.,0.,1.));
#3601=DIRECTION('',(0.,0.,1.));
#3602=DIRECTION('center_axis',(-0.500000000000001,-0.866025403784438,0.));
#3603=DIRECTION('ref_axis',(0.866025403784438,-0.500000000000001,0.));
#3604=DIRECTION('',(0.866025403784438,-0.500000000000001,0.));
#3605=DIRECTION('',(0.,0.,1.));
#3606=DIRECTION('center_axis',(-1.,1.37354477598826E-15,0.));
#3607=DIRECTION('ref_axis',(-1.37354477598826E-15,-1.,0.));
#3608=DIRECTION('',(-1.37354477598826E-15,-1.,0.));
#3609=DIRECTION('',(0.,0.,1.));
#3610=DIRECTION('center_axis',(-0.499999999999999,0.866025403784439,0.));
#3611=DIRECTION('ref_axis',(-0.866025403784439,-0.499999999999999,0.));
#3612=DIRECTION('',(-0.866025403784439,-0.499999999999999,0.));
#3613=DIRECTION('center_axis',(0.,0.,1.));
#3614=DIRECTION('ref_axis',(1.,0.,0.));
#3615=DIRECTION('center_axis',(0.,0.,1.));
#3616=DIRECTION('ref_axis',(1.,0.,0.));
#3617=DIRECTION('center_axis',(0.,0.,1.));
#3618=DIRECTION('ref_axis',(0.,1.,0.));
#3619=DIRECTION('',(0.,0.,1.));
#3620=DIRECTION('center_axis',(0.,0.,1.));
#3621=DIRECTION('ref_axis',(1.,0.,0.));
#3622=DIRECTION('',(0.,0.,1.));
#3623=DIRECTION('center_axis',(1.,0.,0.));
#3624=DIRECTION('ref_axis',(0.,1.,0.));
#3625=DIRECTION('',(0.,0.,1.));
#3626=DIRECTION('center_axis',(0.,-1.,0.));
#3627=DIRECTION('ref_axis',(1.,0.,0.));
#3628=DIRECTION('',(0.,0.,1.));
#3629=DIRECTION('center_axis',(-1.,-3.73184209958036E-16,0.));
#3630=DIRECTION('ref_axis',(3.73184209958036E-16,-1.,0.));
#3631=DIRECTION('axis',(0.,0.,1.));
#3632=DIRECTION('refdir',(1.,0.,0.));
#3633=DIRECTION('center_axis',(-1.00929365875014E-16,-1.,0.));
#3634=DIRECTION('ref_axis',(-1.,1.00929365875014E-16,0.));
#3635=DIRECTION('',(0.,0.,-1.));
#3636=DIRECTION('center_axis',(1.00929365875014E-16,1.,0.));
#3637=DIRECTION('ref_axis',(-1.,1.00929365875014E-16,0.));
#3638=DIRECTION('center_axis',(0.,1.,0.));
#3639=DIRECTION('ref_axis',(-1.,0.,-1.22464679914735E-16));
#3640=DIRECTION('',(0.,1.,0.));
#3641=DIRECTION('center_axis',(-2.6860705731401E-15,1.,0.));
#3642=DIRECTION('ref_axis',(1.,2.6860705731401E-15,0.));
#3643=DIRECTION('',(0.,-1.,0.));
#3644=DIRECTION('center_axis',(-2.6860705731401E-15,1.,0.));
#3645=DIRECTION('ref_axis',(1.,2.6860705731401E-15,0.));
#3646=DIRECTION('center_axis',(0.,0.,-1.));
#3647=DIRECTION('ref_axis',(-1.,0.,0.));
#3648=DIRECTION('center_axis',(0.,0.,-1.));
#3649=DIRECTION('ref_axis',(-1.,-1.11022302462516E-15,0.));
#3650=DIRECTION('center_axis',(-1.,-2.18074902333267E-15,0.));
#3651=DIRECTION('ref_axis',(-2.18074902333267E-15,1.,0.));
#3652=DIRECTION('center_axis',(0.,0.,1.));
#3653=DIRECTION('ref_axis',(-1.,-1.11022302462516E-15,0.));
#3654=DIRECTION('center_axis',(-1.,1.00929365875014E-16,0.));
#3655=DIRECTION('ref_axis',(-1.00929365875014E-16,-1.,-1.22464679914735E-16));
#3656=DIRECTION('',(-1.,1.00929365875014E-16,0.));
#3657=DIRECTION('center_axis',(-1.,-2.18074902333267E-15,0.));
#3658=DIRECTION('ref_axis',(-2.18074902333267E-15,1.,0.));
#3659=DIRECTION('',(1.,-1.00929365875014E-16,0.));
#3660=DIRECTION('center_axis',(0.,0.,-1.));
#3661=DIRECTION('ref_axis',(-1.,0.,0.));
#3662=DIRECTION('center_axis',(0.,0.,-1.));
#3663=DIRECTION('ref_axis',(1.11022302462516E-15,-1.,0.));
#3664=DIRECTION('center_axis',(-1.00929365875014E-16,-1.,0.));
#3665=DIRECTION('ref_axis',(-1.,1.00929365875014E-16,0.));
#3666=DIRECTION('center_axis',(0.,0.,1.));
#3667=DIRECTION('ref_axis',(1.11022302462516E-15,-1.,0.));
#3668=DIRECTION('center_axis',(0.,-1.,0.));
#3669=DIRECTION('ref_axis',(1.,0.,-1.22464679914735E-16));
#3670=DIRECTION('',(0.,-1.,0.));
#3671=DIRECTION('',(0.,1.,0.));
#3672=DIRECTION('center_axis',(-2.6860705731401E-15,1.,0.));
#3673=DIRECTION('ref_axis',(1.,2.6860705731401E-15,0.));
#3674=DIRECTION('',(0.,0.,1.));
#3675=DIRECTION('center_axis',(0.,0.,-1.));
#3676=DIRECTION('ref_axis',(1.11022302462516E-15,-1.,0.));
#3677=DIRECTION('',(0.,0.,-1.));
#3678=DIRECTION('center_axis',(0.,0.,1.));
#3679=DIRECTION('ref_axis',(1.11022302462516E-15,-1.,0.));
#3680=DIRECTION('',(0.,0.,-1.));
#3681=DIRECTION('center_axis',(0.,0.,-1.));
#3682=DIRECTION('ref_axis',(1.11022302462516E-15,-1.,0.));
#3683=DIRECTION('',(0.,0.,-1.));
#3684=DIRECTION('center_axis',(0.,0.,-1.));
#3685=DIRECTION('ref_axis',(1.11022302462516E-15,-1.,0.));
#3686=DIRECTION('',(0.,0.,-1.));
#3687=DIRECTION('center_axis',(-1.00929365875014E-16,-1.,0.));
#3688=DIRECTION('ref_axis',(-1.,1.00929365875014E-16,0.));
#3689=DIRECTION('',(-1.,1.00929365875014E-16,0.));
#3690=DIRECTION('',(0.,0.,-1.));
#3691=DIRECTION('center_axis',(-1.00929365875014E-16,-1.,0.));
#3692=DIRECTION('ref_axis',(-1.,1.00929365875014E-16,0.));
#3693=DIRECTION('',(0.,0.,-1.));
#3694=DIRECTION('',(-1.,1.00929365875014E-16,0.));
#3695=DIRECTION('center_axis',(-1.,0.,0.));
#3696=DIRECTION('ref_axis',(0.,1.,0.));
#3697=DIRECTION('',(0.,0.,-1.));
#3698=DIRECTION('',(0.,1.,0.));
#3699=DIRECTION('',(0.,0.,-1.));
#3700=DIRECTION('',(0.,1.,0.));
#3701=DIRECTION('',(0.,0.,-1.));
#3702=DIRECTION('center_axis',(0.,0.,-1.));
#3703=DIRECTION('ref_axis',(-1.,-1.11022302462516E-15,0.));
#3704=DIRECTION('center_axis',(0.,0.,1.));
#3705=DIRECTION('ref_axis',(-1.,-1.11022302462516E-15,0.));
#3706=DIRECTION('center_axis',(0.,0.,-1.));
#3707=DIRECTION('ref_axis',(-1.,-1.11022302462516E-15,0.));
#3708=DIRECTION('center_axis',(0.,0.,-1.));
#3709=DIRECTION('ref_axis',(-1.,-1.11022302462516E-15,0.));
#3710=DIRECTION('center_axis',(-1.,0.,0.));
#3711=DIRECTION('ref_axis',(0.,-1.,0.));
#3712=DIRECTION('',(0.,-1.,0.));
#3713=DIRECTION('',(0.,0.,1.));
#3714=DIRECTION('',(0.,-1.,0.));
#3715=DIRECTION('',(0.,0.,1.));
#3716=DIRECTION('center_axis',(0.,1.,0.));
#3717=DIRECTION('ref_axis',(-1.,0.,0.));
#3718=DIRECTION('',(-1.,0.,0.));
#3719=DIRECTION('',(0.,0.,-1.));
#3720=DIRECTION('',(-1.,0.,0.));
#3721=DIRECTION('center_axis',(0.,-1.,0.));
#3722=DIRECTION('ref_axis',(1.,0.,0.));
#3723=DIRECTION('',(1.,0.,0.));
#3724=DIRECTION('',(1.,0.,0.));
#3725=DIRECTION('',(0.,0.,1.));
#3726=DIRECTION('center_axis',(0.,0.,1.));
#3727=DIRECTION('ref_axis',(1.,0.,0.));
#3728=DIRECTION('',(1.05400921386405E-16,1.,0.));
#3729=DIRECTION('center_axis',(0.,1.,0.));
#3730=DIRECTION('ref_axis',(-1.,0.,0.));
#3731=DIRECTION('',(-1.,0.,0.));
#3732=DIRECTION('',(0.,0.,1.));
#3733=DIRECTION('',(-1.,0.,0.));
#3734=DIRECTION('',(0.,0.,1.));
#3735=DIRECTION('center_axis',(1.,-2.35465551953563E-8,0.));
#3736=DIRECTION('ref_axis',(2.35465551953563E-8,1.,0.));
#3737=DIRECTION('',(2.35465551953563E-8,1.,0.));
#3738=DIRECTION('',(0.,0.,1.));
#3739=DIRECTION('',(2.35465551953563E-8,1.,0.));
#3740=DIRECTION('center_axis',(0.,-1.,0.));
#3741=DIRECTION('ref_axis',(1.,0.,0.));
#3742=DIRECTION('',(1.,0.,0.));
#3743=DIRECTION('',(0.,0.,-1.));
#3744=DIRECTION('',(1.,0.,0.));
#3745=DIRECTION('center_axis',(0.,0.,1.));
#3746=DIRECTION('ref_axis',(1.,0.,0.));
#3747=DIRECTION('',(-1.0540092005935E-16,-1.,0.));
#3748=DIRECTION('center_axis',(0.,0.,1.));
#3749=DIRECTION('ref_axis',(1.,0.,0.));
#3750=DIRECTION('',(0.,1.,0.));
#3751=DIRECTION('',(1.,7.30409884621814E-17,0.));
#3752=DIRECTION('',(0.,-1.,0.));
#3753=DIRECTION('',(-1.,1.06752213906265E-16,0.));
#3754=DIRECTION('center_axis',(1.,-1.05400921386405E-16,0.));
#3755=DIRECTION('ref_axis',(-1.05400921386405E-16,-1.,0.));
#3756=DIRECTION('',(-1.05400921386405E-16,-1.,0.));
#3757=DIRECTION('',(0.,0.,-1.));
#3758=DIRECTION('',(1.05400921386405E-16,1.,0.));
#3759=DIRECTION('',(0.,0.,-1.));
#3760=DIRECTION('',(-1.05400921386405E-16,-1.,0.));
#3761=DIRECTION('center_axis',(-1.,1.0540092005935E-16,0.));
#3762=DIRECTION('ref_axis',(1.0540092005935E-16,1.,0.));
#3763=DIRECTION('',(1.0540092005935E-16,1.,0.));
#3764=DIRECTION('',(0.,0.,-1.));
#3765=DIRECTION('',(-1.0540092005935E-16,-1.,0.));
#3766=DIRECTION('',(0.,0.,-1.));
#3767=DIRECTION('',(1.0540092005935E-16,1.,0.));
#3768=DIRECTION('center_axis',(7.30409884621814E-17,-1.,0.));
#3769=DIRECTION('ref_axis',(-1.,-7.30409884621814E-17,0.));
#3770=DIRECTION('',(0.,0.,1.));
#3771=DIRECTION('',(0.,0.,-1.));
#3772=DIRECTION('',(-1.,-7.30409884621814E-17,0.));
#3773=DIRECTION('',(1.,7.30409884621814E-17,0.));
#3774=DIRECTION('',(-1.,-7.30409884621814E-17,0.));
#3775=DIRECTION('center_axis',(1.,0.,0.));
#3776=DIRECTION('ref_axis',(0.,0.,-1.));
#3777=DIRECTION('',(0.,0.,-1.));
#3778=DIRECTION('',(0.,1.,0.));
#3779=DIRECTION('',(0.,0.,-1.));
#3780=DIRECTION('',(0.,1.,0.));
#3781=DIRECTION('center_axis',(-1.,0.,1.38777878078145E-15));
#3782=DIRECTION('ref_axis',(1.38777878078145E-15,0.,1.));
#3783=DIRECTION('',(1.38777878078145E-15,-8.71235201146618E-32,1.));
#3784=DIRECTION('',(0.,1.,0.));
#3785=DIRECTION('',(1.38777878078145E-15,0.,1.));
#3786=DIRECTION('',(0.,1.,0.));
#3787=DIRECTION('center_axis',(0.,0.,-1.));
#3788=DIRECTION('ref_axis',(-1.,0.,0.));
#3789=DIRECTION('',(-1.,6.27791124357755E-17,0.));
#3790=DIRECTION('',(-1.,0.,0.));
#3791=DIRECTION('center_axis',(0.,1.,0.));
#3792=DIRECTION('ref_axis',(0.,0.,1.));
#3793=DIRECTION('',(1.,0.,0.));
#3794=DIRECTION('',(1.,0.,0.));
#3795=DIRECTION('',(1.,0.,0.));
#3796=DIRECTION('center_axis',(-6.27791124357755E-17,-1.,0.));
#3797=DIRECTION('ref_axis',(-1.,6.27791124357755E-17,0.));
#3798=DIRECTION('',(1.,-6.27791124357755E-17,0.));
#3799=DIRECTION('',(1.,-6.27791124357755E-17,0.));
#3800=DIRECTION('',(0.,0.,-1.));
#3801=DIRECTION('',(-1.,6.27791124357755E-17,0.));
#3802=DIRECTION('',(0.,0.,-1.));
#3803=DIRECTION('',(1.,-6.27791124357755E-17,0.));
#3804=DIRECTION('',(0.,0.,-1.));
#3805=DIRECTION('',(1.,-6.27791124357755E-17,0.));
#3806=DIRECTION('center_axis',(6.27791124357755E-17,1.,0.));
#3807=DIRECTION('ref_axis',(1.,0.,0.));
#3808=DIRECTION('center_axis',(6.27791124357755E-17,1.,0.));
#3809=DIRECTION('ref_axis',(1.,0.,0.));
#3810=DIRECTION('center_axis',(1.,0.,0.));
#3811=DIRECTION('ref_axis',(0.,-1.,0.));
#3812=DIRECTION('',(0.,-1.,0.));
#3813=DIRECTION('',(0.,0.,-1.));
#3814=DIRECTION('',(0.,-1.,0.));
#3815=DIRECTION('',(0.,0.,-1.));
#3816=DIRECTION('center_axis',(0.500000000000001,0.866025403784438,0.));
#3817=DIRECTION('ref_axis',(0.866025403784438,-0.500000000000001,0.));
#3818=DIRECTION('',(0.866025403784438,-0.500000000000001,0.));
#3819=DIRECTION('',(0.,0.,-1.));
#3820=DIRECTION('',(0.866025403784438,-0.500000000000001,0.));
#3821=DIRECTION('center_axis',(-0.499999999999999,0.866025403784439,0.));
#3822=DIRECTION('ref_axis',(0.866025403784439,0.499999999999999,0.));
#3823=DIRECTION('',(0.866025403784439,0.499999999999999,0.));
#3824=DIRECTION('',(0.,0.,-1.));
#3825=DIRECTION('',(0.866025403784439,0.499999999999999,0.));
#3826=DIRECTION('center_axis',(-1.,-5.00771532912387E-16,0.));
#3827=DIRECTION('ref_axis',(-5.00771532912387E-16,1.,0.));
#3828=DIRECTION('',(-5.00771532912387E-16,1.,0.));
#3829=DIRECTION('',(0.,0.,-1.));
#3830=DIRECTION('',(-5.00771532912387E-16,1.,0.));
#3831=DIRECTION('center_axis',(-0.5,-0.866025403784439,0.));
#3832=DIRECTION('ref_axis',(-0.866025403784439,0.5,0.));
#3833=DIRECTION('',(-0.866025403784439,0.5,0.));
#3834=DIRECTION('',(0.,0.,-1.));
#3835=DIRECTION('',(-0.866025403784439,0.5,0.));
#3836=DIRECTION('center_axis',(-1.,0.,0.));
#3837=DIRECTION('ref_axis',(0.,1.,0.));
#3838=DIRECTION('',(0.,1.,0.));
#3839=DIRECTION('',(0.,0.,-1.));
#3840=DIRECTION('',(0.,1.,0.));
#3841=DIRECTION('center_axis',(0.,0.,-1.));
#3842=DIRECTION('ref_axis',(-1.,0.,0.));
#3843=DIRECTION('center_axis',(0.,0.,-1.));
#3844=DIRECTION('ref_axis',(-1.,0.,0.));
#3845=DIRECTION('',(0.,0.,-1.));
#3846=DIRECTION('center_axis',(0.,0.,-1.));
#3847=DIRECTION('ref_axis',(-1.,0.,0.));
#3848=DIRECTION('center_axis',(1.,0.,0.));
#3849=DIRECTION('ref_axis',(0.,-1.,0.));
#3850=DIRECTION('',(0.,-1.,0.));
#3851=DIRECTION('',(0.,0.,-1.));
#3852=DIRECTION('',(0.,-1.,0.));
#3853=DIRECTION('center_axis',(0.499999999999999,-0.866025403784439,0.));
#3854=DIRECTION('ref_axis',(-0.866025403784439,-0.499999999999999,0.));
#3855=DIRECTION('',(-0.866025403784439,-0.499999999999999,0.));
#3856=DIRECTION('',(-0.866025403784439,-0.499999999999999,0.));
#3857=DIRECTION('center_axis',(0.,0.,1.));
#3858=DIRECTION('ref_axis',(-1.,0.,0.));
#3859=DIRECTION('center_axis',(1.,0.,0.));
#3860=DIRECTION('ref_axis',(0.,-1.,0.));
#3861=DIRECTION('',(0.,-1.,0.));
#3862=DIRECTION('',(0.,0.,-1.));
#3863=DIRECTION('',(0.,-1.,0.));
#3864=DIRECTION('',(0.,0.,-1.));
#3865=DIRECTION('center_axis',(0.500000000000001,0.866025403784438,0.));
#3866=DIRECTION('ref_axis',(0.866025403784438,-0.500000000000001,0.));
#3867=DIRECTION('',(0.866025403784438,-0.500000000000001,0.));
#3868=DIRECTION('',(0.,0.,-1.));
#3869=DIRECTION('',(0.866025403784438,-0.500000000000001,0.));
#3870=DIRECTION('center_axis',(-0.499999999999999,0.866025403784439,0.));
#3871=DIRECTION('ref_axis',(0.866025403784439,0.499999999999999,0.));
#3872=DIRECTION('',(0.866025403784439,0.499999999999999,0.));
#3873=DIRECTION('',(0.,0.,-1.));
#3874=DIRECTION('',(0.866025403784439,0.499999999999999,0.));
#3875=DIRECTION('center_axis',(-1.,0.,0.));
#3876=DIRECTION('ref_axis',(0.,1.,0.));
#3877=DIRECTION('',(0.,1.,0.));
#3878=DIRECTION('',(0.,0.,-1.));
#3879=DIRECTION('',(0.,1.,0.));
#3880=DIRECTION('center_axis',(-0.5,-0.866025403784439,0.));
#3881=DIRECTION('ref_axis',(-0.866025403784439,0.5,0.));
#3882=DIRECTION('',(-0.866025403784439,0.5,0.));
#3883=DIRECTION('',(0.,0.,-1.));
#3884=DIRECTION('',(-0.866025403784439,0.5,0.));
#3885=DIRECTION('center_axis',(-1.,0.,0.));
#3886=DIRECTION('ref_axis',(0.,1.,0.));
#3887=DIRECTION('',(0.,1.,0.));
#3888=DIRECTION('',(0.,0.,-1.));
#3889=DIRECTION('',(0.,1.,0.));
#3890=DIRECTION('center_axis',(0.,0.,-1.));
#3891=DIRECTION('ref_axis',(-1.,0.,0.));
#3892=DIRECTION('center_axis',(0.,0.,-1.));
#3893=DIRECTION('ref_axis',(-1.,0.,0.));
#3894=DIRECTION('',(0.,0.,-1.));
#3895=DIRECTION('center_axis',(0.,0.,-1.));
#3896=DIRECTION('ref_axis',(-1.,0.,0.));
#3897=DIRECTION('center_axis',(1.,0.,0.));
#3898=DIRECTION('ref_axis',(0.,-1.,0.));
#3899=DIRECTION('',(0.,-1.,0.));
#3900=DIRECTION('',(0.,0.,-1.));
#3901=DIRECTION('',(0.,-1.,0.));
#3902=DIRECTION('center_axis',(0.499999999999999,-0.866025403784439,0.));
#3903=DIRECTION('ref_axis',(-0.866025403784439,-0.499999999999999,0.));
#3904=DIRECTION('',(-0.866025403784439,-0.499999999999999,0.));
#3905=DIRECTION('',(-0.866025403784439,-0.499999999999999,0.));
#3906=DIRECTION('center_axis',(0.,0.,1.));
#3907=DIRECTION('ref_axis',(-1.,0.,0.));
#3908=DIRECTION('center_axis',(0.,0.,-1.));
#3909=DIRECTION('ref_axis',(-1.,0.,0.));
#3910=DIRECTION('center_axis',(0.,0.,-1.));
#3911=DIRECTION('ref_axis',(-1.,0.,0.));
#3912=DIRECTION('',(0.,0.,-1.));
#3913=DIRECTION('center_axis',(0.,0.,-1.));
#3914=DIRECTION('ref_axis',(-1.,0.,0.));
#3915=DIRECTION('',(0.,0.,-1.));
#3916=DIRECTION('center_axis',(-1.,0.,0.));
#3917=DIRECTION('ref_axis',(0.,1.,0.));
#3918=DIRECTION('',(0.,1.,0.));
#3919=DIRECTION('',(0.,0.,-1.));
#3920=DIRECTION('',(0.,1.,0.));
#3921=DIRECTION('center_axis',(-0.499999999999999,0.866025403784439,0.));
#3922=DIRECTION('ref_axis',(0.866025403784439,0.499999999999999,0.));
#3923=DIRECTION('',(0.866025403784439,0.499999999999999,0.));
#3924=DIRECTION('',(0.,0.,-1.));
#3925=DIRECTION('',(0.866025403784439,0.499999999999999,0.));
#3926=DIRECTION('center_axis',(-1.,-5.00771532912387E-16,0.));
#3927=DIRECTION('ref_axis',(-5.00771532912387E-16,1.,0.));
#3928=DIRECTION('',(-5.00771532912387E-16,1.,0.));
#3929=DIRECTION('',(0.,0.,-1.));
#3930=DIRECTION('',(-5.00771532912387E-16,1.,0.));
#3931=DIRECTION('center_axis',(-0.5,-0.866025403784439,0.));
#3932=DIRECTION('ref_axis',(-0.866025403784439,0.5,0.));
#3933=DIRECTION('',(-0.866025403784439,0.5,0.));
#3934=DIRECTION('',(0.,0.,-1.));
#3935=DIRECTION('',(-0.866025403784439,0.5,0.));
#3936=DIRECTION('center_axis',(0.499999999999999,-0.866025403784439,0.));
#3937=DIRECTION('ref_axis',(-0.866025403784439,-0.499999999999999,0.));
#3938=DIRECTION('',(-0.866025403784439,-0.499999999999999,0.));
#3939=DIRECTION('',(0.,0.,-1.));
#3940=DIRECTION('',(-0.866025403784439,-0.499999999999999,0.));
#3941=DIRECTION('center_axis',(1.,0.,0.));
#3942=DIRECTION('ref_axis',(0.,-1.,0.));
#3943=DIRECTION('',(0.,-1.,0.));
#3944=DIRECTION('',(0.,0.,-1.));
#3945=DIRECTION('',(0.,-1.,0.));
#3946=DIRECTION('center_axis',(0.500000000000001,0.866025403784438,0.));
#3947=DIRECTION('ref_axis',(0.866025403784438,-0.500000000000001,0.));
#3948=DIRECTION('',(0.866025403784438,-0.500000000000001,0.));
#3949=DIRECTION('',(0.,0.,-1.));
#3950=DIRECTION('',(0.866025403784438,-0.500000000000001,0.));
#3951=DIRECTION('center_axis',(1.,0.,0.));
#3952=DIRECTION('ref_axis',(0.,-1.,0.));
#3953=DIRECTION('',(0.,-1.,0.));
#3954=DIRECTION('',(0.,-1.,0.));
#3955=DIRECTION('center_axis',(0.,0.,1.));
#3956=DIRECTION('ref_axis',(-1.,0.,0.));
#3957=DIRECTION('center_axis',(0.,0.,-1.));
#3958=DIRECTION('ref_axis',(-1.,0.,0.));
#3959=DIRECTION('center_axis',(0.,0.,-1.));
#3960=DIRECTION('ref_axis',(-1.,0.,0.));
#3961=DIRECTION('',(0.,0.,-1.));
#3962=DIRECTION('center_axis',(0.,0.,-1.));
#3963=DIRECTION('ref_axis',(-1.,0.,0.));
#3964=DIRECTION('',(0.,0.,-1.));
#3965=DIRECTION('center_axis',(-1.,0.,0.));
#3966=DIRECTION('ref_axis',(0.,1.,0.));
#3967=DIRECTION('',(0.,1.,0.));
#3968=DIRECTION('',(0.,0.,-1.));
#3969=DIRECTION('',(0.,1.,0.));
#3970=DIRECTION('center_axis',(-0.499999999999999,0.866025403784439,0.));
#3971=DIRECTION('ref_axis',(0.866025403784439,0.499999999999999,0.));
#3972=DIRECTION('',(0.866025403784439,0.499999999999999,0.));
#3973=DIRECTION('',(0.,0.,-1.));
#3974=DIRECTION('',(0.866025403784439,0.499999999999999,0.));
#3975=DIRECTION('center_axis',(-1.,0.,0.));
#3976=DIRECTION('ref_axis',(0.,1.,0.));
#3977=DIRECTION('',(0.,1.,0.));
#3978=DIRECTION('',(0.,0.,-1.));
#3979=DIRECTION('',(0.,1.,0.));
#3980=DIRECTION('center_axis',(-0.5,-0.866025403784439,0.));
#3981=DIRECTION('ref_axis',(-0.866025403784439,0.5,0.));
#3982=DIRECTION('',(-0.866025403784439,0.5,0.));
#3983=DIRECTION('',(0.,0.,-1.));
#3984=DIRECTION('',(-0.866025403784439,0.5,0.));
#3985=DIRECTION('center_axis',(0.499999999999999,-0.866025403784439,0.));
#3986=DIRECTION('ref_axis',(-0.866025403784439,-0.499999999999999,0.));
#3987=DIRECTION('',(-0.866025403784439,-0.499999999999999,0.));
#3988=DIRECTION('',(0.,0.,-1.));
#3989=DIRECTION('',(-0.866025403784439,-0.499999999999999,0.));
#3990=DIRECTION('center_axis',(1.,0.,0.));
#3991=DIRECTION('ref_axis',(0.,-1.,0.));
#3992=DIRECTION('',(0.,-1.,0.));
#3993=DIRECTION('',(0.,0.,-1.));
#3994=DIRECTION('',(0.,-1.,0.));
#3995=DIRECTION('center_axis',(0.500000000000001,0.866025403784438,0.));
#3996=DIRECTION('ref_axis',(0.866025403784438,-0.500000000000001,0.));
#3997=DIRECTION('',(0.866025403784438,-0.500000000000001,0.));
#3998=DIRECTION('',(0.,0.,-1.));
#3999=DIRECTION('',(0.866025403784438,-0.500000000000001,0.));
#4000=DIRECTION('center_axis',(1.,0.,0.));
#4001=DIRECTION('ref_axis',(0.,-1.,0.));
#4002=DIRECTION('',(0.,-1.,0.));
#4003=DIRECTION('',(0.,-1.,0.));
#4004=DIRECTION('center_axis',(0.,0.,1.));
#4005=DIRECTION('ref_axis',(-1.,0.,0.));
#4006=DIRECTION('center_axis',(0.,1.,0.));
#4007=DIRECTION('ref_axis',(0.,0.,-1.));
#4008=DIRECTION('center_axis',(1.,0.,0.));
#4009=DIRECTION('ref_axis',(0.,0.,1.));
#4010=DIRECTION('center_axis',(0.,1.,0.));
#4011=DIRECTION('ref_axis',(0.,0.,-1.));
#4012=DIRECTION('center_axis',(1.,0.,0.));
#4013=DIRECTION('ref_axis',(0.,0.,1.));
#4014=DIRECTION('center_axis',(0.,0.707106781186548,-0.707106781186547));
#4015=DIRECTION('ref_axis',(-1.,0.,0.));
#4016=DIRECTION('',(0.,0.707106781186547,0.707106781186548));
#4017=DIRECTION('',(1.,0.,0.));
#4018=DIRECTION('',(0.,-0.707106781186547,-0.707106781186548));
#4019=DIRECTION('',(-1.,0.,0.));
#4020=DIRECTION('center_axis',(-1.,0.,0.));
#4021=DIRECTION('ref_axis',(0.,0.,1.));
#4022=DIRECTION('',(0.,0.,-1.));
#4023=DIRECTION('',(0.,1.,0.));
#4024=DIRECTION('',(0.,0.,1.));
#4025=DIRECTION('center_axis',(0.,0.,1.));
#4026=DIRECTION('ref_axis',(-1.,0.,0.));
#4027=DIRECTION('',(1.,2.61750660619859E-8,0.));
#4028=DIRECTION('',(-1.,0.,0.));
#4029=DIRECTION('center_axis',(0.,0.,-1.));
#4030=DIRECTION('ref_axis',(1.,0.,0.));
#4031=DIRECTION('center_axis',(0.,0.,-1.));
#4032=DIRECTION('ref_axis',(0.,1.,0.));
#4033=DIRECTION('center_axis',(0.,0.707106781186548,-0.707106781186547));
#4034=DIRECTION('ref_axis',(-1.,0.,0.));
#4035=DIRECTION('',(0.,-0.707106781186547,-0.707106781186548));
#4036=DIRECTION('',(0.,0.707106781186547,0.707106781186548));
#4037=DIRECTION('',(1.,0.,0.));
#4038=DIRECTION('center_axis',(1.,0.,0.));
#4039=DIRECTION('ref_axis',(0.,0.,-1.));
#4040=DIRECTION('',(0.,0.,-1.));
#4041=DIRECTION('',(0.,1.,0.));
#4042=DIRECTION('',(0.,0.,-1.));
#4043=DIRECTION('center_axis',(1.,0.,0.));
#4044=DIRECTION('ref_axis',(0.,0.,-1.));
#4045=DIRECTION('',(0.,0.,-1.));
#4046=DIRECTION('',(0.,1.,0.));
#4047=DIRECTION('',(0.,0.,1.));
#4048=DIRECTION('center_axis',(0.,0.,1.));
#4049=DIRECTION('ref_axis',(1.,0.,0.));
#4050=DIRECTION('',(-1.,-2.61750660619859E-8,0.));
#4051=DIRECTION('',(1.,0.,0.));
#4052=DIRECTION('',(-1.,0.,0.));
#4053=DIRECTION('center_axis',(0.,1.,0.));
#4054=DIRECTION('ref_axis',(0.,0.,1.));
#4055=DIRECTION('center_axis',(-1.,0.,0.));
#4056=DIRECTION('ref_axis',(0.,0.,1.));
#4057=DIRECTION('',(0.,0.,-1.));
#4058=DIRECTION('',(0.,1.,0.));
#4059=DIRECTION('',(0.,0.,1.));
#4060=DIRECTION('center_axis',(0.,0.,1.));
#4061=DIRECTION('ref_axis',(1.,0.,0.));
#4062=DIRECTION('',(-1.,0.,0.));
#4063=DIRECTION('',(1.,0.,0.));
#4064=DIRECTION('',(-1.,-2.61750660619859E-8,0.));
#4065=DIRECTION('center_axis',(0.,1.,0.));
#4066=DIRECTION('ref_axis',(0.,0.,1.));
#4067=DIRECTION('center_axis',(-2.61750660619859E-8,1.,0.));
#4068=DIRECTION('ref_axis',(1.,2.61750660619859E-8,0.));
#4069=DIRECTION('',(0.,0.,-1.));
#4070=DIRECTION('',(-1.,-2.61750660619859E-8,0.));
#4071=DIRECTION('',(0.,0.,-1.));
#4072=DIRECTION('',(-1.,-2.61750660619859E-8,0.));
#4073=DIRECTION('',(0.,0.,-1.));
#4074=DIRECTION('',(-1.,-2.61750660619859E-8,0.));
#4075=DIRECTION('',(0.,0.,-1.));
#4076=DIRECTION('center_axis',(0.,0.,1.));
#4077=DIRECTION('ref_axis',(-1.,0.,0.));
#4078=DIRECTION('',(-9.73879846162418E-17,1.,0.));
#4079=DIRECTION('',(-3.89551938464967E-16,-1.,0.));
#4080=DIRECTION('center_axis',(1.04738021191052E-16,1.,0.));
#4081=DIRECTION('ref_axis',(1.,-1.04738021191052E-16,0.));
#4082=DIRECTION('',(-1.,1.04738021191052E-16,0.));
#4083=DIRECTION('',(1.,-1.04738021191052E-16,0.));
#4084=DIRECTION('center_axis',(1.,0.,0.));
#4085=DIRECTION('ref_axis',(0.,-1.,0.));
#4086=DIRECTION('',(0.,-1.,0.));
#4087=DIRECTION('',(0.,-1.,0.));
#4088=DIRECTION('center_axis',(0.,0.,-1.));
#4089=DIRECTION('ref_axis',(1.,0.,0.));
#4090=DIRECTION('center_axis',(0.,0.,1.));
#4091=DIRECTION('ref_axis',(1.,0.,0.));
#4092=DIRECTION('',(0.,0.,-1.));
#4093=DIRECTION('center_axis',(0.,1.,0.));
#4094=DIRECTION('ref_axis',(1.,0.,0.));
#4095=DIRECTION('',(1.,0.,0.));
#4096=DIRECTION('center_axis',(-1.,-9.73879846162418E-17,0.));
#4097=DIRECTION('ref_axis',(-9.73879846162418E-17,1.,0.));
#4098=DIRECTION('',(9.73879846162418E-17,-1.,0.));
#4099=DIRECTION('',(-9.73879846162418E-17,1.,0.));
#4100=DIRECTION('',(0.,1.,0.));
#4101=DIRECTION('',(0.,0.,-1.));
#4102=DIRECTION('center_axis',(1.06752213906265E-16,1.,0.));
#4103=DIRECTION('ref_axis',(1.,-1.06752213906265E-16,0.));
#4104=DIRECTION('',(0.,0.,-1.));
#4105=DIRECTION('',(-1.,1.06752213906265E-16,0.));
#4106=DIRECTION('center_axis',(1.,-3.89551938464967E-16,0.));
#4107=DIRECTION('ref_axis',(-3.89551938464967E-16,-1.,0.));
#4108=DIRECTION('',(3.89551938464967E-16,1.,0.));
#4109=DIRECTION('',(0.,-1.,0.));
#4110=DIRECTION('',(-3.89551938464967E-16,-1.,0.));
#4111=DIRECTION('center_axis',(0.,1.,0.));
#4112=DIRECTION('ref_axis',(1.,0.,0.));
#4113=DIRECTION('',(0.,0.,-1.));
#4114=DIRECTION('',(1.,0.,0.));
#4115=DIRECTION('center_axis',(0.,0.,-1.));
#4116=DIRECTION('ref_axis',(0.,1.,0.));
#4117=DIRECTION('center_axis',(0.,0.,1.));
#4118=DIRECTION('ref_axis',(0.,1.,0.));
#4119=DIRECTION('center_axis',(0.,0.,1.));
#4120=DIRECTION('ref_axis',(-1.,0.,0.));
#4121=DIRECTION('center_axis',(0.,0.,1.));
#4122=DIRECTION('ref_axis',(-1.,0.,0.));
#4123=DIRECTION('',(0.,0.,1.));
#4124=DIRECTION('',(1.,0.,0.));
#4125=DIRECTION('',(0.,0.,1.));
#4126=DIRECTION('',(1.,0.,0.));
#4127=DIRECTION('center_axis',(0.,0.,1.));
#4128=DIRECTION('ref_axis',(1.,0.,0.));
#4129=CARTESIAN_POINT('',(0.,0.,0.));
#4130=CARTESIAN_POINT('',(0.,0.,0.));
#4131=CARTESIAN_POINT('Origin',(7.49999983236194,5.66883174906072,3.5));
#4132=CARTESIAN_POINT('',(7.55000011175871,5.66883174906072,3.15358987881379));
#4133=CARTESIAN_POINT('',(7.55000011175871,5.66883174906072,3.84641012118621));
#4134=CARTESIAN_POINT('',(7.55000011175871,5.66883174906072,3.95));
#4135=CARTESIAN_POINT('Origin',(7.49999983236194,5.66883174906072,3.5));
#4136=CARTESIAN_POINT('Origin',(-7.4999996088445,-7.75,3.5));
#4137=CARTESIAN_POINT('',(-7.54999988824127,5.67327487296977,3.15358987881379));
#4138=CARTESIAN_POINT('',(-7.54999988824127,5.67327487296977,3.84641012118621));
#4139=CARTESIAN_POINT('Origin',(-7.4999996088445,5.67327487296977,3.5));
#4140=CARTESIAN_POINT('',(-7.54999988824127,-7.75,3.84641012118621));
#4141=CARTESIAN_POINT('',(-7.54999988824127,-7.75,3.84641012118621));
#4142=CARTESIAN_POINT('',(-7.54999988824127,-7.75,3.15358987881379));
#4143=CARTESIAN_POINT('Origin',(-7.4999996088445,-7.75,3.5));
#4144=CARTESIAN_POINT('',(-7.54999988824127,-7.75,3.15358987881379));
#4145=CARTESIAN_POINT('Origin',(-5.49999988824127,-7.75,3.5));
#4146=CARTESIAN_POINT('',(-5.49999988824127,-9.8,3.15358987881379));
#4147=CARTESIAN_POINT('Origin',(-5.49999988824127,-7.75,3.15358987881379));
#4148=CARTESIAN_POINT('',(-5.49999988824127,-9.8,3.84641012118621));
#4149=CARTESIAN_POINT('Origin',(-5.49999988824127,-7.75,3.84641012118621));
#4150=CARTESIAN_POINT('Origin',(-5.49999988824127,-9.74999972060323,3.5));
#4151=CARTESIAN_POINT('Origin',(5.50000011175871,-9.74999972060323,3.5));
#4152=CARTESIAN_POINT('',(5.50000011175871,-9.8,3.15358987881379));
#4153=CARTESIAN_POINT('',(5.50000011175871,-9.8,3.15358987881379));
#4154=CARTESIAN_POINT('',(5.50000011175871,-9.8,3.84641012118621));
#4155=CARTESIAN_POINT('',(5.50000011175871,-9.8,3.84641012118621));
#4156=CARTESIAN_POINT('Origin',(5.50000011175871,-9.74999972060323,3.5));
#4157=CARTESIAN_POINT('Origin',(5.50000011175871,-7.75,3.5));
#4158=CARTESIAN_POINT('',(7.55000011175871,-7.75,3.15358987881379));
#4159=CARTESIAN_POINT('Origin',(5.50000011175871,-7.75,3.15358987881379));
#4160=CARTESIAN_POINT('',(7.55000011175871,-7.75,3.84641012118621));
#4161=CARTESIAN_POINT('Origin',(5.50000011175871,-7.75,3.84641012118621));
#4162=CARTESIAN_POINT('Origin',(7.49999983236194,-7.75,3.5));
#4163=CARTESIAN_POINT('Origin',(7.49999983236194,0.249999999999996,3.5));
#4164=CARTESIAN_POINT('',(7.55000011175871,0.249999999999996,3.15358987881379));
#4165=CARTESIAN_POINT('',(7.55000011175871,0.249999999999996,3.84641012118621));
#4166=CARTESIAN_POINT('Origin',(-7.4999996088445,5.67327487296977,3.5));
#4167=CARTESIAN_POINT('',(-7.54999988824127,5.67327487296977,3.95));
#4168=CARTESIAN_POINT('Origin',(5.50000011175871,-7.75,4.4));
#4169=CARTESIAN_POINT('',(7.55000011175871,-7.75,2.6));
#4170=CARTESIAN_POINT('',(5.50000011175871,-9.8,2.6));
#4171=CARTESIAN_POINT('Origin',(5.50000011175871,-7.75,2.6));
#4172=CARTESIAN_POINT('',(5.50000011175871,-9.8,4.4));
#4173=CARTESIAN_POINT('',(7.55000011175871,-7.75,4.4));
#4174=CARTESIAN_POINT('Origin',(5.50000011175871,-9.8,4.4));
#4175=CARTESIAN_POINT('',(-5.49999988824127,-9.8,2.6));
#4176=CARTESIAN_POINT('',(2.75000005587935,-9.8,2.6));
#4177=CARTESIAN_POINT('',(-5.49999988824127,-9.8,4.4));
#4178=CARTESIAN_POINT('Origin',(5.50000011175871,-9.8,4.4));
#4179=CARTESIAN_POINT('',(5.50000011175871,-9.8,4.4));
#4180=CARTESIAN_POINT('',(-5.49999988824127,-9.8,4.4));
#4181=CARTESIAN_POINT('',(2.75000005587935,-9.8,4.4));
#4182=CARTESIAN_POINT('',(5.50000011175871,-9.8,4.4));
#4183=CARTESIAN_POINT('',(-5.49999988824127,-9.8,4.4));
#4184=CARTESIAN_POINT('Origin',(-7.54999988824127,-7.75,4.4));
#4185=CARTESIAN_POINT('',(-7.54999988824127,-7.75,2.6));
#4186=CARTESIAN_POINT('',(-7.54999988824127,-7.75,4.4));
#4187=CARTESIAN_POINT('',(-7.54999988824127,6.8,2.6));
#4188=CARTESIAN_POINT('',(-7.54999988824127,-4.0875,2.6));
#4189=CARTESIAN_POINT('',(-7.54999988824127,6.8,4.4));
#4190=CARTESIAN_POINT('',(-7.54999988824127,6.8,2.2));
#4191=CARTESIAN_POINT('',(-7.54999988824127,-7.75,4.4));
#4192=CARTESIAN_POINT('',(-7.54999988824127,-5.075,4.4));
#4193=CARTESIAN_POINT('',(-7.54999988824127,-7.75,4.4));
#4194=CARTESIAN_POINT('Origin',(-5.49999988824127,-7.75,4.4));
#4195=CARTESIAN_POINT('Origin',(-5.49999988824127,-7.75,2.6));
#4196=CARTESIAN_POINT('Origin',(-5.49999988824127,-7.75,4.4));
#4197=CARTESIAN_POINT('Origin',(-5.49999988824127,-7.75,4.4));
#4198=CARTESIAN_POINT('Origin',(-3.33066907387547E-15,-0.425000000000001,
2.6));
#4199=CARTESIAN_POINT('',(-5.29999997019768,-6.9,2.6));
#4200=CARTESIAN_POINT('',(5.30000002980232,-6.9,2.6));
#4201=CARTESIAN_POINT('',(2.65000001490116,-6.9,2.6));
#4202=CARTESIAN_POINT('',(-5.29999997019767,6.8,2.6));
#4203=CARTESIAN_POINT('',(-5.29999997019768,-3.6625,2.6));
#4204=CARTESIAN_POINT('',(4.42114813968157,6.8,2.6));
#4205=CARTESIAN_POINT('',(7.55000011175871,6.8,2.6));
#4206=CARTESIAN_POINT('',(7.55000011175871,3.1875,2.6));
#4207=CARTESIAN_POINT('',(5.30000002980232,6.8,2.6));
#4208=CARTESIAN_POINT('',(4.42114813968157,6.8,2.6));
#4209=CARTESIAN_POINT('',(5.30000002980232,3.1875,2.6));
#4210=CARTESIAN_POINT('Origin',(-6.84229627936315,6.8,1.));
#4211=CARTESIAN_POINT('',(-6.84229627936315,6.8,1.35));
#4212=CARTESIAN_POINT('Origin',(-6.84229627936315,6.8,1.));
#4213=CARTESIAN_POINT('',(-6.84229627936315,6.45,1.));
#4214=CARTESIAN_POINT('Origin',(-6.84229627936315,6.8,1.));
#4215=CARTESIAN_POINT('Origin',(6.84229627936315,6.8,1.));
#4216=CARTESIAN_POINT('',(6.84229627936315,6.8,1.35));
#4217=CARTESIAN_POINT('Origin',(6.84229627936315,6.8,1.));
#4218=CARTESIAN_POINT('',(6.84229627936315,6.45,1.));
#4219=CARTESIAN_POINT('Origin',(6.84229627936315,6.8,1.));
#4220=CARTESIAN_POINT('Origin',(5.50000011175871,-7.75,4.4));
#4221=CARTESIAN_POINT('',(7.55000011175871,-7.75,4.4));
#4222=CARTESIAN_POINT('Origin',(5.50000011175871,-7.75,4.4));
#4223=CARTESIAN_POINT('',(7.55000011175871,-7.75,4.4));
#4224=CARTESIAN_POINT('Origin',(7.55000011175871,6.8,4.4));
#4225=CARTESIAN_POINT('',(7.55000011175871,6.8,4.4));
#4226=CARTESIAN_POINT('',(7.55000011175871,2.2,4.4));
#4227=CARTESIAN_POINT('',(7.55000011175871,6.8,2.2));
#4228=CARTESIAN_POINT('Origin',(-3.33066907387547E-15,-2.4,4.4));
#4229=CARTESIAN_POINT('',(-8.84229627936315,6.8,4.4));
#4230=CARTESIAN_POINT('',(-8.84229627936315,6.8,4.4));
#4231=CARTESIAN_POINT('',(-8.90000000000001,6.25,4.4));
#4232=CARTESIAN_POINT('Origin',(-6.25000000000001,6.25,4.4));
#4233=CARTESIAN_POINT('',(-8.9,-11.6,4.4));
#4234=CARTESIAN_POINT('',(-8.90000000000001,6.25,4.4));
#4235=CARTESIAN_POINT('',(8.9,-11.6,4.4));
#4236=CARTESIAN_POINT('',(-8.9,-11.6,4.4));
#4237=CARTESIAN_POINT('',(8.9,6.25,4.4));
#4238=CARTESIAN_POINT('',(8.9,-11.6,4.4));
#4239=CARTESIAN_POINT('',(8.84229627936314,6.8,4.4));
#4240=CARTESIAN_POINT('Origin',(6.25,6.25,4.4));
#4241=CARTESIAN_POINT('',(-8.84229627936315,6.8,4.4));
#4242=CARTESIAN_POINT('Origin',(5.30000002980232,6.8,0.));
#4243=CARTESIAN_POINT('',(5.30000002980232,6.8,0.9));
#4244=CARTESIAN_POINT('',(5.30000002980232,6.8,0.45));
#4245=CARTESIAN_POINT('',(5.30000002980232,-6.9,0.9));
#4246=CARTESIAN_POINT('',(5.30000002980232,-6.9,0.9));
#4247=CARTESIAN_POINT('',(5.30000002980232,-6.9,0.9));
#4248=CARTESIAN_POINT('Origin',(5.30000002980232,-6.9,0.));
#4249=CARTESIAN_POINT('',(4.29474411167424,-6.9,0.9));
#4250=CARTESIAN_POINT('',(-5.29999997019768,-6.9,0.9));
#4251=CARTESIAN_POINT('',(4.29474411167424,-6.9,0.5));
#4252=CARTESIAN_POINT('',(4.29474411167423,-6.9,0.25));
#4253=CARTESIAN_POINT('',(1.10525588832577,-6.9,0.5));
#4254=CARTESIAN_POINT('',(4.00000001490116,-6.9,0.5));
#4255=CARTESIAN_POINT('',(1.10525588832577,-6.9,0.9));
#4256=CARTESIAN_POINT('',(1.10525588832577,-6.9,0.25));
#4257=CARTESIAN_POINT('',(-5.29999997019768,-6.9,0.9));
#4258=CARTESIAN_POINT('',(-5.29999997019768,-6.9,0.9));
#4259=CARTESIAN_POINT('',(-5.29999997019768,-6.9,0.9));
#4260=CARTESIAN_POINT('Origin',(-9.,-4.65,1.35));
#4261=CARTESIAN_POINT('',(-8.9,-4.26270166537926,0.812701665379257));
#4262=CARTESIAN_POINT('',(-8.9,-4.26270166537926,1.58729833462074));
#4263=CARTESIAN_POINT('',(-8.9,-4.26270166537926,1.35));
#4264=CARTESIAN_POINT('',(-8.6,-4.65,1.2));
#4265=CARTESIAN_POINT('Origin',(-9.,-4.65,1.2));
#4266=CARTESIAN_POINT('Origin',(-9.,-4.65,1.2));
#4267=CARTESIAN_POINT('Origin',(-9.,-7.05,1.05));
#4268=CARTESIAN_POINT('',(-8.9,-7.43729833462074,1.58729833462074));
#4269=CARTESIAN_POINT('',(-8.9,-7.43729833462074,0.812701665379257));
#4270=CARTESIAN_POINT('',(-8.9,-7.43729833462074,1.05));
#4271=CARTESIAN_POINT('',(-8.6,-7.05,1.2));
#4272=CARTESIAN_POINT('Origin',(-9.,-7.05,1.2));
#4273=CARTESIAN_POINT('Origin',(-9.,-7.05,1.2));
#4274=CARTESIAN_POINT('Origin',(-9.,-5.1,1.2));
#4275=CARTESIAN_POINT('',(-8.9,-5.1,0.812701665379257));
#4276=CARTESIAN_POINT('',(-8.9,-5.1,1.58729833462074));
#4277=CARTESIAN_POINT('Origin',(4.75000000000055,-10.1499999999999,0.1));
#4278=CARTESIAN_POINT('',(4.35000000000055,-9.89999999999987,0.1));
#4279=CARTESIAN_POINT('',(4.75000000000056,-10.3,0.5));
#4280=CARTESIAN_POINT('Origin',(4.75000000000056,-10.3,0.1));
#4281=CARTESIAN_POINT('',(4.35000000000056,-10.7,0.1));
#4282=CARTESIAN_POINT('Origin',(4.75000000000056,-10.3,0.1));
#4283=CARTESIAN_POINT('',(4.35000000000055,-10.1499999999999,0.1));
#4284=CARTESIAN_POINT('Origin',(5.10000000000056,-10.3,0.1));
#4285=CARTESIAN_POINT('',(7.15000000000055,-9.89999999999987,0.1));
#4286=CARTESIAN_POINT('',(6.40000000000055,-9.89999999999987,0.1));
#4287=CARTESIAN_POINT('',(6.75000000000056,-10.3,0.5));
#4288=CARTESIAN_POINT('Origin',(6.75000000000056,-10.3,0.1));
#4289=CARTESIAN_POINT('',(7.15000000000056,-10.7,0.1));
#4290=CARTESIAN_POINT('Origin',(6.75000000000056,-10.3,0.1));
#4291=CARTESIAN_POINT('',(5.10000000000056,-10.7,0.1));
#4292=CARTESIAN_POINT('Origin',(6.75000000000056,-10.45,0.1));
#4293=CARTESIAN_POINT('',(7.15000000000056,-10.45,0.1));
#4294=CARTESIAN_POINT('Origin',(7.05000000000055,-9.89999999999987,0.));
#4295=CARTESIAN_POINT('',(4.35000000000055,-9.89999999999987,0.));
#4296=CARTESIAN_POINT('',(4.35000000000055,-9.89999999999987,0.));
#4297=CARTESIAN_POINT('',(7.15000000000055,-9.89999999999987,0.));
#4298=CARTESIAN_POINT('',(3.52500000000028,-9.89999999999987,0.));
#4299=CARTESIAN_POINT('',(7.15000000000055,-9.89999999999987,0.));
#4300=CARTESIAN_POINT('Origin',(7.15000000000056,-10.6,0.));
#4301=CARTESIAN_POINT('',(7.15000000000055,-10.7,0.));
#4302=CARTESIAN_POINT('',(7.15000000000055,-6.49999999999999,0.));
#4303=CARTESIAN_POINT('',(7.15000000000056,-10.7,0.));
#4304=CARTESIAN_POINT('Origin',(4.45000000000056,-10.7,0.));
#4305=CARTESIAN_POINT('',(4.35000000000056,-10.7,0.));
#4306=CARTESIAN_POINT('',(2.22500000000028,-10.7,0.));
#4307=CARTESIAN_POINT('',(4.35000000000056,-10.7,0.));
#4308=CARTESIAN_POINT('Origin',(4.35000000000055,-9.99999999999987,0.));
#4309=CARTESIAN_POINT('',(4.35000000000054,-6.19999999999993,0.));
#4310=CARTESIAN_POINT('Origin',(9.,-4.65,1.35));
#4311=CARTESIAN_POINT('',(8.9,-4.26270166537926,1.58729833462074));
#4312=CARTESIAN_POINT('',(8.9,-4.26270166537926,0.812701665379258));
#4313=CARTESIAN_POINT('',(8.9,-4.26270166537926,1.35));
#4314=CARTESIAN_POINT('',(8.6,-4.65,1.2));
#4315=CARTESIAN_POINT('Origin',(9.,-4.65,1.2));
#4316=CARTESIAN_POINT('Origin',(9.,-4.65,1.2));
#4317=CARTESIAN_POINT('Origin',(9.,-7.05,1.05));
#4318=CARTESIAN_POINT('',(8.9,-7.43729833462074,0.812701665379258));
#4319=CARTESIAN_POINT('',(8.9,-7.43729833462074,1.58729833462074));
#4320=CARTESIAN_POINT('',(8.9,-7.43729833462074,1.05));
#4321=CARTESIAN_POINT('',(8.6,-7.05,1.2));
#4322=CARTESIAN_POINT('Origin',(9.,-7.05,1.2));
#4323=CARTESIAN_POINT('Origin',(9.,-7.05,1.2));
#4324=CARTESIAN_POINT('Origin',(9.,-5.1,1.2));
#4325=CARTESIAN_POINT('',(8.9,-5.1,1.58729833462074));
#4326=CARTESIAN_POINT('',(8.9,-5.1,0.812701665379258));
#4327=CARTESIAN_POINT('Origin',(-4.74999999999945,-10.45,0.1));
#4328=CARTESIAN_POINT('',(-4.74999999999945,-10.2999999999999,0.5));
#4329=CARTESIAN_POINT('',(-4.34999999999945,-10.7,0.1));
#4330=CARTESIAN_POINT('Origin',(-4.74999999999945,-10.3,0.1));
#4331=CARTESIAN_POINT('',(-4.34999999999945,-9.89999999999987,0.1));
#4332=CARTESIAN_POINT('Origin',(-4.74999999999945,-10.3,0.1));
#4333=CARTESIAN_POINT('',(-4.34999999999945,-10.45,0.1));
#4334=CARTESIAN_POINT('Origin',(-6.39999999999945,-10.3,0.1));
#4335=CARTESIAN_POINT('',(-7.14999999999945,-10.7,0.1));
#4336=CARTESIAN_POINT('',(-6.39999999999945,-10.7,0.1));
#4337=CARTESIAN_POINT('',(-6.74999999999945,-10.2999999999999,0.5));
#4338=CARTESIAN_POINT('Origin',(-6.74999999999945,-10.3,0.1));
#4339=CARTESIAN_POINT('',(-7.14999999999945,-9.9,0.1));
#4340=CARTESIAN_POINT('Origin',(-6.74999999999945,-10.3,0.1));
#4341=CARTESIAN_POINT('',(-5.09999999999945,-9.89999999999987,0.1));
#4342=CARTESIAN_POINT('Origin',(-6.74999999999945,-10.1499999999999,0.1));
#4343=CARTESIAN_POINT('',(-7.14999999999945,-10.1499999999999,0.1));
#4344=CARTESIAN_POINT('Origin',(-4.44999999999945,-9.89999999999987,0.));
#4345=CARTESIAN_POINT('',(-7.14999999999945,-9.89999999999987,0.));
#4346=CARTESIAN_POINT('',(-7.14999999999945,-9.89999999999987,0.));
#4347=CARTESIAN_POINT('',(-4.34999999999945,-9.89999999999987,0.));
#4348=CARTESIAN_POINT('',(-2.22499999999973,-9.89999999999987,0.));
#4349=CARTESIAN_POINT('',(-4.34999999999945,-9.89999999999987,0.));
#4350=CARTESIAN_POINT('Origin',(-4.34999999999945,-10.6,0.));
#4351=CARTESIAN_POINT('',(-4.34999999999945,-10.7,0.));
#4352=CARTESIAN_POINT('',(-4.34999999999945,-6.5,0.));
#4353=CARTESIAN_POINT('',(-4.34999999999945,-10.7,0.));
#4354=CARTESIAN_POINT('Origin',(-7.14999999999945,-9.99999999999987,0.));
#4355=CARTESIAN_POINT('',(-7.14999999999944,-10.7,0.));
#4356=CARTESIAN_POINT('',(-7.14999999999945,-10.7,0.));
#4357=CARTESIAN_POINT('',(-7.14999999999946,-6.19999999999995,0.));
#4358=CARTESIAN_POINT('Origin',(-7.04999999999945,-10.7,0.));
#4359=CARTESIAN_POINT('',(-3.52499999999972,-10.7,0.));
#4360=CARTESIAN_POINT('Origin',(-3.33066907387547E-15,-1.35,0.9));
#4361=CARTESIAN_POINT('',(-5.29999997019767,6.8,0.9));
#4362=CARTESIAN_POINT('',(-5.29999997019767,6.8,0.9));
#4363=CARTESIAN_POINT('',(0.95,-6.81036297108184,0.9));
#4364=CARTESIAN_POINT('',(-0.58845326171019,-5.92213656629781,0.9));
#4365=CARTESIAN_POINT('',(0.950000000000001,-4.78963702891815,0.9));
#4366=CARTESIAN_POINT('',(0.950000000000002,-3.06981851445908,0.9));
#4367=CARTESIAN_POINT('',(2.7,-3.77927405783631,0.9));
#4368=CARTESIAN_POINT('',(2.21345326171019,-4.06018194816127,0.9));
#4369=CARTESIAN_POINT('',(4.45,-4.78963702891816,0.9));
#4370=CARTESIAN_POINT('',(2.03654673828981,-3.3962291385932,0.9));
#4371=CARTESIAN_POINT('',(4.45,-6.81036297108185,0.9));
#4372=CARTESIAN_POINT('',(4.45,-4.08018148554092,0.9));
#4373=CARTESIAN_POINT('',(3.08845326171018,-7.59645234694773,0.9));
#4374=CARTESIAN_POINT('',(4.42114813968157,6.8,0.9));
#4375=CARTESIAN_POINT('',(-0.850000000000009,0.189637028918156,0.9));
#4376=CARTESIAN_POINT('',(-0.850000000000006,2.21036297108185,0.9));
#4377=CARTESIAN_POINT('',(-0.850000000000011,-0.58018148554092,0.9));
#4378=CARTESIAN_POINT('',(-2.60000000000001,-0.820725942163688,0.9));
#4379=CARTESIAN_POINT('',(-1.73959119491259,-0.32396868693334,0.9));
#4380=CARTESIAN_POINT('',(-4.35000000000001,0.189637028918159,0.9));
#4381=CARTESIAN_POINT('',(-2.38540880508743,-0.94462022631219,0.9));
#4382=CARTESIAN_POINT('',(-4.35000000000001,2.21036297108185,0.9));
#4383=CARTESIAN_POINT('',(-4.35000000000001,0.430181485540929,0.9));
#4384=CARTESIAN_POINT('',(-2.60000000000001,3.22072594216369,0.9));
#4385=CARTESIAN_POINT('',(-2.61459119491258,3.21230171185312,0.9));
#4386=CARTESIAN_POINT('',(0.239591194912575,1.58128720139242,0.9));
#4387=CARTESIAN_POINT('Origin',(-2.60000000000001,-0.820725942163688,0.5));
#4388=CARTESIAN_POINT('',(-0.850000000000009,0.189637028918156,0.5));
#4389=CARTESIAN_POINT('',(-0.850000000000009,0.189637028918156,0.5));
#4390=CARTESIAN_POINT('',(-2.60000000000001,-0.820725942163688,0.5));
#4391=CARTESIAN_POINT('',(-2.60000000000001,-0.820725942163688,0.5));
#4392=CARTESIAN_POINT('',(-2.60000000000001,-0.820725942163688,0.5));
#4393=CARTESIAN_POINT('Origin',(-0.850000000000009,0.189637028918156,0.5));
#4394=CARTESIAN_POINT('',(-0.850000000000006,2.21036297108185,0.5));
#4395=CARTESIAN_POINT('',(-0.850000000000006,2.21036297108185,0.5));
#4396=CARTESIAN_POINT('',(-0.850000000000009,0.189637028918156,0.5));
#4397=CARTESIAN_POINT('Origin',(-0.850000000000006,2.21036297108185,0.5));
#4398=CARTESIAN_POINT('',(-2.60000000000001,3.22072594216369,0.5));
#4399=CARTESIAN_POINT('',(-2.60000000000001,3.22072594216369,0.5));
#4400=CARTESIAN_POINT('',(-0.850000000000006,2.21036297108185,0.5));
#4401=CARTESIAN_POINT('Origin',(2.7,-7.82072594216369,0.5));
#4402=CARTESIAN_POINT('',(4.45,-6.81036297108185,0.5));
#4403=CARTESIAN_POINT('',(4.45,-6.81036297108185,0.5));
#4404=CARTESIAN_POINT('',(2.7,-7.82072594216369,0.5));
#4405=CARTESIAN_POINT('Origin',(4.45,-6.81036297108185,0.5));
#4406=CARTESIAN_POINT('',(4.45,-4.78963702891816,0.5));
#4407=CARTESIAN_POINT('',(4.45,-4.78963702891816,0.5));
#4408=CARTESIAN_POINT('',(4.45,-6.81036297108185,0.5));
#4409=CARTESIAN_POINT('Origin',(4.45,-4.78963702891816,0.5));
#4410=CARTESIAN_POINT('',(2.7,-3.77927405783631,0.5));
#4411=CARTESIAN_POINT('',(2.7,-3.77927405783631,0.5));
#4412=CARTESIAN_POINT('',(4.45,-4.78963702891816,0.5));
#4413=CARTESIAN_POINT('Origin',(2.7,-3.77927405783631,0.5));
#4414=CARTESIAN_POINT('',(0.950000000000001,-4.78963702891815,0.5));
#4415=CARTESIAN_POINT('',(0.950000000000001,-4.78963702891815,0.5));
#4416=CARTESIAN_POINT('',(2.7,-3.77927405783631,0.5));
#4417=CARTESIAN_POINT('Origin',(0.950000000000001,-4.78963702891815,0.5));
#4418=CARTESIAN_POINT('',(0.95,-6.81036297108184,0.5));
#4419=CARTESIAN_POINT('',(0.95,-6.81036297108184,0.5));
#4420=CARTESIAN_POINT('',(0.950000000000001,-4.78963702891815,0.5));
#4421=CARTESIAN_POINT('Origin',(0.95,-6.81036297108184,0.5));
#4422=CARTESIAN_POINT('',(0.95,-6.81036297108184,0.5));
#4423=CARTESIAN_POINT('Origin',(-5.29999997019768,-6.9,0.));
#4424=CARTESIAN_POINT('',(-5.29999997019767,6.8,0.45));
#4425=CARTESIAN_POINT('Origin',(-3.33066907387547E-15,-2.4,0.));
#4426=CARTESIAN_POINT('',(-8.84229627936315,6.8,0.));
#4427=CARTESIAN_POINT('',(8.84229627936314,6.8,0.));
#4428=CARTESIAN_POINT('',(-8.84229627936315,6.8,0.));
#4429=CARTESIAN_POINT('',(8.9,6.25,0.));
#4430=CARTESIAN_POINT('Origin',(6.25,6.25,0.));
#4431=CARTESIAN_POINT('',(8.9,-11.6,0.));
#4432=CARTESIAN_POINT('',(8.9,-11.6,0.));
#4433=CARTESIAN_POINT('',(-8.9,-11.6,0.));
#4434=CARTESIAN_POINT('',(-8.9,-11.6,0.));
#4435=CARTESIAN_POINT('',(-8.90000000000001,6.25,0.));
#4436=CARTESIAN_POINT('',(-8.90000000000001,6.25,0.));
#4437=CARTESIAN_POINT('Origin',(-6.25000000000001,6.25,0.));
#4438=CARTESIAN_POINT('Origin',(8.84229627936314,6.8,0.));
#4439=CARTESIAN_POINT('',(8.84229627936314,6.8,0.));
#4440=CARTESIAN_POINT('',(-8.84229627936315,6.8,0.));
#4441=CARTESIAN_POINT('Origin',(-4.35000000000001,0.189637028918159,0.5));
#4442=CARTESIAN_POINT('',(-4.35000000000001,0.189637028918159,0.5));
#4443=CARTESIAN_POINT('',(-4.35000000000001,0.189637028918159,0.5));
#4444=CARTESIAN_POINT('',(-4.35000000000001,0.189637028918159,0.5));
#4445=CARTESIAN_POINT('Origin',(-4.35000000000001,2.21036297108185,0.5));
#4446=CARTESIAN_POINT('',(-4.35000000000001,2.21036297108185,0.5));
#4447=CARTESIAN_POINT('',(-4.35000000000001,2.21036297108185,0.5));
#4448=CARTESIAN_POINT('',(-4.35000000000001,2.21036297108185,0.5));
#4449=CARTESIAN_POINT('Origin',(-2.60000000000001,3.22072594216369,0.5));
#4450=CARTESIAN_POINT('',(-2.60000000000001,3.22072594216369,0.5));
#4451=CARTESIAN_POINT('Origin',(-2.60000000000001,1.2,0.5));
#4452=CARTESIAN_POINT('Origin',(2.7,-5.8,0.5));
#4453=CARTESIAN_POINT('Origin',(-6.25000000000001,6.25,0.));
#4454=CARTESIAN_POINT('',(-8.90000000000001,6.25,0.));
#4455=CARTESIAN_POINT('Origin',(6.25,6.25,0.));
#4456=CARTESIAN_POINT('',(8.9,6.25,0.));
#4457=CARTESIAN_POINT('Origin',(8.9,-11.6,0.));
#4458=CARTESIAN_POINT('',(8.9,-11.6,0.));
#4459=CARTESIAN_POINT('Origin',(-8.9,-11.6,0.));
#4460=CARTESIAN_POINT('',(-8.9,-11.6,0.));
#4461=CARTESIAN_POINT('Origin',(-8.90000000000001,6.25,0.));
#4462=CARTESIAN_POINT('',(0.,0.,0.));
#4463=CARTESIAN_POINT('Origin',(7.49999983236194,5.66883174906072,3.5));
#4464=CARTESIAN_POINT('',(7.50000011175871,5.66883174906072,3.79999999999987));
#4465=CARTESIAN_POINT('',(7.50000011175871,5.66883174906072,3.20000000000013));
#4466=CARTESIAN_POINT('',(7.50000011175871,5.66883174906072,3.95));
#4467=CARTESIAN_POINT('Origin',(7.49999983236194,5.66883174906072,3.5));
#4468=CARTESIAN_POINT('Origin',(-7.4999996088445,-7.75,3.5));
#4469=CARTESIAN_POINT('',(-7.49999988824127,-7.75,3.20000000000013));
#4470=CARTESIAN_POINT('',(-7.49999988824127,5.67327487296977,3.20000000000013));
#4471=CARTESIAN_POINT('',(-7.49999988824127,-7.75,3.20000000000013));
#4472=CARTESIAN_POINT('',(-7.49999988824127,-7.75,3.79999999999987));
#4473=CARTESIAN_POINT('Origin',(-7.4999996088445,-7.75,3.5));
#4474=CARTESIAN_POINT('',(-7.49999988824127,5.67327487296977,3.79999999999987));
#4475=CARTESIAN_POINT('',(-7.49999988824127,-7.75,3.79999999999987));
#4476=CARTESIAN_POINT('Origin',(-7.4999996088445,5.67327487296977,3.5));
#4477=CARTESIAN_POINT('Origin',(-5.49999988824127,-7.75,3.5));
#4478=CARTESIAN_POINT('',(-5.49999988824127,-9.75,3.20000000000013));
#4479=CARTESIAN_POINT('Origin',(-5.49999988824127,-7.75,3.20000000000013));
#4480=CARTESIAN_POINT('',(-5.49999988824127,-9.75,3.79999999999987));
#4481=CARTESIAN_POINT('Origin',(-5.49999988824127,-9.74999972060323,3.5));
#4482=CARTESIAN_POINT('Origin',(-5.49999988824127,-7.75,3.79999999999987));
#4483=CARTESIAN_POINT('Origin',(5.50000011175871,-9.74999972060323,3.5));
#4484=CARTESIAN_POINT('',(5.50000011175871,-9.75,3.20000000000013));
#4485=CARTESIAN_POINT('',(5.50000011175871,-9.75,3.20000000000013));
#4486=CARTESIAN_POINT('',(5.50000011175871,-9.75,3.79999999999987));
#4487=CARTESIAN_POINT('Origin',(5.50000011175871,-9.74999972060323,3.5));
#4488=CARTESIAN_POINT('',(5.50000011175871,-9.75,3.79999999999987));
#4489=CARTESIAN_POINT('Origin',(5.50000011175871,-7.75,3.5));
#4490=CARTESIAN_POINT('',(7.50000011175871,-7.75,3.20000000000013));
#4491=CARTESIAN_POINT('Origin',(5.50000011175871,-7.75,3.20000000000013));
#4492=CARTESIAN_POINT('',(7.50000011175871,-7.75,3.79999999999987));
#4493=CARTESIAN_POINT('Origin',(7.49999983236194,-7.75,3.5));
#4494=CARTESIAN_POINT('Origin',(5.50000011175871,-7.75,3.79999999999987));
#4495=CARTESIAN_POINT('Origin',(7.49999983236194,0.249999999999996,3.5));
#4496=CARTESIAN_POINT('',(7.50000011175871,0.249999999999996,3.20000000000013));
#4497=CARTESIAN_POINT('',(7.50000011175871,0.249999999999996,3.79999999999987));
#4498=CARTESIAN_POINT('Origin',(-7.4999996088445,5.67327487296977,3.5));
#4499=CARTESIAN_POINT('',(-7.49999988824127,5.67327487296977,3.95));
#4500=CARTESIAN_POINT('Origin',(5.50000011175871,-7.75,4.4));
#4501=CARTESIAN_POINT('',(7.50000011175871,-7.75,4.4));
#4502=CARTESIAN_POINT('',(7.50000011175871,-7.75,4.4));
#4503=CARTESIAN_POINT('',(5.50000011175871,-9.75,4.4));
#4504=CARTESIAN_POINT('Origin',(5.50000011175871,-7.75,4.4));
#4505=CARTESIAN_POINT('',(5.50000011175871,-9.75,4.4));
#4506=CARTESIAN_POINT('Origin',(5.50000011175871,-7.75,4.4));
#4507=CARTESIAN_POINT('',(5.50000011175871,-9.75,2.6));
#4508=CARTESIAN_POINT('',(5.50000011175871,-9.75,4.4));
#4509=CARTESIAN_POINT('',(7.50000011175871,-7.75,2.6));
#4510=CARTESIAN_POINT('Origin',(5.50000011175871,-7.75,2.6));
#4511=CARTESIAN_POINT('',(7.50000011175871,-7.75,4.4));
#4512=CARTESIAN_POINT('Origin',(5.50000011175871,-9.75,4.4));
#4513=CARTESIAN_POINT('',(-5.49999988824127,-9.75,4.4));
#4514=CARTESIAN_POINT('',(5.50000011175871,-9.75,4.4));
#4515=CARTESIAN_POINT('',(-5.49999988824127,-9.75,4.4));
#4516=CARTESIAN_POINT('Origin',(5.50000011175871,-9.75,4.4));
#4517=CARTESIAN_POINT('',(-5.49999988824127,-9.75,2.6));
#4518=CARTESIAN_POINT('',(-5.49999988824127,-9.75,4.4));
#4519=CARTESIAN_POINT('',(5.50000011175871,-9.75,2.6));
#4520=CARTESIAN_POINT('Origin',(-7.49999988824127,-7.75,4.4));
#4521=CARTESIAN_POINT('',(-7.49999988824127,-7.75,4.4));
#4522=CARTESIAN_POINT('',(-7.49999988824127,-7.75,4.4));
#4523=CARTESIAN_POINT('',(-7.49999988824127,6.8,4.4));
#4524=CARTESIAN_POINT('',(-7.49999988824127,-7.75,4.4));
#4525=CARTESIAN_POINT('',(-7.49999988824127,6.8,2.6));
#4526=CARTESIAN_POINT('',(-7.49999988824127,6.8,4.4));
#4527=CARTESIAN_POINT('',(-7.49999988824127,-7.75,2.6));
#4528=CARTESIAN_POINT('',(-7.49999988824127,-7.75,2.6));
#4529=CARTESIAN_POINT('',(-7.49999988824127,-7.75,4.4));
#4530=CARTESIAN_POINT('Origin',(-5.49999988824127,-7.75,4.4));
#4531=CARTESIAN_POINT('Origin',(-5.49999988824127,-7.75,4.4));
#4532=CARTESIAN_POINT('Origin',(-5.49999988824127,-7.75,4.4));
#4533=CARTESIAN_POINT('Origin',(-5.49999988824127,-7.75,2.6));
#4534=CARTESIAN_POINT('Origin',(-5.3,-0.409847971932596,2.6));
#4535=CARTESIAN_POINT('',(-5.3,-0.409847971932596,2.6));
#4536=CARTESIAN_POINT('',(-5.3,-3.10420938817552,2.6));
#4537=CARTESIAN_POINT('',(-5.3,-0.417423985966299,2.6));
#4538=CARTESIAN_POINT('',(-5.3,-0.409847971932596,3.5));
#4539=CARTESIAN_POINT('',(-5.3,-0.409847971932596,2.6));
#4540=CARTESIAN_POINT('',(-5.3,-3.10420938817552,3.5));
#4541=CARTESIAN_POINT('',(-5.3,-3.10420938817552,3.5));
#4542=CARTESIAN_POINT('',(-5.3,-3.10420938817552,2.6));
#4543=CARTESIAN_POINT('Origin',(-3.79999991506338,-0.409847971932597,2.6));
#4544=CARTESIAN_POINT('',(-3.79999991506338,-0.409847971932596,2.6));
#4545=CARTESIAN_POINT('',(-1.89999995753169,-0.409847971932597,2.6));
#4546=CARTESIAN_POINT('',(-3.79999991506338,-0.409847971932596,3.5));
#4547=CARTESIAN_POINT('',(-3.79999997019768,-0.409847971932596,3.5));
#4548=CARTESIAN_POINT('',(-5.3,-0.409847971932597,3.5));
#4549=CARTESIAN_POINT('Origin',(-5.3,-3.10420938817552,2.6));
#4550=CARTESIAN_POINT('',(-3.79999991506338,-3.10420938817552,2.6));
#4551=CARTESIAN_POINT('',(-2.65,-3.10420938817552,2.6));
#4552=CARTESIAN_POINT('',(-3.79999991506338,-3.10420938817552,3.5));
#4553=CARTESIAN_POINT('',(-3.79999991506338,-3.10420938817552,3.5));
#4554=CARTESIAN_POINT('',(-3.79999997019768,-3.10420938817552,3.5));
#4555=CARTESIAN_POINT('Origin',(-4.54999995753169,-1.75702868005406,3.5));
#4556=CARTESIAN_POINT('',(-3.79999997019768,0.271485659972972,3.5));
#4557=CARTESIAN_POINT('Origin',(5.3,1.18769375274241,2.6));
#4558=CARTESIAN_POINT('',(5.3,1.18769375274241,2.6));
#4559=CARTESIAN_POINT('',(3.79999991506338,1.18769375274241,2.6));
#4560=CARTESIAN_POINT('',(2.65,1.18769375274241,2.6));
#4561=CARTESIAN_POINT('',(5.3,1.18769375274241,3.5));
#4562=CARTESIAN_POINT('',(5.3,1.18769375274241,2.6));
#4563=CARTESIAN_POINT('',(3.79999991506338,1.18769375274241,3.5));
#4564=CARTESIAN_POINT('',(3.79999991506338,1.18769375274241,3.5));
#4565=CARTESIAN_POINT('',(3.80000002980232,1.18769375274241,3.5));
#4566=CARTESIAN_POINT('Origin',(5.29999988153577,-3.84337048466694,2.6));
#4567=CARTESIAN_POINT('',(5.29999988153577,-3.84337048466694,2.6));
#4568=CARTESIAN_POINT('',(5.29999992178119,-2.13418530473184,2.6));
#4569=CARTESIAN_POINT('',(5.29999988153577,-3.84337048466694,3.5));
#4570=CARTESIAN_POINT('',(5.29999988153577,-3.84337048466694,2.6));
#4571=CARTESIAN_POINT('',(5.29999988153577,-3.84337048466694,3.5));
#4572=CARTESIAN_POINT('Origin',(3.79999991506338,-3.84337048466694,2.6));
#4573=CARTESIAN_POINT('',(3.79999991506338,-3.84337048466694,2.6));
#4574=CARTESIAN_POINT('',(1.89999995753169,-3.84337048466694,2.6));
#4575=CARTESIAN_POINT('',(3.79999991506338,-3.84337048466694,3.5));
#4576=CARTESIAN_POINT('',(3.80000002980232,-3.84337048466694,3.5));
#4577=CARTESIAN_POINT('',(5.29999988153577,-3.84337048466694,3.5));
#4578=CARTESIAN_POINT('Origin',(4.54999995753169,-1.32783836596226,3.5));
#4579=CARTESIAN_POINT('',(3.80000002980232,-4.11391918298113,3.5));
#4580=CARTESIAN_POINT('Origin',(9.08039504698976E-8,2.75000005029142,3.5));
#4581=CARTESIAN_POINT('',(2.60000012349337,2.29999994859099,3.5));
#4582=CARTESIAN_POINT('',(2.60000012349337,3.20000015199184,3.5));
#4583=CARTESIAN_POINT('',(2.60000012349337,3.20000015199184,3.5));
#4584=CARTESIAN_POINT('',(-2.59999994188547,2.29999994859099,3.5));
#4585=CARTESIAN_POINT('',(1.90000004540198,2.3,3.5));
#4586=CARTESIAN_POINT('',(-2.59999994188547,3.20000015199184,3.5));
#4587=CARTESIAN_POINT('',(-2.59999994188547,2.29999994859099,3.5));
#4588=CARTESIAN_POINT('',(-1.30000332209866,3.2,3.5));
#4589=CARTESIAN_POINT('Origin',(-3.79999997019768,2.3,4.4));
#4590=CARTESIAN_POINT('',(-3.79999997019768,2.3,2.6));
#4591=CARTESIAN_POINT('',(-3.79999997019768,8.8999998010695,2.6));
#4592=CARTESIAN_POINT('',(-3.79999997019768,2.3,4.4));
#4593=CARTESIAN_POINT('',(-3.79999997019768,2.3,4.4));
#4594=CARTESIAN_POINT('',(-3.8,-6.9,4.4));
#4595=CARTESIAN_POINT('',(-3.79999997019768,8.8999998010695,4.4));
#4596=CARTESIAN_POINT('',(-3.8,-6.9,2.6));
#4597=CARTESIAN_POINT('',(-3.8,-6.9,4.4));
#4598=CARTESIAN_POINT('',(-3.79999997019768,8.8999998010695,2.6));
#4599=CARTESIAN_POINT('Origin',(3.80000002980232,-6.9,4.4));
#4600=CARTESIAN_POINT('',(3.8,-6.9,2.6));
#4601=CARTESIAN_POINT('',(3.80000002980232,-6.9,2.6));
#4602=CARTESIAN_POINT('',(3.8,-6.9,4.4));
#4603=CARTESIAN_POINT('',(3.8,-6.9,4.4));
#4604=CARTESIAN_POINT('',(3.80000002980232,2.3,4.4));
#4605=CARTESIAN_POINT('',(3.80000002980232,-6.9,4.4));
#4606=CARTESIAN_POINT('',(3.80000002980232,2.3,2.6));
#4607=CARTESIAN_POINT('',(3.80000002980232,2.3,4.4));
#4608=CARTESIAN_POINT('',(3.80000002980232,-6.9,2.6));
#4609=CARTESIAN_POINT('Origin',(3.8,2.3,4.4));
#4610=CARTESIAN_POINT('',(-2.59999994188547,2.29999994859099,2.6));
#4611=CARTESIAN_POINT('',(-2.59999994188547,2.3,3.5));
#4612=CARTESIAN_POINT('',(2.60000012349337,2.29999994859099,2.6));
#4613=CARTESIAN_POINT('',(2.60000012349337,2.3,3.5));
#4614=CARTESIAN_POINT('',(-3.8,2.3,2.6));
#4615=CARTESIAN_POINT('',(-3.8,2.3,4.4));
#4616=CARTESIAN_POINT('',(-3.8,2.3,2.6));
#4617=CARTESIAN_POINT('Origin',(5.4,6.8,2.6));
#4618=CARTESIAN_POINT('',(5.4,6.8,2.6));
#4619=CARTESIAN_POINT('',(5.4,6.8,1.));
#4620=CARTESIAN_POINT('',(5.4,6.8,3.5));
#4621=CARTESIAN_POINT('',(5.4,7.,2.6));
#4622=CARTESIAN_POINT('',(5.4,6.8,2.6));
#4623=CARTESIAN_POINT('',(5.4,7.,1.));
#4624=CARTESIAN_POINT('',(5.4,7.,2.6));
#4625=CARTESIAN_POINT('',(5.4,6.8,1.));
#4626=CARTESIAN_POINT('Origin',(-5.4,6.8,1.));
#4627=CARTESIAN_POINT('',(-5.4,6.8,1.));
#4628=CARTESIAN_POINT('',(-5.4,6.8,2.6));
#4629=CARTESIAN_POINT('',(-5.4,6.8,2.70000000000001));
#4630=CARTESIAN_POINT('',(-5.4,7.,1.));
#4631=CARTESIAN_POINT('',(-5.4,6.8,1.));
#4632=CARTESIAN_POINT('',(-5.4,7.,2.6));
#4633=CARTESIAN_POINT('',(-5.4,7.,1.));
#4634=CARTESIAN_POINT('',(-5.4,6.8,2.6));
#4635=CARTESIAN_POINT('Origin',(5.4,6.8,1.));
#4636=CARTESIAN_POINT('',(7.12114813968157,6.8,1.));
#4637=CARTESIAN_POINT('',(5.4,7.,1.));
#4638=CARTESIAN_POINT('Origin',(0.,7.,1.8));
#4639=CARTESIAN_POINT('',(2.59999326499873,7.,2.6));
#4640=CARTESIAN_POINT('',(-5.4,7.,2.6));
#4641=CARTESIAN_POINT('',(-2.60000673500127,7.,2.6));
#4642=CARTESIAN_POINT('',(-1.66533453693773E-15,7.,2.6));
#4643=CARTESIAN_POINT('',(-5.4,7.,2.6));
#4644=CARTESIAN_POINT('Origin',(8.84229627936315,6.8,4.4));
#4645=CARTESIAN_POINT('',(4.42114813968157,6.8,2.6));
#4646=CARTESIAN_POINT('',(-8.84229627936315,6.8,4.4));
#4647=CARTESIAN_POINT('',(-8.84229627936315,6.8,4.4));
#4648=CARTESIAN_POINT('',(-8.84229627936315,6.8,0.));
#4649=CARTESIAN_POINT('',(-8.84229627936315,6.8,4.4));
#4650=CARTESIAN_POINT('',(8.84229627936315,6.8,0.));
#4651=CARTESIAN_POINT('',(-8.84229627936315,6.8,0.));
#4652=CARTESIAN_POINT('',(8.84229627936315,6.8,4.4));
#4653=CARTESIAN_POINT('',(8.84229627936315,6.8,4.4));
#4654=CARTESIAN_POINT('',(7.50000011175871,6.8,4.4));
#4655=CARTESIAN_POINT('',(-8.84229627936315,6.8,4.4));
#4656=CARTESIAN_POINT('',(7.50000011175871,6.8,2.6));
#4657=CARTESIAN_POINT('',(7.50000011175871,6.8,4.4));
#4658=CARTESIAN_POINT('',(4.42114813968157,6.8,2.6));
#4659=CARTESIAN_POINT('',(6.84229627936315,6.8,1.3));
#4660=CARTESIAN_POINT('Origin',(6.84229627936315,6.8,1.));
#4661=CARTESIAN_POINT('',(-6.84229627936315,6.8,1.3));
#4662=CARTESIAN_POINT('Origin',(-6.84229627936315,6.8,1.));
#4663=CARTESIAN_POINT('Origin',(6.56,6.80425625842205,4.4));
#4664=CARTESIAN_POINT('',(6.56,6.80425625842205,4.4));
#4665=CARTESIAN_POINT('',(6.56,5.69574374157796,4.4));
#4666=CARTESIAN_POINT('',(6.56,3.18962812921102,4.4));
#4667=CARTESIAN_POINT('',(6.56,6.80425625842205,3.3));
#4668=CARTESIAN_POINT('',(6.56,6.80425625842205,4.4));
#4669=CARTESIAN_POINT('',(6.56,5.69574374157796,3.3));
#4670=CARTESIAN_POINT('',(6.56,5.69574374157796,3.3));
#4671=CARTESIAN_POINT('',(6.56,5.69574374157796,4.4));
#4672=CARTESIAN_POINT('Origin',(5.6,7.35851251684409,4.4));
#4673=CARTESIAN_POINT('',(5.6,7.35851251684409,4.4));
#4674=CARTESIAN_POINT('',(5.18517989256529,7.59800901753679,4.4));
#4675=CARTESIAN_POINT('',(5.6,7.35851251684409,3.3));
#4676=CARTESIAN_POINT('',(5.6,7.35851251684409,4.4));
#4677=CARTESIAN_POINT('',(6.56,6.80425625842205,3.3));
#4678=CARTESIAN_POINT('Origin',(4.64,6.80425625842205,4.4));
#4679=CARTESIAN_POINT('',(4.64,6.80425625842205,4.4));
#4680=CARTESIAN_POINT('',(1.33482010743472,4.89600975772935,4.4));
#4681=CARTESIAN_POINT('',(4.64,6.80425625842205,3.3));
#4682=CARTESIAN_POINT('',(4.64,6.80425625842205,4.4));
#4683=CARTESIAN_POINT('',(5.6,7.35851251684409,3.3));
#4684=CARTESIAN_POINT('Origin',(4.64,5.69574374157797,4.4));
#4685=CARTESIAN_POINT('',(4.64,5.69574374157797,4.4));
#4686=CARTESIAN_POINT('',(4.64,2.63537187078898,4.4));
#4687=CARTESIAN_POINT('',(4.64,5.69574374157797,3.3));
#4688=CARTESIAN_POINT('',(4.64,5.69574374157797,4.4));
#4689=CARTESIAN_POINT('',(4.64,6.80425625842205,3.3));
#4690=CARTESIAN_POINT('Origin',(5.2,5.37242759083178,4.4));
#4691=CARTESIAN_POINT('',(5.2,5.37242759083178,4.4));
#4692=CARTESIAN_POINT('',(4.50517989256528,5.77358216689758,4.4));
#4693=CARTESIAN_POINT('',(5.2,5.37242759083178,3.3));
#4694=CARTESIAN_POINT('',(5.2,5.37242759083178,4.4));
#4695=CARTESIAN_POINT('',(4.64,5.69574374157797,3.3));
#4696=CARTESIAN_POINT('Origin',(5.2,4.24148748315591,4.4));
#4697=CARTESIAN_POINT('',(5.2,4.24148748315591,4.4));
#4698=CARTESIAN_POINT('',(5.2,1.90824374157796,4.4));
#4699=CARTESIAN_POINT('',(5.2,4.24148748315591,3.3));
#4700=CARTESIAN_POINT('',(5.2,4.24148748315591,4.4));
#4701=CARTESIAN_POINT('',(5.2,4.24148748315591,3.3));
#4702=CARTESIAN_POINT('Origin',(5.6,4.24148748315591,4.4));
#4703=CARTESIAN_POINT('',(6.,4.24148748315591,4.4));
#4704=CARTESIAN_POINT('Origin',(5.6,4.24148748315591,4.4));
#4705=CARTESIAN_POINT('',(6.,4.24148748315591,3.3));
#4706=CARTESIAN_POINT('',(6.,4.24148748315591,4.4));
#4707=CARTESIAN_POINT('Origin',(5.6,4.24148748315591,3.3));
#4708=CARTESIAN_POINT('Origin',(6.,5.37242759083178,4.4));
#4709=CARTESIAN_POINT('',(6.,5.37242759083178,4.4));
#4710=CARTESIAN_POINT('',(6.,2.47371379541589,4.4));
#4711=CARTESIAN_POINT('',(6.,5.37242759083178,3.3));
#4712=CARTESIAN_POINT('',(6.,5.37242759083178,4.4));
#4713=CARTESIAN_POINT('',(6.,6.04148748315591,3.3));
#4714=CARTESIAN_POINT('Origin',(6.56,5.69574374157796,4.4));
#4715=CARTESIAN_POINT('',(2.77482010743471,3.51036911167424,4.4));
#4716=CARTESIAN_POINT('',(5.6,5.14148748315593,3.3));
#4717=CARTESIAN_POINT('Origin',(5.6,5.6,3.3));
#4718=CARTESIAN_POINT('Origin',(-4.64,6.80425625842205,4.4));
#4719=CARTESIAN_POINT('',(-4.64,6.80425625842205,4.4));
#4720=CARTESIAN_POINT('',(-4.64,5.69574374157796,4.4));
#4721=CARTESIAN_POINT('',(-4.64,3.18962812921102,4.4));
#4722=CARTESIAN_POINT('',(-4.64,6.80425625842205,3.3));
#4723=CARTESIAN_POINT('',(-4.64,6.80425625842205,4.4));
#4724=CARTESIAN_POINT('',(-4.64,5.69574374157796,3.3));
#4725=CARTESIAN_POINT('',(-4.64,5.69574374157796,3.3));
#4726=CARTESIAN_POINT('',(-4.64,5.69574374157796,4.4));
#4727=CARTESIAN_POINT('Origin',(-5.6,7.35851251684409,4.4));
#4728=CARTESIAN_POINT('',(-5.6,7.35851251684409,4.4));
#4729=CARTESIAN_POINT('',(-1.81482010743472,5.17313788694036,4.4));
#4730=CARTESIAN_POINT('',(-5.6,7.35851251684409,3.3));
#4731=CARTESIAN_POINT('',(-5.6,7.35851251684409,4.4));
#4732=CARTESIAN_POINT('',(-4.64,6.80425625842205,3.3));
#4733=CARTESIAN_POINT('Origin',(-6.56,6.80425625842205,4.4));
#4734=CARTESIAN_POINT('',(-6.56,6.80425625842205,4.4));
#4735=CARTESIAN_POINT('',(-5.66517989256528,7.32088088832577,4.4));
#4736=CARTESIAN_POINT('',(-6.56,6.80425625842205,3.3));
#4737=CARTESIAN_POINT('',(-6.56,6.80425625842205,4.4));
#4738=CARTESIAN_POINT('',(-5.6,7.35851251684409,3.3));
#4739=CARTESIAN_POINT('Origin',(-6.56,5.69574374157797,4.4));
#4740=CARTESIAN_POINT('',(-6.56,5.69574374157797,4.4));
#4741=CARTESIAN_POINT('',(-6.56,2.63537187078898,4.4));
#4742=CARTESIAN_POINT('',(-6.56,5.69574374157797,3.3));
#4743=CARTESIAN_POINT('',(-6.56,5.69574374157797,4.4));
#4744=CARTESIAN_POINT('',(-6.56,6.80425625842205,3.3));
#4745=CARTESIAN_POINT('Origin',(-6.,5.37242759083178,4.4));
#4746=CARTESIAN_POINT('',(-6.,5.37242759083178,4.4));
#4747=CARTESIAN_POINT('',(-2.49482010743472,3.34871103630115,4.4));
#4748=CARTESIAN_POINT('',(-6.,5.37242759083178,3.3));
#4749=CARTESIAN_POINT('',(-6.,5.37242759083178,4.4));
#4750=CARTESIAN_POINT('',(-6.56,5.69574374157797,3.3));
#4751=CARTESIAN_POINT('Origin',(-6.,4.24148748315591,4.4));
#4752=CARTESIAN_POINT('',(-6.,4.24148748315591,4.4));
#4753=CARTESIAN_POINT('',(-6.,1.90824374157796,4.4));
#4754=CARTESIAN_POINT('',(-6.,4.24148748315591,3.3));
#4755=CARTESIAN_POINT('',(-6.,4.24148748315591,4.4));
#4756=CARTESIAN_POINT('',(-6.,4.24148748315591,3.3));
#4757=CARTESIAN_POINT('Origin',(-5.6,4.24148748315591,4.4));
#4758=CARTESIAN_POINT('',(-5.2,4.24148748315591,4.4));
#4759=CARTESIAN_POINT('Origin',(-5.6,4.24148748315591,4.4));
#4760=CARTESIAN_POINT('',(-5.2,4.24148748315591,3.3));
#4761=CARTESIAN_POINT('',(-5.2,4.24148748315591,4.4));
#4762=CARTESIAN_POINT('Origin',(-5.6,4.24148748315591,3.3));
#4763=CARTESIAN_POINT('Origin',(-5.2,5.37242759083178,4.4));
#4764=CARTESIAN_POINT('',(-5.2,5.37242759083178,4.4));
#4765=CARTESIAN_POINT('',(-5.2,2.47371379541589,4.4));
#4766=CARTESIAN_POINT('',(-5.2,5.37242759083178,3.3));
#4767=CARTESIAN_POINT('',(-5.2,5.37242759083178,4.4));
#4768=CARTESIAN_POINT('',(-5.2,6.04148748315591,3.3));
#4769=CARTESIAN_POINT('Origin',(-4.64,5.69574374157796,4.4));
#4770=CARTESIAN_POINT('',(-4.22517989256528,5.93524024227067,4.4));
#4771=CARTESIAN_POINT('',(-5.6,5.14148748315593,3.3));
#4772=CARTESIAN_POINT('Origin',(-5.6,5.6,3.3));
#4773=CARTESIAN_POINT('Origin',(5.6,-4.24148748315591,4.4));
#4774=CARTESIAN_POINT('',(5.2,-4.24148748315591,4.4));
#4775=CARTESIAN_POINT('',(6.,-4.24148748315591,4.4));
#4776=CARTESIAN_POINT('Origin',(5.6,-4.24148748315591,4.4));
#4777=CARTESIAN_POINT('',(5.2,-4.24148748315591,3.3));
#4778=CARTESIAN_POINT('',(5.2,-4.24148748315591,4.4));
#4779=CARTESIAN_POINT('',(6.,-4.24148748315591,3.3));
#4780=CARTESIAN_POINT('Origin',(5.6,-4.24148748315591,3.3));
#4781=CARTESIAN_POINT('',(6.,-4.24148748315591,4.4));
#4782=CARTESIAN_POINT('Origin',(5.2,-5.37242759083176,4.4));
#4783=CARTESIAN_POINT('',(5.2,-5.37242759083176,4.4));
#4784=CARTESIAN_POINT('',(5.2,-2.89871379541588,4.4));
#4785=CARTESIAN_POINT('',(5.2,-5.37242759083176,3.3));
#4786=CARTESIAN_POINT('',(5.2,-5.37242759083176,4.4));
#4787=CARTESIAN_POINT('',(5.2,-4.24148748315591,3.3));
#4788=CARTESIAN_POINT('Origin',(4.64,-5.69574374157795,4.4));
#4789=CARTESIAN_POINT('',(4.64,-5.69574374157795,4.4));
#4790=CARTESIAN_POINT('',(4.04114949426108,-6.04149024227066,4.4));
#4791=CARTESIAN_POINT('',(4.64,-5.69574374157795,3.3));
#4792=CARTESIAN_POINT('',(4.64,-5.69574374157795,4.4));
#4793=CARTESIAN_POINT('',(5.6,-5.14148748315591,3.3));
#4794=CARTESIAN_POINT('Origin',(4.64,-6.80425625842203,4.4));
#4795=CARTESIAN_POINT('',(4.64,-6.80425625842203,4.4));
#4796=CARTESIAN_POINT('',(4.64,-3.61462812921102,4.4));
#4797=CARTESIAN_POINT('',(4.64,-6.80425625842203,3.3));
#4798=CARTESIAN_POINT('',(4.64,-6.80425625842203,4.4));
#4799=CARTESIAN_POINT('',(4.64,-5.69574374157795,3.3));
#4800=CARTESIAN_POINT('Origin',(5.6,-7.35851251684407,4.4));
#4801=CARTESIAN_POINT('',(5.6,-7.35851251684407,4.4));
#4802=CARTESIAN_POINT('',(1.99885050573891,-5.27938788694035,4.4));
#4803=CARTESIAN_POINT('',(5.6,-7.35851251684407,3.3));
#4804=CARTESIAN_POINT('',(5.6,-7.35851251684407,4.4));
#4805=CARTESIAN_POINT('',(4.64,-6.80425625842203,3.3));
#4806=CARTESIAN_POINT('Origin',(6.56,-6.80425625842204,4.4));
#4807=CARTESIAN_POINT('',(6.56,-6.80425625842204,4.4));
#4808=CARTESIAN_POINT('',(5.48114949426108,-7.42713088832576,4.4));
#4809=CARTESIAN_POINT('',(6.56,-6.80425625842204,3.3));
#4810=CARTESIAN_POINT('',(6.56,-6.80425625842204,4.4));
#4811=CARTESIAN_POINT('',(5.6,-7.35851251684407,3.3));
#4812=CARTESIAN_POINT('Origin',(6.56,-5.69574374157795,4.4));
#4813=CARTESIAN_POINT('',(6.56,-5.69574374157795,4.4));
#4814=CARTESIAN_POINT('',(6.56,-3.06037187078898,4.4));
#4815=CARTESIAN_POINT('',(6.56,-5.69574374157795,3.3));
#4816=CARTESIAN_POINT('',(6.56,-5.69574374157795,4.4));
#4817=CARTESIAN_POINT('',(6.56,-6.80425625842204,3.3));
#4818=CARTESIAN_POINT('Origin',(6.,-5.37242759083176,4.4));
#4819=CARTESIAN_POINT('',(6.,-5.37242759083176,4.4));
#4820=CARTESIAN_POINT('',(2.67885050573891,-3.45496103630113,4.4));
#4821=CARTESIAN_POINT('',(6.,-5.37242759083176,3.3));
#4822=CARTESIAN_POINT('',(6.,-5.37242759083176,4.4));
#4823=CARTESIAN_POINT('',(6.56,-5.69574374157795,3.3));
#4824=CARTESIAN_POINT('Origin',(6.,-4.24148748315591,4.4));
#4825=CARTESIAN_POINT('',(6.,-2.33324374157796,4.4));
#4826=CARTESIAN_POINT('',(6.,-6.04148748315591,3.3));
#4827=CARTESIAN_POINT('Origin',(5.6,-5.59999999999999,3.3));
#4828=CARTESIAN_POINT('Origin',(-5.6,-4.24148748315591,4.4));
#4829=CARTESIAN_POINT('',(-6.,-4.24148748315591,4.4));
#4830=CARTESIAN_POINT('',(-5.2,-4.24148748315591,4.4));
#4831=CARTESIAN_POINT('Origin',(-5.6,-4.24148748315591,4.4));
#4832=CARTESIAN_POINT('',(-6.,-4.24148748315591,3.3));
#4833=CARTESIAN_POINT('',(-6.,-4.24148748315591,4.4));
#4834=CARTESIAN_POINT('',(-5.2,-4.24148748315591,3.3));
#4835=CARTESIAN_POINT('Origin',(-5.6,-4.24148748315591,3.3));
#4836=CARTESIAN_POINT('',(-5.2,-4.24148748315591,4.4));
#4837=CARTESIAN_POINT('Origin',(-6.,-5.37242759083176,4.4));
#4838=CARTESIAN_POINT('',(-6.,-5.37242759083176,4.4));
#4839=CARTESIAN_POINT('',(-6.,-2.89871379541588,4.4));
#4840=CARTESIAN_POINT('',(-6.,-5.37242759083176,3.3));
#4841=CARTESIAN_POINT('',(-6.,-5.37242759083176,4.4));
#4842=CARTESIAN_POINT('',(-6.,-4.24148748315591,3.3));
#4843=CARTESIAN_POINT('Origin',(-6.56,-5.69574374157795,4.4));
#4844=CARTESIAN_POINT('',(-6.56,-5.69574374157795,4.4));
#4845=CARTESIAN_POINT('',(-2.95885050573891,-3.61661911167423,4.4));
#4846=CARTESIAN_POINT('',(-6.56,-5.69574374157795,3.3));
#4847=CARTESIAN_POINT('',(-6.56,-5.69574374157795,4.4));
#4848=CARTESIAN_POINT('',(-5.6,-5.14148748315591,3.3));
#4849=CARTESIAN_POINT('Origin',(-6.56,-6.80425625842203,4.4));
#4850=CARTESIAN_POINT('',(-6.56,-6.80425625842203,4.4));
#4851=CARTESIAN_POINT('',(-6.56,-3.61462812921102,4.4));
#4852=CARTESIAN_POINT('',(-6.56,-6.80425625842203,3.3));
#4853=CARTESIAN_POINT('',(-6.56,-6.80425625842203,4.4));
#4854=CARTESIAN_POINT('',(-6.56,-5.69574374157795,3.3));
#4855=CARTESIAN_POINT('Origin',(-5.6,-7.35851251684407,4.4));
#4856=CARTESIAN_POINT('',(-5.6,-7.35851251684407,4.4));
#4857=CARTESIAN_POINT('',(-5.00114949426109,-7.70425901753678,4.4));
#4858=CARTESIAN_POINT('',(-5.6,-7.35851251684407,3.3));
#4859=CARTESIAN_POINT('',(-5.6,-7.35851251684407,4.4));
#4860=CARTESIAN_POINT('',(-6.56,-6.80425625842203,3.3));
#4861=CARTESIAN_POINT('Origin',(-4.64,-6.80425625842204,4.4));
#4862=CARTESIAN_POINT('',(-4.64,-6.80425625842204,4.4));
#4863=CARTESIAN_POINT('',(-1.51885050573891,-5.00225975772934,4.4));
#4864=CARTESIAN_POINT('',(-4.64,-6.80425625842204,3.3));
#4865=CARTESIAN_POINT('',(-4.64,-6.80425625842204,4.4));
#4866=CARTESIAN_POINT('',(-5.6,-7.35851251684407,3.3));
#4867=CARTESIAN_POINT('Origin',(-4.64,-5.69574374157795,4.4));
#4868=CARTESIAN_POINT('',(-4.64,-5.69574374157795,4.4));
#4869=CARTESIAN_POINT('',(-4.64,-3.06037187078898,4.4));
#4870=CARTESIAN_POINT('',(-4.64,-5.69574374157795,3.3));
#4871=CARTESIAN_POINT('',(-4.64,-5.69574374157795,4.4));
#4872=CARTESIAN_POINT('',(-4.64,-6.80425625842204,3.3));
#4873=CARTESIAN_POINT('Origin',(-5.2,-5.37242759083176,4.4));
#4874=CARTESIAN_POINT('',(-5.2,-5.37242759083176,4.4));
#4875=CARTESIAN_POINT('',(-4.32114949426109,-5.87983216689756,4.4));
#4876=CARTESIAN_POINT('',(-5.2,-5.37242759083176,3.3));
#4877=CARTESIAN_POINT('',(-5.2,-5.37242759083176,4.4));
#4878=CARTESIAN_POINT('',(-4.64,-5.69574374157795,3.3));
#4879=CARTESIAN_POINT('Origin',(-5.2,-4.24148748315591,4.4));
#4880=CARTESIAN_POINT('',(-5.2,-2.33324374157796,4.4));
#4881=CARTESIAN_POINT('',(-5.2,-6.04148748315591,3.3));
#4882=CARTESIAN_POINT('Origin',(-5.6,-5.59999999999999,3.3));
#4883=CARTESIAN_POINT('Origin',(-6.84229627936315,6.8,1.));
#4884=CARTESIAN_POINT('',(-6.84229627936315,6.5,1.));
#4885=CARTESIAN_POINT('Origin',(-6.84229627936315,6.8,1.));
#4886=CARTESIAN_POINT('Origin',(6.84229627936315,6.8,1.));
#4887=CARTESIAN_POINT('',(6.84229627936315,6.5,1.));
#4888=CARTESIAN_POINT('Origin',(6.84229627936315,6.8,1.));
#4889=CARTESIAN_POINT('Origin',(-2.25,9.4,0.5));
#4890=CARTESIAN_POINT('',(-6.25,8.9,0.));
#4891=CARTESIAN_POINT('',(-6.25,9.9,1.));
#4892=CARTESIAN_POINT('',(-6.25,9.15,0.25));
#4893=CARTESIAN_POINT('',(-2.75,9.9,1.));
#4894=CARTESIAN_POINT('',(-2.25,9.9,1.));
#4895=CARTESIAN_POINT('',(-2.75,8.9,0.));
#4896=CARTESIAN_POINT('',(-2.75,9.6375,0.7375));
#4897=CARTESIAN_POINT('',(-2.25,8.9,0.));
#4898=CARTESIAN_POINT('Origin',(-6.25,8.9,0.));
#4899=CARTESIAN_POINT('',(-6.25,8.9,1.95));
#4900=CARTESIAN_POINT('',(-6.25,8.9,4.4));
#4901=CARTESIAN_POINT('',(-6.25,9.9,1.95));
#4902=CARTESIAN_POINT('',(-6.25,8.9,1.95));
#4903=CARTESIAN_POINT('',(-6.25,9.9,1.95));
#4904=CARTESIAN_POINT('Origin',(-3.33066907387547E-15,7.85,0.));
#4905=CARTESIAN_POINT('',(2.75,8.9,0.));
#4906=CARTESIAN_POINT('',(3.80000002980232,8.9,0.));
#4907=CARTESIAN_POINT('',(6.25,8.9,0.));
#4908=CARTESIAN_POINT('',(2.25,8.9,0.));
#4909=CARTESIAN_POINT('Origin',(6.25,6.25,0.));
#4910=CARTESIAN_POINT('Origin',(-6.25,6.25,0.));
#4911=CARTESIAN_POINT('Origin',(2.25,9.4,0.5));
#4912=CARTESIAN_POINT('',(6.25,9.9,1.));
#4913=CARTESIAN_POINT('',(6.25,9.6375,0.7375));
#4914=CARTESIAN_POINT('',(2.75,9.9,1.));
#4915=CARTESIAN_POINT('',(2.75,9.15,0.25));
#4916=CARTESIAN_POINT('',(2.25,9.9,1.));
#4917=CARTESIAN_POINT('Origin',(6.25,8.9,1.95));
#4918=CARTESIAN_POINT('',(6.25,9.9,1.95));
#4919=CARTESIAN_POINT('',(6.25,9.9,0.));
#4920=CARTESIAN_POINT('',(6.25,8.9,1.95));
#4921=CARTESIAN_POINT('',(6.25,8.9,1.95));
#4922=CARTESIAN_POINT('',(6.25,8.9,4.4));
#4923=CARTESIAN_POINT('Origin',(-2.75,8.9,1.95));
#4924=CARTESIAN_POINT('',(-2.75,9.9,1.95));
#4925=CARTESIAN_POINT('',(-2.75,9.9,0.));
#4926=CARTESIAN_POINT('',(-2.75,8.9,1.95));
#4927=CARTESIAN_POINT('',(-2.75,8.9,1.95));
#4928=CARTESIAN_POINT('',(-2.75,8.89999982855332,3.175));
#4929=CARTESIAN_POINT('Origin',(-6.25,8.9,1.95));
#4930=CARTESIAN_POINT('',(-3.79999997019768,8.8999998010695,1.95));
#4931=CARTESIAN_POINT('',(-1.82500336750063,8.89999985276516,1.95));
#4932=CARTESIAN_POINT('',(-2.75,9.9,1.95));
#4933=CARTESIAN_POINT('',(-6.25,8.9,1.95));
#4934=CARTESIAN_POINT('Origin',(-4.5,9.9,0.975));
#4935=CARTESIAN_POINT('Origin',(2.75,8.9,0.));
#4936=CARTESIAN_POINT('',(2.75,8.9,1.95));
#4937=CARTESIAN_POINT('',(2.75,8.89999997251618,2.2));
#4938=CARTESIAN_POINT('',(2.75,9.9,1.95));
#4939=CARTESIAN_POINT('',(2.75,8.9,1.95));
#4940=CARTESIAN_POINT('',(2.75,9.9,1.95));
#4941=CARTESIAN_POINT('Origin',(2.75,8.9,1.95));
#4942=CARTESIAN_POINT('',(3.80000002980232,8.9,1.95));
#4943=CARTESIAN_POINT('',(3.27500001490116,8.9,1.95));
#4944=CARTESIAN_POINT('',(6.25,9.9,1.95));
#4945=CARTESIAN_POINT('',(2.67499663249937,8.89999997055296,1.95));
#4946=CARTESIAN_POINT('Origin',(4.5,9.9,0.975));
#4947=CARTESIAN_POINT('Origin',(2.59999326499874,8.89999996858974,4.4));
#4948=CARTESIAN_POINT('',(-3.79999997019768,8.8999998010695,4.4));
#4949=CARTESIAN_POINT('',(-3.79999997019768,8.8999998010695,4.4));
#4950=CARTESIAN_POINT('',(-2.60000673500126,8.8999998324794,4.4));
#4951=CARTESIAN_POINT('',(3.80000002980232,8.9,4.4));
#4952=CARTESIAN_POINT('',(-2.60000673500126,8.8999998324794,2.6));
#4953=CARTESIAN_POINT('',(-2.60000673500126,8.8999998324794,4.4));
#4954=CARTESIAN_POINT('',(2.59999326499874,8.89999996858974,2.6));
#4955=CARTESIAN_POINT('',(3.80000002980232,8.9,2.6));
#4956=CARTESIAN_POINT('',(2.59999326499874,8.89999996858974,4.4));
#4957=CARTESIAN_POINT('',(2.59999326499874,8.89999996858974,4.4));
#4958=CARTESIAN_POINT('',(3.80000002980232,8.9,4.4));
#4959=CARTESIAN_POINT('',(3.80000002980232,8.9,4.4));
#4960=CARTESIAN_POINT('',(3.80000002980232,8.9,4.4));
#4961=CARTESIAN_POINT('Origin',(-3.33066907387547E-15,7.85,2.6));
#4962=CARTESIAN_POINT('',(2.59999326499873,8.9,2.6));
#4963=CARTESIAN_POINT('',(-2.60000673500127,3.2,2.6));
#4964=CARTESIAN_POINT('Origin',(-3.8,-6.9,4.4));
#4965=CARTESIAN_POINT('',(5.30000002980232,-6.9,4.4));
#4966=CARTESIAN_POINT('',(5.30000002980232,-6.9,2.6));
#4967=CARTESIAN_POINT('Origin',(7.50000011175871,6.8,4.4));
#4968=CARTESIAN_POINT('',(7.50000011175871,8.58666422932419,2.6));
#4969=CARTESIAN_POINT('',(7.50000011175871,8.58666422932419,4.4));
#4970=CARTESIAN_POINT('Origin',(6.25,6.25,4.4));
#4971=CARTESIAN_POINT('',(6.25,8.9,4.4));
#4972=CARTESIAN_POINT('Origin',(6.25,6.25,4.4));
#4973=CARTESIAN_POINT('',(6.25,8.9,4.4));
#4974=CARTESIAN_POINT('Origin',(3.80000002980232,8.9,4.4));
#4975=CARTESIAN_POINT('',(-6.25,8.9,4.4));
#4976=CARTESIAN_POINT('Origin',(2.59999326499873,3.2,4.4));
#4977=CARTESIAN_POINT('',(2.59999326499873,3.2,4.4));
#4978=CARTESIAN_POINT('',(2.59999326499873,8.9,4.4));
#4979=CARTESIAN_POINT('',(2.59999326499873,3.2,2.6));
#4980=CARTESIAN_POINT('',(2.59999326499873,8.9,2.6));
#4981=CARTESIAN_POINT('',(2.60000012349337,0.937499974295496,2.6));
#4982=CARTESIAN_POINT('',(2.59999326499873,3.2,4.4));
#4983=CARTESIAN_POINT('Origin',(-2.60000673500127,3.2,4.4));
#4984=CARTESIAN_POINT('',(-2.60000673500127,3.2,4.4));
#4985=CARTESIAN_POINT('',(-2.60000673500127,3.2,4.4));
#4986=CARTESIAN_POINT('',(2.59999326499873,3.2,4.4));
#4987=CARTESIAN_POINT('Origin',(-2.60000673500127,8.8999998324794,4.4));
#4988=CARTESIAN_POINT('',(-2.60000673500127,3.2,4.4));
#4989=CARTESIAN_POINT('',(-2.60000673500127,3.2,2.6));
#4990=CARTESIAN_POINT('',(-2.59999994188547,1.38750007599592,2.6));
#4991=CARTESIAN_POINT('',(-2.60000673500127,3.2,2.6));
#4992=CARTESIAN_POINT('Origin',(-6.25,8.9,4.4));
#4993=CARTESIAN_POINT('',(-6.25,8.9,4.4));
#4994=CARTESIAN_POINT('',(-6.25,8.9,4.4));
#4995=CARTESIAN_POINT('',(-6.25,8.9,4.4));
#4996=CARTESIAN_POINT('Origin',(-6.25,6.25,4.4));
#4997=CARTESIAN_POINT('Origin',(-6.25,6.25,4.4));
#4998=CARTESIAN_POINT('Origin',(-3.33066907387547E-15,-0.425000000000001,
4.4));
#4999=CARTESIAN_POINT('Origin',(-3.33066907387547E-15,-0.425000000000001,
2.6));
#5000=CARTESIAN_POINT('',(0.,0.,0.));
#5001=CARTESIAN_POINT('',(0.,0.,0.));
#5002=CARTESIAN_POINT('Origin',(0.,0.,0.));
#5003=UNCERTAINTY_MEASURE_WITH_UNIT(LENGTH_MEASURE(0.01),#5011,
'DISTANCE_ACCURACY_VALUE',
'Maximum model space distance between geometric entities at asserted c
onnectivities');
#5004=UNCERTAINTY_MEASURE_WITH_UNIT(LENGTH_MEASURE(0.01),#5011,
'DISTANCE_ACCURACY_VALUE',
'Maximum model space distance between geometric entities at asserted c
onnectivities');
#5005=UNCERTAINTY_MEASURE_WITH_UNIT(LENGTH_MEASURE(0.01),#5011,
'DISTANCE_ACCURACY_VALUE',
'Maximum model space distance between geometric entities at asserted c
onnectivities');
#5006=UNCERTAINTY_MEASURE_WITH_UNIT(LENGTH_MEASURE(0.01),#5011,
'DISTANCE_ACCURACY_VALUE',
'Maximum model space distance between geometric entities at asserted c
onnectivities');
#5007=(
GEOMETRIC_REPRESENTATION_CONTEXT(3)
GLOBAL_UNCERTAINTY_ASSIGNED_CONTEXT((#5003))
GLOBAL_UNIT_ASSIGNED_CONTEXT((#5011,#5013,#5014))
REPRESENTATION_CONTEXT('','3D')
);
#5008=(
GEOMETRIC_REPRESENTATION_CONTEXT(3)
GLOBAL_UNCERTAINTY_ASSIGNED_CONTEXT((#5004))
GLOBAL_UNIT_ASSIGNED_CONTEXT((#5011,#5013,#5014))
REPRESENTATION_CONTEXT('','3D')
);
#5009=(
GEOMETRIC_REPRESENTATION_CONTEXT(3)
GLOBAL_UNCERTAINTY_ASSIGNED_CONTEXT((#5005))
GLOBAL_UNIT_ASSIGNED_CONTEXT((#5011,#5013,#5014))
REPRESENTATION_CONTEXT('','3D')
);
#5010=(
GEOMETRIC_REPRESENTATION_CONTEXT(3)
GLOBAL_UNCERTAINTY_ASSIGNED_CONTEXT((#5006))
GLOBAL_UNIT_ASSIGNED_CONTEXT((#5011,#5013,#5014))
REPRESENTATION_CONTEXT('','3D')
);
#5011=(
LENGTH_UNIT()
NAMED_UNIT(*)
SI_UNIT(.MILLI.,.METRE.)
);
#5012=(
LENGTH_UNIT()
NAMED_UNIT(*)
SI_UNIT($,.METRE.)
);
#5013=(
NAMED_UNIT(*)
PLANE_ANGLE_UNIT()
SI_UNIT($,.RADIAN.)
);
#5014=(
NAMED_UNIT(*)
SI_UNIT($,.STERADIAN.)
SOLID_ANGLE_UNIT()
);
#5015=SHAPE_DEFINITION_REPRESENTATION(#5018,#5023);
#5016=SHAPE_DEFINITION_REPRESENTATION(#5019,#5024);
#5017=SHAPE_DEFINITION_REPRESENTATION(#5020,#5025);
#5018=PRODUCT_DEFINITION_SHAPE('',$,#5027);
#5019=PRODUCT_DEFINITION_SHAPE('',$,#5028);
#5020=PRODUCT_DEFINITION_SHAPE('',$,#5029);
#5021=PRODUCT_DEFINITION_SHAPE($,$,#21);
#5022=PRODUCT_DEFINITION_SHAPE($,$,#22);
#5023=SHAPE_REPRESENTATION('',(#3065,#3297,#3298),#5007);
#5024=SHAPE_REPRESENTATION('',(#3066),#5008);
#5025=SHAPE_REPRESENTATION('',(#3169),#5009);
#5026=PRODUCT_DEFINITION_CONTEXT('part definition',#5037,'design');
#5027=PRODUCT_DEFINITION('PAW3222Case_v1','PAW3222Case_v1 v2',#5030,#5026);
#5028=PRODUCT_DEFINITION('BottomPart','BottomPart',#5031,#5026);
#5029=PRODUCT_DEFINITION('TopPart','TopPart',#5032,#5026);
#5030=PRODUCT_DEFINITION_FORMATION('',$,#5039);
#5031=PRODUCT_DEFINITION_FORMATION('',$,#5040);
#5032=PRODUCT_DEFINITION_FORMATION('',$,#5041);
#5033=PRODUCT_RELATED_PRODUCT_CATEGORY('PAW3222Case_v1 v2',
'PAW3222Case_v1 v2',(#5039));
#5034=PRODUCT_RELATED_PRODUCT_CATEGORY('BottomPart','BottomPart',(#5040));
#5035=PRODUCT_RELATED_PRODUCT_CATEGORY('TopPart','TopPart',(#5041));
#5036=APPLICATION_PROTOCOL_DEFINITION('international standard',
'automotive_design',2009,#5037);
#5037=APPLICATION_CONTEXT(
'Core Data for Automotive Mechanical Design Process');
#5038=PRODUCT_CONTEXT('part definition',#5037,'mechanical');
#5039=PRODUCT('PAW3222Case_v1','PAW3222Case_v1 v2',$,(#5038));
#5040=PRODUCT('BottomPart','BottomPart',$,(#5038));
#5041=PRODUCT('TopPart','TopPart',$,(#5038));
#5042=PRESENTATION_STYLE_ASSIGNMENT((#5045));
#5043=PRESENTATION_STYLE_ASSIGNMENT((#5046));
#5044=PRESENTATION_STYLE_ASSIGNMENT((NULL_STYLE(.NULL.)));
#5045=SURFACE_STYLE_USAGE(.BOTH.,#5047);
#5046=SURFACE_STYLE_USAGE(.BOTH.,#5048);
#5047=SURFACE_SIDE_STYLE('',(#5049));
#5048=SURFACE_SIDE_STYLE('',(#5050));
#5049=SURFACE_STYLE_FILL_AREA(#5051);
#5050=SURFACE_STYLE_FILL_AREA(#5052);
#5051=FILL_AREA_STYLE('\X2\92FC\X0\ - \X2\30B530C630F3\X0\',(#5053));
#5052=FILL_AREA_STYLE('\X2\30D730E930B930C130C330AF\X0\ - \X2\30DE30C330C8\X0\(
\X2\767D\X0\)',(#5054));
#5053=FILL_AREA_STYLE_COLOUR('\X2\92FC\X0\ - \X2\30B530C630F3\X0\',#5055);
#5054=FILL_AREA_STYLE_COLOUR('\X2\30D730E930B930C130C330AF\X0\ - \X2\30DE30C330C8\X0\(
\X2\767D\X0\)',#5056);
#5055=COLOUR_RGB('\X2\92FC\X0\ - \X2\30B530C630F3\X0\',0.627450980392157,
0.627450980392157,0.627450980392157);
#5056=COLOUR_RGB('\X2\30D730E930B930C130C330AF\X0\ - \X2\30DE30C330C8\X0\(
\X2\767D\X0\)',0.964705882352941,0.964705882352941,0.952941176470588);
ENDSEC;
END-ISO-10303-21;
