ISO-10303-21;
HEADER;
/* Generated by software containing ST-Developer
 * from STEP Tools, Inc. (www.steptools.com) 
 */

FILE_DESCRIPTION(
/* description */ (''),
/* implementation_level */ '2;1');

FILE_NAME(
/* name */ 'TrackBallSensor.step',
/* time_stamp */ '2026-08-15T17:16:14+09:00',
/* author */ (''),
/* organization */ (''),
/* preprocessor_version */ 'ST-DEVELOPER v20.1',
/* originating_system */ 'Autodesk Translation Framework v15.8.0.0',
/* authorisation */ '');

FILE_SCHEMA (('AUTOMOTIVE_DESIGN { 1 0 10303 214 3 1 1 }'));
ENDSEC;

DATA;
#10=MECHANICAL_DESIGN_GEOMETRIC_PRESENTATION_REPRESENTATION('',(#27,#28,
#29),#6462);
#11=CONTEXT_DEPENDENT_OVER_RIDING_STYLED_ITEM('',(#6495),#6476,#29,(#17));
#12=CONTEXT_DEPENDENT_OVER_RIDING_STYLED_ITEM('',(#6495),#6477,#29,(#18));
#13=MAPPED_ITEM('',#14,#4253);
#14=REPRESENTATION_MAP(#4253,#6475);
#15=ITEM_DEFINED_TRANSFORMATION($,$,#3942,#4251);
#16=ITEM_DEFINED_TRANSFORMATION($,$,#4098,#4252);
#17=(
REPRESENTATION_RELATIONSHIP($,$,#6476,#6475)
REPRESENTATION_RELATIONSHIP_WITH_TRANSFORMATION(#15)
SHAPE_REPRESENTATION_RELATIONSHIP()
);
#18=(
REPRESENTATION_RELATIONSHIP($,$,#6477,#6475)
REPRESENTATION_RELATIONSHIP_WITH_TRANSFORMATION(#16)
SHAPE_REPRESENTATION_RELATIONSHIP()
);
#19=CONTEXT_DEPENDENT_SHAPE_REPRESENTATION(#17,#6473);
#20=CONTEXT_DEPENDENT_SHAPE_REPRESENTATION(#18,#6474);
#21=NEXT_ASSEMBLY_USAGE_OCCURRENCE('BottomPart:1','BottomPart:1',
'BottomPart:1',#6479,#6480,'BottomPart:1');
#22=NEXT_ASSEMBLY_USAGE_OCCURRENCE('TopPart:1','TopPart:1','TopPart:1',
#6479,#6481,'TopPart:1');
#23=SHAPE_REPRESENTATION_RELATIONSHIP('SRR','None',#6476,#25);
#24=SHAPE_REPRESENTATION_RELATIONSHIP('SRR','None',#6477,#26);
#25=ADVANCED_BREP_SHAPE_REPRESENTATION('',(#30),#6460);
#26=ADVANCED_BREP_SHAPE_REPRESENTATION('',(#31),#6461);
#27=STYLED_ITEM('',(#6495),#30);
#28=STYLED_ITEM('',(#6495),#31);
#29=STYLED_ITEM('',(#6496),#13);
#30=MANIFOLD_SOLID_BREP('BottomPart',#3916);
#31=MANIFOLD_SOLID_BREP('TopPart',#3917);
#32=CONICAL_SURFACE('',#4064,1.65,0.0523598775598299);
#33=CONICAL_SURFACE('',#4066,1.65,0.0523598775598299);
#34=CONICAL_SURFACE('',#4069,1.,0.0523598775598299);
#35=CONICAL_SURFACE('',#4071,1.,0.0523598775598299);
#36=CONICAL_SURFACE('',#4074,1.,0.0523598775598299);
#37=CONICAL_SURFACE('',#4076,1.,0.0523598775598299);
#38=CONICAL_SURFACE('',#4079,1.65,0.0523598775598299);
#39=CONICAL_SURFACE('',#4081,1.65,0.0523598775598299);
#40=TOROIDAL_SURFACE('',#4038,1.75,0.2);
#41=TOROIDAL_SURFACE('',#4044,1.1,0.2);
#42=TOROIDAL_SURFACE('',#4050,1.1,0.2);
#43=TOROIDAL_SURFACE('',#4056,1.74999999999999,0.2);
#44=TOROIDAL_SURFACE('',#4177,1.75,0.2);
#45=TOROIDAL_SURFACE('',#4182,1.1,0.2);
#46=TOROIDAL_SURFACE('',#4189,1.74999999999999,0.2);
#47=TOROIDAL_SURFACE('',#4192,1.1,0.2);
#48=FACE_BOUND('',#460,.T.);
#49=FACE_BOUND('',#503,.T.);
#50=FACE_BOUND('',#512,.T.);
#51=FACE_BOUND('',#513,.T.);
#52=FACE_BOUND('',#514,.T.);
#53=FACE_BOUND('',#515,.T.);
#54=FACE_BOUND('',#516,.T.);
#55=FACE_BOUND('',#595,.T.);
#56=FACE_BOUND('',#596,.T.);
#57=FACE_BOUND('',#597,.T.);
#58=FACE_BOUND('',#598,.T.);
#59=FACE_BOUND('',#599,.T.);
#60=FACE_BOUND('',#626,.T.);
#61=CIRCLE('',#3945,0.499999999999999);
#62=CIRCLE('',#3946,0.499999999999999);
#63=CIRCLE('',#3956,0.499999999999999);
#64=CIRCLE('',#3957,0.499999999999999);
#65=CIRCLE('',#3969,0.499999999999999);
#66=CIRCLE('',#3970,0.499999999999999);
#67=CIRCLE('',#3980,0.499999999999999);
#68=CIRCLE('',#3981,0.499999999999999);
#69=CIRCLE('',#3992,1.);
#70=CIRCLE('',#3993,1.);
#71=CIRCLE('',#3996,1.65);
#72=CIRCLE('',#3997,1.65);
#73=CIRCLE('',#4000,1.);
#74=CIRCLE('',#4001,1.);
#75=CIRCLE('',#4004,1.);
#76=CIRCLE('',#4005,1.);
#77=CIRCLE('',#4008,1.65);
#78=CIRCLE('',#4009,1.65);
#79=CIRCLE('',#4022,1.75);
#80=CIRCLE('',#4023,1.75);
#81=CIRCLE('',#4025,1.75);
#82=CIRCLE('',#4026,1.75);
#83=CIRCLE('',#4029,1.75);
#84=CIRCLE('',#4031,1.75);
#85=CIRCLE('',#4032,1.75);
#86=CIRCLE('',#4033,1.75);
#87=CIRCLE('',#4036,0.2);
#88=CIRCLE('',#4037,0.2);
#89=CIRCLE('',#4039,1.6820678174518);
#90=CIRCLE('',#4040,1.7021027636255);
#91=CIRCLE('',#4041,0.2);
#92=CIRCLE('',#4043,0.2);
#93=CIRCLE('',#4045,1.0320678174518);
#94=CIRCLE('',#4046,1.0521027636255);
#95=CIRCLE('',#4047,0.2);
#96=CIRCLE('',#4049,0.2);
#97=CIRCLE('',#4051,1.0320678174518);
#98=CIRCLE('',#4052,1.0521027636255);
#99=CIRCLE('',#4053,0.2);
#100=CIRCLE('',#4055,0.2);
#101=CIRCLE('',#4057,1.68206781745179);
#102=CIRCLE('',#4058,1.70210276362549);
#103=CIRCLE('',#4059,0.2);
#104=CIRCLE('',#4061,0.2);
#105=CIRCLE('',#4065,1.73385244685287);
#106=CIRCLE('',#4070,1.08385244685287);
#107=CIRCLE('',#4075,1.08385244685287);
#108=CIRCLE('',#4080,1.73385244685286);
#109=CIRCLE('',#4083,2.65);
#110=CIRCLE('',#4084,2.65);
#111=CIRCLE('',#4091,2.65);
#112=CIRCLE('',#4096,2.65);
#113=CIRCLE('',#4106,0.4);
#114=CIRCLE('',#4107,0.4);
#115=CIRCLE('',#4118,0.4);
#116=CIRCLE('',#4119,0.4);
#117=CIRCLE('',#4128,0.4);
#118=CIRCLE('',#4129,0.4);
#119=CIRCLE('',#4140,0.4);
#120=CIRCLE('',#4141,0.4);
#121=CIRCLE('',#4148,0.2);
#122=CIRCLE('',#4150,0.2);
#123=CIRCLE('',#4152,0.2);
#124=CIRCLE('',#4155,0.2);
#125=CIRCLE('',#4161,0.2);
#126=CIRCLE('',#4163,1.1);
#127=CIRCLE('',#4164,1.1);
#128=CIRCLE('',#4166,1.75);
#129=CIRCLE('',#4167,2.65);
#130=CIRCLE('',#4171,0.2);
#131=CIRCLE('',#4173,0.2);
#132=CIRCLE('',#4175,0.2);
#133=CIRCLE('',#4176,0.2);
#134=CIRCLE('',#4178,0.2);
#135=CIRCLE('',#4179,1.75);
#136=CIRCLE('',#4180,1.75);
#137=CIRCLE('',#4183,0.2);
#138=CIRCLE('',#4184,1.1);
#139=CIRCLE('',#4185,1.1);
#140=CIRCLE('',#4187,0.2);
#141=CIRCLE('',#4188,0.2);
#142=CIRCLE('',#4190,1.75);
#143=CIRCLE('',#4191,1.75);
#144=CIRCLE('',#4193,0.2);
#145=CIRCLE('',#4194,1.1);
#146=CIRCLE('',#4195,1.1);
#147=CIRCLE('',#4199,1.75);
#148=CIRCLE('',#4202,1.75);
#149=CIRCLE('',#4207,1.1);
#150=CIRCLE('',#4209,2.65);
#151=CIRCLE('',#4215,2.65);
#152=CIRCLE('',#4216,2.65);
#153=CIRCLE('',#4220,1.1);
#154=CIRCLE('',#4224,1.75);
#155=CYLINDRICAL_SURFACE('',#3944,0.499999999999999);
#156=CYLINDRICAL_SURFACE('',#3955,0.499999999999999);
#157=CYLINDRICAL_SURFACE('',#3968,0.499999999999999);
#158=CYLINDRICAL_SURFACE('',#3979,0.499999999999999);
#159=CYLINDRICAL_SURFACE('',#3991,1.);
#160=CYLINDRICAL_SURFACE('',#3995,1.65);
#161=CYLINDRICAL_SURFACE('',#3999,1.);
#162=CYLINDRICAL_SURFACE('',#4003,1.);
#163=CYLINDRICAL_SURFACE('',#4007,1.65);
#164=CYLINDRICAL_SURFACE('',#4024,1.75);
#165=CYLINDRICAL_SURFACE('',#4030,1.75);
#166=CYLINDRICAL_SURFACE('',#4035,0.2);
#167=CYLINDRICAL_SURFACE('',#4042,0.2);
#168=CYLINDRICAL_SURFACE('',#4048,0.2);
#169=CYLINDRICAL_SURFACE('',#4054,0.2);
#170=CYLINDRICAL_SURFACE('',#4062,0.2);
#171=CYLINDRICAL_SURFACE('',#4090,2.65);
#172=CYLINDRICAL_SURFACE('',#4095,2.65);
#173=CYLINDRICAL_SURFACE('',#4105,0.4);
#174=CYLINDRICAL_SURFACE('',#4117,0.4);
#175=CYLINDRICAL_SURFACE('',#4127,0.4);
#176=CYLINDRICAL_SURFACE('',#4139,0.4);
#177=CYLINDRICAL_SURFACE('',#4160,0.2);
#178=CYLINDRICAL_SURFACE('',#4170,0.2);
#179=CYLINDRICAL_SURFACE('',#4172,0.2);
#180=CYLINDRICAL_SURFACE('',#4174,0.2);
#181=CYLINDRICAL_SURFACE('',#4181,0.2);
#182=CYLINDRICAL_SURFACE('',#4186,0.2);
#183=CYLINDRICAL_SURFACE('',#4196,0.2);
#184=CYLINDRICAL_SURFACE('',#4198,1.75);
#185=CYLINDRICAL_SURFACE('',#4201,1.75);
#186=CYLINDRICAL_SURFACE('',#4203,1.1);
#187=CYLINDRICAL_SURFACE('',#4206,1.1);
#188=CYLINDRICAL_SURFACE('',#4217,1.1);
#189=CYLINDRICAL_SURFACE('',#4219,1.1);
#190=CYLINDRICAL_SURFACE('',#4221,1.75);
#191=CYLINDRICAL_SURFACE('',#4223,1.75);
#192=CYLINDRICAL_SURFACE('',#4247,2.65);
#193=CYLINDRICAL_SURFACE('',#4250,2.65);
#194=FACE_OUTER_BOUND('',#407,.T.);
#195=FACE_OUTER_BOUND('',#408,.T.);
#196=FACE_OUTER_BOUND('',#409,.T.);
#197=FACE_OUTER_BOUND('',#410,.T.);
#198=FACE_OUTER_BOUND('',#411,.T.);
#199=FACE_OUTER_BOUND('',#412,.T.);
#200=FACE_OUTER_BOUND('',#413,.T.);
#201=FACE_OUTER_BOUND('',#414,.T.);
#202=FACE_OUTER_BOUND('',#415,.T.);
#203=FACE_OUTER_BOUND('',#416,.T.);
#204=FACE_OUTER_BOUND('',#417,.T.);
#205=FACE_OUTER_BOUND('',#418,.T.);
#206=FACE_OUTER_BOUND('',#419,.T.);
#207=FACE_OUTER_BOUND('',#420,.T.);
#208=FACE_OUTER_BOUND('',#421,.T.);
#209=FACE_OUTER_BOUND('',#422,.T.);
#210=FACE_OUTER_BOUND('',#423,.T.);
#211=FACE_OUTER_BOUND('',#424,.T.);
#212=FACE_OUTER_BOUND('',#425,.T.);
#213=FACE_OUTER_BOUND('',#426,.T.);
#214=FACE_OUTER_BOUND('',#427,.T.);
#215=FACE_OUTER_BOUND('',#428,.T.);
#216=FACE_OUTER_BOUND('',#429,.T.);
#217=FACE_OUTER_BOUND('',#430,.T.);
#218=FACE_OUTER_BOUND('',#431,.T.);
#219=FACE_OUTER_BOUND('',#432,.T.);
#220=FACE_OUTER_BOUND('',#433,.T.);
#221=FACE_OUTER_BOUND('',#434,.T.);
#222=FACE_OUTER_BOUND('',#435,.T.);
#223=FACE_OUTER_BOUND('',#436,.T.);
#224=FACE_OUTER_BOUND('',#437,.T.);
#225=FACE_OUTER_BOUND('',#438,.T.);
#226=FACE_OUTER_BOUND('',#439,.T.);
#227=FACE_OUTER_BOUND('',#440,.T.);
#228=FACE_OUTER_BOUND('',#441,.T.);
#229=FACE_OUTER_BOUND('',#442,.T.);
#230=FACE_OUTER_BOUND('',#443,.T.);
#231=FACE_OUTER_BOUND('',#444,.T.);
#232=FACE_OUTER_BOUND('',#445,.T.);
#233=FACE_OUTER_BOUND('',#446,.T.);
#234=FACE_OUTER_BOUND('',#447,.T.);
#235=FACE_OUTER_BOUND('',#448,.T.);
#236=FACE_OUTER_BOUND('',#449,.T.);
#237=FACE_OUTER_BOUND('',#450,.T.);
#238=FACE_OUTER_BOUND('',#451,.T.);
#239=FACE_OUTER_BOUND('',#452,.T.);
#240=FACE_OUTER_BOUND('',#453,.T.);
#241=FACE_OUTER_BOUND('',#454,.T.);
#242=FACE_OUTER_BOUND('',#455,.T.);
#243=FACE_OUTER_BOUND('',#456,.T.);
#244=FACE_OUTER_BOUND('',#457,.T.);
#245=FACE_OUTER_BOUND('',#458,.T.);
#246=FACE_OUTER_BOUND('',#459,.T.);
#247=FACE_OUTER_BOUND('',#461,.T.);
#248=FACE_OUTER_BOUND('',#462,.T.);
#249=FACE_OUTER_BOUND('',#463,.T.);
#250=FACE_OUTER_BOUND('',#464,.T.);
#251=FACE_OUTER_BOUND('',#465,.T.);
#252=FACE_OUTER_BOUND('',#466,.T.);
#253=FACE_OUTER_BOUND('',#467,.T.);
#254=FACE_OUTER_BOUND('',#468,.T.);
#255=FACE_OUTER_BOUND('',#469,.T.);
#256=FACE_OUTER_BOUND('',#470,.T.);
#257=FACE_OUTER_BOUND('',#471,.T.);
#258=FACE_OUTER_BOUND('',#472,.T.);
#259=FACE_OUTER_BOUND('',#473,.T.);
#260=FACE_OUTER_BOUND('',#474,.T.);
#261=FACE_OUTER_BOUND('',#475,.T.);
#262=FACE_OUTER_BOUND('',#476,.T.);
#263=FACE_OUTER_BOUND('',#477,.T.);
#264=FACE_OUTER_BOUND('',#478,.T.);
#265=FACE_OUTER_BOUND('',#479,.T.);
#266=FACE_OUTER_BOUND('',#480,.T.);
#267=FACE_OUTER_BOUND('',#481,.T.);
#268=FACE_OUTER_BOUND('',#482,.T.);
#269=FACE_OUTER_BOUND('',#483,.T.);
#270=FACE_OUTER_BOUND('',#484,.T.);
#271=FACE_OUTER_BOUND('',#485,.T.);
#272=FACE_OUTER_BOUND('',#486,.T.);
#273=FACE_OUTER_BOUND('',#487,.T.);
#274=FACE_OUTER_BOUND('',#488,.T.);
#275=FACE_OUTER_BOUND('',#489,.T.);
#276=FACE_OUTER_BOUND('',#490,.T.);
#277=FACE_OUTER_BOUND('',#491,.T.);
#278=FACE_OUTER_BOUND('',#492,.T.);
#279=FACE_OUTER_BOUND('',#493,.T.);
#280=FACE_OUTER_BOUND('',#494,.T.);
#281=FACE_OUTER_BOUND('',#495,.T.);
#282=FACE_OUTER_BOUND('',#496,.T.);
#283=FACE_OUTER_BOUND('',#497,.T.);
#284=FACE_OUTER_BOUND('',#498,.T.);
#285=FACE_OUTER_BOUND('',#499,.T.);
#286=FACE_OUTER_BOUND('',#500,.T.);
#287=FACE_OUTER_BOUND('',#501,.T.);
#288=FACE_OUTER_BOUND('',#502,.T.);
#289=FACE_OUTER_BOUND('',#504,.T.);
#290=FACE_OUTER_BOUND('',#505,.T.);
#291=FACE_OUTER_BOUND('',#506,.T.);
#292=FACE_OUTER_BOUND('',#507,.T.);
#293=FACE_OUTER_BOUND('',#508,.T.);
#294=FACE_OUTER_BOUND('',#509,.T.);
#295=FACE_OUTER_BOUND('',#510,.T.);
#296=FACE_OUTER_BOUND('',#511,.T.);
#297=FACE_OUTER_BOUND('',#517,.T.);
#298=FACE_OUTER_BOUND('',#518,.T.);
#299=FACE_OUTER_BOUND('',#519,.T.);
#300=FACE_OUTER_BOUND('',#520,.T.);
#301=FACE_OUTER_BOUND('',#521,.T.);
#302=FACE_OUTER_BOUND('',#522,.T.);
#303=FACE_OUTER_BOUND('',#523,.T.);
#304=FACE_OUTER_BOUND('',#524,.T.);
#305=FACE_OUTER_BOUND('',#525,.T.);
#306=FACE_OUTER_BOUND('',#526,.T.);
#307=FACE_OUTER_BOUND('',#527,.T.);
#308=FACE_OUTER_BOUND('',#528,.T.);
#309=FACE_OUTER_BOUND('',#529,.T.);
#310=FACE_OUTER_BOUND('',#530,.T.);
#311=FACE_OUTER_BOUND('',#531,.T.);
#312=FACE_OUTER_BOUND('',#532,.T.);
#313=FACE_OUTER_BOUND('',#533,.T.);
#314=FACE_OUTER_BOUND('',#534,.T.);
#315=FACE_OUTER_BOUND('',#535,.T.);
#316=FACE_OUTER_BOUND('',#536,.T.);
#317=FACE_OUTER_BOUND('',#537,.T.);
#318=FACE_OUTER_BOUND('',#538,.T.);
#319=FACE_OUTER_BOUND('',#539,.T.);
#320=FACE_OUTER_BOUND('',#540,.T.);
#321=FACE_OUTER_BOUND('',#541,.T.);
#322=FACE_OUTER_BOUND('',#542,.T.);
#323=FACE_OUTER_BOUND('',#543,.T.);
#324=FACE_OUTER_BOUND('',#544,.T.);
#325=FACE_OUTER_BOUND('',#545,.T.);
#326=FACE_OUTER_BOUND('',#546,.T.);
#327=FACE_OUTER_BOUND('',#547,.T.);
#328=FACE_OUTER_BOUND('',#548,.T.);
#329=FACE_OUTER_BOUND('',#549,.T.);
#330=FACE_OUTER_BOUND('',#550,.T.);
#331=FACE_OUTER_BOUND('',#551,.T.);
#332=FACE_OUTER_BOUND('',#552,.T.);
#333=FACE_OUTER_BOUND('',#553,.T.);
#334=FACE_OUTER_BOUND('',#554,.T.);
#335=FACE_OUTER_BOUND('',#555,.T.);
#336=FACE_OUTER_BOUND('',#556,.T.);
#337=FACE_OUTER_BOUND('',#557,.T.);
#338=FACE_OUTER_BOUND('',#558,.T.);
#339=FACE_OUTER_BOUND('',#559,.T.);
#340=FACE_OUTER_BOUND('',#560,.T.);
#341=FACE_OUTER_BOUND('',#561,.T.);
#342=FACE_OUTER_BOUND('',#562,.T.);
#343=FACE_OUTER_BOUND('',#563,.T.);
#344=FACE_OUTER_BOUND('',#564,.T.);
#345=FACE_OUTER_BOUND('',#565,.T.);
#346=FACE_OUTER_BOUND('',#566,.T.);
#347=FACE_OUTER_BOUND('',#567,.T.);
#348=FACE_OUTER_BOUND('',#568,.T.);
#349=FACE_OUTER_BOUND('',#569,.T.);
#350=FACE_OUTER_BOUND('',#570,.T.);
#351=FACE_OUTER_BOUND('',#571,.T.);
#352=FACE_OUTER_BOUND('',#572,.T.);
#353=FACE_OUTER_BOUND('',#573,.T.);
#354=FACE_OUTER_BOUND('',#574,.T.);
#355=FACE_OUTER_BOUND('',#575,.T.);
#356=FACE_OUTER_BOUND('',#576,.T.);
#357=FACE_OUTER_BOUND('',#577,.T.);
#358=FACE_OUTER_BOUND('',#578,.T.);
#359=FACE_OUTER_BOUND('',#579,.T.);
#360=FACE_OUTER_BOUND('',#580,.T.);
#361=FACE_OUTER_BOUND('',#581,.T.);
#362=FACE_OUTER_BOUND('',#582,.T.);
#363=FACE_OUTER_BOUND('',#583,.T.);
#364=FACE_OUTER_BOUND('',#584,.T.);
#365=FACE_OUTER_BOUND('',#585,.T.);
#366=FACE_OUTER_BOUND('',#586,.T.);
#367=FACE_OUTER_BOUND('',#587,.T.);
#368=FACE_OUTER_BOUND('',#588,.T.);
#369=FACE_OUTER_BOUND('',#589,.T.);
#370=FACE_OUTER_BOUND('',#590,.T.);
#371=FACE_OUTER_BOUND('',#591,.T.);
#372=FACE_OUTER_BOUND('',#592,.T.);
#373=FACE_OUTER_BOUND('',#593,.T.);
#374=FACE_OUTER_BOUND('',#594,.T.);
#375=FACE_OUTER_BOUND('',#600,.T.);
#376=FACE_OUTER_BOUND('',#601,.T.);
#377=FACE_OUTER_BOUND('',#602,.T.);
#378=FACE_OUTER_BOUND('',#603,.T.);
#379=FACE_OUTER_BOUND('',#604,.T.);
#380=FACE_OUTER_BOUND('',#605,.T.);
#381=FACE_OUTER_BOUND('',#606,.T.);
#382=FACE_OUTER_BOUND('',#607,.T.);
#383=FACE_OUTER_BOUND('',#608,.T.);
#384=FACE_OUTER_BOUND('',#609,.T.);
#385=FACE_OUTER_BOUND('',#610,.T.);
#386=FACE_OUTER_BOUND('',#611,.T.);
#387=FACE_OUTER_BOUND('',#612,.T.);
#388=FACE_OUTER_BOUND('',#613,.T.);
#389=FACE_OUTER_BOUND('',#614,.T.);
#390=FACE_OUTER_BOUND('',#615,.T.);
#391=FACE_OUTER_BOUND('',#616,.T.);
#392=FACE_OUTER_BOUND('',#617,.T.);
#393=FACE_OUTER_BOUND('',#618,.T.);
#394=FACE_OUTER_BOUND('',#619,.T.);
#395=FACE_OUTER_BOUND('',#620,.T.);
#396=FACE_OUTER_BOUND('',#621,.T.);
#397=FACE_OUTER_BOUND('',#622,.T.);
#398=FACE_OUTER_BOUND('',#623,.T.);
#399=FACE_OUTER_BOUND('',#624,.T.);
#400=FACE_OUTER_BOUND('',#625,.T.);
#401=FACE_OUTER_BOUND('',#627,.T.);
#402=FACE_OUTER_BOUND('',#628,.T.);
#403=FACE_OUTER_BOUND('',#629,.T.);
#404=FACE_OUTER_BOUND('',#630,.T.);
#405=FACE_OUTER_BOUND('',#631,.T.);
#406=FACE_OUTER_BOUND('',#632,.T.);
#407=EDGE_LOOP('',(#2445,#2446,#2447,#2448));
#408=EDGE_LOOP('',(#2449,#2450,#2451,#2452));
#409=EDGE_LOOP('',(#2453,#2454,#2455,#2456));
#410=EDGE_LOOP('',(#2457,#2458,#2459,#2460));
#411=EDGE_LOOP('',(#2461,#2462,#2463,#2464));
#412=EDGE_LOOP('',(#2465,#2466,#2467,#2468));
#413=EDGE_LOOP('',(#2469,#2470,#2471,#2472));
#414=EDGE_LOOP('',(#2473,#2474,#2475,#2476));
#415=EDGE_LOOP('',(#2477,#2478,#2479,#2480));
#416=EDGE_LOOP('',(#2481,#2482,#2483,#2484,#2485,#2486,#2487,#2488,#2489));
#417=EDGE_LOOP('',(#2490,#2491,#2492,#2493));
#418=EDGE_LOOP('',(#2494,#2495,#2496,#2497));
#419=EDGE_LOOP('',(#2498,#2499,#2500,#2501));
#420=EDGE_LOOP('',(#2502,#2503,#2504,#2505));
#421=EDGE_LOOP('',(#2506,#2507,#2508,#2509));
#422=EDGE_LOOP('',(#2510,#2511,#2512,#2513));
#423=EDGE_LOOP('',(#2514,#2515,#2516,#2517));
#424=EDGE_LOOP('',(#2518,#2519,#2520,#2521));
#425=EDGE_LOOP('',(#2522,#2523,#2524,#2525));
#426=EDGE_LOOP('',(#2526,#2527,#2528,#2529,#2530,#2531,#2532,#2533,#2534));
#427=EDGE_LOOP('',(#2535,#2536,#2537,#2538));
#428=EDGE_LOOP('',(#2539,#2540,#2541,#2542));
#429=EDGE_LOOP('',(#2543,#2544,#2545,#2546));
#430=EDGE_LOOP('',(#2547,#2548,#2549,#2550));
#431=EDGE_LOOP('',(#2551,#2552,#2553,#2554));
#432=EDGE_LOOP('',(#2555,#2556,#2557,#2558));
#433=EDGE_LOOP('',(#2559,#2560,#2561,#2562));
#434=EDGE_LOOP('',(#2563,#2564,#2565,#2566));
#435=EDGE_LOOP('',(#2567,#2568,#2569,#2570));
#436=EDGE_LOOP('',(#2571,#2572,#2573,#2574,#2575,#2576,#2577,#2578,#2579));
#437=EDGE_LOOP('',(#2580,#2581,#2582,#2583));
#438=EDGE_LOOP('',(#2584,#2585,#2586,#2587));
#439=EDGE_LOOP('',(#2588,#2589,#2590,#2591));
#440=EDGE_LOOP('',(#2592,#2593,#2594,#2595));
#441=EDGE_LOOP('',(#2596,#2597,#2598,#2599));
#442=EDGE_LOOP('',(#2600,#2601,#2602,#2603));
#443=EDGE_LOOP('',(#2604,#2605,#2606,#2607));
#444=EDGE_LOOP('',(#2608,#2609,#2610,#2611));
#445=EDGE_LOOP('',(#2612,#2613,#2614,#2615));
#446=EDGE_LOOP('',(#2616,#2617,#2618,#2619,#2620,#2621,#2622,#2623,#2624));
#447=EDGE_LOOP('',(#2625,#2626,#2627,#2628));
#448=EDGE_LOOP('',(#2629,#2630,#2631));
#449=EDGE_LOOP('',(#2632,#2633,#2634,#2635));
#450=EDGE_LOOP('',(#2636,#2637,#2638,#2639));
#451=EDGE_LOOP('',(#2640,#2641,#2642,#2643));
#452=EDGE_LOOP('',(#2644,#2645,#2646,#2647));
#453=EDGE_LOOP('',(#2648,#2649,#2650,#2651));
#454=EDGE_LOOP('',(#2652,#2653,#2654,#2655));
#455=EDGE_LOOP('',(#2656,#2657,#2658,#2659));
#456=EDGE_LOOP('',(#2660,#2661,#2662,#2663));
#457=EDGE_LOOP('',(#2664,#2665,#2666));
#458=EDGE_LOOP('',(#2667,#2668,#2669,#2670));
#459=EDGE_LOOP('',(#2671,#2672,#2673,#2674,#2675,#2676,#2677,#2678,#2679,
#2680,#2681,#2682,#2683,#2684));
#460=EDGE_LOOP('',(#2685,#2686,#2687,#2688));
#461=EDGE_LOOP('',(#2689,#2690,#2691,#2692,#2693));
#462=EDGE_LOOP('',(#2694,#2695,#2696,#2697,#2698));
#463=EDGE_LOOP('',(#2699,#2700,#2701,#2702));
#464=EDGE_LOOP('',(#2703,#2704,#2705,#2706));
#465=EDGE_LOOP('',(#2707,#2708,#2709,#2710,#2711,#2712,#2713,#2714));
#466=EDGE_LOOP('',(#2715,#2716,#2717,#2718,#2719,#2720,#2721,#2722,#2723));
#467=EDGE_LOOP('',(#2724,#2725,#2726,#2727,#2728,#2729,#2730,#2731,#2732));
#468=EDGE_LOOP('',(#2733,#2734,#2735));
#469=EDGE_LOOP('',(#2736,#2737,#2738,#2739,#2740,#2741));
#470=EDGE_LOOP('',(#2742));
#471=EDGE_LOOP('',(#2743,#2744,#2745));
#472=EDGE_LOOP('',(#2746,#2747,#2748,#2749,#2750,#2751));
#473=EDGE_LOOP('',(#2752));
#474=EDGE_LOOP('',(#2753,#2754,#2755,#2756));
#475=EDGE_LOOP('',(#2757,#2758,#2759,#2760));
#476=EDGE_LOOP('',(#2761,#2762,#2763,#2764));
#477=EDGE_LOOP('',(#2765,#2766,#2767,#2768));
#478=EDGE_LOOP('',(#2769,#2770,#2771,#2772));
#479=EDGE_LOOP('',(#2773,#2774,#2775,#2776));
#480=EDGE_LOOP('',(#2777,#2778,#2779,#2780));
#481=EDGE_LOOP('',(#2781,#2782,#2783,#2784));
#482=EDGE_LOOP('',(#2785,#2786));
#483=EDGE_LOOP('',(#2787,#2788,#2789,#2790));
#484=EDGE_LOOP('',(#2791,#2792));
#485=EDGE_LOOP('',(#2793,#2794,#2795,#2796));
#486=EDGE_LOOP('',(#2797,#2798,#2799,#2800));
#487=EDGE_LOOP('',(#2801,#2802,#2803,#2804));
#488=EDGE_LOOP('',(#2805,#2806,#2807,#2808));
#489=EDGE_LOOP('',(#2809,#2810,#2811,#2812));
#490=EDGE_LOOP('',(#2813,#2814,#2815,#2816));
#491=EDGE_LOOP('',(#2817,#2818,#2819,#2820));
#492=EDGE_LOOP('',(#2821,#2822,#2823,#2824));
#493=EDGE_LOOP('',(#2825,#2826,#2827,#2828));
#494=EDGE_LOOP('',(#2829,#2830,#2831,#2832));
#495=EDGE_LOOP('',(#2833,#2834,#2835,#2836));
#496=EDGE_LOOP('',(#2837,#2838,#2839,#2840));
#497=EDGE_LOOP('',(#2841,#2842,#2843,#2844));
#498=EDGE_LOOP('',(#2845,#2846,#2847,#2848));
#499=EDGE_LOOP('',(#2849,#2850,#2851,#2852,#2853,#2854,#2855,#2856,#2857,
#2858,#2859,#2860,#2861,#2862,#2863,#2864,#2865,#2866));
#500=EDGE_LOOP('',(#2867,#2868,#2869,#2870,#2871,#2872));
#501=EDGE_LOOP('',(#2873,#2874,#2875,#2876));
#502=EDGE_LOOP('',(#2877,#2878,#2879,#2880,#2881,#2882,#2883,#2884));
#503=EDGE_LOOP('',(#2885));
#504=EDGE_LOOP('',(#2886,#2887,#2888,#2889));
#505=EDGE_LOOP('',(#2890,#2891,#2892,#2893));
#506=EDGE_LOOP('',(#2894,#2895,#2896,#2897));
#507=EDGE_LOOP('',(#2898,#2899,#2900,#2901,#2902,#2903));
#508=EDGE_LOOP('',(#2904,#2905,#2906,#2907));
#509=EDGE_LOOP('',(#2908,#2909,#2910,#2911,#2912,#2913));
#510=EDGE_LOOP('',(#2914,#2915,#2916,#2917));
#511=EDGE_LOOP('',(#2918,#2919,#2920,#2921,#2922,#2923));
#512=EDGE_LOOP('',(#2924,#2925,#2926,#2927,#2928,#2929,#2930,#2931,#2932));
#513=EDGE_LOOP('',(#2933,#2934,#2935,#2936,#2937,#2938,#2939,#2940,#2941));
#514=EDGE_LOOP('',(#2942,#2943,#2944,#2945,#2946,#2947,#2948,#2949,#2950));
#515=EDGE_LOOP('',(#2951,#2952,#2953,#2954,#2955,#2956,#2957,#2958,#2959));
#516=EDGE_LOOP('',(#2960));
#517=EDGE_LOOP('',(#2961,#2962,#2963,#2964));
#518=EDGE_LOOP('',(#2965,#2966,#2967,#2968));
#519=EDGE_LOOP('',(#2969,#2970,#2971,#2972));
#520=EDGE_LOOP('',(#2973,#2974,#2975,#2976));
#521=EDGE_LOOP('',(#2977,#2978,#2979,#2980));
#522=EDGE_LOOP('',(#2981,#2982,#2983,#2984));
#523=EDGE_LOOP('',(#2985,#2986,#2987,#2988));
#524=EDGE_LOOP('',(#2989,#2990,#2991,#2992));
#525=EDGE_LOOP('',(#2993,#2994,#2995,#2996));
#526=EDGE_LOOP('',(#2997,#2998,#2999,#3000,#3001,#3002,#3003,#3004,#3005));
#527=EDGE_LOOP('',(#3006,#3007,#3008,#3009));
#528=EDGE_LOOP('',(#3010,#3011,#3012,#3013));
#529=EDGE_LOOP('',(#3014,#3015,#3016,#3017));
#530=EDGE_LOOP('',(#3018,#3019,#3020,#3021));
#531=EDGE_LOOP('',(#3022,#3023,#3024,#3025));
#532=EDGE_LOOP('',(#3026,#3027,#3028,#3029));
#533=EDGE_LOOP('',(#3030,#3031,#3032,#3033));
#534=EDGE_LOOP('',(#3034,#3035,#3036,#3037));
#535=EDGE_LOOP('',(#3038,#3039,#3040,#3041));
#536=EDGE_LOOP('',(#3042,#3043,#3044,#3045,#3046,#3047,#3048,#3049,#3050));
#537=EDGE_LOOP('',(#3051,#3052,#3053,#3054));
#538=EDGE_LOOP('',(#3055,#3056,#3057,#3058));
#539=EDGE_LOOP('',(#3059,#3060,#3061,#3062));
#540=EDGE_LOOP('',(#3063,#3064,#3065,#3066));
#541=EDGE_LOOP('',(#3067,#3068,#3069,#3070));
#542=EDGE_LOOP('',(#3071,#3072,#3073,#3074));
#543=EDGE_LOOP('',(#3075,#3076,#3077,#3078));
#544=EDGE_LOOP('',(#3079,#3080,#3081,#3082));
#545=EDGE_LOOP('',(#3083,#3084,#3085,#3086));
#546=EDGE_LOOP('',(#3087,#3088,#3089,#3090,#3091,#3092,#3093,#3094,#3095));
#547=EDGE_LOOP('',(#3096,#3097,#3098,#3099));
#548=EDGE_LOOP('',(#3100,#3101,#3102,#3103));
#549=EDGE_LOOP('',(#3104,#3105,#3106,#3107));
#550=EDGE_LOOP('',(#3108,#3109,#3110,#3111));
#551=EDGE_LOOP('',(#3112,#3113,#3114,#3115));
#552=EDGE_LOOP('',(#3116,#3117,#3118,#3119));
#553=EDGE_LOOP('',(#3120,#3121,#3122,#3123));
#554=EDGE_LOOP('',(#3124,#3125,#3126,#3127));
#555=EDGE_LOOP('',(#3128,#3129,#3130,#3131));
#556=EDGE_LOOP('',(#3132,#3133,#3134,#3135,#3136,#3137,#3138,#3139,#3140));
#557=EDGE_LOOP('',(#3141,#3142,#3143,#3144,#3145));
#558=EDGE_LOOP('',(#3146,#3147,#3148,#3149,#3150));
#559=EDGE_LOOP('',(#3151,#3152,#3153,#3154,#3155));
#560=EDGE_LOOP('',(#3156,#3157,#3158,#3159));
#561=EDGE_LOOP('',(#3160,#3161,#3162,#3163,#3164));
#562=EDGE_LOOP('',(#3165,#3166,#3167,#3168));
#563=EDGE_LOOP('',(#3169,#3170,#3171,#3172,#3173,#3174,#3175,#3176));
#564=EDGE_LOOP('',(#3177,#3178,#3179,#3180));
#565=EDGE_LOOP('',(#3181,#3182,#3183,#3184));
#566=EDGE_LOOP('',(#3185,#3186,#3187,#3188));
#567=EDGE_LOOP('',(#3189,#3190,#3191,#3192,#3193,#3194,#3195,#3196,#3197,
#3198));
#568=EDGE_LOOP('',(#3199,#3200,#3201,#3202,#3203,#3204,#3205,#3206));
#569=EDGE_LOOP('',(#3207,#3208,#3209,#3210));
#570=EDGE_LOOP('',(#3211,#3212,#3213,#3214));
#571=EDGE_LOOP('',(#3215,#3216,#3217,#3218));
#572=EDGE_LOOP('',(#3219,#3220,#3221,#3222));
#573=EDGE_LOOP('',(#3223,#3224,#3225,#3226));
#574=EDGE_LOOP('',(#3227,#3228,#3229,#3230));
#575=EDGE_LOOP('',(#3231,#3232,#3233,#3234));
#576=EDGE_LOOP('',(#3235,#3236,#3237,#3238));
#577=EDGE_LOOP('',(#3239,#3240,#3241,#3242));
#578=EDGE_LOOP('',(#3243,#3244,#3245,#3246));
#579=EDGE_LOOP('',(#3247,#3248,#3249,#3250));
#580=EDGE_LOOP('',(#3251,#3252,#3253,#3254));
#581=EDGE_LOOP('',(#3255,#3256,#3257,#3258));
#582=EDGE_LOOP('',(#3259,#3260,#3261,#3262));
#583=EDGE_LOOP('',(#3263,#3264,#3265,#3266));
#584=EDGE_LOOP('',(#3267,#3268,#3269,#3270));
#585=EDGE_LOOP('',(#3271,#3272,#3273,#3274));
#586=EDGE_LOOP('',(#3275,#3276,#3277,#3278,#3279,#3280));
#587=EDGE_LOOP('',(#3281,#3282,#3283,#3284));
#588=EDGE_LOOP('',(#3285,#3286,#3287,#3288));
#589=EDGE_LOOP('',(#3289,#3290,#3291,#3292,#3293,#3294,#3295,#3296));
#590=EDGE_LOOP('',(#3297,#3298,#3299,#3300));
#591=EDGE_LOOP('',(#3301,#3302,#3303,#3304));
#592=EDGE_LOOP('',(#3305,#3306,#3307,#3308));
#593=EDGE_LOOP('',(#3309,#3310,#3311,#3312));
#594=EDGE_LOOP('',(#3313,#3314,#3315,#3316,#3317,#3318,#3319,#3320,#3321,
#3322));
#595=EDGE_LOOP('',(#3323,#3324,#3325,#3326,#3327,#3328,#3329,#3330,#3331));
#596=EDGE_LOOP('',(#3332,#3333,#3334,#3335,#3336,#3337,#3338,#3339,#3340));
#597=EDGE_LOOP('',(#3341,#3342,#3343,#3344,#3345,#3346,#3347,#3348,#3349));
#598=EDGE_LOOP('',(#3350,#3351,#3352,#3353,#3354,#3355,#3356,#3357,#3358));
#599=EDGE_LOOP('',(#3359,#3360,#3361,#3362));
#600=EDGE_LOOP('',(#3363,#3364,#3365,#3366));
#601=EDGE_LOOP('',(#3367,#3368,#3369,#3370));
#602=EDGE_LOOP('',(#3371,#3372,#3373,#3374));
#603=EDGE_LOOP('',(#3375,#3376,#3377,#3378));
#604=EDGE_LOOP('',(#3379,#3380,#3381,#3382,#3383,#3384));
#605=EDGE_LOOP('',(#3385,#3386,#3387,#3388));
#606=EDGE_LOOP('',(#3389,#3390,#3391,#3392));
#607=EDGE_LOOP('',(#3393,#3394,#3395,#3396));
#608=EDGE_LOOP('',(#3397,#3398,#3399,#3400));
#609=EDGE_LOOP('',(#3401,#3402,#3403,#3404));
#610=EDGE_LOOP('',(#3405,#3406,#3407,#3408,#3409,#3410));
#611=EDGE_LOOP('',(#3411,#3412,#3413,#3414));
#612=EDGE_LOOP('',(#3415,#3416,#3417,#3418));
#613=EDGE_LOOP('',(#3419,#3420,#3421,#3422));
#614=EDGE_LOOP('',(#3423,#3424,#3425,#3426));
#615=EDGE_LOOP('',(#3427,#3428,#3429,#3430,#3431,#3432));
#616=EDGE_LOOP('',(#3433,#3434,#3435,#3436));
#617=EDGE_LOOP('',(#3437,#3438,#3439,#3440));
#618=EDGE_LOOP('',(#3441,#3442,#3443,#3444,#3445,#3446,#3447,#3448,#3449,
#3450));
#619=EDGE_LOOP('',(#3451,#3452,#3453,#3454,#3455,#3456,#3457,#3458));
#620=EDGE_LOOP('',(#3459,#3460,#3461,#3462));
#621=EDGE_LOOP('',(#3463,#3464,#3465,#3466));
#622=EDGE_LOOP('',(#3467,#3468,#3469,#3470,#3471,#3472,#3473,#3474,#3475,
#3476));
#623=EDGE_LOOP('',(#3477,#3478,#3479,#3480));
#624=EDGE_LOOP('',(#3481,#3482,#3483,#3484));
#625=EDGE_LOOP('',(#3485,#3486,#3487,#3488,#3489,#3490,#3491,#3492,#3493,
#3494,#3495,#3496,#3497,#3498,#3499,#3500,#3501,#3502,#3503,#3504,#3505,
#3506));
#626=EDGE_LOOP('',(#3507,#3508,#3509,#3510));
#627=EDGE_LOOP('',(#3511,#3512,#3513,#3514,#3515,#3516,#3517,#3518,#3519,
#3520));
#628=EDGE_LOOP('',(#3521,#3522,#3523,#3524));
#629=EDGE_LOOP('',(#3525,#3526,#3527,#3528));
#630=EDGE_LOOP('',(#3529,#3530,#3531,#3532));
#631=EDGE_LOOP('',(#3533,#3534,#3535,#3536,#3537,#3538,#3539,#3540));
#632=EDGE_LOOP('',(#3541,#3542,#3543,#3544));
#633=LINE('',#5341,#1089);
#634=LINE('',#5343,#1090);
#635=LINE('',#5345,#1091);
#636=LINE('',#5346,#1092);
#637=LINE('',#5351,#1093);
#638=LINE('',#5355,#1094);
#639=LINE('',#5357,#1095);
#640=LINE('',#5358,#1096);
#641=LINE('',#5361,#1097);
#642=LINE('',#5363,#1098);
#643=LINE('',#5364,#1099);
#644=LINE('',#5367,#1100);
#645=LINE('',#5369,#1101);
#646=LINE('',#5370,#1102);
#647=LINE('',#5373,#1103);
#648=LINE('',#5375,#1104);
#649=LINE('',#5376,#1105);
#650=LINE('',#5379,#1106);
#651=LINE('',#5381,#1107);
#652=LINE('',#5382,#1108);
#653=LINE('',#5385,#1109);
#654=LINE('',#5387,#1110);
#655=LINE('',#5388,#1111);
#656=LINE('',#5390,#1112);
#657=LINE('',#5391,#1113);
#658=LINE('',#5398,#1114);
#659=LINE('',#5401,#1115);
#660=LINE('',#5404,#1116);
#661=LINE('',#5406,#1117);
#662=LINE('',#5407,#1118);
#663=LINE('',#5410,#1119);
#664=LINE('',#5412,#1120);
#665=LINE('',#5413,#1121);
#666=LINE('',#5416,#1122);
#667=LINE('',#5418,#1123);
#668=LINE('',#5419,#1124);
#669=LINE('',#5422,#1125);
#670=LINE('',#5424,#1126);
#671=LINE('',#5425,#1127);
#672=LINE('',#5428,#1128);
#673=LINE('',#5430,#1129);
#674=LINE('',#5431,#1130);
#675=LINE('',#5434,#1131);
#676=LINE('',#5436,#1132);
#677=LINE('',#5437,#1133);
#678=LINE('',#5440,#1134);
#679=LINE('',#5442,#1135);
#680=LINE('',#5443,#1136);
#681=LINE('',#5445,#1137);
#682=LINE('',#5446,#1138);
#683=LINE('',#5451,#1139);
#684=LINE('',#5453,#1140);
#685=LINE('',#5455,#1141);
#686=LINE('',#5456,#1142);
#687=LINE('',#5461,#1143);
#688=LINE('',#5465,#1144);
#689=LINE('',#5467,#1145);
#690=LINE('',#5468,#1146);
#691=LINE('',#5471,#1147);
#692=LINE('',#5473,#1148);
#693=LINE('',#5474,#1149);
#694=LINE('',#5477,#1150);
#695=LINE('',#5479,#1151);
#696=LINE('',#5480,#1152);
#697=LINE('',#5483,#1153);
#698=LINE('',#5485,#1154);
#699=LINE('',#5486,#1155);
#700=LINE('',#5489,#1156);
#701=LINE('',#5491,#1157);
#702=LINE('',#5492,#1158);
#703=LINE('',#5495,#1159);
#704=LINE('',#5497,#1160);
#705=LINE('',#5498,#1161);
#706=LINE('',#5500,#1162);
#707=LINE('',#5501,#1163);
#708=LINE('',#5508,#1164);
#709=LINE('',#5511,#1165);
#710=LINE('',#5514,#1166);
#711=LINE('',#5516,#1167);
#712=LINE('',#5517,#1168);
#713=LINE('',#5520,#1169);
#714=LINE('',#5522,#1170);
#715=LINE('',#5523,#1171);
#716=LINE('',#5526,#1172);
#717=LINE('',#5528,#1173);
#718=LINE('',#5529,#1174);
#719=LINE('',#5532,#1175);
#720=LINE('',#5534,#1176);
#721=LINE('',#5535,#1177);
#722=LINE('',#5538,#1178);
#723=LINE('',#5540,#1179);
#724=LINE('',#5541,#1180);
#725=LINE('',#5544,#1181);
#726=LINE('',#5546,#1182);
#727=LINE('',#5547,#1183);
#728=LINE('',#5550,#1184);
#729=LINE('',#5552,#1185);
#730=LINE('',#5553,#1186);
#731=LINE('',#5555,#1187);
#732=LINE('',#5556,#1188);
#733=LINE('',#5562,#1189);
#734=LINE('',#5567,#1190);
#735=LINE('',#5569,#1191);
#736=LINE('',#5570,#1192);
#737=LINE('',#5576,#1193);
#738=LINE('',#5579,#1194);
#739=LINE('',#5582,#1195);
#740=LINE('',#5584,#1196);
#741=LINE('',#5585,#1197);
#742=LINE('',#5590,#1198);
#743=LINE('',#5594,#1199);
#744=LINE('',#5596,#1200);
#745=LINE('',#5597,#1201);
#746=LINE('',#5602,#1202);
#747=LINE('',#5606,#1203);
#748=LINE('',#5608,#1204);
#749=LINE('',#5609,#1205);
#750=LINE('',#5614,#1206);
#751=LINE('',#5617,#1207);
#752=LINE('',#5618,#1208);
#753=LINE('',#5622,#1209);
#754=LINE('',#5624,#1210);
#755=LINE('',#5625,#1211);
#756=LINE('',#5627,#1212);
#757=LINE('',#5628,#1213);
#758=LINE('',#5631,#1214);
#759=LINE('',#5633,#1215);
#760=LINE('',#5634,#1216);
#761=LINE('',#5637,#1217);
#762=LINE('',#5639,#1218);
#763=LINE('',#5641,#1219);
#764=LINE('',#5642,#1220);
#765=LINE('',#5645,#1221);
#766=LINE('',#5647,#1222);
#767=LINE('',#5649,#1223);
#768=LINE('',#5650,#1224);
#769=LINE('',#5653,#1225);
#770=LINE('',#5655,#1226);
#771=LINE('',#5656,#1227);
#772=LINE('',#5659,#1228);
#773=LINE('',#5661,#1229);
#774=LINE('',#5662,#1230);
#775=LINE('',#5665,#1231);
#776=LINE('',#5667,#1232);
#777=LINE('',#5668,#1233);
#778=LINE('',#5671,#1234);
#779=LINE('',#5673,#1235);
#780=LINE('',#5675,#1236);
#781=LINE('',#5677,#1237);
#782=LINE('',#5678,#1238);
#783=LINE('',#5681,#1239);
#784=LINE('',#5683,#1240);
#785=LINE('',#5685,#1241);
#786=LINE('',#5687,#1242);
#787=LINE('',#5689,#1243);
#788=LINE('',#5690,#1244);
#789=LINE('',#5693,#1245);
#790=LINE('',#5695,#1246);
#791=LINE('',#5697,#1247);
#792=LINE('',#5699,#1248);
#793=LINE('',#5701,#1249);
#794=LINE('',#5702,#1250);
#795=LINE('',#5706,#1251);
#796=LINE('',#5713,#1252);
#797=LINE('',#5722,#1253);
#798=LINE('',#5737,#1254);
#799=LINE('',#5739,#1255);
#800=LINE('',#5749,#1256);
#801=LINE('',#5751,#1257);
#802=LINE('',#5761,#1258);
#803=LINE('',#5763,#1259);
#804=LINE('',#5776,#1260);
#805=LINE('',#5778,#1261);
#806=LINE('',#5781,#1262);
#807=LINE('',#5782,#1263);
#808=LINE('',#5784,#1264);
#809=LINE('',#5788,#1265);
#810=LINE('',#5790,#1266);
#811=LINE('',#5793,#1267);
#812=LINE('',#5794,#1268);
#813=LINE('',#5796,#1269);
#814=LINE('',#5800,#1270);
#815=LINE('',#5802,#1271);
#816=LINE('',#5805,#1272);
#817=LINE('',#5806,#1273);
#818=LINE('',#5808,#1274);
#819=LINE('',#5816,#1275);
#820=LINE('',#5818,#1276);
#821=LINE('',#5820,#1277);
#822=LINE('',#5823,#1278);
#823=LINE('',#5825,#1279);
#824=LINE('',#5826,#1280);
#825=LINE('',#5828,#1281);
#826=LINE('',#5833,#1282);
#827=LINE('',#5835,#1283);
#828=LINE('',#5837,#1284);
#829=LINE('',#5838,#1285);
#830=LINE('',#5842,#1286);
#831=LINE('',#5843,#1287);
#832=LINE('',#5844,#1288);
#833=LINE('',#5848,#1289);
#834=LINE('',#5850,#1290);
#835=LINE('',#5851,#1291);
#836=LINE('',#5853,#1292);
#837=LINE('',#5856,#1293);
#838=LINE('',#5857,#1294);
#839=LINE('',#5865,#1295);
#840=LINE('',#5867,#1296);
#841=LINE('',#5869,#1297);
#842=LINE('',#5870,#1298);
#843=LINE('',#5873,#1299);
#844=LINE('',#5875,#1300);
#845=LINE('',#5876,#1301);
#846=LINE('',#5879,#1302);
#847=LINE('',#5881,#1303);
#848=LINE('',#5882,#1304);
#849=LINE('',#5885,#1305);
#850=LINE('',#5887,#1306);
#851=LINE('',#5888,#1307);
#852=LINE('',#5891,#1308);
#853=LINE('',#5893,#1309);
#854=LINE('',#5894,#1310);
#855=LINE('',#5897,#1311);
#856=LINE('',#5899,#1312);
#857=LINE('',#5900,#1313);
#858=LINE('',#5905,#1314);
#859=LINE('',#5909,#1315);
#860=LINE('',#5911,#1316);
#861=LINE('',#5912,#1317);
#862=LINE('',#5914,#1318);
#863=LINE('',#5915,#1319);
#864=LINE('',#5920,#1320);
#865=LINE('',#5922,#1321);
#866=LINE('',#5924,#1322);
#867=LINE('',#5925,#1323);
#868=LINE('',#5928,#1324);
#869=LINE('',#5930,#1325);
#870=LINE('',#5931,#1326);
#871=LINE('',#5934,#1327);
#872=LINE('',#5936,#1328);
#873=LINE('',#5937,#1329);
#874=LINE('',#5940,#1330);
#875=LINE('',#5942,#1331);
#876=LINE('',#5943,#1332);
#877=LINE('',#5946,#1333);
#878=LINE('',#5948,#1334);
#879=LINE('',#5949,#1335);
#880=LINE('',#5952,#1336);
#881=LINE('',#5954,#1337);
#882=LINE('',#5955,#1338);
#883=LINE('',#5960,#1339);
#884=LINE('',#5964,#1340);
#885=LINE('',#5966,#1341);
#886=LINE('',#5967,#1342);
#887=LINE('',#5969,#1343);
#888=LINE('',#5970,#1344);
#889=LINE('',#5975,#1345);
#890=LINE('',#5977,#1346);
#891=LINE('',#5979,#1347);
#892=LINE('',#5980,#1348);
#893=LINE('',#5983,#1349);
#894=LINE('',#5985,#1350);
#895=LINE('',#5986,#1351);
#896=LINE('',#5989,#1352);
#897=LINE('',#5991,#1353);
#898=LINE('',#5992,#1354);
#899=LINE('',#5995,#1355);
#900=LINE('',#5997,#1356);
#901=LINE('',#5998,#1357);
#902=LINE('',#6004,#1358);
#903=LINE('',#6007,#1359);
#904=LINE('',#6009,#1360);
#905=LINE('',#6010,#1361);
#906=LINE('',#6013,#1362);
#907=LINE('',#6015,#1363);
#908=LINE('',#6016,#1364);
#909=LINE('',#6019,#1365);
#910=LINE('',#6021,#1366);
#911=LINE('',#6022,#1367);
#912=LINE('',#6024,#1368);
#913=LINE('',#6025,#1369);
#914=LINE('',#6030,#1370);
#915=LINE('',#6032,#1371);
#916=LINE('',#6034,#1372);
#917=LINE('',#6035,#1373);
#918=LINE('',#6038,#1374);
#919=LINE('',#6040,#1375);
#920=LINE('',#6041,#1376);
#921=LINE('',#6044,#1377);
#922=LINE('',#6046,#1378);
#923=LINE('',#6047,#1379);
#924=LINE('',#6050,#1380);
#925=LINE('',#6052,#1381);
#926=LINE('',#6053,#1382);
#927=LINE('',#6059,#1383);
#928=LINE('',#6062,#1384);
#929=LINE('',#6064,#1385);
#930=LINE('',#6065,#1386);
#931=LINE('',#6068,#1387);
#932=LINE('',#6070,#1388);
#933=LINE('',#6071,#1389);
#934=LINE('',#6074,#1390);
#935=LINE('',#6076,#1391);
#936=LINE('',#6077,#1392);
#937=LINE('',#6079,#1393);
#938=LINE('',#6080,#1394);
#939=LINE('',#6085,#1395);
#940=LINE('',#6087,#1396);
#941=LINE('',#6091,#1397);
#942=LINE('',#6092,#1398);
#943=LINE('',#6096,#1399);
#944=LINE('',#6098,#1400);
#945=LINE('',#6100,#1401);
#946=LINE('',#6103,#1402);
#947=LINE('',#6107,#1403);
#948=LINE('',#6109,#1404);
#949=LINE('',#6111,#1405);
#950=LINE('',#6113,#1406);
#951=LINE('',#6116,#1407);
#952=LINE('',#6117,#1408);
#953=LINE('',#6121,#1409);
#954=LINE('',#6125,#1410);
#955=LINE('',#6127,#1411);
#956=LINE('',#6128,#1412);
#957=LINE('',#6130,#1413);
#958=LINE('',#6131,#1414);
#959=LINE('',#6134,#1415);
#960=LINE('',#6136,#1416);
#961=LINE('',#6138,#1417);
#962=LINE('',#6140,#1418);
#963=LINE('',#6141,#1419);
#964=LINE('',#6144,#1420);
#965=LINE('',#6146,#1421);
#966=LINE('',#6147,#1422);
#967=LINE('',#6150,#1423);
#968=LINE('',#6152,#1424);
#969=LINE('',#6153,#1425);
#970=LINE('',#6156,#1426);
#971=LINE('',#6162,#1427);
#972=LINE('',#6165,#1428);
#973=LINE('',#6167,#1429);
#974=LINE('',#6168,#1430);
#975=LINE('',#6171,#1431);
#976=LINE('',#6175,#1432);
#977=LINE('',#6177,#1433);
#978=LINE('',#6179,#1434);
#979=LINE('',#6182,#1435);
#980=LINE('',#6185,#1436);
#981=LINE('',#6186,#1437);
#982=LINE('',#6189,#1438);
#983=LINE('',#6190,#1439);
#984=LINE('',#6194,#1440);
#985=LINE('',#6197,#1441);
#986=LINE('',#6204,#1442);
#987=LINE('',#6207,#1443);
#988=LINE('',#6214,#1444);
#989=LINE('',#6226,#1445);
#990=LINE('',#6229,#1446);
#991=LINE('',#6240,#1447);
#992=LINE('',#6241,#1448);
#993=LINE('',#6244,#1449);
#994=LINE('',#6246,#1450);
#995=LINE('',#6247,#1451);
#996=LINE('',#6252,#1452);
#997=LINE('',#6254,#1453);
#998=LINE('',#6255,#1454);
#999=LINE('',#6258,#1455);
#1000=LINE('',#6261,#1456);
#1001=LINE('',#6264,#1457);
#1002=LINE('',#6265,#1458);
#1003=LINE('',#6267,#1459);
#1004=LINE('',#6270,#1460);
#1005=LINE('',#6276,#1461);
#1006=LINE('',#6277,#1462);
#1007=LINE('',#6280,#1463);
#1008=LINE('',#6282,#1464);
#1009=LINE('',#6283,#1465);
#1010=LINE('',#6285,#1466);
#1011=LINE('',#6286,#1467);
#1012=LINE('',#6289,#1468);
#1013=LINE('',#6291,#1469);
#1014=LINE('',#6292,#1470);
#1015=LINE('',#6295,#1471);
#1016=LINE('',#6297,#1472);
#1017=LINE('',#6298,#1473);
#1018=LINE('',#6301,#1474);
#1019=LINE('',#6303,#1475);
#1020=LINE('',#6304,#1476);
#1021=LINE('',#6307,#1477);
#1022=LINE('',#6309,#1478);
#1023=LINE('',#6313,#1479);
#1024=LINE('',#6315,#1480);
#1025=LINE('',#6317,#1481);
#1026=LINE('',#6318,#1482);
#1027=LINE('',#6322,#1483);
#1028=LINE('',#6323,#1484);
#1029=LINE('',#6326,#1485);
#1030=LINE('',#6331,#1486);
#1031=LINE('',#6332,#1487);
#1032=LINE('',#6338,#1488);
#1033=LINE('',#6339,#1489);
#1034=LINE('',#6340,#1490);
#1035=LINE('',#6344,#1491);
#1036=LINE('',#6346,#1492);
#1037=LINE('',#6348,#1493);
#1038=LINE('',#6349,#1494);
#1039=LINE('',#6352,#1495);
#1040=LINE('',#6353,#1496);
#1041=LINE('',#6356,#1497);
#1042=LINE('',#6357,#1498);
#1043=LINE('',#6361,#1499);
#1044=LINE('',#6363,#1500);
#1045=LINE('',#6365,#1501);
#1046=LINE('',#6367,#1502);
#1047=LINE('',#6369,#1503);
#1048=LINE('',#6370,#1504);
#1049=LINE('',#6374,#1505);
#1050=LINE('',#6375,#1506);
#1051=LINE('',#6376,#1507);
#1052=LINE('',#6380,#1508);
#1053=LINE('',#6381,#1509);
#1054=LINE('',#6382,#1510);
#1055=LINE('',#6384,#1511);
#1056=LINE('',#6387,#1512);
#1057=LINE('',#6389,#1513);
#1058=LINE('',#6390,#1514);
#1059=LINE('',#6393,#1515);
#1060=LINE('',#6395,#1516);
#1061=LINE('',#6396,#1517);
#1062=LINE('',#6400,#1518);
#1063=LINE('',#6401,#1519);
#1064=LINE('',#6402,#1520);
#1065=LINE('',#6404,#1521);
#1066=LINE('',#6407,#1522);
#1067=LINE('',#6409,#1523);
#1068=LINE('',#6410,#1524);
#1069=LINE('',#6411,#1525);
#1070=LINE('',#6415,#1526);
#1071=LINE('',#6416,#1527);
#1072=LINE('',#6418,#1528);
#1073=LINE('',#6420,#1529);
#1074=LINE('',#6422,#1530);
#1075=LINE('',#6423,#1531);
#1076=LINE('',#6427,#1532);
#1077=LINE('',#6428,#1533);
#1078=LINE('',#6429,#1534);
#1079=LINE('',#6432,#1535);
#1080=LINE('',#6433,#1536);
#1081=LINE('',#6435,#1537);
#1082=LINE('',#6436,#1538);
#1083=LINE('',#6438,#1539);
#1084=LINE('',#6440,#1540);
#1085=LINE('',#6442,#1541);
#1086=LINE('',#6443,#1542);
#1087=LINE('',#6448,#1543);
#1088=LINE('',#6450,#1544);
#1089=VECTOR('',#4260,10.);
#1090=VECTOR('',#4261,10.);
#1091=VECTOR('',#4262,10.);
#1092=VECTOR('',#4263,10.);
#1093=VECTOR('',#4268,10.);
#1094=VECTOR('',#4273,10.);
#1095=VECTOR('',#4274,10.);
#1096=VECTOR('',#4275,10.);
#1097=VECTOR('',#4278,10.);
#1098=VECTOR('',#4279,10.);
#1099=VECTOR('',#4280,10.);
#1100=VECTOR('',#4283,10.);
#1101=VECTOR('',#4284,10.);
#1102=VECTOR('',#4285,10.);
#1103=VECTOR('',#4288,10.);
#1104=VECTOR('',#4289,10.);
#1105=VECTOR('',#4290,10.);
#1106=VECTOR('',#4293,10.);
#1107=VECTOR('',#4294,10.);
#1108=VECTOR('',#4295,10.);
#1109=VECTOR('',#4298,10.);
#1110=VECTOR('',#4299,10.);
#1111=VECTOR('',#4300,10.);
#1112=VECTOR('',#4303,10.);
#1113=VECTOR('',#4304,10.);
#1114=VECTOR('',#4311,10.);
#1115=VECTOR('',#4314,10.);
#1116=VECTOR('',#4317,10.);
#1117=VECTOR('',#4318,10.);
#1118=VECTOR('',#4319,10.);
#1119=VECTOR('',#4322,10.);
#1120=VECTOR('',#4323,10.);
#1121=VECTOR('',#4324,10.);
#1122=VECTOR('',#4327,10.);
#1123=VECTOR('',#4328,10.);
#1124=VECTOR('',#4329,10.);
#1125=VECTOR('',#4332,10.);
#1126=VECTOR('',#4333,10.);
#1127=VECTOR('',#4334,10.);
#1128=VECTOR('',#4337,10.);
#1129=VECTOR('',#4338,10.);
#1130=VECTOR('',#4339,10.);
#1131=VECTOR('',#4342,10.);
#1132=VECTOR('',#4343,10.);
#1133=VECTOR('',#4344,10.);
#1134=VECTOR('',#4347,10.);
#1135=VECTOR('',#4348,10.);
#1136=VECTOR('',#4349,10.);
#1137=VECTOR('',#4352,10.);
#1138=VECTOR('',#4353,10.);
#1139=VECTOR('',#4358,10.);
#1140=VECTOR('',#4359,10.);
#1141=VECTOR('',#4360,10.);
#1142=VECTOR('',#4361,10.);
#1143=VECTOR('',#4366,10.);
#1144=VECTOR('',#4371,10.);
#1145=VECTOR('',#4372,10.);
#1146=VECTOR('',#4373,10.);
#1147=VECTOR('',#4376,10.);
#1148=VECTOR('',#4377,10.);
#1149=VECTOR('',#4378,10.);
#1150=VECTOR('',#4381,10.);
#1151=VECTOR('',#4382,10.);
#1152=VECTOR('',#4383,10.);
#1153=VECTOR('',#4386,10.);
#1154=VECTOR('',#4387,10.);
#1155=VECTOR('',#4388,10.);
#1156=VECTOR('',#4391,10.);
#1157=VECTOR('',#4392,10.);
#1158=VECTOR('',#4393,10.);
#1159=VECTOR('',#4396,10.);
#1160=VECTOR('',#4397,10.);
#1161=VECTOR('',#4398,10.);
#1162=VECTOR('',#4401,10.);
#1163=VECTOR('',#4402,10.);
#1164=VECTOR('',#4409,10.);
#1165=VECTOR('',#4412,10.);
#1166=VECTOR('',#4415,10.);
#1167=VECTOR('',#4416,10.);
#1168=VECTOR('',#4417,10.);
#1169=VECTOR('',#4420,10.);
#1170=VECTOR('',#4421,10.);
#1171=VECTOR('',#4422,10.);
#1172=VECTOR('',#4425,10.);
#1173=VECTOR('',#4426,10.);
#1174=VECTOR('',#4427,10.);
#1175=VECTOR('',#4430,10.);
#1176=VECTOR('',#4431,10.);
#1177=VECTOR('',#4432,10.);
#1178=VECTOR('',#4435,10.);
#1179=VECTOR('',#4436,10.);
#1180=VECTOR('',#4437,10.);
#1181=VECTOR('',#4440,10.);
#1182=VECTOR('',#4441,10.);
#1183=VECTOR('',#4442,10.);
#1184=VECTOR('',#4445,10.);
#1185=VECTOR('',#4446,10.);
#1186=VECTOR('',#4447,10.);
#1187=VECTOR('',#4450,10.);
#1188=VECTOR('',#4451,10.);
#1189=VECTOR('',#4458,1.);
#1190=VECTOR('',#4463,10.);
#1191=VECTOR('',#4464,10.);
#1192=VECTOR('',#4465,10.);
#1193=VECTOR('',#4470,10.);
#1194=VECTOR('',#4473,10.);
#1195=VECTOR('',#4476,10.);
#1196=VECTOR('',#4477,10.);
#1197=VECTOR('',#4478,10.);
#1198=VECTOR('',#4483,10.);
#1199=VECTOR('',#4488,10.);
#1200=VECTOR('',#4489,10.);
#1201=VECTOR('',#4490,10.);
#1202=VECTOR('',#4495,10.);
#1203=VECTOR('',#4500,10.);
#1204=VECTOR('',#4501,10.);
#1205=VECTOR('',#4502,10.);
#1206=VECTOR('',#4507,10.);
#1207=VECTOR('',#4512,10.);
#1208=VECTOR('',#4513,10.);
#1209=VECTOR('',#4516,10.);
#1210=VECTOR('',#4517,10.);
#1211=VECTOR('',#4518,10.);
#1212=VECTOR('',#4521,10.);
#1213=VECTOR('',#4522,10.);
#1214=VECTOR('',#4525,10.);
#1215=VECTOR('',#4526,10.);
#1216=VECTOR('',#4527,10.);
#1217=VECTOR('',#4528,10.);
#1218=VECTOR('',#4529,10.);
#1219=VECTOR('',#4530,10.);
#1220=VECTOR('',#4531,10.);
#1221=VECTOR('',#4534,10.);
#1222=VECTOR('',#4535,10.);
#1223=VECTOR('',#4536,10.);
#1224=VECTOR('',#4537,10.);
#1225=VECTOR('',#4540,10.);
#1226=VECTOR('',#4541,10.);
#1227=VECTOR('',#4542,10.);
#1228=VECTOR('',#4545,10.);
#1229=VECTOR('',#4546,10.);
#1230=VECTOR('',#4547,10.);
#1231=VECTOR('',#4550,10.);
#1232=VECTOR('',#4551,10.);
#1233=VECTOR('',#4552,10.);
#1234=VECTOR('',#4555,10.);
#1235=VECTOR('',#4556,10.);
#1236=VECTOR('',#4557,10.);
#1237=VECTOR('',#4558,10.);
#1238=VECTOR('',#4559,10.);
#1239=VECTOR('',#4562,10.);
#1240=VECTOR('',#4563,10.);
#1241=VECTOR('',#4564,10.);
#1242=VECTOR('',#4565,10.);
#1243=VECTOR('',#4566,10.);
#1244=VECTOR('',#4567,10.);
#1245=VECTOR('',#4570,10.);
#1246=VECTOR('',#4571,10.);
#1247=VECTOR('',#4572,10.);
#1248=VECTOR('',#4573,10.);
#1249=VECTOR('',#4574,10.);
#1250=VECTOR('',#4575,10.);
#1251=VECTOR('',#4578,10.);
#1252=VECTOR('',#4587,1.75);
#1253=VECTOR('',#4600,1.75);
#1254=VECTOR('',#4623,10.);
#1255=VECTOR('',#4624,10.);
#1256=VECTOR('',#4637,10.);
#1257=VECTOR('',#4638,10.);
#1258=VECTOR('',#4651,10.);
#1259=VECTOR('',#4652,10.);
#1260=VECTOR('',#4675,10.);
#1261=VECTOR('',#4678,10.);
#1262=VECTOR('',#4681,10.);
#1263=VECTOR('',#4682,10.);
#1264=VECTOR('',#4685,10.);
#1265=VECTOR('',#4690,10.);
#1266=VECTOR('',#4693,10.);
#1267=VECTOR('',#4696,10.);
#1268=VECTOR('',#4697,10.);
#1269=VECTOR('',#4700,10.);
#1270=VECTOR('',#4705,10.);
#1271=VECTOR('',#4708,10.);
#1272=VECTOR('',#4711,10.);
#1273=VECTOR('',#4712,10.);
#1274=VECTOR('',#4715,10.);
#1275=VECTOR('',#4726,10.);
#1276=VECTOR('',#4727,10.);
#1277=VECTOR('',#4728,10.);
#1278=VECTOR('',#4733,10.);
#1279=VECTOR('',#4734,10.);
#1280=VECTOR('',#4735,10.);
#1281=VECTOR('',#4738,10.);
#1282=VECTOR('',#4743,10.);
#1283=VECTOR('',#4744,10.);
#1284=VECTOR('',#4745,10.);
#1285=VECTOR('',#4746,10.);
#1286=VECTOR('',#4749,10.);
#1287=VECTOR('',#4750,10.);
#1288=VECTOR('',#4751,10.);
#1289=VECTOR('',#4756,10.);
#1290=VECTOR('',#4759,10.);
#1291=VECTOR('',#4760,10.);
#1292=VECTOR('',#4763,10.);
#1293=VECTOR('',#4766,10.);
#1294=VECTOR('',#4767,10.);
#1295=VECTOR('',#4778,10.);
#1296=VECTOR('',#4779,10.);
#1297=VECTOR('',#4780,10.);
#1298=VECTOR('',#4781,10.);
#1299=VECTOR('',#4784,10.);
#1300=VECTOR('',#4785,10.);
#1301=VECTOR('',#4786,10.);
#1302=VECTOR('',#4789,10.);
#1303=VECTOR('',#4790,10.);
#1304=VECTOR('',#4791,10.);
#1305=VECTOR('',#4794,10.);
#1306=VECTOR('',#4795,10.);
#1307=VECTOR('',#4796,10.);
#1308=VECTOR('',#4799,10.);
#1309=VECTOR('',#4800,10.);
#1310=VECTOR('',#4801,10.);
#1311=VECTOR('',#4804,10.);
#1312=VECTOR('',#4805,10.);
#1313=VECTOR('',#4806,10.);
#1314=VECTOR('',#4811,10.);
#1315=VECTOR('',#4816,10.);
#1316=VECTOR('',#4817,10.);
#1317=VECTOR('',#4818,10.);
#1318=VECTOR('',#4821,10.);
#1319=VECTOR('',#4822,10.);
#1320=VECTOR('',#4827,10.);
#1321=VECTOR('',#4828,10.);
#1322=VECTOR('',#4829,10.);
#1323=VECTOR('',#4830,10.);
#1324=VECTOR('',#4833,10.);
#1325=VECTOR('',#4834,10.);
#1326=VECTOR('',#4835,10.);
#1327=VECTOR('',#4838,10.);
#1328=VECTOR('',#4839,10.);
#1329=VECTOR('',#4840,10.);
#1330=VECTOR('',#4843,10.);
#1331=VECTOR('',#4844,10.);
#1332=VECTOR('',#4845,10.);
#1333=VECTOR('',#4848,10.);
#1334=VECTOR('',#4849,10.);
#1335=VECTOR('',#4850,10.);
#1336=VECTOR('',#4853,10.);
#1337=VECTOR('',#4854,10.);
#1338=VECTOR('',#4855,10.);
#1339=VECTOR('',#4860,10.);
#1340=VECTOR('',#4865,10.);
#1341=VECTOR('',#4866,10.);
#1342=VECTOR('',#4867,10.);
#1343=VECTOR('',#4870,10.);
#1344=VECTOR('',#4871,10.);
#1345=VECTOR('',#4876,10.);
#1346=VECTOR('',#4877,10.);
#1347=VECTOR('',#4878,10.);
#1348=VECTOR('',#4879,10.);
#1349=VECTOR('',#4882,10.);
#1350=VECTOR('',#4883,10.);
#1351=VECTOR('',#4884,10.);
#1352=VECTOR('',#4887,10.);
#1353=VECTOR('',#4888,10.);
#1354=VECTOR('',#4889,10.);
#1355=VECTOR('',#4892,10.);
#1356=VECTOR('',#4893,10.);
#1357=VECTOR('',#4894,10.);
#1358=VECTOR('',#4901,10.);
#1359=VECTOR('',#4904,10.);
#1360=VECTOR('',#4905,10.);
#1361=VECTOR('',#4906,10.);
#1362=VECTOR('',#4909,10.);
#1363=VECTOR('',#4910,10.);
#1364=VECTOR('',#4911,10.);
#1365=VECTOR('',#4914,10.);
#1366=VECTOR('',#4915,10.);
#1367=VECTOR('',#4916,10.);
#1368=VECTOR('',#4919,10.);
#1369=VECTOR('',#4920,10.);
#1370=VECTOR('',#4925,10.);
#1371=VECTOR('',#4926,10.);
#1372=VECTOR('',#4927,10.);
#1373=VECTOR('',#4928,10.);
#1374=VECTOR('',#4931,10.);
#1375=VECTOR('',#4932,10.);
#1376=VECTOR('',#4933,10.);
#1377=VECTOR('',#4936,10.);
#1378=VECTOR('',#4937,10.);
#1379=VECTOR('',#4938,10.);
#1380=VECTOR('',#4941,10.);
#1381=VECTOR('',#4942,10.);
#1382=VECTOR('',#4943,10.);
#1383=VECTOR('',#4950,10.);
#1384=VECTOR('',#4953,10.);
#1385=VECTOR('',#4954,10.);
#1386=VECTOR('',#4955,10.);
#1387=VECTOR('',#4958,10.);
#1388=VECTOR('',#4959,10.);
#1389=VECTOR('',#4960,10.);
#1390=VECTOR('',#4963,10.);
#1391=VECTOR('',#4964,10.);
#1392=VECTOR('',#4965,10.);
#1393=VECTOR('',#4968,10.);
#1394=VECTOR('',#4969,10.);
#1395=VECTOR('',#4974,10.);
#1396=VECTOR('',#4975,10.);
#1397=VECTOR('',#4978,10.);
#1398=VECTOR('',#4979,10.);
#1399=VECTOR('',#4982,10.);
#1400=VECTOR('',#4983,10.);
#1401=VECTOR('',#4984,10.);
#1402=VECTOR('',#4987,10.);
#1403=VECTOR('',#4990,10.);
#1404=VECTOR('',#4991,10.);
#1405=VECTOR('',#4992,10.);
#1406=VECTOR('',#4993,10.);
#1407=VECTOR('',#4998,10.);
#1408=VECTOR('',#4999,10.);
#1409=VECTOR('',#5002,10.);
#1410=VECTOR('',#5005,10.);
#1411=VECTOR('',#5006,10.);
#1412=VECTOR('',#5007,10.);
#1413=VECTOR('',#5010,10.);
#1414=VECTOR('',#5011,10.);
#1415=VECTOR('',#5014,10.);
#1416=VECTOR('',#5015,10.);
#1417=VECTOR('',#5016,10.);
#1418=VECTOR('',#5017,10.);
#1419=VECTOR('',#5018,10.);
#1420=VECTOR('',#5021,10.);
#1421=VECTOR('',#5022,10.);
#1422=VECTOR('',#5023,10.);
#1423=VECTOR('',#5026,10.);
#1424=VECTOR('',#5027,10.);
#1425=VECTOR('',#5028,10.);
#1426=VECTOR('',#5031,10.);
#1427=VECTOR('',#5038,10.);
#1428=VECTOR('',#5041,10.);
#1429=VECTOR('',#5042,10.);
#1430=VECTOR('',#5043,10.);
#1431=VECTOR('',#5046,10.);
#1432=VECTOR('',#5049,10.);
#1433=VECTOR('',#5050,10.);
#1434=VECTOR('',#5051,10.);
#1435=VECTOR('',#5054,10.);
#1436=VECTOR('',#5057,10.);
#1437=VECTOR('',#5058,10.);
#1438=VECTOR('',#5061,10.);
#1439=VECTOR('',#5062,10.);
#1440=VECTOR('',#5067,10.);
#1441=VECTOR('',#5070,10.);
#1442=VECTOR('',#5077,10.);
#1443=VECTOR('',#5080,10.);
#1444=VECTOR('',#5091,10.);
#1445=VECTOR('',#5104,10.);
#1446=VECTOR('',#5107,10.);
#1447=VECTOR('',#5124,10.);
#1448=VECTOR('',#5125,10.);
#1449=VECTOR('',#5128,10.);
#1450=VECTOR('',#5129,10.);
#1451=VECTOR('',#5130,10.);
#1452=VECTOR('',#5137,10.);
#1453=VECTOR('',#5138,10.);
#1454=VECTOR('',#5139,10.);
#1455=VECTOR('',#5142,10.);
#1456=VECTOR('',#5147,10.);
#1457=VECTOR('',#5150,10.);
#1458=VECTOR('',#5151,10.);
#1459=VECTOR('',#5154,10.);
#1460=VECTOR('',#5157,10.);
#1461=VECTOR('',#5164,10.);
#1462=VECTOR('',#5165,10.);
#1463=VECTOR('',#5168,10.);
#1464=VECTOR('',#5169,10.);
#1465=VECTOR('',#5170,10.);
#1466=VECTOR('',#5173,10.);
#1467=VECTOR('',#5174,10.);
#1468=VECTOR('',#5177,10.);
#1469=VECTOR('',#5178,10.);
#1470=VECTOR('',#5179,10.);
#1471=VECTOR('',#5182,10.);
#1472=VECTOR('',#5183,10.);
#1473=VECTOR('',#5184,10.);
#1474=VECTOR('',#5187,10.);
#1475=VECTOR('',#5188,10.);
#1476=VECTOR('',#5189,10.);
#1477=VECTOR('',#5192,10.);
#1478=VECTOR('',#5193,10.);
#1479=VECTOR('',#5196,10.);
#1480=VECTOR('',#5197,10.);
#1481=VECTOR('',#5198,10.);
#1482=VECTOR('',#5199,10.);
#1483=VECTOR('',#5204,10.);
#1484=VECTOR('',#5205,10.);
#1485=VECTOR('',#5208,10.);
#1486=VECTOR('',#5215,10.);
#1487=VECTOR('',#5216,10.);
#1488=VECTOR('',#5223,10.);
#1489=VECTOR('',#5224,10.);
#1490=VECTOR('',#5225,10.);
#1491=VECTOR('',#5228,10.);
#1492=VECTOR('',#5229,10.);
#1493=VECTOR('',#5230,10.);
#1494=VECTOR('',#5231,10.);
#1495=VECTOR('',#5234,10.);
#1496=VECTOR('',#5235,10.);
#1497=VECTOR('',#5238,10.);
#1498=VECTOR('',#5239,10.);
#1499=VECTOR('',#5242,10.);
#1500=VECTOR('',#5243,10.);
#1501=VECTOR('',#5244,10.);
#1502=VECTOR('',#5245,10.);
#1503=VECTOR('',#5246,10.);
#1504=VECTOR('',#5247,10.);
#1505=VECTOR('',#5250,10.);
#1506=VECTOR('',#5251,10.);
#1507=VECTOR('',#5252,10.);
#1508=VECTOR('',#5255,10.);
#1509=VECTOR('',#5256,10.);
#1510=VECTOR('',#5257,10.);
#1511=VECTOR('',#5260,10.);
#1512=VECTOR('',#5263,10.);
#1513=VECTOR('',#5264,10.);
#1514=VECTOR('',#5265,10.);
#1515=VECTOR('',#5268,10.);
#1516=VECTOR('',#5269,10.);
#1517=VECTOR('',#5270,10.);
#1518=VECTOR('',#5273,10.);
#1519=VECTOR('',#5274,10.);
#1520=VECTOR('',#5275,10.);
#1521=VECTOR('',#5278,10.);
#1522=VECTOR('',#5281,10.);
#1523=VECTOR('',#5282,10.);
#1524=VECTOR('',#5283,10.);
#1525=VECTOR('',#5284,10.);
#1526=VECTOR('',#5287,10.);
#1527=VECTOR('',#5288,10.);
#1528=VECTOR('',#5289,10.);
#1529=VECTOR('',#5290,10.);
#1530=VECTOR('',#5291,10.);
#1531=VECTOR('',#5292,10.);
#1532=VECTOR('',#5295,10.);
#1533=VECTOR('',#5296,10.);
#1534=VECTOR('',#5297,10.);
#1535=VECTOR('',#5300,10.);
#1536=VECTOR('',#5301,10.);
#1537=VECTOR('',#5304,10.);
#1538=VECTOR('',#5305,10.);
#1539=VECTOR('',#5308,10.);
#1540=VECTOR('',#5311,10.);
#1541=VECTOR('',#5314,10.);
#1542=VECTOR('',#5315,10.);
#1543=VECTOR('',#5324,10.);
#1544=VECTOR('',#5327,10.);
#1545=VERTEX_POINT('',#5339);
#1546=VERTEX_POINT('',#5340);
#1547=VERTEX_POINT('',#5342);
#1548=VERTEX_POINT('',#5344);
#1549=VERTEX_POINT('',#5348);
#1550=VERTEX_POINT('',#5350);
#1551=VERTEX_POINT('',#5354);
#1552=VERTEX_POINT('',#5356);
#1553=VERTEX_POINT('',#5360);
#1554=VERTEX_POINT('',#5362);
#1555=VERTEX_POINT('',#5366);
#1556=VERTEX_POINT('',#5368);
#1557=VERTEX_POINT('',#5372);
#1558=VERTEX_POINT('',#5374);
#1559=VERTEX_POINT('',#5378);
#1560=VERTEX_POINT('',#5380);
#1561=VERTEX_POINT('',#5384);
#1562=VERTEX_POINT('',#5386);
#1563=VERTEX_POINT('',#5394);
#1564=VERTEX_POINT('',#5395);
#1565=VERTEX_POINT('',#5397);
#1566=VERTEX_POINT('',#5399);
#1567=VERTEX_POINT('',#5403);
#1568=VERTEX_POINT('',#5405);
#1569=VERTEX_POINT('',#5409);
#1570=VERTEX_POINT('',#5411);
#1571=VERTEX_POINT('',#5415);
#1572=VERTEX_POINT('',#5417);
#1573=VERTEX_POINT('',#5421);
#1574=VERTEX_POINT('',#5423);
#1575=VERTEX_POINT('',#5427);
#1576=VERTEX_POINT('',#5429);
#1577=VERTEX_POINT('',#5433);
#1578=VERTEX_POINT('',#5435);
#1579=VERTEX_POINT('',#5439);
#1580=VERTEX_POINT('',#5441);
#1581=VERTEX_POINT('',#5449);
#1582=VERTEX_POINT('',#5450);
#1583=VERTEX_POINT('',#5452);
#1584=VERTEX_POINT('',#5454);
#1585=VERTEX_POINT('',#5458);
#1586=VERTEX_POINT('',#5460);
#1587=VERTEX_POINT('',#5464);
#1588=VERTEX_POINT('',#5466);
#1589=VERTEX_POINT('',#5470);
#1590=VERTEX_POINT('',#5472);
#1591=VERTEX_POINT('',#5476);
#1592=VERTEX_POINT('',#5478);
#1593=VERTEX_POINT('',#5482);
#1594=VERTEX_POINT('',#5484);
#1595=VERTEX_POINT('',#5488);
#1596=VERTEX_POINT('',#5490);
#1597=VERTEX_POINT('',#5494);
#1598=VERTEX_POINT('',#5496);
#1599=VERTEX_POINT('',#5504);
#1600=VERTEX_POINT('',#5505);
#1601=VERTEX_POINT('',#5507);
#1602=VERTEX_POINT('',#5509);
#1603=VERTEX_POINT('',#5513);
#1604=VERTEX_POINT('',#5515);
#1605=VERTEX_POINT('',#5519);
#1606=VERTEX_POINT('',#5521);
#1607=VERTEX_POINT('',#5525);
#1608=VERTEX_POINT('',#5527);
#1609=VERTEX_POINT('',#5531);
#1610=VERTEX_POINT('',#5533);
#1611=VERTEX_POINT('',#5537);
#1612=VERTEX_POINT('',#5539);
#1613=VERTEX_POINT('',#5543);
#1614=VERTEX_POINT('',#5545);
#1615=VERTEX_POINT('',#5549);
#1616=VERTEX_POINT('',#5551);
#1617=VERTEX_POINT('',#5559);
#1618=VERTEX_POINT('',#5561);
#1619=VERTEX_POINT('',#5565);
#1620=VERTEX_POINT('',#5566);
#1621=VERTEX_POINT('',#5568);
#1622=VERTEX_POINT('',#5572);
#1623=VERTEX_POINT('',#5573);
#1624=VERTEX_POINT('',#5575);
#1625=VERTEX_POINT('',#5577);
#1626=VERTEX_POINT('',#5581);
#1627=VERTEX_POINT('',#5583);
#1628=VERTEX_POINT('',#5587);
#1629=VERTEX_POINT('',#5589);
#1630=VERTEX_POINT('',#5593);
#1631=VERTEX_POINT('',#5595);
#1632=VERTEX_POINT('',#5599);
#1633=VERTEX_POINT('',#5601);
#1634=VERTEX_POINT('',#5605);
#1635=VERTEX_POINT('',#5607);
#1636=VERTEX_POINT('',#5611);
#1637=VERTEX_POINT('',#5613);
#1638=VERTEX_POINT('',#5620);
#1639=VERTEX_POINT('',#5621);
#1640=VERTEX_POINT('',#5623);
#1641=VERTEX_POINT('',#5630);
#1642=VERTEX_POINT('',#5632);
#1643=VERTEX_POINT('',#5635);
#1644=VERTEX_POINT('',#5636);
#1645=VERTEX_POINT('',#5638);
#1646=VERTEX_POINT('',#5640);
#1647=VERTEX_POINT('',#5644);
#1648=VERTEX_POINT('',#5646);
#1649=VERTEX_POINT('',#5648);
#1650=VERTEX_POINT('',#5652);
#1651=VERTEX_POINT('',#5654);
#1652=VERTEX_POINT('',#5658);
#1653=VERTEX_POINT('',#5660);
#1654=VERTEX_POINT('',#5664);
#1655=VERTEX_POINT('',#5666);
#1656=VERTEX_POINT('',#5670);
#1657=VERTEX_POINT('',#5672);
#1658=VERTEX_POINT('',#5674);
#1659=VERTEX_POINT('',#5676);
#1660=VERTEX_POINT('',#5680);
#1661=VERTEX_POINT('',#5682);
#1662=VERTEX_POINT('',#5684);
#1663=VERTEX_POINT('',#5686);
#1664=VERTEX_POINT('',#5688);
#1665=VERTEX_POINT('',#5692);
#1666=VERTEX_POINT('',#5694);
#1667=VERTEX_POINT('',#5696);
#1668=VERTEX_POINT('',#5698);
#1669=VERTEX_POINT('',#5700);
#1670=VERTEX_POINT('',#5704);
#1671=VERTEX_POINT('',#5705);
#1672=VERTEX_POINT('',#5707);
#1673=VERTEX_POINT('',#5712);
#1674=VERTEX_POINT('',#5719);
#1675=VERTEX_POINT('',#5721);
#1676=VERTEX_POINT('',#5730);
#1677=VERTEX_POINT('',#5732);
#1678=VERTEX_POINT('',#5736);
#1679=VERTEX_POINT('',#5738);
#1680=VERTEX_POINT('',#5742);
#1681=VERTEX_POINT('',#5744);
#1682=VERTEX_POINT('',#5748);
#1683=VERTEX_POINT('',#5750);
#1684=VERTEX_POINT('',#5754);
#1685=VERTEX_POINT('',#5756);
#1686=VERTEX_POINT('',#5760);
#1687=VERTEX_POINT('',#5762);
#1688=VERTEX_POINT('',#5774);
#1689=VERTEX_POINT('',#5780);
#1690=VERTEX_POINT('',#5786);
#1691=VERTEX_POINT('',#5792);
#1692=VERTEX_POINT('',#5798);
#1693=VERTEX_POINT('',#5804);
#1694=VERTEX_POINT('',#5813);
#1695=VERTEX_POINT('',#5815);
#1696=VERTEX_POINT('',#5817);
#1697=VERTEX_POINT('',#5819);
#1698=VERTEX_POINT('',#5824);
#1699=VERTEX_POINT('',#5831);
#1700=VERTEX_POINT('',#5832);
#1701=VERTEX_POINT('',#5834);
#1702=VERTEX_POINT('',#5836);
#1703=VERTEX_POINT('',#5840);
#1704=VERTEX_POINT('',#5841);
#1705=VERTEX_POINT('',#5846);
#1706=VERTEX_POINT('',#5855);
#1707=VERTEX_POINT('',#5863);
#1708=VERTEX_POINT('',#5864);
#1709=VERTEX_POINT('',#5866);
#1710=VERTEX_POINT('',#5868);
#1711=VERTEX_POINT('',#5872);
#1712=VERTEX_POINT('',#5874);
#1713=VERTEX_POINT('',#5878);
#1714=VERTEX_POINT('',#5880);
#1715=VERTEX_POINT('',#5884);
#1716=VERTEX_POINT('',#5886);
#1717=VERTEX_POINT('',#5890);
#1718=VERTEX_POINT('',#5892);
#1719=VERTEX_POINT('',#5896);
#1720=VERTEX_POINT('',#5898);
#1721=VERTEX_POINT('',#5902);
#1722=VERTEX_POINT('',#5904);
#1723=VERTEX_POINT('',#5908);
#1724=VERTEX_POINT('',#5910);
#1725=VERTEX_POINT('',#5918);
#1726=VERTEX_POINT('',#5919);
#1727=VERTEX_POINT('',#5921);
#1728=VERTEX_POINT('',#5923);
#1729=VERTEX_POINT('',#5927);
#1730=VERTEX_POINT('',#5929);
#1731=VERTEX_POINT('',#5933);
#1732=VERTEX_POINT('',#5935);
#1733=VERTEX_POINT('',#5939);
#1734=VERTEX_POINT('',#5941);
#1735=VERTEX_POINT('',#5945);
#1736=VERTEX_POINT('',#5947);
#1737=VERTEX_POINT('',#5951);
#1738=VERTEX_POINT('',#5953);
#1739=VERTEX_POINT('',#5957);
#1740=VERTEX_POINT('',#5959);
#1741=VERTEX_POINT('',#5963);
#1742=VERTEX_POINT('',#5965);
#1743=VERTEX_POINT('',#5973);
#1744=VERTEX_POINT('',#5974);
#1745=VERTEX_POINT('',#5976);
#1746=VERTEX_POINT('',#5978);
#1747=VERTEX_POINT('',#5982);
#1748=VERTEX_POINT('',#5984);
#1749=VERTEX_POINT('',#5988);
#1750=VERTEX_POINT('',#5990);
#1751=VERTEX_POINT('',#5994);
#1752=VERTEX_POINT('',#5996);
#1753=VERTEX_POINT('',#6000);
#1754=VERTEX_POINT('',#6002);
#1755=VERTEX_POINT('',#6006);
#1756=VERTEX_POINT('',#6008);
#1757=VERTEX_POINT('',#6012);
#1758=VERTEX_POINT('',#6014);
#1759=VERTEX_POINT('',#6018);
#1760=VERTEX_POINT('',#6020);
#1761=VERTEX_POINT('',#6028);
#1762=VERTEX_POINT('',#6029);
#1763=VERTEX_POINT('',#6031);
#1764=VERTEX_POINT('',#6033);
#1765=VERTEX_POINT('',#6037);
#1766=VERTEX_POINT('',#6039);
#1767=VERTEX_POINT('',#6043);
#1768=VERTEX_POINT('',#6045);
#1769=VERTEX_POINT('',#6049);
#1770=VERTEX_POINT('',#6051);
#1771=VERTEX_POINT('',#6055);
#1772=VERTEX_POINT('',#6057);
#1773=VERTEX_POINT('',#6061);
#1774=VERTEX_POINT('',#6063);
#1775=VERTEX_POINT('',#6067);
#1776=VERTEX_POINT('',#6069);
#1777=VERTEX_POINT('',#6073);
#1778=VERTEX_POINT('',#6075);
#1779=VERTEX_POINT('',#6083);
#1780=VERTEX_POINT('',#6084);
#1781=VERTEX_POINT('',#6086);
#1782=VERTEX_POINT('',#6088);
#1783=VERTEX_POINT('',#6090);
#1784=VERTEX_POINT('',#6094);
#1785=VERTEX_POINT('',#6095);
#1786=VERTEX_POINT('',#6097);
#1787=VERTEX_POINT('',#6099);
#1788=VERTEX_POINT('',#6101);
#1789=VERTEX_POINT('',#6105);
#1790=VERTEX_POINT('',#6106);
#1791=VERTEX_POINT('',#6108);
#1792=VERTEX_POINT('',#6110);
#1793=VERTEX_POINT('',#6112);
#1794=VERTEX_POINT('',#6119);
#1795=VERTEX_POINT('',#6120);
#1796=VERTEX_POINT('',#6122);
#1797=VERTEX_POINT('',#6124);
#1798=VERTEX_POINT('',#6126);
#1799=VERTEX_POINT('',#6133);
#1800=VERTEX_POINT('',#6135);
#1801=VERTEX_POINT('',#6137);
#1802=VERTEX_POINT('',#6139);
#1803=VERTEX_POINT('',#6143);
#1804=VERTEX_POINT('',#6145);
#1805=VERTEX_POINT('',#6149);
#1806=VERTEX_POINT('',#6151);
#1807=VERTEX_POINT('',#6155);
#1808=VERTEX_POINT('',#6159);
#1809=VERTEX_POINT('',#6161);
#1810=VERTEX_POINT('',#6163);
#1811=VERTEX_POINT('',#6166);
#1812=VERTEX_POINT('',#6170);
#1813=VERTEX_POINT('',#6172);
#1814=VERTEX_POINT('',#6174);
#1815=VERTEX_POINT('',#6176);
#1816=VERTEX_POINT('',#6178);
#1817=VERTEX_POINT('',#6180);
#1818=VERTEX_POINT('',#6184);
#1819=VERTEX_POINT('',#6188);
#1820=VERTEX_POINT('',#6192);
#1821=VERTEX_POINT('',#6196);
#1822=VERTEX_POINT('',#6200);
#1823=VERTEX_POINT('',#6201);
#1824=VERTEX_POINT('',#6203);
#1825=VERTEX_POINT('',#6205);
#1826=VERTEX_POINT('',#6209);
#1827=VERTEX_POINT('',#6216);
#1828=VERTEX_POINT('',#6217);
#1829=VERTEX_POINT('',#6222);
#1830=VERTEX_POINT('',#6223);
#1831=VERTEX_POINT('',#6225);
#1832=VERTEX_POINT('',#6227);
#1833=VERTEX_POINT('',#6234);
#1834=VERTEX_POINT('',#6235);
#1835=VERTEX_POINT('',#6243);
#1836=VERTEX_POINT('',#6245);
#1837=VERTEX_POINT('',#6251);
#1838=VERTEX_POINT('',#6253);
#1839=VERTEX_POINT('',#6257);
#1840=VERTEX_POINT('',#6263);
#1841=VERTEX_POINT('',#6269);
#1842=VERTEX_POINT('',#6273);
#1843=VERTEX_POINT('',#6275);
#1844=VERTEX_POINT('',#6279);
#1845=VERTEX_POINT('',#6281);
#1846=VERTEX_POINT('',#6288);
#1847=VERTEX_POINT('',#6290);
#1848=VERTEX_POINT('',#6294);
#1849=VERTEX_POINT('',#6296);
#1850=VERTEX_POINT('',#6300);
#1851=VERTEX_POINT('',#6302);
#1852=VERTEX_POINT('',#6306);
#1853=VERTEX_POINT('',#6308);
#1854=VERTEX_POINT('',#6311);
#1855=VERTEX_POINT('',#6312);
#1856=VERTEX_POINT('',#6314);
#1857=VERTEX_POINT('',#6316);
#1858=VERTEX_POINT('',#6321);
#1859=VERTEX_POINT('',#6325);
#1860=VERTEX_POINT('',#6330);
#1861=VERTEX_POINT('',#6336);
#1862=VERTEX_POINT('',#6337);
#1863=VERTEX_POINT('',#6342);
#1864=VERTEX_POINT('',#6343);
#1865=VERTEX_POINT('',#6345);
#1866=VERTEX_POINT('',#6347);
#1867=VERTEX_POINT('',#6351);
#1868=VERTEX_POINT('',#6355);
#1869=VERTEX_POINT('',#6359);
#1870=VERTEX_POINT('',#6360);
#1871=VERTEX_POINT('',#6362);
#1872=VERTEX_POINT('',#6364);
#1873=VERTEX_POINT('',#6366);
#1874=VERTEX_POINT('',#6368);
#1875=VERTEX_POINT('',#6372);
#1876=VERTEX_POINT('',#6373);
#1877=VERTEX_POINT('',#6378);
#1878=VERTEX_POINT('',#6379);
#1879=VERTEX_POINT('',#6386);
#1880=VERTEX_POINT('',#6388);
#1881=VERTEX_POINT('',#6392);
#1882=VERTEX_POINT('',#6394);
#1883=VERTEX_POINT('',#6398);
#1884=VERTEX_POINT('',#6399);
#1885=VERTEX_POINT('',#6406);
#1886=VERTEX_POINT('',#6408);
#1887=VERTEX_POINT('',#6413);
#1888=VERTEX_POINT('',#6414);
#1889=VERTEX_POINT('',#6417);
#1890=VERTEX_POINT('',#6419);
#1891=VERTEX_POINT('',#6421);
#1892=VERTEX_POINT('',#6425);
#1893=VERTEX_POINT('',#6426);
#1894=VERTEX_POINT('',#6431);
#1895=EDGE_CURVE('',#1545,#1546,#633,.T.);
#1896=EDGE_CURVE('',#1545,#1547,#634,.T.);
#1897=EDGE_CURVE('',#1547,#1548,#635,.T.);
#1898=EDGE_CURVE('',#1546,#1548,#636,.T.);
#1899=EDGE_CURVE('',#1549,#1545,#61,.T.);
#1900=EDGE_CURVE('',#1549,#1550,#637,.T.);
#1901=EDGE_CURVE('',#1550,#1547,#62,.T.);
#1902=EDGE_CURVE('',#1551,#1549,#638,.T.);
#1903=EDGE_CURVE('',#1551,#1552,#639,.T.);
#1904=EDGE_CURVE('',#1552,#1550,#640,.T.);
#1905=EDGE_CURVE('',#1553,#1551,#641,.T.);
#1906=EDGE_CURVE('',#1553,#1554,#642,.T.);
#1907=EDGE_CURVE('',#1554,#1552,#643,.T.);
#1908=EDGE_CURVE('',#1555,#1553,#644,.T.);
#1909=EDGE_CURVE('',#1555,#1556,#645,.T.);
#1910=EDGE_CURVE('',#1556,#1554,#646,.T.);
#1911=EDGE_CURVE('',#1557,#1555,#647,.T.);
#1912=EDGE_CURVE('',#1557,#1558,#648,.T.);
#1913=EDGE_CURVE('',#1558,#1556,#649,.T.);
#1914=EDGE_CURVE('',#1559,#1557,#650,.T.);
#1915=EDGE_CURVE('',#1559,#1560,#651,.T.);
#1916=EDGE_CURVE('',#1560,#1558,#652,.T.);
#1917=EDGE_CURVE('',#1561,#1559,#653,.T.);
#1918=EDGE_CURVE('',#1561,#1562,#654,.T.);
#1919=EDGE_CURVE('',#1562,#1560,#655,.T.);
#1920=EDGE_CURVE('',#1546,#1561,#656,.T.);
#1921=EDGE_CURVE('',#1548,#1562,#657,.T.);
#1922=EDGE_CURVE('',#1563,#1564,#63,.T.);
#1923=EDGE_CURVE('',#1563,#1565,#658,.T.);
#1924=EDGE_CURVE('',#1565,#1566,#64,.T.);
#1925=EDGE_CURVE('',#1564,#1566,#659,.T.);
#1926=EDGE_CURVE('',#1567,#1563,#660,.T.);
#1927=EDGE_CURVE('',#1567,#1568,#661,.T.);
#1928=EDGE_CURVE('',#1568,#1565,#662,.T.);
#1929=EDGE_CURVE('',#1569,#1567,#663,.T.);
#1930=EDGE_CURVE('',#1569,#1570,#664,.T.);
#1931=EDGE_CURVE('',#1570,#1568,#665,.T.);
#1932=EDGE_CURVE('',#1571,#1569,#666,.T.);
#1933=EDGE_CURVE('',#1571,#1572,#667,.T.);
#1934=EDGE_CURVE('',#1572,#1570,#668,.T.);
#1935=EDGE_CURVE('',#1573,#1571,#669,.T.);
#1936=EDGE_CURVE('',#1573,#1574,#670,.T.);
#1937=EDGE_CURVE('',#1574,#1572,#671,.T.);
#1938=EDGE_CURVE('',#1575,#1573,#672,.T.);
#1939=EDGE_CURVE('',#1575,#1576,#673,.T.);
#1940=EDGE_CURVE('',#1576,#1574,#674,.T.);
#1941=EDGE_CURVE('',#1577,#1575,#675,.T.);
#1942=EDGE_CURVE('',#1577,#1578,#676,.T.);
#1943=EDGE_CURVE('',#1578,#1576,#677,.T.);
#1944=EDGE_CURVE('',#1579,#1577,#678,.T.);
#1945=EDGE_CURVE('',#1579,#1580,#679,.T.);
#1946=EDGE_CURVE('',#1580,#1578,#680,.T.);
#1947=EDGE_CURVE('',#1564,#1579,#681,.T.);
#1948=EDGE_CURVE('',#1566,#1580,#682,.T.);
#1949=EDGE_CURVE('',#1581,#1582,#683,.T.);
#1950=EDGE_CURVE('',#1581,#1583,#684,.T.);
#1951=EDGE_CURVE('',#1583,#1584,#685,.T.);
#1952=EDGE_CURVE('',#1582,#1584,#686,.T.);
#1953=EDGE_CURVE('',#1585,#1581,#65,.T.);
#1954=EDGE_CURVE('',#1585,#1586,#687,.T.);
#1955=EDGE_CURVE('',#1586,#1583,#66,.T.);
#1956=EDGE_CURVE('',#1587,#1585,#688,.T.);
#1957=EDGE_CURVE('',#1587,#1588,#689,.T.);
#1958=EDGE_CURVE('',#1588,#1586,#690,.T.);
#1959=EDGE_CURVE('',#1589,#1587,#691,.T.);
#1960=EDGE_CURVE('',#1589,#1590,#692,.T.);
#1961=EDGE_CURVE('',#1590,#1588,#693,.T.);
#1962=EDGE_CURVE('',#1591,#1589,#694,.T.);
#1963=EDGE_CURVE('',#1591,#1592,#695,.T.);
#1964=EDGE_CURVE('',#1592,#1590,#696,.T.);
#1965=EDGE_CURVE('',#1593,#1591,#697,.T.);
#1966=EDGE_CURVE('',#1593,#1594,#698,.T.);
#1967=EDGE_CURVE('',#1594,#1592,#699,.T.);
#1968=EDGE_CURVE('',#1595,#1593,#700,.T.);
#1969=EDGE_CURVE('',#1595,#1596,#701,.T.);
#1970=EDGE_CURVE('',#1596,#1594,#702,.T.);
#1971=EDGE_CURVE('',#1597,#1595,#703,.T.);
#1972=EDGE_CURVE('',#1597,#1598,#704,.T.);
#1973=EDGE_CURVE('',#1598,#1596,#705,.T.);
#1974=EDGE_CURVE('',#1582,#1597,#706,.T.);
#1975=EDGE_CURVE('',#1584,#1598,#707,.T.);
#1976=EDGE_CURVE('',#1599,#1600,#67,.T.);
#1977=EDGE_CURVE('',#1599,#1601,#708,.T.);
#1978=EDGE_CURVE('',#1601,#1602,#68,.T.);
#1979=EDGE_CURVE('',#1600,#1602,#709,.T.);
#1980=EDGE_CURVE('',#1603,#1599,#710,.T.);
#1981=EDGE_CURVE('',#1603,#1604,#711,.T.);
#1982=EDGE_CURVE('',#1604,#1601,#712,.T.);
#1983=EDGE_CURVE('',#1605,#1603,#713,.T.);
#1984=EDGE_CURVE('',#1605,#1606,#714,.T.);
#1985=EDGE_CURVE('',#1606,#1604,#715,.T.);
#1986=EDGE_CURVE('',#1607,#1605,#716,.T.);
#1987=EDGE_CURVE('',#1607,#1608,#717,.T.);
#1988=EDGE_CURVE('',#1608,#1606,#718,.T.);
#1989=EDGE_CURVE('',#1609,#1607,#719,.T.);
#1990=EDGE_CURVE('',#1609,#1610,#720,.T.);
#1991=EDGE_CURVE('',#1610,#1608,#721,.T.);
#1992=EDGE_CURVE('',#1611,#1609,#722,.T.);
#1993=EDGE_CURVE('',#1611,#1612,#723,.T.);
#1994=EDGE_CURVE('',#1612,#1610,#724,.T.);
#1995=EDGE_CURVE('',#1613,#1611,#725,.T.);
#1996=EDGE_CURVE('',#1613,#1614,#726,.T.);
#1997=EDGE_CURVE('',#1614,#1612,#727,.T.);
#1998=EDGE_CURVE('',#1615,#1613,#728,.T.);
#1999=EDGE_CURVE('',#1615,#1616,#729,.T.);
#2000=EDGE_CURVE('',#1616,#1614,#730,.T.);
#2001=EDGE_CURVE('',#1600,#1615,#731,.T.);
#2002=EDGE_CURVE('',#1602,#1616,#732,.T.);
#2003=EDGE_CURVE('',#1617,#1617,#69,.T.);
#2004=EDGE_CURVE('',#1617,#1618,#733,.T.);
#2005=EDGE_CURVE('',#1618,#1618,#70,.T.);
#2006=EDGE_CURVE('',#1619,#1620,#734,.T.);
#2007=EDGE_CURVE('',#1619,#1621,#735,.T.);
#2008=EDGE_CURVE('',#1620,#1621,#736,.T.);
#2009=EDGE_CURVE('',#1622,#1623,#71,.T.);
#2010=EDGE_CURVE('',#1623,#1624,#737,.T.);
#2011=EDGE_CURVE('',#1624,#1625,#72,.T.);
#2012=EDGE_CURVE('',#1622,#1625,#738,.T.);
#2013=EDGE_CURVE('',#1623,#1626,#739,.T.);
#2014=EDGE_CURVE('',#1626,#1627,#740,.T.);
#2015=EDGE_CURVE('',#1627,#1624,#741,.T.);
#2016=EDGE_CURVE('',#1628,#1626,#73,.T.);
#2017=EDGE_CURVE('',#1628,#1629,#742,.T.);
#2018=EDGE_CURVE('',#1629,#1627,#74,.T.);
#2019=EDGE_CURVE('',#1628,#1630,#743,.T.);
#2020=EDGE_CURVE('',#1630,#1631,#744,.T.);
#2021=EDGE_CURVE('',#1631,#1629,#745,.T.);
#2022=EDGE_CURVE('',#1632,#1630,#75,.T.);
#2023=EDGE_CURVE('',#1632,#1633,#746,.T.);
#2024=EDGE_CURVE('',#1633,#1631,#76,.T.);
#2025=EDGE_CURVE('',#1632,#1634,#747,.T.);
#2026=EDGE_CURVE('',#1634,#1635,#748,.T.);
#2027=EDGE_CURVE('',#1635,#1633,#749,.T.);
#2028=EDGE_CURVE('',#1634,#1636,#77,.T.);
#2029=EDGE_CURVE('',#1636,#1637,#750,.T.);
#2030=EDGE_CURVE('',#1637,#1635,#78,.T.);
#2031=EDGE_CURVE('',#1636,#1620,#751,.T.);
#2032=EDGE_CURVE('',#1621,#1637,#752,.T.);
#2033=EDGE_CURVE('',#1638,#1639,#753,.T.);
#2034=EDGE_CURVE('',#1638,#1640,#754,.T.);
#2035=EDGE_CURVE('',#1640,#1639,#755,.T.);
#2036=EDGE_CURVE('',#1638,#1622,#756,.T.);
#2037=EDGE_CURVE('',#1625,#1640,#757,.T.);
#2038=EDGE_CURVE('',#1641,#1619,#758,.T.);
#2039=EDGE_CURVE('',#1642,#1641,#759,.T.);
#2040=EDGE_CURVE('',#1639,#1642,#760,.T.);
#2041=EDGE_CURVE('',#1643,#1644,#761,.T.);
#2042=EDGE_CURVE('',#1645,#1643,#762,.T.);
#2043=EDGE_CURVE('',#1646,#1645,#763,.T.);
#2044=EDGE_CURVE('',#1644,#1646,#764,.T.);
#2045=EDGE_CURVE('',#1645,#1647,#765,.T.);
#2046=EDGE_CURVE('',#1647,#1648,#766,.T.);
#2047=EDGE_CURVE('',#1648,#1649,#767,.T.);
#2048=EDGE_CURVE('',#1646,#1649,#768,.T.);
#2049=EDGE_CURVE('',#1643,#1650,#769,.T.);
#2050=EDGE_CURVE('',#1650,#1651,#770,.T.);
#2051=EDGE_CURVE('',#1651,#1647,#771,.T.);
#2052=EDGE_CURVE('',#1652,#1619,#772,.T.);
#2053=EDGE_CURVE('',#1653,#1652,#773,.T.);
#2054=EDGE_CURVE('',#1653,#1641,#774,.T.);
#2055=EDGE_CURVE('',#1654,#1642,#775,.T.);
#2056=EDGE_CURVE('',#1655,#1654,#776,.T.);
#2057=EDGE_CURVE('',#1639,#1655,#777,.T.);
#2058=EDGE_CURVE('',#1656,#1653,#778,.T.);
#2059=EDGE_CURVE('',#1657,#1656,#779,.T.);
#2060=EDGE_CURVE('',#1657,#1658,#780,.T.);
#2061=EDGE_CURVE('',#1658,#1659,#781,.T.);
#2062=EDGE_CURVE('',#1654,#1659,#782,.T.);
#2063=EDGE_CURVE('',#1660,#1655,#783,.T.);
#2064=EDGE_CURVE('',#1660,#1661,#784,.T.);
#2065=EDGE_CURVE('',#1661,#1662,#785,.T.);
#2066=EDGE_CURVE('',#1662,#1663,#786,.T.);
#2067=EDGE_CURVE('',#1663,#1664,#787,.T.);
#2068=EDGE_CURVE('',#1664,#1622,#788,.T.);
#2069=EDGE_CURVE('',#1665,#1636,#789,.T.);
#2070=EDGE_CURVE('',#1665,#1666,#790,.T.);
#2071=EDGE_CURVE('',#1666,#1667,#791,.T.);
#2072=EDGE_CURVE('',#1667,#1668,#792,.T.);
#2073=EDGE_CURVE('',#1669,#1668,#793,.T.);
#2074=EDGE_CURVE('',#1652,#1669,#794,.T.);
#2075=EDGE_CURVE('',#1670,#1671,#795,.T.);
#2076=EDGE_CURVE('',#1672,#1670,#79,.T.);
#2077=EDGE_CURVE('',#1671,#1672,#80,.T.);
#2078=EDGE_CURVE('',#1671,#1670,#81,.T.);
#2079=EDGE_CURVE('',#1672,#1673,#796,.T.);
#2080=EDGE_CURVE('',#1673,#1673,#82,.T.);
#2081=EDGE_CURVE('',#1648,#1651,#83,.T.);
#2082=EDGE_CURVE('',#1674,#1651,#84,.T.);
#2083=EDGE_CURVE('',#1674,#1675,#797,.T.);
#2084=EDGE_CURVE('',#1675,#1675,#85,.T.);
#2085=EDGE_CURVE('',#1648,#1674,#86,.T.);
#2086=EDGE_CURVE('',#1663,#1662,#87,.T.);
#2087=EDGE_CURVE('',#1664,#1661,#88,.T.);
#2088=EDGE_CURVE('',#1664,#1676,#89,.T.);
#2089=EDGE_CURVE('',#1677,#1661,#90,.T.);
#2090=EDGE_CURVE('',#1676,#1677,#91,.T.);
#2091=EDGE_CURVE('',#1676,#1678,#798,.T.);
#2092=EDGE_CURVE('',#1679,#1677,#799,.T.);
#2093=EDGE_CURVE('',#1678,#1679,#92,.T.);
#2094=EDGE_CURVE('',#1678,#1680,#93,.T.);
#2095=EDGE_CURVE('',#1681,#1679,#94,.T.);
#2096=EDGE_CURVE('',#1680,#1681,#95,.T.);
#2097=EDGE_CURVE('',#1680,#1682,#800,.T.);
#2098=EDGE_CURVE('',#1683,#1681,#801,.T.);
#2099=EDGE_CURVE('',#1683,#1682,#96,.T.);
#2100=EDGE_CURVE('',#1682,#1684,#97,.T.);
#2101=EDGE_CURVE('',#1685,#1683,#98,.T.);
#2102=EDGE_CURVE('',#1685,#1684,#99,.T.);
#2103=EDGE_CURVE('',#1684,#1686,#802,.T.);
#2104=EDGE_CURVE('',#1687,#1685,#803,.T.);
#2105=EDGE_CURVE('',#1687,#1686,#100,.T.);
#2106=EDGE_CURVE('',#1686,#1665,#101,.T.);
#2107=EDGE_CURVE('',#1668,#1687,#102,.T.);
#2108=EDGE_CURVE('',#1668,#1665,#103,.T.);
#2109=EDGE_CURVE('',#1667,#1666,#104,.T.);
#2110=EDGE_CURVE('',#1688,#1660,#105,.T.);
#2111=EDGE_CURVE('',#1688,#1677,#804,.T.);
#2112=EDGE_CURVE('',#1676,#1623,#805,.T.);
#2113=EDGE_CURVE('',#1689,#1688,#806,.T.);
#2114=EDGE_CURVE('',#1679,#1689,#807,.T.);
#2115=EDGE_CURVE('',#1626,#1678,#808,.T.);
#2116=EDGE_CURVE('',#1689,#1690,#106,.F.);
#2117=EDGE_CURVE('',#1690,#1681,#809,.T.);
#2118=EDGE_CURVE('',#1680,#1628,#810,.T.);
#2119=EDGE_CURVE('',#1691,#1690,#811,.T.);
#2120=EDGE_CURVE('',#1683,#1691,#812,.T.);
#2121=EDGE_CURVE('',#1630,#1682,#813,.T.);
#2122=EDGE_CURVE('',#1691,#1692,#107,.F.);
#2123=EDGE_CURVE('',#1692,#1685,#814,.T.);
#2124=EDGE_CURVE('',#1684,#1632,#815,.T.);
#2125=EDGE_CURVE('',#1693,#1692,#816,.T.);
#2126=EDGE_CURVE('',#1693,#1687,#817,.T.);
#2127=EDGE_CURVE('',#1686,#1634,#818,.T.);
#2128=EDGE_CURVE('',#1669,#1693,#108,.T.);
#2129=EDGE_CURVE('',#1659,#1694,#109,.T.);
#2130=EDGE_CURVE('',#1694,#1695,#819,.T.);
#2131=EDGE_CURVE('',#1695,#1696,#820,.T.);
#2132=EDGE_CURVE('',#1696,#1697,#821,.T.);
#2133=EDGE_CURVE('',#1697,#1656,#110,.T.);
#2134=EDGE_CURVE('',#1649,#1670,#822,.T.);
#2135=EDGE_CURVE('',#1671,#1698,#823,.T.);
#2136=EDGE_CURVE('',#1644,#1698,#824,.T.);
#2137=EDGE_CURVE('',#1698,#1650,#825,.T.);
#2138=EDGE_CURVE('',#1699,#1700,#826,.T.);
#2139=EDGE_CURVE('',#1699,#1701,#827,.T.);
#2140=EDGE_CURVE('',#1702,#1701,#828,.T.);
#2141=EDGE_CURVE('',#1700,#1702,#829,.T.);
#2142=EDGE_CURVE('',#1703,#1704,#830,.T.);
#2143=EDGE_CURVE('',#1704,#1702,#831,.T.);
#2144=EDGE_CURVE('',#1701,#1703,#832,.T.);
#2145=EDGE_CURVE('',#1705,#1657,#111,.T.);
#2146=EDGE_CURVE('',#1705,#1697,#833,.T.);
#2147=EDGE_CURVE('',#1699,#1705,#834,.T.);
#2148=EDGE_CURVE('',#1703,#1696,#835,.T.);
#2149=EDGE_CURVE('',#1704,#1695,#836,.T.);
#2150=EDGE_CURVE('',#1706,#1700,#837,.T.);
#2151=EDGE_CURVE('',#1706,#1694,#838,.T.);
#2152=EDGE_CURVE('',#1658,#1706,#112,.T.);
#2153=EDGE_CURVE('',#1707,#1708,#839,.T.);
#2154=EDGE_CURVE('',#1707,#1709,#840,.T.);
#2155=EDGE_CURVE('',#1709,#1710,#841,.T.);
#2156=EDGE_CURVE('',#1708,#1710,#842,.T.);
#2157=EDGE_CURVE('',#1708,#1711,#843,.T.);
#2158=EDGE_CURVE('',#1710,#1712,#844,.T.);
#2159=EDGE_CURVE('',#1711,#1712,#845,.T.);
#2160=EDGE_CURVE('',#1711,#1713,#846,.T.);
#2161=EDGE_CURVE('',#1712,#1714,#847,.T.);
#2162=EDGE_CURVE('',#1713,#1714,#848,.T.);
#2163=EDGE_CURVE('',#1713,#1715,#849,.T.);
#2164=EDGE_CURVE('',#1714,#1716,#850,.T.);
#2165=EDGE_CURVE('',#1715,#1716,#851,.T.);
#2166=EDGE_CURVE('',#1715,#1717,#852,.T.);
#2167=EDGE_CURVE('',#1716,#1718,#853,.T.);
#2168=EDGE_CURVE('',#1717,#1718,#854,.T.);
#2169=EDGE_CURVE('',#1719,#1707,#855,.T.);
#2170=EDGE_CURVE('',#1719,#1720,#856,.T.);
#2171=EDGE_CURVE('',#1720,#1709,#857,.T.);
#2172=EDGE_CURVE('',#1721,#1719,#113,.T.);
#2173=EDGE_CURVE('',#1721,#1722,#858,.T.);
#2174=EDGE_CURVE('',#1722,#1720,#114,.T.);
#2175=EDGE_CURVE('',#1723,#1721,#859,.T.);
#2176=EDGE_CURVE('',#1723,#1724,#860,.T.);
#2177=EDGE_CURVE('',#1724,#1722,#861,.T.);
#2178=EDGE_CURVE('',#1717,#1723,#862,.T.);
#2179=EDGE_CURVE('',#1718,#1724,#863,.T.);
#2180=EDGE_CURVE('',#1725,#1726,#864,.T.);
#2181=EDGE_CURVE('',#1725,#1727,#865,.T.);
#2182=EDGE_CURVE('',#1727,#1728,#866,.T.);
#2183=EDGE_CURVE('',#1726,#1728,#867,.T.);
#2184=EDGE_CURVE('',#1726,#1729,#868,.T.);
#2185=EDGE_CURVE('',#1728,#1730,#869,.T.);
#2186=EDGE_CURVE('',#1729,#1730,#870,.T.);
#2187=EDGE_CURVE('',#1729,#1731,#871,.T.);
#2188=EDGE_CURVE('',#1730,#1732,#872,.T.);
#2189=EDGE_CURVE('',#1731,#1732,#873,.T.);
#2190=EDGE_CURVE('',#1731,#1733,#874,.T.);
#2191=EDGE_CURVE('',#1732,#1734,#875,.T.);
#2192=EDGE_CURVE('',#1733,#1734,#876,.T.);
#2193=EDGE_CURVE('',#1733,#1735,#877,.T.);
#2194=EDGE_CURVE('',#1734,#1736,#878,.T.);
#2195=EDGE_CURVE('',#1735,#1736,#879,.T.);
#2196=EDGE_CURVE('',#1737,#1725,#880,.T.);
#2197=EDGE_CURVE('',#1737,#1738,#881,.T.);
#2198=EDGE_CURVE('',#1738,#1727,#882,.T.);
#2199=EDGE_CURVE('',#1739,#1737,#115,.T.);
#2200=EDGE_CURVE('',#1739,#1740,#883,.T.);
#2201=EDGE_CURVE('',#1740,#1738,#116,.T.);
#2202=EDGE_CURVE('',#1741,#1739,#884,.T.);
#2203=EDGE_CURVE('',#1741,#1742,#885,.T.);
#2204=EDGE_CURVE('',#1742,#1740,#886,.T.);
#2205=EDGE_CURVE('',#1735,#1741,#887,.T.);
#2206=EDGE_CURVE('',#1736,#1742,#888,.T.);
#2207=EDGE_CURVE('',#1743,#1744,#889,.T.);
#2208=EDGE_CURVE('',#1743,#1745,#890,.T.);
#2209=EDGE_CURVE('',#1745,#1746,#891,.T.);
#2210=EDGE_CURVE('',#1744,#1746,#892,.T.);
#2211=EDGE_CURVE('',#1744,#1747,#893,.T.);
#2212=EDGE_CURVE('',#1746,#1748,#894,.T.);
#2213=EDGE_CURVE('',#1747,#1748,#895,.T.);
#2214=EDGE_CURVE('',#1747,#1749,#896,.T.);
#2215=EDGE_CURVE('',#1748,#1750,#897,.T.);
#2216=EDGE_CURVE('',#1749,#1750,#898,.T.);
#2217=EDGE_CURVE('',#1749,#1751,#899,.T.);
#2218=EDGE_CURVE('',#1750,#1752,#900,.T.);
#2219=EDGE_CURVE('',#1751,#1752,#901,.T.);
#2220=EDGE_CURVE('',#1751,#1753,#117,.T.);
#2221=EDGE_CURVE('',#1752,#1754,#118,.T.);
#2222=EDGE_CURVE('',#1753,#1754,#902,.T.);
#2223=EDGE_CURVE('',#1755,#1743,#903,.T.);
#2224=EDGE_CURVE('',#1755,#1756,#904,.T.);
#2225=EDGE_CURVE('',#1756,#1745,#905,.T.);
#2226=EDGE_CURVE('',#1757,#1755,#906,.T.);
#2227=EDGE_CURVE('',#1757,#1758,#907,.T.);
#2228=EDGE_CURVE('',#1758,#1756,#908,.T.);
#2229=EDGE_CURVE('',#1759,#1757,#909,.T.);
#2230=EDGE_CURVE('',#1759,#1760,#910,.T.);
#2231=EDGE_CURVE('',#1760,#1758,#911,.T.);
#2232=EDGE_CURVE('',#1753,#1759,#912,.T.);
#2233=EDGE_CURVE('',#1754,#1760,#913,.T.);
#2234=EDGE_CURVE('',#1761,#1762,#914,.T.);
#2235=EDGE_CURVE('',#1761,#1763,#915,.T.);
#2236=EDGE_CURVE('',#1763,#1764,#916,.T.);
#2237=EDGE_CURVE('',#1762,#1764,#917,.T.);
#2238=EDGE_CURVE('',#1762,#1765,#918,.T.);
#2239=EDGE_CURVE('',#1764,#1766,#919,.T.);
#2240=EDGE_CURVE('',#1765,#1766,#920,.T.);
#2241=EDGE_CURVE('',#1765,#1767,#921,.T.);
#2242=EDGE_CURVE('',#1766,#1768,#922,.T.);
#2243=EDGE_CURVE('',#1767,#1768,#923,.T.);
#2244=EDGE_CURVE('',#1767,#1769,#924,.T.);
#2245=EDGE_CURVE('',#1768,#1770,#925,.T.);
#2246=EDGE_CURVE('',#1769,#1770,#926,.T.);
#2247=EDGE_CURVE('',#1769,#1771,#119,.T.);
#2248=EDGE_CURVE('',#1770,#1772,#120,.T.);
#2249=EDGE_CURVE('',#1771,#1772,#927,.T.);
#2250=EDGE_CURVE('',#1773,#1761,#928,.T.);
#2251=EDGE_CURVE('',#1773,#1774,#929,.T.);
#2252=EDGE_CURVE('',#1774,#1763,#930,.T.);
#2253=EDGE_CURVE('',#1775,#1773,#931,.T.);
#2254=EDGE_CURVE('',#1775,#1776,#932,.T.);
#2255=EDGE_CURVE('',#1776,#1774,#933,.T.);
#2256=EDGE_CURVE('',#1777,#1775,#934,.T.);
#2257=EDGE_CURVE('',#1777,#1778,#935,.T.);
#2258=EDGE_CURVE('',#1778,#1776,#936,.T.);
#2259=EDGE_CURVE('',#1771,#1777,#937,.T.);
#2260=EDGE_CURVE('',#1772,#1778,#938,.T.);
#2261=EDGE_CURVE('',#1779,#1780,#939,.T.);
#2262=EDGE_CURVE('',#1781,#1779,#940,.T.);
#2263=EDGE_CURVE('',#1782,#1781,#121,.T.);
#2264=EDGE_CURVE('',#1783,#1782,#941,.T.);
#2265=EDGE_CURVE('',#1780,#1783,#942,.T.);
#2266=EDGE_CURVE('',#1784,#1785,#943,.T.);
#2267=EDGE_CURVE('',#1786,#1784,#944,.T.);
#2268=EDGE_CURVE('',#1787,#1786,#945,.T.);
#2269=EDGE_CURVE('',#1788,#1787,#122,.T.);
#2270=EDGE_CURVE('',#1788,#1785,#946,.T.);
#2271=EDGE_CURVE('',#1789,#1790,#947,.T.);
#2272=EDGE_CURVE('',#1791,#1789,#948,.T.);
#2273=EDGE_CURVE('',#1792,#1791,#949,.T.);
#2274=EDGE_CURVE('',#1792,#1793,#950,.T.);
#2275=EDGE_CURVE('',#1790,#1793,#123,.T.);
#2276=EDGE_CURVE('',#1785,#1779,#951,.T.);
#2277=EDGE_CURVE('',#1781,#1788,#952,.T.);
#2278=EDGE_CURVE('',#1794,#1795,#953,.T.);
#2279=EDGE_CURVE('',#1796,#1794,#124,.T.);
#2280=EDGE_CURVE('',#1797,#1796,#954,.T.);
#2281=EDGE_CURVE('',#1798,#1797,#955,.T.);
#2282=EDGE_CURVE('',#1795,#1798,#956,.T.);
#2283=EDGE_CURVE('',#1793,#1796,#957,.T.);
#2284=EDGE_CURVE('',#1797,#1792,#958,.T.);
#2285=EDGE_CURVE('',#1799,#1791,#959,.T.);
#2286=EDGE_CURVE('',#1800,#1799,#960,.T.);
#2287=EDGE_CURVE('',#1800,#1801,#961,.F.);
#2288=EDGE_CURVE('',#1801,#1802,#962,.T.);
#2289=EDGE_CURVE('',#1798,#1802,#963,.T.);
#2290=EDGE_CURVE('',#1790,#1803,#964,.T.);
#2291=EDGE_CURVE('',#1803,#1804,#965,.T.);
#2292=EDGE_CURVE('',#1789,#1804,#966,.F.);
#2293=EDGE_CURVE('',#1805,#1795,#967,.F.);
#2294=EDGE_CURVE('',#1805,#1806,#968,.T.);
#2295=EDGE_CURVE('',#1806,#1794,#969,.T.);
#2296=EDGE_CURVE('',#1807,#1793,#970,.T.);
#2297=EDGE_CURVE('',#1807,#1803,#125,.T.);
#2298=EDGE_CURVE('',#1804,#1808,#126,.F.);
#2299=EDGE_CURVE('',#1808,#1809,#971,.F.);
#2300=EDGE_CURVE('',#1809,#1810,#127,.F.);
#2301=EDGE_CURVE('',#1810,#1786,#972,.F.);
#2302=EDGE_CURVE('',#1784,#1811,#973,.T.);
#2303=EDGE_CURVE('',#1811,#1799,#974,.T.);
#2304=EDGE_CURVE('',#1783,#1812,#975,.F.);
#2305=EDGE_CURVE('',#1812,#1813,#128,.F.);
#2306=EDGE_CURVE('',#1813,#1814,#976,.F.);
#2307=EDGE_CURVE('',#1814,#1815,#977,.T.);
#2308=EDGE_CURVE('',#1815,#1816,#978,.T.);
#2309=EDGE_CURVE('',#1816,#1817,#129,.T.);
#2310=EDGE_CURVE('',#1817,#1780,#979,.T.);
#2311=EDGE_CURVE('',#1810,#1818,#980,.T.);
#2312=EDGE_CURVE('',#1818,#1787,#981,.T.);
#2313=EDGE_CURVE('',#1782,#1819,#982,.T.);
#2314=EDGE_CURVE('',#1812,#1819,#983,.T.);
#2315=EDGE_CURVE('',#1818,#1820,#130,.T.);
#2316=EDGE_CURVE('',#1788,#1820,#984,.T.);
#2317=EDGE_CURVE('',#1821,#1781,#985,.T.);
#2318=EDGE_CURVE('',#1819,#1821,#131,.T.);
#2319=EDGE_CURVE('',#1822,#1823,#132,.T.);
#2320=EDGE_CURVE('',#1824,#1823,#986,.T.);
#2321=EDGE_CURVE('',#1825,#1824,#133,.T.);
#2322=EDGE_CURVE('',#1822,#1825,#987,.T.);
#2323=EDGE_CURVE('',#1826,#1806,#134,.T.);
#2324=EDGE_CURVE('',#1823,#1806,#135,.T.);
#2325=EDGE_CURVE('',#1826,#1822,#136,.T.);
#2326=EDGE_CURVE('',#1796,#1826,#988,.T.);
#2327=EDGE_CURVE('',#1827,#1828,#137,.T.);
#2328=EDGE_CURVE('',#1803,#1828,#138,.T.);
#2329=EDGE_CURVE('',#1827,#1807,#139,.T.);
#2330=EDGE_CURVE('',#1829,#1830,#140,.T.);
#2331=EDGE_CURVE('',#1831,#1830,#989,.T.);
#2332=EDGE_CURVE('',#1832,#1831,#141,.T.);
#2333=EDGE_CURVE('',#1829,#1832,#990,.T.);
#2334=EDGE_CURVE('',#1830,#1821,#142,.T.);
#2335=EDGE_CURVE('',#1819,#1829,#143,.T.);
#2336=EDGE_CURVE('',#1833,#1834,#144,.T.);
#2337=EDGE_CURVE('',#1820,#1834,#145,.T.);
#2338=EDGE_CURVE('',#1833,#1818,#146,.T.);
#2339=EDGE_CURVE('',#1834,#1827,#991,.T.);
#2340=EDGE_CURVE('',#1828,#1833,#992,.T.);
#2341=EDGE_CURVE('',#1835,#1823,#993,.T.);
#2342=EDGE_CURVE('',#1836,#1835,#994,.F.);
#2343=EDGE_CURVE('',#1836,#1824,#995,.T.);
#2344=EDGE_CURVE('',#1835,#1805,#147,.F.);
#2345=EDGE_CURVE('',#1830,#1837,#996,.T.);
#2346=EDGE_CURVE('',#1837,#1838,#997,.T.);
#2347=EDGE_CURVE('',#1838,#1831,#998,.T.);
#2348=EDGE_CURVE('',#1821,#1839,#999,.T.);
#2349=EDGE_CURVE('',#1839,#1837,#148,.T.);
#2350=EDGE_CURVE('',#1808,#1828,#1000,.T.);
#2351=EDGE_CURVE('',#1820,#1840,#1001,.T.);
#2352=EDGE_CURVE('',#1840,#1839,#1002,.T.);
#2353=EDGE_CURVE('',#1833,#1809,#1003,.T.);
#2354=EDGE_CURVE('',#1841,#1834,#1004,.T.);
#2355=EDGE_CURVE('',#1840,#1841,#149,.F.);
#2356=EDGE_CURVE('',#1802,#1842,#150,.T.);
#2357=EDGE_CURVE('',#1842,#1843,#1005,.T.);
#2358=EDGE_CURVE('',#1843,#1836,#1006,.T.);
#2359=EDGE_CURVE('',#1825,#1844,#1007,.T.);
#2360=EDGE_CURVE('',#1844,#1845,#1008,.T.);
#2361=EDGE_CURVE('',#1822,#1845,#1009,.T.);
#2362=EDGE_CURVE('',#1832,#1814,#1010,.T.);
#2363=EDGE_CURVE('',#1813,#1829,#1011,.T.);
#2364=EDGE_CURVE('',#1846,#1843,#1012,.T.);
#2365=EDGE_CURVE('',#1847,#1842,#1013,.T.);
#2366=EDGE_CURVE('',#1847,#1846,#1014,.F.);
#2367=EDGE_CURVE('',#1815,#1848,#1015,.T.);
#2368=EDGE_CURVE('',#1848,#1849,#1016,.F.);
#2369=EDGE_CURVE('',#1849,#1816,#1017,.T.);
#2370=EDGE_CURVE('',#1848,#1850,#1018,.T.);
#2371=EDGE_CURVE('',#1850,#1851,#1019,.T.);
#2372=EDGE_CURVE('',#1851,#1846,#1020,.T.);
#2373=EDGE_CURVE('',#1847,#1801,#151,.T.);
#2374=EDGE_CURVE('',#1852,#1800,#1021,.F.);
#2375=EDGE_CURVE('',#1853,#1852,#1022,.F.);
#2376=EDGE_CURVE('',#1853,#1849,#152,.T.);
#2377=EDGE_CURVE('',#1854,#1855,#1023,.T.);
#2378=EDGE_CURVE('',#1855,#1856,#1024,.T.);
#2379=EDGE_CURVE('',#1856,#1857,#1025,.T.);
#2380=EDGE_CURVE('',#1857,#1854,#1026,.T.);
#2381=EDGE_CURVE('',#1827,#1858,#1027,.T.);
#2382=EDGE_CURVE('',#1858,#1841,#1028,.T.);
#2383=EDGE_CURVE('',#1859,#1807,#1029,.T.);
#2384=EDGE_CURVE('',#1858,#1859,#153,.F.);
#2385=EDGE_CURVE('',#1826,#1860,#1030,.T.);
#2386=EDGE_CURVE('',#1860,#1859,#1031,.T.);
#2387=EDGE_CURVE('',#1845,#1860,#154,.T.);
#2388=EDGE_CURVE('',#1861,#1862,#1032,.T.);
#2389=EDGE_CURVE('',#1856,#1862,#1033,.T.);
#2390=EDGE_CURVE('',#1855,#1861,#1034,.T.);
#2391=EDGE_CURVE('',#1863,#1864,#1035,.T.);
#2392=EDGE_CURVE('',#1864,#1865,#1036,.T.);
#2393=EDGE_CURVE('',#1865,#1866,#1037,.T.);
#2394=EDGE_CURVE('',#1863,#1866,#1038,.T.);
#2395=EDGE_CURVE('',#1862,#1867,#1039,.T.);
#2396=EDGE_CURVE('',#1857,#1867,#1040,.T.);
#2397=EDGE_CURVE('',#1867,#1868,#1041,.T.);
#2398=EDGE_CURVE('',#1868,#1854,#1042,.T.);
#2399=EDGE_CURVE('',#1869,#1870,#1043,.T.);
#2400=EDGE_CURVE('',#1871,#1869,#1044,.T.);
#2401=EDGE_CURVE('',#1871,#1872,#1045,.T.);
#2402=EDGE_CURVE('',#1872,#1873,#1046,.T.);
#2403=EDGE_CURVE('',#1874,#1873,#1047,.T.);
#2404=EDGE_CURVE('',#1870,#1874,#1048,.T.);
#2405=EDGE_CURVE('',#1875,#1876,#1049,.T.);
#2406=EDGE_CURVE('',#1875,#1872,#1050,.T.);
#2407=EDGE_CURVE('',#1876,#1871,#1051,.T.);
#2408=EDGE_CURVE('',#1877,#1878,#1052,.T.);
#2409=EDGE_CURVE('',#1874,#1877,#1053,.T.);
#2410=EDGE_CURVE('',#1873,#1878,#1054,.T.);
#2411=EDGE_CURVE('',#1878,#1875,#1055,.T.);
#2412=EDGE_CURVE('',#1870,#1879,#1056,.T.);
#2413=EDGE_CURVE('',#1880,#1879,#1057,.T.);
#2414=EDGE_CURVE('',#1869,#1880,#1058,.T.);
#2415=EDGE_CURVE('',#1881,#1877,#1059,.T.);
#2416=EDGE_CURVE('',#1882,#1881,#1060,.T.);
#2417=EDGE_CURVE('',#1879,#1882,#1061,.T.);
#2418=EDGE_CURVE('',#1883,#1884,#1062,.T.);
#2419=EDGE_CURVE('',#1883,#1882,#1063,.T.);
#2420=EDGE_CURVE('',#1884,#1881,#1064,.T.);
#2421=EDGE_CURVE('',#1880,#1883,#1065,.T.);
#2422=EDGE_CURVE('',#1885,#1876,#1066,.T.);
#2423=EDGE_CURVE('',#1885,#1886,#1067,.T.);
#2424=EDGE_CURVE('',#1886,#1865,#1068,.T.);
#2425=EDGE_CURVE('',#1884,#1864,#1069,.T.);
#2426=EDGE_CURVE('',#1887,#1888,#1070,.T.);
#2427=EDGE_CURVE('',#1866,#1887,#1071,.T.);
#2428=EDGE_CURVE('',#1889,#1886,#1072,.T.);
#2429=EDGE_CURVE('',#1890,#1889,#1073,.T.);
#2430=EDGE_CURVE('',#1891,#1890,#1074,.T.);
#2431=EDGE_CURVE('',#1888,#1891,#1075,.T.);
#2432=EDGE_CURVE('',#1892,#1893,#1076,.T.);
#2433=EDGE_CURVE('',#1890,#1892,#1077,.T.);
#2434=EDGE_CURVE('',#1893,#1889,#1078,.T.);
#2435=EDGE_CURVE('',#1863,#1894,#1079,.T.);
#2436=EDGE_CURVE('',#1894,#1887,#1080,.T.);
#2437=EDGE_CURVE('',#1850,#1888,#1081,.T.);
#2438=EDGE_CURVE('',#1894,#1838,#1082,.T.);
#2439=EDGE_CURVE('',#1885,#1893,#1083,.T.);
#2440=EDGE_CURVE('',#1851,#1891,#1084,.T.);
#2441=EDGE_CURVE('',#1844,#1892,#1085,.T.);
#2442=EDGE_CURVE('',#1861,#1868,#1086,.T.);
#2443=EDGE_CURVE('',#1852,#1811,#1087,.T.);
#2444=EDGE_CURVE('',#1853,#1817,#1088,.T.);
#2445=ORIENTED_EDGE('',*,*,#1895,.F.);
#2446=ORIENTED_EDGE('',*,*,#1896,.T.);
#2447=ORIENTED_EDGE('',*,*,#1897,.T.);
#2448=ORIENTED_EDGE('',*,*,#1898,.F.);
#2449=ORIENTED_EDGE('',*,*,#1899,.F.);
#2450=ORIENTED_EDGE('',*,*,#1900,.T.);
#2451=ORIENTED_EDGE('',*,*,#1901,.T.);
#2452=ORIENTED_EDGE('',*,*,#1896,.F.);
#2453=ORIENTED_EDGE('',*,*,#1902,.F.);
#2454=ORIENTED_EDGE('',*,*,#1903,.T.);
#2455=ORIENTED_EDGE('',*,*,#1904,.T.);
#2456=ORIENTED_EDGE('',*,*,#1900,.F.);
#2457=ORIENTED_EDGE('',*,*,#1905,.F.);
#2458=ORIENTED_EDGE('',*,*,#1906,.T.);
#2459=ORIENTED_EDGE('',*,*,#1907,.T.);
#2460=ORIENTED_EDGE('',*,*,#1903,.F.);
#2461=ORIENTED_EDGE('',*,*,#1908,.F.);
#2462=ORIENTED_EDGE('',*,*,#1909,.T.);
#2463=ORIENTED_EDGE('',*,*,#1910,.T.);
#2464=ORIENTED_EDGE('',*,*,#1906,.F.);
#2465=ORIENTED_EDGE('',*,*,#1911,.F.);
#2466=ORIENTED_EDGE('',*,*,#1912,.T.);
#2467=ORIENTED_EDGE('',*,*,#1913,.T.);
#2468=ORIENTED_EDGE('',*,*,#1909,.F.);
#2469=ORIENTED_EDGE('',*,*,#1914,.F.);
#2470=ORIENTED_EDGE('',*,*,#1915,.T.);
#2471=ORIENTED_EDGE('',*,*,#1916,.T.);
#2472=ORIENTED_EDGE('',*,*,#1912,.F.);
#2473=ORIENTED_EDGE('',*,*,#1917,.F.);
#2474=ORIENTED_EDGE('',*,*,#1918,.T.);
#2475=ORIENTED_EDGE('',*,*,#1919,.T.);
#2476=ORIENTED_EDGE('',*,*,#1915,.F.);
#2477=ORIENTED_EDGE('',*,*,#1920,.F.);
#2478=ORIENTED_EDGE('',*,*,#1898,.T.);
#2479=ORIENTED_EDGE('',*,*,#1921,.T.);
#2480=ORIENTED_EDGE('',*,*,#1918,.F.);
#2481=ORIENTED_EDGE('',*,*,#1921,.F.);
#2482=ORIENTED_EDGE('',*,*,#1897,.F.);
#2483=ORIENTED_EDGE('',*,*,#1901,.F.);
#2484=ORIENTED_EDGE('',*,*,#1904,.F.);
#2485=ORIENTED_EDGE('',*,*,#1907,.F.);
#2486=ORIENTED_EDGE('',*,*,#1910,.F.);
#2487=ORIENTED_EDGE('',*,*,#1913,.F.);
#2488=ORIENTED_EDGE('',*,*,#1916,.F.);
#2489=ORIENTED_EDGE('',*,*,#1919,.F.);
#2490=ORIENTED_EDGE('',*,*,#1922,.F.);
#2491=ORIENTED_EDGE('',*,*,#1923,.T.);
#2492=ORIENTED_EDGE('',*,*,#1924,.T.);
#2493=ORIENTED_EDGE('',*,*,#1925,.F.);
#2494=ORIENTED_EDGE('',*,*,#1926,.F.);
#2495=ORIENTED_EDGE('',*,*,#1927,.T.);
#2496=ORIENTED_EDGE('',*,*,#1928,.T.);
#2497=ORIENTED_EDGE('',*,*,#1923,.F.);
#2498=ORIENTED_EDGE('',*,*,#1929,.F.);
#2499=ORIENTED_EDGE('',*,*,#1930,.T.);
#2500=ORIENTED_EDGE('',*,*,#1931,.T.);
#2501=ORIENTED_EDGE('',*,*,#1927,.F.);
#2502=ORIENTED_EDGE('',*,*,#1932,.F.);
#2503=ORIENTED_EDGE('',*,*,#1933,.T.);
#2504=ORIENTED_EDGE('',*,*,#1934,.T.);
#2505=ORIENTED_EDGE('',*,*,#1930,.F.);
#2506=ORIENTED_EDGE('',*,*,#1935,.F.);
#2507=ORIENTED_EDGE('',*,*,#1936,.T.);
#2508=ORIENTED_EDGE('',*,*,#1937,.T.);
#2509=ORIENTED_EDGE('',*,*,#1933,.F.);
#2510=ORIENTED_EDGE('',*,*,#1938,.F.);
#2511=ORIENTED_EDGE('',*,*,#1939,.T.);
#2512=ORIENTED_EDGE('',*,*,#1940,.T.);
#2513=ORIENTED_EDGE('',*,*,#1936,.F.);
#2514=ORIENTED_EDGE('',*,*,#1941,.F.);
#2515=ORIENTED_EDGE('',*,*,#1942,.T.);
#2516=ORIENTED_EDGE('',*,*,#1943,.T.);
#2517=ORIENTED_EDGE('',*,*,#1939,.F.);
#2518=ORIENTED_EDGE('',*,*,#1944,.F.);
#2519=ORIENTED_EDGE('',*,*,#1945,.T.);
#2520=ORIENTED_EDGE('',*,*,#1946,.T.);
#2521=ORIENTED_EDGE('',*,*,#1942,.F.);
#2522=ORIENTED_EDGE('',*,*,#1947,.F.);
#2523=ORIENTED_EDGE('',*,*,#1925,.T.);
#2524=ORIENTED_EDGE('',*,*,#1948,.T.);
#2525=ORIENTED_EDGE('',*,*,#1945,.F.);
#2526=ORIENTED_EDGE('',*,*,#1948,.F.);
#2527=ORIENTED_EDGE('',*,*,#1924,.F.);
#2528=ORIENTED_EDGE('',*,*,#1928,.F.);
#2529=ORIENTED_EDGE('',*,*,#1931,.F.);
#2530=ORIENTED_EDGE('',*,*,#1934,.F.);
#2531=ORIENTED_EDGE('',*,*,#1937,.F.);
#2532=ORIENTED_EDGE('',*,*,#1940,.F.);
#2533=ORIENTED_EDGE('',*,*,#1943,.F.);
#2534=ORIENTED_EDGE('',*,*,#1946,.F.);
#2535=ORIENTED_EDGE('',*,*,#1949,.F.);
#2536=ORIENTED_EDGE('',*,*,#1950,.T.);
#2537=ORIENTED_EDGE('',*,*,#1951,.T.);
#2538=ORIENTED_EDGE('',*,*,#1952,.F.);
#2539=ORIENTED_EDGE('',*,*,#1953,.F.);
#2540=ORIENTED_EDGE('',*,*,#1954,.T.);
#2541=ORIENTED_EDGE('',*,*,#1955,.T.);
#2542=ORIENTED_EDGE('',*,*,#1950,.F.);
#2543=ORIENTED_EDGE('',*,*,#1956,.F.);
#2544=ORIENTED_EDGE('',*,*,#1957,.T.);
#2545=ORIENTED_EDGE('',*,*,#1958,.T.);
#2546=ORIENTED_EDGE('',*,*,#1954,.F.);
#2547=ORIENTED_EDGE('',*,*,#1959,.F.);
#2548=ORIENTED_EDGE('',*,*,#1960,.T.);
#2549=ORIENTED_EDGE('',*,*,#1961,.T.);
#2550=ORIENTED_EDGE('',*,*,#1957,.F.);
#2551=ORIENTED_EDGE('',*,*,#1962,.F.);
#2552=ORIENTED_EDGE('',*,*,#1963,.T.);
#2553=ORIENTED_EDGE('',*,*,#1964,.T.);
#2554=ORIENTED_EDGE('',*,*,#1960,.F.);
#2555=ORIENTED_EDGE('',*,*,#1965,.F.);
#2556=ORIENTED_EDGE('',*,*,#1966,.T.);
#2557=ORIENTED_EDGE('',*,*,#1967,.T.);
#2558=ORIENTED_EDGE('',*,*,#1963,.F.);
#2559=ORIENTED_EDGE('',*,*,#1968,.F.);
#2560=ORIENTED_EDGE('',*,*,#1969,.T.);
#2561=ORIENTED_EDGE('',*,*,#1970,.T.);
#2562=ORIENTED_EDGE('',*,*,#1966,.F.);
#2563=ORIENTED_EDGE('',*,*,#1971,.F.);
#2564=ORIENTED_EDGE('',*,*,#1972,.T.);
#2565=ORIENTED_EDGE('',*,*,#1973,.T.);
#2566=ORIENTED_EDGE('',*,*,#1969,.F.);
#2567=ORIENTED_EDGE('',*,*,#1974,.F.);
#2568=ORIENTED_EDGE('',*,*,#1952,.T.);
#2569=ORIENTED_EDGE('',*,*,#1975,.T.);
#2570=ORIENTED_EDGE('',*,*,#1972,.F.);
#2571=ORIENTED_EDGE('',*,*,#1975,.F.);
#2572=ORIENTED_EDGE('',*,*,#1951,.F.);
#2573=ORIENTED_EDGE('',*,*,#1955,.F.);
#2574=ORIENTED_EDGE('',*,*,#1958,.F.);
#2575=ORIENTED_EDGE('',*,*,#1961,.F.);
#2576=ORIENTED_EDGE('',*,*,#1964,.F.);
#2577=ORIENTED_EDGE('',*,*,#1967,.F.);
#2578=ORIENTED_EDGE('',*,*,#1970,.F.);
#2579=ORIENTED_EDGE('',*,*,#1973,.F.);
#2580=ORIENTED_EDGE('',*,*,#1976,.F.);
#2581=ORIENTED_EDGE('',*,*,#1977,.T.);
#2582=ORIENTED_EDGE('',*,*,#1978,.T.);
#2583=ORIENTED_EDGE('',*,*,#1979,.F.);
#2584=ORIENTED_EDGE('',*,*,#1980,.F.);
#2585=ORIENTED_EDGE('',*,*,#1981,.T.);
#2586=ORIENTED_EDGE('',*,*,#1982,.T.);
#2587=ORIENTED_EDGE('',*,*,#1977,.F.);
#2588=ORIENTED_EDGE('',*,*,#1983,.F.);
#2589=ORIENTED_EDGE('',*,*,#1984,.T.);
#2590=ORIENTED_EDGE('',*,*,#1985,.T.);
#2591=ORIENTED_EDGE('',*,*,#1981,.F.);
#2592=ORIENTED_EDGE('',*,*,#1986,.F.);
#2593=ORIENTED_EDGE('',*,*,#1987,.T.);
#2594=ORIENTED_EDGE('',*,*,#1988,.T.);
#2595=ORIENTED_EDGE('',*,*,#1984,.F.);
#2596=ORIENTED_EDGE('',*,*,#1989,.F.);
#2597=ORIENTED_EDGE('',*,*,#1990,.T.);
#2598=ORIENTED_EDGE('',*,*,#1991,.T.);
#2599=ORIENTED_EDGE('',*,*,#1987,.F.);
#2600=ORIENTED_EDGE('',*,*,#1992,.F.);
#2601=ORIENTED_EDGE('',*,*,#1993,.T.);
#2602=ORIENTED_EDGE('',*,*,#1994,.T.);
#2603=ORIENTED_EDGE('',*,*,#1990,.F.);
#2604=ORIENTED_EDGE('',*,*,#1995,.F.);
#2605=ORIENTED_EDGE('',*,*,#1996,.T.);
#2606=ORIENTED_EDGE('',*,*,#1997,.T.);
#2607=ORIENTED_EDGE('',*,*,#1993,.F.);
#2608=ORIENTED_EDGE('',*,*,#1998,.F.);
#2609=ORIENTED_EDGE('',*,*,#1999,.T.);
#2610=ORIENTED_EDGE('',*,*,#2000,.T.);
#2611=ORIENTED_EDGE('',*,*,#1996,.F.);
#2612=ORIENTED_EDGE('',*,*,#2001,.F.);
#2613=ORIENTED_EDGE('',*,*,#1979,.T.);
#2614=ORIENTED_EDGE('',*,*,#2002,.T.);
#2615=ORIENTED_EDGE('',*,*,#1999,.F.);
#2616=ORIENTED_EDGE('',*,*,#2002,.F.);
#2617=ORIENTED_EDGE('',*,*,#1978,.F.);
#2618=ORIENTED_EDGE('',*,*,#1982,.F.);
#2619=ORIENTED_EDGE('',*,*,#1985,.F.);
#2620=ORIENTED_EDGE('',*,*,#1988,.F.);
#2621=ORIENTED_EDGE('',*,*,#1991,.F.);
#2622=ORIENTED_EDGE('',*,*,#1994,.F.);
#2623=ORIENTED_EDGE('',*,*,#1997,.F.);
#2624=ORIENTED_EDGE('',*,*,#2000,.F.);
#2625=ORIENTED_EDGE('',*,*,#2003,.F.);
#2626=ORIENTED_EDGE('',*,*,#2004,.T.);
#2627=ORIENTED_EDGE('',*,*,#2005,.F.);
#2628=ORIENTED_EDGE('',*,*,#2004,.F.);
#2629=ORIENTED_EDGE('',*,*,#2006,.F.);
#2630=ORIENTED_EDGE('',*,*,#2007,.T.);
#2631=ORIENTED_EDGE('',*,*,#2008,.F.);
#2632=ORIENTED_EDGE('',*,*,#2009,.T.);
#2633=ORIENTED_EDGE('',*,*,#2010,.T.);
#2634=ORIENTED_EDGE('',*,*,#2011,.T.);
#2635=ORIENTED_EDGE('',*,*,#2012,.F.);
#2636=ORIENTED_EDGE('',*,*,#2013,.T.);
#2637=ORIENTED_EDGE('',*,*,#2014,.T.);
#2638=ORIENTED_EDGE('',*,*,#2015,.T.);
#2639=ORIENTED_EDGE('',*,*,#2010,.F.);
#2640=ORIENTED_EDGE('',*,*,#2016,.F.);
#2641=ORIENTED_EDGE('',*,*,#2017,.T.);
#2642=ORIENTED_EDGE('',*,*,#2018,.T.);
#2643=ORIENTED_EDGE('',*,*,#2014,.F.);
#2644=ORIENTED_EDGE('',*,*,#2019,.T.);
#2645=ORIENTED_EDGE('',*,*,#2020,.T.);
#2646=ORIENTED_EDGE('',*,*,#2021,.T.);
#2647=ORIENTED_EDGE('',*,*,#2017,.F.);
#2648=ORIENTED_EDGE('',*,*,#2022,.F.);
#2649=ORIENTED_EDGE('',*,*,#2023,.T.);
#2650=ORIENTED_EDGE('',*,*,#2024,.T.);
#2651=ORIENTED_EDGE('',*,*,#2020,.F.);
#2652=ORIENTED_EDGE('',*,*,#2025,.T.);
#2653=ORIENTED_EDGE('',*,*,#2026,.T.);
#2654=ORIENTED_EDGE('',*,*,#2027,.T.);
#2655=ORIENTED_EDGE('',*,*,#2023,.F.);
#2656=ORIENTED_EDGE('',*,*,#2028,.T.);
#2657=ORIENTED_EDGE('',*,*,#2029,.T.);
#2658=ORIENTED_EDGE('',*,*,#2030,.T.);
#2659=ORIENTED_EDGE('',*,*,#2026,.F.);
#2660=ORIENTED_EDGE('',*,*,#2031,.T.);
#2661=ORIENTED_EDGE('',*,*,#2008,.T.);
#2662=ORIENTED_EDGE('',*,*,#2032,.T.);
#2663=ORIENTED_EDGE('',*,*,#2029,.F.);
#2664=ORIENTED_EDGE('',*,*,#2033,.F.);
#2665=ORIENTED_EDGE('',*,*,#2034,.T.);
#2666=ORIENTED_EDGE('',*,*,#2035,.T.);
#2667=ORIENTED_EDGE('',*,*,#2036,.T.);
#2668=ORIENTED_EDGE('',*,*,#2012,.T.);
#2669=ORIENTED_EDGE('',*,*,#2037,.T.);
#2670=ORIENTED_EDGE('',*,*,#2034,.F.);
#2671=ORIENTED_EDGE('',*,*,#2037,.F.);
#2672=ORIENTED_EDGE('',*,*,#2011,.F.);
#2673=ORIENTED_EDGE('',*,*,#2015,.F.);
#2674=ORIENTED_EDGE('',*,*,#2018,.F.);
#2675=ORIENTED_EDGE('',*,*,#2021,.F.);
#2676=ORIENTED_EDGE('',*,*,#2024,.F.);
#2677=ORIENTED_EDGE('',*,*,#2027,.F.);
#2678=ORIENTED_EDGE('',*,*,#2030,.F.);
#2679=ORIENTED_EDGE('',*,*,#2032,.F.);
#2680=ORIENTED_EDGE('',*,*,#2007,.F.);
#2681=ORIENTED_EDGE('',*,*,#2038,.F.);
#2682=ORIENTED_EDGE('',*,*,#2039,.F.);
#2683=ORIENTED_EDGE('',*,*,#2040,.F.);
#2684=ORIENTED_EDGE('',*,*,#2035,.F.);
#2685=ORIENTED_EDGE('',*,*,#2041,.F.);
#2686=ORIENTED_EDGE('',*,*,#2042,.F.);
#2687=ORIENTED_EDGE('',*,*,#2043,.F.);
#2688=ORIENTED_EDGE('',*,*,#2044,.F.);
#2689=ORIENTED_EDGE('',*,*,#2043,.T.);
#2690=ORIENTED_EDGE('',*,*,#2045,.T.);
#2691=ORIENTED_EDGE('',*,*,#2046,.T.);
#2692=ORIENTED_EDGE('',*,*,#2047,.T.);
#2693=ORIENTED_EDGE('',*,*,#2048,.F.);
#2694=ORIENTED_EDGE('',*,*,#2042,.T.);
#2695=ORIENTED_EDGE('',*,*,#2049,.T.);
#2696=ORIENTED_EDGE('',*,*,#2050,.T.);
#2697=ORIENTED_EDGE('',*,*,#2051,.T.);
#2698=ORIENTED_EDGE('',*,*,#2045,.F.);
#2699=ORIENTED_EDGE('',*,*,#2038,.T.);
#2700=ORIENTED_EDGE('',*,*,#2052,.F.);
#2701=ORIENTED_EDGE('',*,*,#2053,.F.);
#2702=ORIENTED_EDGE('',*,*,#2054,.T.);
#2703=ORIENTED_EDGE('',*,*,#2040,.T.);
#2704=ORIENTED_EDGE('',*,*,#2055,.F.);
#2705=ORIENTED_EDGE('',*,*,#2056,.F.);
#2706=ORIENTED_EDGE('',*,*,#2057,.F.);
#2707=ORIENTED_EDGE('',*,*,#2039,.T.);
#2708=ORIENTED_EDGE('',*,*,#2054,.F.);
#2709=ORIENTED_EDGE('',*,*,#2058,.F.);
#2710=ORIENTED_EDGE('',*,*,#2059,.F.);
#2711=ORIENTED_EDGE('',*,*,#2060,.T.);
#2712=ORIENTED_EDGE('',*,*,#2061,.T.);
#2713=ORIENTED_EDGE('',*,*,#2062,.F.);
#2714=ORIENTED_EDGE('',*,*,#2055,.T.);
#2715=ORIENTED_EDGE('',*,*,#2033,.T.);
#2716=ORIENTED_EDGE('',*,*,#2057,.T.);
#2717=ORIENTED_EDGE('',*,*,#2063,.F.);
#2718=ORIENTED_EDGE('',*,*,#2064,.T.);
#2719=ORIENTED_EDGE('',*,*,#2065,.T.);
#2720=ORIENTED_EDGE('',*,*,#2066,.T.);
#2721=ORIENTED_EDGE('',*,*,#2067,.T.);
#2722=ORIENTED_EDGE('',*,*,#2068,.T.);
#2723=ORIENTED_EDGE('',*,*,#2036,.F.);
#2724=ORIENTED_EDGE('',*,*,#2052,.T.);
#2725=ORIENTED_EDGE('',*,*,#2006,.T.);
#2726=ORIENTED_EDGE('',*,*,#2031,.F.);
#2727=ORIENTED_EDGE('',*,*,#2069,.F.);
#2728=ORIENTED_EDGE('',*,*,#2070,.T.);
#2729=ORIENTED_EDGE('',*,*,#2071,.T.);
#2730=ORIENTED_EDGE('',*,*,#2072,.T.);
#2731=ORIENTED_EDGE('',*,*,#2073,.F.);
#2732=ORIENTED_EDGE('',*,*,#2074,.F.);
#2733=ORIENTED_EDGE('',*,*,#2075,.F.);
#2734=ORIENTED_EDGE('',*,*,#2076,.F.);
#2735=ORIENTED_EDGE('',*,*,#2077,.F.);
#2736=ORIENTED_EDGE('',*,*,#2078,.F.);
#2737=ORIENTED_EDGE('',*,*,#2077,.T.);
#2738=ORIENTED_EDGE('',*,*,#2079,.T.);
#2739=ORIENTED_EDGE('',*,*,#2080,.T.);
#2740=ORIENTED_EDGE('',*,*,#2079,.F.);
#2741=ORIENTED_EDGE('',*,*,#2076,.T.);
#2742=ORIENTED_EDGE('',*,*,#2080,.F.);
#2743=ORIENTED_EDGE('',*,*,#2051,.F.);
#2744=ORIENTED_EDGE('',*,*,#2081,.F.);
#2745=ORIENTED_EDGE('',*,*,#2046,.F.);
#2746=ORIENTED_EDGE('',*,*,#2081,.T.);
#2747=ORIENTED_EDGE('',*,*,#2082,.F.);
#2748=ORIENTED_EDGE('',*,*,#2083,.T.);
#2749=ORIENTED_EDGE('',*,*,#2084,.T.);
#2750=ORIENTED_EDGE('',*,*,#2083,.F.);
#2751=ORIENTED_EDGE('',*,*,#2085,.F.);
#2752=ORIENTED_EDGE('',*,*,#2084,.F.);
#2753=ORIENTED_EDGE('',*,*,#2067,.F.);
#2754=ORIENTED_EDGE('',*,*,#2086,.T.);
#2755=ORIENTED_EDGE('',*,*,#2065,.F.);
#2756=ORIENTED_EDGE('',*,*,#2087,.F.);
#2757=ORIENTED_EDGE('',*,*,#2088,.F.);
#2758=ORIENTED_EDGE('',*,*,#2087,.T.);
#2759=ORIENTED_EDGE('',*,*,#2089,.F.);
#2760=ORIENTED_EDGE('',*,*,#2090,.F.);
#2761=ORIENTED_EDGE('',*,*,#2091,.F.);
#2762=ORIENTED_EDGE('',*,*,#2090,.T.);
#2763=ORIENTED_EDGE('',*,*,#2092,.F.);
#2764=ORIENTED_EDGE('',*,*,#2093,.F.);
#2765=ORIENTED_EDGE('',*,*,#2094,.F.);
#2766=ORIENTED_EDGE('',*,*,#2093,.T.);
#2767=ORIENTED_EDGE('',*,*,#2095,.F.);
#2768=ORIENTED_EDGE('',*,*,#2096,.F.);
#2769=ORIENTED_EDGE('',*,*,#2097,.F.);
#2770=ORIENTED_EDGE('',*,*,#2096,.T.);
#2771=ORIENTED_EDGE('',*,*,#2098,.F.);
#2772=ORIENTED_EDGE('',*,*,#2099,.T.);
#2773=ORIENTED_EDGE('',*,*,#2100,.F.);
#2774=ORIENTED_EDGE('',*,*,#2099,.F.);
#2775=ORIENTED_EDGE('',*,*,#2101,.F.);
#2776=ORIENTED_EDGE('',*,*,#2102,.T.);
#2777=ORIENTED_EDGE('',*,*,#2103,.F.);
#2778=ORIENTED_EDGE('',*,*,#2102,.F.);
#2779=ORIENTED_EDGE('',*,*,#2104,.F.);
#2780=ORIENTED_EDGE('',*,*,#2105,.T.);
#2781=ORIENTED_EDGE('',*,*,#2106,.F.);
#2782=ORIENTED_EDGE('',*,*,#2105,.F.);
#2783=ORIENTED_EDGE('',*,*,#2107,.F.);
#2784=ORIENTED_EDGE('',*,*,#2108,.T.);
#2785=ORIENTED_EDGE('',*,*,#2071,.F.);
#2786=ORIENTED_EDGE('',*,*,#2109,.F.);
#2787=ORIENTED_EDGE('',*,*,#2070,.F.);
#2788=ORIENTED_EDGE('',*,*,#2108,.F.);
#2789=ORIENTED_EDGE('',*,*,#2072,.F.);
#2790=ORIENTED_EDGE('',*,*,#2109,.T.);
#2791=ORIENTED_EDGE('',*,*,#2066,.F.);
#2792=ORIENTED_EDGE('',*,*,#2086,.F.);
#2793=ORIENTED_EDGE('',*,*,#2089,.T.);
#2794=ORIENTED_EDGE('',*,*,#2064,.F.);
#2795=ORIENTED_EDGE('',*,*,#2110,.F.);
#2796=ORIENTED_EDGE('',*,*,#2111,.T.);
#2797=ORIENTED_EDGE('',*,*,#2088,.T.);
#2798=ORIENTED_EDGE('',*,*,#2112,.T.);
#2799=ORIENTED_EDGE('',*,*,#2009,.F.);
#2800=ORIENTED_EDGE('',*,*,#2068,.F.);
#2801=ORIENTED_EDGE('',*,*,#2092,.T.);
#2802=ORIENTED_EDGE('',*,*,#2111,.F.);
#2803=ORIENTED_EDGE('',*,*,#2113,.F.);
#2804=ORIENTED_EDGE('',*,*,#2114,.F.);
#2805=ORIENTED_EDGE('',*,*,#2091,.T.);
#2806=ORIENTED_EDGE('',*,*,#2115,.F.);
#2807=ORIENTED_EDGE('',*,*,#2013,.F.);
#2808=ORIENTED_EDGE('',*,*,#2112,.F.);
#2809=ORIENTED_EDGE('',*,*,#2095,.T.);
#2810=ORIENTED_EDGE('',*,*,#2114,.T.);
#2811=ORIENTED_EDGE('',*,*,#2116,.T.);
#2812=ORIENTED_EDGE('',*,*,#2117,.T.);
#2813=ORIENTED_EDGE('',*,*,#2094,.T.);
#2814=ORIENTED_EDGE('',*,*,#2118,.T.);
#2815=ORIENTED_EDGE('',*,*,#2016,.T.);
#2816=ORIENTED_EDGE('',*,*,#2115,.T.);
#2817=ORIENTED_EDGE('',*,*,#2098,.T.);
#2818=ORIENTED_EDGE('',*,*,#2117,.F.);
#2819=ORIENTED_EDGE('',*,*,#2119,.F.);
#2820=ORIENTED_EDGE('',*,*,#2120,.F.);
#2821=ORIENTED_EDGE('',*,*,#2097,.T.);
#2822=ORIENTED_EDGE('',*,*,#2121,.F.);
#2823=ORIENTED_EDGE('',*,*,#2019,.F.);
#2824=ORIENTED_EDGE('',*,*,#2118,.F.);
#2825=ORIENTED_EDGE('',*,*,#2101,.T.);
#2826=ORIENTED_EDGE('',*,*,#2120,.T.);
#2827=ORIENTED_EDGE('',*,*,#2122,.T.);
#2828=ORIENTED_EDGE('',*,*,#2123,.T.);
#2829=ORIENTED_EDGE('',*,*,#2100,.T.);
#2830=ORIENTED_EDGE('',*,*,#2124,.T.);
#2831=ORIENTED_EDGE('',*,*,#2022,.T.);
#2832=ORIENTED_EDGE('',*,*,#2121,.T.);
#2833=ORIENTED_EDGE('',*,*,#2104,.T.);
#2834=ORIENTED_EDGE('',*,*,#2123,.F.);
#2835=ORIENTED_EDGE('',*,*,#2125,.F.);
#2836=ORIENTED_EDGE('',*,*,#2126,.T.);
#2837=ORIENTED_EDGE('',*,*,#2103,.T.);
#2838=ORIENTED_EDGE('',*,*,#2127,.T.);
#2839=ORIENTED_EDGE('',*,*,#2025,.F.);
#2840=ORIENTED_EDGE('',*,*,#2124,.F.);
#2841=ORIENTED_EDGE('',*,*,#2107,.T.);
#2842=ORIENTED_EDGE('',*,*,#2126,.F.);
#2843=ORIENTED_EDGE('',*,*,#2128,.F.);
#2844=ORIENTED_EDGE('',*,*,#2073,.T.);
#2845=ORIENTED_EDGE('',*,*,#2106,.T.);
#2846=ORIENTED_EDGE('',*,*,#2069,.T.);
#2847=ORIENTED_EDGE('',*,*,#2028,.F.);
#2848=ORIENTED_EDGE('',*,*,#2127,.F.);
#2849=ORIENTED_EDGE('',*,*,#2053,.T.);
#2850=ORIENTED_EDGE('',*,*,#2074,.T.);
#2851=ORIENTED_EDGE('',*,*,#2128,.T.);
#2852=ORIENTED_EDGE('',*,*,#2125,.T.);
#2853=ORIENTED_EDGE('',*,*,#2122,.F.);
#2854=ORIENTED_EDGE('',*,*,#2119,.T.);
#2855=ORIENTED_EDGE('',*,*,#2116,.F.);
#2856=ORIENTED_EDGE('',*,*,#2113,.T.);
#2857=ORIENTED_EDGE('',*,*,#2110,.T.);
#2858=ORIENTED_EDGE('',*,*,#2063,.T.);
#2859=ORIENTED_EDGE('',*,*,#2056,.T.);
#2860=ORIENTED_EDGE('',*,*,#2062,.T.);
#2861=ORIENTED_EDGE('',*,*,#2129,.T.);
#2862=ORIENTED_EDGE('',*,*,#2130,.T.);
#2863=ORIENTED_EDGE('',*,*,#2131,.T.);
#2864=ORIENTED_EDGE('',*,*,#2132,.T.);
#2865=ORIENTED_EDGE('',*,*,#2133,.T.);
#2866=ORIENTED_EDGE('',*,*,#2058,.T.);
#2867=ORIENTED_EDGE('',*,*,#2044,.T.);
#2868=ORIENTED_EDGE('',*,*,#2048,.T.);
#2869=ORIENTED_EDGE('',*,*,#2134,.T.);
#2870=ORIENTED_EDGE('',*,*,#2075,.T.);
#2871=ORIENTED_EDGE('',*,*,#2135,.T.);
#2872=ORIENTED_EDGE('',*,*,#2136,.F.);
#2873=ORIENTED_EDGE('',*,*,#2041,.T.);
#2874=ORIENTED_EDGE('',*,*,#2136,.T.);
#2875=ORIENTED_EDGE('',*,*,#2137,.T.);
#2876=ORIENTED_EDGE('',*,*,#2049,.F.);
#2877=ORIENTED_EDGE('',*,*,#2078,.T.);
#2878=ORIENTED_EDGE('',*,*,#2134,.F.);
#2879=ORIENTED_EDGE('',*,*,#2047,.F.);
#2880=ORIENTED_EDGE('',*,*,#2085,.T.);
#2881=ORIENTED_EDGE('',*,*,#2082,.T.);
#2882=ORIENTED_EDGE('',*,*,#2050,.F.);
#2883=ORIENTED_EDGE('',*,*,#2137,.F.);
#2884=ORIENTED_EDGE('',*,*,#2135,.F.);
#2885=ORIENTED_EDGE('',*,*,#2005,.T.);
#2886=ORIENTED_EDGE('',*,*,#2138,.F.);
#2887=ORIENTED_EDGE('',*,*,#2139,.T.);
#2888=ORIENTED_EDGE('',*,*,#2140,.F.);
#2889=ORIENTED_EDGE('',*,*,#2141,.F.);
#2890=ORIENTED_EDGE('',*,*,#2142,.T.);
#2891=ORIENTED_EDGE('',*,*,#2143,.T.);
#2892=ORIENTED_EDGE('',*,*,#2140,.T.);
#2893=ORIENTED_EDGE('',*,*,#2144,.T.);
#2894=ORIENTED_EDGE('',*,*,#2145,.T.);
#2895=ORIENTED_EDGE('',*,*,#2059,.T.);
#2896=ORIENTED_EDGE('',*,*,#2133,.F.);
#2897=ORIENTED_EDGE('',*,*,#2146,.F.);
#2898=ORIENTED_EDGE('',*,*,#2147,.T.);
#2899=ORIENTED_EDGE('',*,*,#2146,.T.);
#2900=ORIENTED_EDGE('',*,*,#2132,.F.);
#2901=ORIENTED_EDGE('',*,*,#2148,.F.);
#2902=ORIENTED_EDGE('',*,*,#2144,.F.);
#2903=ORIENTED_EDGE('',*,*,#2139,.F.);
#2904=ORIENTED_EDGE('',*,*,#2148,.T.);
#2905=ORIENTED_EDGE('',*,*,#2131,.F.);
#2906=ORIENTED_EDGE('',*,*,#2149,.F.);
#2907=ORIENTED_EDGE('',*,*,#2142,.F.);
#2908=ORIENTED_EDGE('',*,*,#2150,.T.);
#2909=ORIENTED_EDGE('',*,*,#2141,.T.);
#2910=ORIENTED_EDGE('',*,*,#2143,.F.);
#2911=ORIENTED_EDGE('',*,*,#2149,.T.);
#2912=ORIENTED_EDGE('',*,*,#2130,.F.);
#2913=ORIENTED_EDGE('',*,*,#2151,.F.);
#2914=ORIENTED_EDGE('',*,*,#2152,.T.);
#2915=ORIENTED_EDGE('',*,*,#2151,.T.);
#2916=ORIENTED_EDGE('',*,*,#2129,.F.);
#2917=ORIENTED_EDGE('',*,*,#2061,.F.);
#2918=ORIENTED_EDGE('',*,*,#2060,.F.);
#2919=ORIENTED_EDGE('',*,*,#2145,.F.);
#2920=ORIENTED_EDGE('',*,*,#2147,.F.);
#2921=ORIENTED_EDGE('',*,*,#2138,.T.);
#2922=ORIENTED_EDGE('',*,*,#2150,.F.);
#2923=ORIENTED_EDGE('',*,*,#2152,.F.);
#2924=ORIENTED_EDGE('',*,*,#1895,.T.);
#2925=ORIENTED_EDGE('',*,*,#1920,.T.);
#2926=ORIENTED_EDGE('',*,*,#1917,.T.);
#2927=ORIENTED_EDGE('',*,*,#1914,.T.);
#2928=ORIENTED_EDGE('',*,*,#1911,.T.);
#2929=ORIENTED_EDGE('',*,*,#1908,.T.);
#2930=ORIENTED_EDGE('',*,*,#1905,.T.);
#2931=ORIENTED_EDGE('',*,*,#1902,.T.);
#2932=ORIENTED_EDGE('',*,*,#1899,.T.);
#2933=ORIENTED_EDGE('',*,*,#1922,.T.);
#2934=ORIENTED_EDGE('',*,*,#1947,.T.);
#2935=ORIENTED_EDGE('',*,*,#1944,.T.);
#2936=ORIENTED_EDGE('',*,*,#1941,.T.);
#2937=ORIENTED_EDGE('',*,*,#1938,.T.);
#2938=ORIENTED_EDGE('',*,*,#1935,.T.);
#2939=ORIENTED_EDGE('',*,*,#1932,.T.);
#2940=ORIENTED_EDGE('',*,*,#1929,.T.);
#2941=ORIENTED_EDGE('',*,*,#1926,.T.);
#2942=ORIENTED_EDGE('',*,*,#1949,.T.);
#2943=ORIENTED_EDGE('',*,*,#1974,.T.);
#2944=ORIENTED_EDGE('',*,*,#1971,.T.);
#2945=ORIENTED_EDGE('',*,*,#1968,.T.);
#2946=ORIENTED_EDGE('',*,*,#1965,.T.);
#2947=ORIENTED_EDGE('',*,*,#1962,.T.);
#2948=ORIENTED_EDGE('',*,*,#1959,.T.);
#2949=ORIENTED_EDGE('',*,*,#1956,.T.);
#2950=ORIENTED_EDGE('',*,*,#1953,.T.);
#2951=ORIENTED_EDGE('',*,*,#1976,.T.);
#2952=ORIENTED_EDGE('',*,*,#2001,.T.);
#2953=ORIENTED_EDGE('',*,*,#1998,.T.);
#2954=ORIENTED_EDGE('',*,*,#1995,.T.);
#2955=ORIENTED_EDGE('',*,*,#1992,.T.);
#2956=ORIENTED_EDGE('',*,*,#1989,.T.);
#2957=ORIENTED_EDGE('',*,*,#1986,.T.);
#2958=ORIENTED_EDGE('',*,*,#1983,.T.);
#2959=ORIENTED_EDGE('',*,*,#1980,.T.);
#2960=ORIENTED_EDGE('',*,*,#2003,.T.);
#2961=ORIENTED_EDGE('',*,*,#2153,.F.);
#2962=ORIENTED_EDGE('',*,*,#2154,.T.);
#2963=ORIENTED_EDGE('',*,*,#2155,.T.);
#2964=ORIENTED_EDGE('',*,*,#2156,.F.);
#2965=ORIENTED_EDGE('',*,*,#2157,.F.);
#2966=ORIENTED_EDGE('',*,*,#2156,.T.);
#2967=ORIENTED_EDGE('',*,*,#2158,.T.);
#2968=ORIENTED_EDGE('',*,*,#2159,.F.);
#2969=ORIENTED_EDGE('',*,*,#2160,.F.);
#2970=ORIENTED_EDGE('',*,*,#2159,.T.);
#2971=ORIENTED_EDGE('',*,*,#2161,.T.);
#2972=ORIENTED_EDGE('',*,*,#2162,.F.);
#2973=ORIENTED_EDGE('',*,*,#2163,.F.);
#2974=ORIENTED_EDGE('',*,*,#2162,.T.);
#2975=ORIENTED_EDGE('',*,*,#2164,.T.);
#2976=ORIENTED_EDGE('',*,*,#2165,.F.);
#2977=ORIENTED_EDGE('',*,*,#2166,.F.);
#2978=ORIENTED_EDGE('',*,*,#2165,.T.);
#2979=ORIENTED_EDGE('',*,*,#2167,.T.);
#2980=ORIENTED_EDGE('',*,*,#2168,.F.);
#2981=ORIENTED_EDGE('',*,*,#2169,.F.);
#2982=ORIENTED_EDGE('',*,*,#2170,.T.);
#2983=ORIENTED_EDGE('',*,*,#2171,.T.);
#2984=ORIENTED_EDGE('',*,*,#2154,.F.);
#2985=ORIENTED_EDGE('',*,*,#2172,.F.);
#2986=ORIENTED_EDGE('',*,*,#2173,.T.);
#2987=ORIENTED_EDGE('',*,*,#2174,.T.);
#2988=ORIENTED_EDGE('',*,*,#2170,.F.);
#2989=ORIENTED_EDGE('',*,*,#2175,.F.);
#2990=ORIENTED_EDGE('',*,*,#2176,.T.);
#2991=ORIENTED_EDGE('',*,*,#2177,.T.);
#2992=ORIENTED_EDGE('',*,*,#2173,.F.);
#2993=ORIENTED_EDGE('',*,*,#2178,.F.);
#2994=ORIENTED_EDGE('',*,*,#2168,.T.);
#2995=ORIENTED_EDGE('',*,*,#2179,.T.);
#2996=ORIENTED_EDGE('',*,*,#2176,.F.);
#2997=ORIENTED_EDGE('',*,*,#2179,.F.);
#2998=ORIENTED_EDGE('',*,*,#2167,.F.);
#2999=ORIENTED_EDGE('',*,*,#2164,.F.);
#3000=ORIENTED_EDGE('',*,*,#2161,.F.);
#3001=ORIENTED_EDGE('',*,*,#2158,.F.);
#3002=ORIENTED_EDGE('',*,*,#2155,.F.);
#3003=ORIENTED_EDGE('',*,*,#2171,.F.);
#3004=ORIENTED_EDGE('',*,*,#2174,.F.);
#3005=ORIENTED_EDGE('',*,*,#2177,.F.);
#3006=ORIENTED_EDGE('',*,*,#2180,.F.);
#3007=ORIENTED_EDGE('',*,*,#2181,.T.);
#3008=ORIENTED_EDGE('',*,*,#2182,.T.);
#3009=ORIENTED_EDGE('',*,*,#2183,.F.);
#3010=ORIENTED_EDGE('',*,*,#2184,.F.);
#3011=ORIENTED_EDGE('',*,*,#2183,.T.);
#3012=ORIENTED_EDGE('',*,*,#2185,.T.);
#3013=ORIENTED_EDGE('',*,*,#2186,.F.);
#3014=ORIENTED_EDGE('',*,*,#2187,.F.);
#3015=ORIENTED_EDGE('',*,*,#2186,.T.);
#3016=ORIENTED_EDGE('',*,*,#2188,.T.);
#3017=ORIENTED_EDGE('',*,*,#2189,.F.);
#3018=ORIENTED_EDGE('',*,*,#2190,.F.);
#3019=ORIENTED_EDGE('',*,*,#2189,.T.);
#3020=ORIENTED_EDGE('',*,*,#2191,.T.);
#3021=ORIENTED_EDGE('',*,*,#2192,.F.);
#3022=ORIENTED_EDGE('',*,*,#2193,.F.);
#3023=ORIENTED_EDGE('',*,*,#2192,.T.);
#3024=ORIENTED_EDGE('',*,*,#2194,.T.);
#3025=ORIENTED_EDGE('',*,*,#2195,.F.);
#3026=ORIENTED_EDGE('',*,*,#2196,.F.);
#3027=ORIENTED_EDGE('',*,*,#2197,.T.);
#3028=ORIENTED_EDGE('',*,*,#2198,.T.);
#3029=ORIENTED_EDGE('',*,*,#2181,.F.);
#3030=ORIENTED_EDGE('',*,*,#2199,.F.);
#3031=ORIENTED_EDGE('',*,*,#2200,.T.);
#3032=ORIENTED_EDGE('',*,*,#2201,.T.);
#3033=ORIENTED_EDGE('',*,*,#2197,.F.);
#3034=ORIENTED_EDGE('',*,*,#2202,.F.);
#3035=ORIENTED_EDGE('',*,*,#2203,.T.);
#3036=ORIENTED_EDGE('',*,*,#2204,.T.);
#3037=ORIENTED_EDGE('',*,*,#2200,.F.);
#3038=ORIENTED_EDGE('',*,*,#2205,.F.);
#3039=ORIENTED_EDGE('',*,*,#2195,.T.);
#3040=ORIENTED_EDGE('',*,*,#2206,.T.);
#3041=ORIENTED_EDGE('',*,*,#2203,.F.);
#3042=ORIENTED_EDGE('',*,*,#2206,.F.);
#3043=ORIENTED_EDGE('',*,*,#2194,.F.);
#3044=ORIENTED_EDGE('',*,*,#2191,.F.);
#3045=ORIENTED_EDGE('',*,*,#2188,.F.);
#3046=ORIENTED_EDGE('',*,*,#2185,.F.);
#3047=ORIENTED_EDGE('',*,*,#2182,.F.);
#3048=ORIENTED_EDGE('',*,*,#2198,.F.);
#3049=ORIENTED_EDGE('',*,*,#2201,.F.);
#3050=ORIENTED_EDGE('',*,*,#2204,.F.);
#3051=ORIENTED_EDGE('',*,*,#2207,.F.);
#3052=ORIENTED_EDGE('',*,*,#2208,.T.);
#3053=ORIENTED_EDGE('',*,*,#2209,.T.);
#3054=ORIENTED_EDGE('',*,*,#2210,.F.);
#3055=ORIENTED_EDGE('',*,*,#2211,.F.);
#3056=ORIENTED_EDGE('',*,*,#2210,.T.);
#3057=ORIENTED_EDGE('',*,*,#2212,.T.);
#3058=ORIENTED_EDGE('',*,*,#2213,.F.);
#3059=ORIENTED_EDGE('',*,*,#2214,.F.);
#3060=ORIENTED_EDGE('',*,*,#2213,.T.);
#3061=ORIENTED_EDGE('',*,*,#2215,.T.);
#3062=ORIENTED_EDGE('',*,*,#2216,.F.);
#3063=ORIENTED_EDGE('',*,*,#2217,.F.);
#3064=ORIENTED_EDGE('',*,*,#2216,.T.);
#3065=ORIENTED_EDGE('',*,*,#2218,.T.);
#3066=ORIENTED_EDGE('',*,*,#2219,.F.);
#3067=ORIENTED_EDGE('',*,*,#2220,.F.);
#3068=ORIENTED_EDGE('',*,*,#2219,.T.);
#3069=ORIENTED_EDGE('',*,*,#2221,.T.);
#3070=ORIENTED_EDGE('',*,*,#2222,.F.);
#3071=ORIENTED_EDGE('',*,*,#2223,.F.);
#3072=ORIENTED_EDGE('',*,*,#2224,.T.);
#3073=ORIENTED_EDGE('',*,*,#2225,.T.);
#3074=ORIENTED_EDGE('',*,*,#2208,.F.);
#3075=ORIENTED_EDGE('',*,*,#2226,.F.);
#3076=ORIENTED_EDGE('',*,*,#2227,.T.);
#3077=ORIENTED_EDGE('',*,*,#2228,.T.);
#3078=ORIENTED_EDGE('',*,*,#2224,.F.);
#3079=ORIENTED_EDGE('',*,*,#2229,.F.);
#3080=ORIENTED_EDGE('',*,*,#2230,.T.);
#3081=ORIENTED_EDGE('',*,*,#2231,.T.);
#3082=ORIENTED_EDGE('',*,*,#2227,.F.);
#3083=ORIENTED_EDGE('',*,*,#2232,.F.);
#3084=ORIENTED_EDGE('',*,*,#2222,.T.);
#3085=ORIENTED_EDGE('',*,*,#2233,.T.);
#3086=ORIENTED_EDGE('',*,*,#2230,.F.);
#3087=ORIENTED_EDGE('',*,*,#2233,.F.);
#3088=ORIENTED_EDGE('',*,*,#2221,.F.);
#3089=ORIENTED_EDGE('',*,*,#2218,.F.);
#3090=ORIENTED_EDGE('',*,*,#2215,.F.);
#3091=ORIENTED_EDGE('',*,*,#2212,.F.);
#3092=ORIENTED_EDGE('',*,*,#2209,.F.);
#3093=ORIENTED_EDGE('',*,*,#2225,.F.);
#3094=ORIENTED_EDGE('',*,*,#2228,.F.);
#3095=ORIENTED_EDGE('',*,*,#2231,.F.);
#3096=ORIENTED_EDGE('',*,*,#2234,.F.);
#3097=ORIENTED_EDGE('',*,*,#2235,.T.);
#3098=ORIENTED_EDGE('',*,*,#2236,.T.);
#3099=ORIENTED_EDGE('',*,*,#2237,.F.);
#3100=ORIENTED_EDGE('',*,*,#2238,.F.);
#3101=ORIENTED_EDGE('',*,*,#2237,.T.);
#3102=ORIENTED_EDGE('',*,*,#2239,.T.);
#3103=ORIENTED_EDGE('',*,*,#2240,.F.);
#3104=ORIENTED_EDGE('',*,*,#2241,.F.);
#3105=ORIENTED_EDGE('',*,*,#2240,.T.);
#3106=ORIENTED_EDGE('',*,*,#2242,.T.);
#3107=ORIENTED_EDGE('',*,*,#2243,.F.);
#3108=ORIENTED_EDGE('',*,*,#2244,.F.);
#3109=ORIENTED_EDGE('',*,*,#2243,.T.);
#3110=ORIENTED_EDGE('',*,*,#2245,.T.);
#3111=ORIENTED_EDGE('',*,*,#2246,.F.);
#3112=ORIENTED_EDGE('',*,*,#2247,.F.);
#3113=ORIENTED_EDGE('',*,*,#2246,.T.);
#3114=ORIENTED_EDGE('',*,*,#2248,.T.);
#3115=ORIENTED_EDGE('',*,*,#2249,.F.);
#3116=ORIENTED_EDGE('',*,*,#2250,.F.);
#3117=ORIENTED_EDGE('',*,*,#2251,.T.);
#3118=ORIENTED_EDGE('',*,*,#2252,.T.);
#3119=ORIENTED_EDGE('',*,*,#2235,.F.);
#3120=ORIENTED_EDGE('',*,*,#2253,.F.);
#3121=ORIENTED_EDGE('',*,*,#2254,.T.);
#3122=ORIENTED_EDGE('',*,*,#2255,.T.);
#3123=ORIENTED_EDGE('',*,*,#2251,.F.);
#3124=ORIENTED_EDGE('',*,*,#2256,.F.);
#3125=ORIENTED_EDGE('',*,*,#2257,.T.);
#3126=ORIENTED_EDGE('',*,*,#2258,.T.);
#3127=ORIENTED_EDGE('',*,*,#2254,.F.);
#3128=ORIENTED_EDGE('',*,*,#2259,.F.);
#3129=ORIENTED_EDGE('',*,*,#2249,.T.);
#3130=ORIENTED_EDGE('',*,*,#2260,.T.);
#3131=ORIENTED_EDGE('',*,*,#2257,.F.);
#3132=ORIENTED_EDGE('',*,*,#2260,.F.);
#3133=ORIENTED_EDGE('',*,*,#2248,.F.);
#3134=ORIENTED_EDGE('',*,*,#2245,.F.);
#3135=ORIENTED_EDGE('',*,*,#2242,.F.);
#3136=ORIENTED_EDGE('',*,*,#2239,.F.);
#3137=ORIENTED_EDGE('',*,*,#2236,.F.);
#3138=ORIENTED_EDGE('',*,*,#2252,.F.);
#3139=ORIENTED_EDGE('',*,*,#2255,.F.);
#3140=ORIENTED_EDGE('',*,*,#2258,.F.);
#3141=ORIENTED_EDGE('',*,*,#2261,.F.);
#3142=ORIENTED_EDGE('',*,*,#2262,.F.);
#3143=ORIENTED_EDGE('',*,*,#2263,.F.);
#3144=ORIENTED_EDGE('',*,*,#2264,.F.);
#3145=ORIENTED_EDGE('',*,*,#2265,.F.);
#3146=ORIENTED_EDGE('',*,*,#2266,.F.);
#3147=ORIENTED_EDGE('',*,*,#2267,.F.);
#3148=ORIENTED_EDGE('',*,*,#2268,.F.);
#3149=ORIENTED_EDGE('',*,*,#2269,.F.);
#3150=ORIENTED_EDGE('',*,*,#2270,.T.);
#3151=ORIENTED_EDGE('',*,*,#2271,.F.);
#3152=ORIENTED_EDGE('',*,*,#2272,.F.);
#3153=ORIENTED_EDGE('',*,*,#2273,.F.);
#3154=ORIENTED_EDGE('',*,*,#2274,.T.);
#3155=ORIENTED_EDGE('',*,*,#2275,.F.);
#3156=ORIENTED_EDGE('',*,*,#2276,.F.);
#3157=ORIENTED_EDGE('',*,*,#2270,.F.);
#3158=ORIENTED_EDGE('',*,*,#2277,.F.);
#3159=ORIENTED_EDGE('',*,*,#2262,.T.);
#3160=ORIENTED_EDGE('',*,*,#2278,.F.);
#3161=ORIENTED_EDGE('',*,*,#2279,.F.);
#3162=ORIENTED_EDGE('',*,*,#2280,.F.);
#3163=ORIENTED_EDGE('',*,*,#2281,.F.);
#3164=ORIENTED_EDGE('',*,*,#2282,.F.);
#3165=ORIENTED_EDGE('',*,*,#2283,.F.);
#3166=ORIENTED_EDGE('',*,*,#2274,.F.);
#3167=ORIENTED_EDGE('',*,*,#2284,.F.);
#3168=ORIENTED_EDGE('',*,*,#2280,.T.);
#3169=ORIENTED_EDGE('',*,*,#2281,.T.);
#3170=ORIENTED_EDGE('',*,*,#2284,.T.);
#3171=ORIENTED_EDGE('',*,*,#2273,.T.);
#3172=ORIENTED_EDGE('',*,*,#2285,.F.);
#3173=ORIENTED_EDGE('',*,*,#2286,.F.);
#3174=ORIENTED_EDGE('',*,*,#2287,.T.);
#3175=ORIENTED_EDGE('',*,*,#2288,.T.);
#3176=ORIENTED_EDGE('',*,*,#2289,.F.);
#3177=ORIENTED_EDGE('',*,*,#2271,.T.);
#3178=ORIENTED_EDGE('',*,*,#2290,.T.);
#3179=ORIENTED_EDGE('',*,*,#2291,.T.);
#3180=ORIENTED_EDGE('',*,*,#2292,.F.);
#3181=ORIENTED_EDGE('',*,*,#2278,.T.);
#3182=ORIENTED_EDGE('',*,*,#2293,.F.);
#3183=ORIENTED_EDGE('',*,*,#2294,.T.);
#3184=ORIENTED_EDGE('',*,*,#2295,.T.);
#3185=ORIENTED_EDGE('',*,*,#2275,.T.);
#3186=ORIENTED_EDGE('',*,*,#2296,.F.);
#3187=ORIENTED_EDGE('',*,*,#2297,.T.);
#3188=ORIENTED_EDGE('',*,*,#2290,.F.);
#3189=ORIENTED_EDGE('',*,*,#2272,.T.);
#3190=ORIENTED_EDGE('',*,*,#2292,.T.);
#3191=ORIENTED_EDGE('',*,*,#2298,.T.);
#3192=ORIENTED_EDGE('',*,*,#2299,.T.);
#3193=ORIENTED_EDGE('',*,*,#2300,.T.);
#3194=ORIENTED_EDGE('',*,*,#2301,.T.);
#3195=ORIENTED_EDGE('',*,*,#2267,.T.);
#3196=ORIENTED_EDGE('',*,*,#2302,.T.);
#3197=ORIENTED_EDGE('',*,*,#2303,.T.);
#3198=ORIENTED_EDGE('',*,*,#2285,.T.);
#3199=ORIENTED_EDGE('',*,*,#2265,.T.);
#3200=ORIENTED_EDGE('',*,*,#2304,.T.);
#3201=ORIENTED_EDGE('',*,*,#2305,.T.);
#3202=ORIENTED_EDGE('',*,*,#2306,.T.);
#3203=ORIENTED_EDGE('',*,*,#2307,.T.);
#3204=ORIENTED_EDGE('',*,*,#2308,.T.);
#3205=ORIENTED_EDGE('',*,*,#2309,.T.);
#3206=ORIENTED_EDGE('',*,*,#2310,.T.);
#3207=ORIENTED_EDGE('',*,*,#2268,.T.);
#3208=ORIENTED_EDGE('',*,*,#2301,.F.);
#3209=ORIENTED_EDGE('',*,*,#2311,.T.);
#3210=ORIENTED_EDGE('',*,*,#2312,.T.);
#3211=ORIENTED_EDGE('',*,*,#2264,.T.);
#3212=ORIENTED_EDGE('',*,*,#2313,.T.);
#3213=ORIENTED_EDGE('',*,*,#2314,.F.);
#3214=ORIENTED_EDGE('',*,*,#2304,.F.);
#3215=ORIENTED_EDGE('',*,*,#2269,.T.);
#3216=ORIENTED_EDGE('',*,*,#2312,.F.);
#3217=ORIENTED_EDGE('',*,*,#2315,.T.);
#3218=ORIENTED_EDGE('',*,*,#2316,.F.);
#3219=ORIENTED_EDGE('',*,*,#2263,.T.);
#3220=ORIENTED_EDGE('',*,*,#2317,.F.);
#3221=ORIENTED_EDGE('',*,*,#2318,.F.);
#3222=ORIENTED_EDGE('',*,*,#2313,.F.);
#3223=ORIENTED_EDGE('',*,*,#2319,.T.);
#3224=ORIENTED_EDGE('',*,*,#2320,.F.);
#3225=ORIENTED_EDGE('',*,*,#2321,.F.);
#3226=ORIENTED_EDGE('',*,*,#2322,.F.);
#3227=ORIENTED_EDGE('',*,*,#2323,.T.);
#3228=ORIENTED_EDGE('',*,*,#2324,.F.);
#3229=ORIENTED_EDGE('',*,*,#2319,.F.);
#3230=ORIENTED_EDGE('',*,*,#2325,.F.);
#3231=ORIENTED_EDGE('',*,*,#2279,.T.);
#3232=ORIENTED_EDGE('',*,*,#2295,.F.);
#3233=ORIENTED_EDGE('',*,*,#2323,.F.);
#3234=ORIENTED_EDGE('',*,*,#2326,.F.);
#3235=ORIENTED_EDGE('',*,*,#2327,.T.);
#3236=ORIENTED_EDGE('',*,*,#2328,.F.);
#3237=ORIENTED_EDGE('',*,*,#2297,.F.);
#3238=ORIENTED_EDGE('',*,*,#2329,.F.);
#3239=ORIENTED_EDGE('',*,*,#2330,.T.);
#3240=ORIENTED_EDGE('',*,*,#2331,.F.);
#3241=ORIENTED_EDGE('',*,*,#2332,.F.);
#3242=ORIENTED_EDGE('',*,*,#2333,.F.);
#3243=ORIENTED_EDGE('',*,*,#2318,.T.);
#3244=ORIENTED_EDGE('',*,*,#2334,.F.);
#3245=ORIENTED_EDGE('',*,*,#2330,.F.);
#3246=ORIENTED_EDGE('',*,*,#2335,.F.);
#3247=ORIENTED_EDGE('',*,*,#2336,.T.);
#3248=ORIENTED_EDGE('',*,*,#2337,.F.);
#3249=ORIENTED_EDGE('',*,*,#2315,.F.);
#3250=ORIENTED_EDGE('',*,*,#2338,.F.);
#3251=ORIENTED_EDGE('',*,*,#2339,.F.);
#3252=ORIENTED_EDGE('',*,*,#2336,.F.);
#3253=ORIENTED_EDGE('',*,*,#2340,.F.);
#3254=ORIENTED_EDGE('',*,*,#2327,.F.);
#3255=ORIENTED_EDGE('',*,*,#2320,.T.);
#3256=ORIENTED_EDGE('',*,*,#2341,.F.);
#3257=ORIENTED_EDGE('',*,*,#2342,.F.);
#3258=ORIENTED_EDGE('',*,*,#2343,.T.);
#3259=ORIENTED_EDGE('',*,*,#2324,.T.);
#3260=ORIENTED_EDGE('',*,*,#2294,.F.);
#3261=ORIENTED_EDGE('',*,*,#2344,.F.);
#3262=ORIENTED_EDGE('',*,*,#2341,.T.);
#3263=ORIENTED_EDGE('',*,*,#2331,.T.);
#3264=ORIENTED_EDGE('',*,*,#2345,.T.);
#3265=ORIENTED_EDGE('',*,*,#2346,.T.);
#3266=ORIENTED_EDGE('',*,*,#2347,.T.);
#3267=ORIENTED_EDGE('',*,*,#2334,.T.);
#3268=ORIENTED_EDGE('',*,*,#2348,.T.);
#3269=ORIENTED_EDGE('',*,*,#2349,.T.);
#3270=ORIENTED_EDGE('',*,*,#2345,.F.);
#3271=ORIENTED_EDGE('',*,*,#2328,.T.);
#3272=ORIENTED_EDGE('',*,*,#2350,.F.);
#3273=ORIENTED_EDGE('',*,*,#2298,.F.);
#3274=ORIENTED_EDGE('',*,*,#2291,.F.);
#3275=ORIENTED_EDGE('',*,*,#2317,.T.);
#3276=ORIENTED_EDGE('',*,*,#2277,.T.);
#3277=ORIENTED_EDGE('',*,*,#2316,.T.);
#3278=ORIENTED_EDGE('',*,*,#2351,.T.);
#3279=ORIENTED_EDGE('',*,*,#2352,.T.);
#3280=ORIENTED_EDGE('',*,*,#2348,.F.);
#3281=ORIENTED_EDGE('',*,*,#2340,.T.);
#3282=ORIENTED_EDGE('',*,*,#2353,.T.);
#3283=ORIENTED_EDGE('',*,*,#2299,.F.);
#3284=ORIENTED_EDGE('',*,*,#2350,.T.);
#3285=ORIENTED_EDGE('',*,*,#2337,.T.);
#3286=ORIENTED_EDGE('',*,*,#2354,.F.);
#3287=ORIENTED_EDGE('',*,*,#2355,.F.);
#3288=ORIENTED_EDGE('',*,*,#2351,.F.);
#3289=ORIENTED_EDGE('',*,*,#2282,.T.);
#3290=ORIENTED_EDGE('',*,*,#2289,.T.);
#3291=ORIENTED_EDGE('',*,*,#2356,.T.);
#3292=ORIENTED_EDGE('',*,*,#2357,.T.);
#3293=ORIENTED_EDGE('',*,*,#2358,.T.);
#3294=ORIENTED_EDGE('',*,*,#2342,.T.);
#3295=ORIENTED_EDGE('',*,*,#2344,.T.);
#3296=ORIENTED_EDGE('',*,*,#2293,.T.);
#3297=ORIENTED_EDGE('',*,*,#2322,.T.);
#3298=ORIENTED_EDGE('',*,*,#2359,.T.);
#3299=ORIENTED_EDGE('',*,*,#2360,.T.);
#3300=ORIENTED_EDGE('',*,*,#2361,.F.);
#3301=ORIENTED_EDGE('',*,*,#2333,.T.);
#3302=ORIENTED_EDGE('',*,*,#2362,.T.);
#3303=ORIENTED_EDGE('',*,*,#2306,.F.);
#3304=ORIENTED_EDGE('',*,*,#2363,.T.);
#3305=ORIENTED_EDGE('',*,*,#2364,.T.);
#3306=ORIENTED_EDGE('',*,*,#2357,.F.);
#3307=ORIENTED_EDGE('',*,*,#2365,.F.);
#3308=ORIENTED_EDGE('',*,*,#2366,.T.);
#3309=ORIENTED_EDGE('',*,*,#2367,.T.);
#3310=ORIENTED_EDGE('',*,*,#2368,.T.);
#3311=ORIENTED_EDGE('',*,*,#2369,.T.);
#3312=ORIENTED_EDGE('',*,*,#2308,.F.);
#3313=ORIENTED_EDGE('',*,*,#2370,.T.);
#3314=ORIENTED_EDGE('',*,*,#2371,.T.);
#3315=ORIENTED_EDGE('',*,*,#2372,.T.);
#3316=ORIENTED_EDGE('',*,*,#2366,.F.);
#3317=ORIENTED_EDGE('',*,*,#2373,.T.);
#3318=ORIENTED_EDGE('',*,*,#2287,.F.);
#3319=ORIENTED_EDGE('',*,*,#2374,.F.);
#3320=ORIENTED_EDGE('',*,*,#2375,.F.);
#3321=ORIENTED_EDGE('',*,*,#2376,.T.);
#3322=ORIENTED_EDGE('',*,*,#2368,.F.);
#3323=ORIENTED_EDGE('',*,*,#2166,.T.);
#3324=ORIENTED_EDGE('',*,*,#2178,.T.);
#3325=ORIENTED_EDGE('',*,*,#2175,.T.);
#3326=ORIENTED_EDGE('',*,*,#2172,.T.);
#3327=ORIENTED_EDGE('',*,*,#2169,.T.);
#3328=ORIENTED_EDGE('',*,*,#2153,.T.);
#3329=ORIENTED_EDGE('',*,*,#2157,.T.);
#3330=ORIENTED_EDGE('',*,*,#2160,.T.);
#3331=ORIENTED_EDGE('',*,*,#2163,.T.);
#3332=ORIENTED_EDGE('',*,*,#2193,.T.);
#3333=ORIENTED_EDGE('',*,*,#2205,.T.);
#3334=ORIENTED_EDGE('',*,*,#2202,.T.);
#3335=ORIENTED_EDGE('',*,*,#2199,.T.);
#3336=ORIENTED_EDGE('',*,*,#2196,.T.);
#3337=ORIENTED_EDGE('',*,*,#2180,.T.);
#3338=ORIENTED_EDGE('',*,*,#2184,.T.);
#3339=ORIENTED_EDGE('',*,*,#2187,.T.);
#3340=ORIENTED_EDGE('',*,*,#2190,.T.);
#3341=ORIENTED_EDGE('',*,*,#2220,.T.);
#3342=ORIENTED_EDGE('',*,*,#2232,.T.);
#3343=ORIENTED_EDGE('',*,*,#2229,.T.);
#3344=ORIENTED_EDGE('',*,*,#2226,.T.);
#3345=ORIENTED_EDGE('',*,*,#2223,.T.);
#3346=ORIENTED_EDGE('',*,*,#2207,.T.);
#3347=ORIENTED_EDGE('',*,*,#2211,.T.);
#3348=ORIENTED_EDGE('',*,*,#2214,.T.);
#3349=ORIENTED_EDGE('',*,*,#2217,.T.);
#3350=ORIENTED_EDGE('',*,*,#2247,.T.);
#3351=ORIENTED_EDGE('',*,*,#2259,.T.);
#3352=ORIENTED_EDGE('',*,*,#2256,.T.);
#3353=ORIENTED_EDGE('',*,*,#2253,.T.);
#3354=ORIENTED_EDGE('',*,*,#2250,.T.);
#3355=ORIENTED_EDGE('',*,*,#2234,.T.);
#3356=ORIENTED_EDGE('',*,*,#2238,.T.);
#3357=ORIENTED_EDGE('',*,*,#2241,.T.);
#3358=ORIENTED_EDGE('',*,*,#2244,.T.);
#3359=ORIENTED_EDGE('',*,*,#2377,.T.);
#3360=ORIENTED_EDGE('',*,*,#2378,.T.);
#3361=ORIENTED_EDGE('',*,*,#2379,.T.);
#3362=ORIENTED_EDGE('',*,*,#2380,.T.);
#3363=ORIENTED_EDGE('',*,*,#2338,.T.);
#3364=ORIENTED_EDGE('',*,*,#2311,.F.);
#3365=ORIENTED_EDGE('',*,*,#2300,.F.);
#3366=ORIENTED_EDGE('',*,*,#2353,.F.);
#3367=ORIENTED_EDGE('',*,*,#2339,.T.);
#3368=ORIENTED_EDGE('',*,*,#2381,.T.);
#3369=ORIENTED_EDGE('',*,*,#2382,.T.);
#3370=ORIENTED_EDGE('',*,*,#2354,.T.);
#3371=ORIENTED_EDGE('',*,*,#2329,.T.);
#3372=ORIENTED_EDGE('',*,*,#2383,.F.);
#3373=ORIENTED_EDGE('',*,*,#2384,.F.);
#3374=ORIENTED_EDGE('',*,*,#2381,.F.);
#3375=ORIENTED_EDGE('',*,*,#2335,.T.);
#3376=ORIENTED_EDGE('',*,*,#2363,.F.);
#3377=ORIENTED_EDGE('',*,*,#2305,.F.);
#3378=ORIENTED_EDGE('',*,*,#2314,.T.);
#3379=ORIENTED_EDGE('',*,*,#2296,.T.);
#3380=ORIENTED_EDGE('',*,*,#2283,.T.);
#3381=ORIENTED_EDGE('',*,*,#2326,.T.);
#3382=ORIENTED_EDGE('',*,*,#2385,.T.);
#3383=ORIENTED_EDGE('',*,*,#2386,.T.);
#3384=ORIENTED_EDGE('',*,*,#2383,.T.);
#3385=ORIENTED_EDGE('',*,*,#2325,.T.);
#3386=ORIENTED_EDGE('',*,*,#2361,.T.);
#3387=ORIENTED_EDGE('',*,*,#2387,.T.);
#3388=ORIENTED_EDGE('',*,*,#2385,.F.);
#3389=ORIENTED_EDGE('',*,*,#2388,.T.);
#3390=ORIENTED_EDGE('',*,*,#2389,.F.);
#3391=ORIENTED_EDGE('',*,*,#2378,.F.);
#3392=ORIENTED_EDGE('',*,*,#2390,.T.);
#3393=ORIENTED_EDGE('',*,*,#2391,.T.);
#3394=ORIENTED_EDGE('',*,*,#2392,.T.);
#3395=ORIENTED_EDGE('',*,*,#2393,.T.);
#3396=ORIENTED_EDGE('',*,*,#2394,.F.);
#3397=ORIENTED_EDGE('',*,*,#2395,.T.);
#3398=ORIENTED_EDGE('',*,*,#2396,.F.);
#3399=ORIENTED_EDGE('',*,*,#2379,.F.);
#3400=ORIENTED_EDGE('',*,*,#2389,.T.);
#3401=ORIENTED_EDGE('',*,*,#2397,.T.);
#3402=ORIENTED_EDGE('',*,*,#2398,.T.);
#3403=ORIENTED_EDGE('',*,*,#2380,.F.);
#3404=ORIENTED_EDGE('',*,*,#2396,.T.);
#3405=ORIENTED_EDGE('',*,*,#2399,.F.);
#3406=ORIENTED_EDGE('',*,*,#2400,.F.);
#3407=ORIENTED_EDGE('',*,*,#2401,.T.);
#3408=ORIENTED_EDGE('',*,*,#2402,.T.);
#3409=ORIENTED_EDGE('',*,*,#2403,.F.);
#3410=ORIENTED_EDGE('',*,*,#2404,.F.);
#3411=ORIENTED_EDGE('',*,*,#2405,.F.);
#3412=ORIENTED_EDGE('',*,*,#2406,.T.);
#3413=ORIENTED_EDGE('',*,*,#2401,.F.);
#3414=ORIENTED_EDGE('',*,*,#2407,.F.);
#3415=ORIENTED_EDGE('',*,*,#2408,.F.);
#3416=ORIENTED_EDGE('',*,*,#2409,.F.);
#3417=ORIENTED_EDGE('',*,*,#2403,.T.);
#3418=ORIENTED_EDGE('',*,*,#2410,.T.);
#3419=ORIENTED_EDGE('',*,*,#2411,.F.);
#3420=ORIENTED_EDGE('',*,*,#2410,.F.);
#3421=ORIENTED_EDGE('',*,*,#2402,.F.);
#3422=ORIENTED_EDGE('',*,*,#2406,.F.);
#3423=ORIENTED_EDGE('',*,*,#2399,.T.);
#3424=ORIENTED_EDGE('',*,*,#2412,.T.);
#3425=ORIENTED_EDGE('',*,*,#2413,.F.);
#3426=ORIENTED_EDGE('',*,*,#2414,.F.);
#3427=ORIENTED_EDGE('',*,*,#2404,.T.);
#3428=ORIENTED_EDGE('',*,*,#2409,.T.);
#3429=ORIENTED_EDGE('',*,*,#2415,.F.);
#3430=ORIENTED_EDGE('',*,*,#2416,.F.);
#3431=ORIENTED_EDGE('',*,*,#2417,.F.);
#3432=ORIENTED_EDGE('',*,*,#2412,.F.);
#3433=ORIENTED_EDGE('',*,*,#2418,.F.);
#3434=ORIENTED_EDGE('',*,*,#2419,.T.);
#3435=ORIENTED_EDGE('',*,*,#2416,.T.);
#3436=ORIENTED_EDGE('',*,*,#2420,.F.);
#3437=ORIENTED_EDGE('',*,*,#2421,.F.);
#3438=ORIENTED_EDGE('',*,*,#2413,.T.);
#3439=ORIENTED_EDGE('',*,*,#2417,.T.);
#3440=ORIENTED_EDGE('',*,*,#2419,.F.);
#3441=ORIENTED_EDGE('',*,*,#2405,.T.);
#3442=ORIENTED_EDGE('',*,*,#2422,.F.);
#3443=ORIENTED_EDGE('',*,*,#2423,.T.);
#3444=ORIENTED_EDGE('',*,*,#2424,.T.);
#3445=ORIENTED_EDGE('',*,*,#2392,.F.);
#3446=ORIENTED_EDGE('',*,*,#2425,.F.);
#3447=ORIENTED_EDGE('',*,*,#2420,.T.);
#3448=ORIENTED_EDGE('',*,*,#2415,.T.);
#3449=ORIENTED_EDGE('',*,*,#2408,.T.);
#3450=ORIENTED_EDGE('',*,*,#2411,.T.);
#3451=ORIENTED_EDGE('',*,*,#2426,.F.);
#3452=ORIENTED_EDGE('',*,*,#2427,.F.);
#3453=ORIENTED_EDGE('',*,*,#2393,.F.);
#3454=ORIENTED_EDGE('',*,*,#2424,.F.);
#3455=ORIENTED_EDGE('',*,*,#2428,.F.);
#3456=ORIENTED_EDGE('',*,*,#2429,.F.);
#3457=ORIENTED_EDGE('',*,*,#2430,.F.);
#3458=ORIENTED_EDGE('',*,*,#2431,.F.);
#3459=ORIENTED_EDGE('',*,*,#2432,.F.);
#3460=ORIENTED_EDGE('',*,*,#2433,.F.);
#3461=ORIENTED_EDGE('',*,*,#2429,.T.);
#3462=ORIENTED_EDGE('',*,*,#2434,.F.);
#3463=ORIENTED_EDGE('',*,*,#2435,.F.);
#3464=ORIENTED_EDGE('',*,*,#2394,.T.);
#3465=ORIENTED_EDGE('',*,*,#2427,.T.);
#3466=ORIENTED_EDGE('',*,*,#2436,.F.);
#3467=ORIENTED_EDGE('',*,*,#2436,.T.);
#3468=ORIENTED_EDGE('',*,*,#2426,.T.);
#3469=ORIENTED_EDGE('',*,*,#2437,.F.);
#3470=ORIENTED_EDGE('',*,*,#2370,.F.);
#3471=ORIENTED_EDGE('',*,*,#2367,.F.);
#3472=ORIENTED_EDGE('',*,*,#2307,.F.);
#3473=ORIENTED_EDGE('',*,*,#2362,.F.);
#3474=ORIENTED_EDGE('',*,*,#2332,.T.);
#3475=ORIENTED_EDGE('',*,*,#2347,.F.);
#3476=ORIENTED_EDGE('',*,*,#2438,.F.);
#3477=ORIENTED_EDGE('',*,*,#2439,.T.);
#3478=ORIENTED_EDGE('',*,*,#2434,.T.);
#3479=ORIENTED_EDGE('',*,*,#2428,.T.);
#3480=ORIENTED_EDGE('',*,*,#2423,.F.);
#3481=ORIENTED_EDGE('',*,*,#2431,.T.);
#3482=ORIENTED_EDGE('',*,*,#2440,.F.);
#3483=ORIENTED_EDGE('',*,*,#2371,.F.);
#3484=ORIENTED_EDGE('',*,*,#2437,.T.);
#3485=ORIENTED_EDGE('',*,*,#2438,.T.);
#3486=ORIENTED_EDGE('',*,*,#2346,.F.);
#3487=ORIENTED_EDGE('',*,*,#2349,.F.);
#3488=ORIENTED_EDGE('',*,*,#2352,.F.);
#3489=ORIENTED_EDGE('',*,*,#2355,.T.);
#3490=ORIENTED_EDGE('',*,*,#2382,.F.);
#3491=ORIENTED_EDGE('',*,*,#2384,.T.);
#3492=ORIENTED_EDGE('',*,*,#2386,.F.);
#3493=ORIENTED_EDGE('',*,*,#2387,.F.);
#3494=ORIENTED_EDGE('',*,*,#2360,.F.);
#3495=ORIENTED_EDGE('',*,*,#2441,.T.);
#3496=ORIENTED_EDGE('',*,*,#2432,.T.);
#3497=ORIENTED_EDGE('',*,*,#2439,.F.);
#3498=ORIENTED_EDGE('',*,*,#2422,.T.);
#3499=ORIENTED_EDGE('',*,*,#2407,.T.);
#3500=ORIENTED_EDGE('',*,*,#2400,.T.);
#3501=ORIENTED_EDGE('',*,*,#2414,.T.);
#3502=ORIENTED_EDGE('',*,*,#2421,.T.);
#3503=ORIENTED_EDGE('',*,*,#2418,.T.);
#3504=ORIENTED_EDGE('',*,*,#2425,.T.);
#3505=ORIENTED_EDGE('',*,*,#2391,.F.);
#3506=ORIENTED_EDGE('',*,*,#2435,.T.);
#3507=ORIENTED_EDGE('',*,*,#2442,.T.);
#3508=ORIENTED_EDGE('',*,*,#2397,.F.);
#3509=ORIENTED_EDGE('',*,*,#2395,.F.);
#3510=ORIENTED_EDGE('',*,*,#2388,.F.);
#3511=ORIENTED_EDGE('',*,*,#2430,.T.);
#3512=ORIENTED_EDGE('',*,*,#2433,.T.);
#3513=ORIENTED_EDGE('',*,*,#2441,.F.);
#3514=ORIENTED_EDGE('',*,*,#2359,.F.);
#3515=ORIENTED_EDGE('',*,*,#2321,.T.);
#3516=ORIENTED_EDGE('',*,*,#2343,.F.);
#3517=ORIENTED_EDGE('',*,*,#2358,.F.);
#3518=ORIENTED_EDGE('',*,*,#2364,.F.);
#3519=ORIENTED_EDGE('',*,*,#2372,.F.);
#3520=ORIENTED_EDGE('',*,*,#2440,.T.);
#3521=ORIENTED_EDGE('',*,*,#2377,.F.);
#3522=ORIENTED_EDGE('',*,*,#2398,.F.);
#3523=ORIENTED_EDGE('',*,*,#2442,.F.);
#3524=ORIENTED_EDGE('',*,*,#2390,.F.);
#3525=ORIENTED_EDGE('',*,*,#2373,.F.);
#3526=ORIENTED_EDGE('',*,*,#2365,.T.);
#3527=ORIENTED_EDGE('',*,*,#2356,.F.);
#3528=ORIENTED_EDGE('',*,*,#2288,.F.);
#3529=ORIENTED_EDGE('',*,*,#2374,.T.);
#3530=ORIENTED_EDGE('',*,*,#2286,.T.);
#3531=ORIENTED_EDGE('',*,*,#2303,.F.);
#3532=ORIENTED_EDGE('',*,*,#2443,.F.);
#3533=ORIENTED_EDGE('',*,*,#2261,.T.);
#3534=ORIENTED_EDGE('',*,*,#2310,.F.);
#3535=ORIENTED_EDGE('',*,*,#2444,.F.);
#3536=ORIENTED_EDGE('',*,*,#2375,.T.);
#3537=ORIENTED_EDGE('',*,*,#2443,.T.);
#3538=ORIENTED_EDGE('',*,*,#2302,.F.);
#3539=ORIENTED_EDGE('',*,*,#2266,.T.);
#3540=ORIENTED_EDGE('',*,*,#2276,.T.);
#3541=ORIENTED_EDGE('',*,*,#2376,.F.);
#3542=ORIENTED_EDGE('',*,*,#2444,.T.);
#3543=ORIENTED_EDGE('',*,*,#2309,.F.);
#3544=ORIENTED_EDGE('',*,*,#2369,.F.);
#3545=PLANE('',#3943);
#3546=PLANE('',#3947);
#3547=PLANE('',#3948);
#3548=PLANE('',#3949);
#3549=PLANE('',#3950);
#3550=PLANE('',#3951);
#3551=PLANE('',#3952);
#3552=PLANE('',#3953);
#3553=PLANE('',#3954);
#3554=PLANE('',#3958);
#3555=PLANE('',#3959);
#3556=PLANE('',#3960);
#3557=PLANE('',#3961);
#3558=PLANE('',#3962);
#3559=PLANE('',#3963);
#3560=PLANE('',#3964);
#3561=PLANE('',#3965);
#3562=PLANE('',#3966);
#3563=PLANE('',#3967);
#3564=PLANE('',#3971);
#3565=PLANE('',#3972);
#3566=PLANE('',#3973);
#3567=PLANE('',#3974);
#3568=PLANE('',#3975);
#3569=PLANE('',#3976);
#3570=PLANE('',#3977);
#3571=PLANE('',#3978);
#3572=PLANE('',#3982);
#3573=PLANE('',#3983);
#3574=PLANE('',#3984);
#3575=PLANE('',#3985);
#3576=PLANE('',#3986);
#3577=PLANE('',#3987);
#3578=PLANE('',#3988);
#3579=PLANE('',#3989);
#3580=PLANE('',#3990);
#3581=PLANE('',#3994);
#3582=PLANE('',#3998);
#3583=PLANE('',#4002);
#3584=PLANE('',#4006);
#3585=PLANE('',#4010);
#3586=PLANE('',#4011);
#3587=PLANE('',#4012);
#3588=PLANE('',#4013);
#3589=PLANE('',#4014);
#3590=PLANE('',#4015);
#3591=PLANE('',#4016);
#3592=PLANE('',#4017);
#3593=PLANE('',#4018);
#3594=PLANE('',#4019);
#3595=PLANE('',#4020);
#3596=PLANE('',#4021);
#3597=PLANE('',#4027);
#3598=PLANE('',#4028);
#3599=PLANE('',#4034);
#3600=PLANE('',#4060);
#3601=PLANE('',#4063);
#3602=PLANE('',#4067);
#3603=PLANE('',#4068);
#3604=PLANE('',#4072);
#3605=PLANE('',#4073);
#3606=PLANE('',#4077);
#3607=PLANE('',#4078);
#3608=PLANE('',#4082);
#3609=PLANE('',#4085);
#3610=PLANE('',#4086);
#3611=PLANE('',#4087);
#3612=PLANE('',#4088);
#3613=PLANE('',#4089);
#3614=PLANE('',#4092);
#3615=PLANE('',#4093);
#3616=PLANE('',#4094);
#3617=PLANE('',#4097);
#3618=PLANE('',#4099);
#3619=PLANE('',#4100);
#3620=PLANE('',#4101);
#3621=PLANE('',#4102);
#3622=PLANE('',#4103);
#3623=PLANE('',#4104);
#3624=PLANE('',#4108);
#3625=PLANE('',#4109);
#3626=PLANE('',#4110);
#3627=PLANE('',#4111);
#3628=PLANE('',#4112);
#3629=PLANE('',#4113);
#3630=PLANE('',#4114);
#3631=PLANE('',#4115);
#3632=PLANE('',#4116);
#3633=PLANE('',#4120);
#3634=PLANE('',#4121);
#3635=PLANE('',#4122);
#3636=PLANE('',#4123);
#3637=PLANE('',#4124);
#3638=PLANE('',#4125);
#3639=PLANE('',#4126);
#3640=PLANE('',#4130);
#3641=PLANE('',#4131);
#3642=PLANE('',#4132);
#3643=PLANE('',#4133);
#3644=PLANE('',#4134);
#3645=PLANE('',#4135);
#3646=PLANE('',#4136);
#3647=PLANE('',#4137);
#3648=PLANE('',#4138);
#3649=PLANE('',#4142);
#3650=PLANE('',#4143);
#3651=PLANE('',#4144);
#3652=PLANE('',#4145);
#3653=PLANE('',#4146);
#3654=PLANE('',#4147);
#3655=PLANE('',#4149);
#3656=PLANE('',#4151);
#3657=PLANE('',#4153);
#3658=PLANE('',#4154);
#3659=PLANE('',#4156);
#3660=PLANE('',#4157);
#3661=PLANE('',#4158);
#3662=PLANE('',#4159);
#3663=PLANE('',#4162);
#3664=PLANE('',#4165);
#3665=PLANE('',#4168);
#3666=PLANE('',#4169);
#3667=PLANE('',#4197);
#3668=PLANE('',#4200);
#3669=PLANE('',#4204);
#3670=PLANE('',#4205);
#3671=PLANE('',#4208);
#3672=PLANE('',#4210);
#3673=PLANE('',#4211);
#3674=PLANE('',#4212);
#3675=PLANE('',#4213);
#3676=PLANE('',#4214);
#3677=PLANE('',#4218);
#3678=PLANE('',#4222);
#3679=PLANE('',#4225);
#3680=PLANE('',#4226);
#3681=PLANE('',#4227);
#3682=PLANE('',#4228);
#3683=PLANE('',#4229);
#3684=PLANE('',#4230);
#3685=PLANE('',#4231);
#3686=PLANE('',#4232);
#3687=PLANE('',#4233);
#3688=PLANE('',#4234);
#3689=PLANE('',#4235);
#3690=PLANE('',#4236);
#3691=PLANE('',#4237);
#3692=PLANE('',#4238);
#3693=PLANE('',#4239);
#3694=PLANE('',#4240);
#3695=PLANE('',#4241);
#3696=PLANE('',#4242);
#3697=PLANE('',#4243);
#3698=PLANE('',#4244);
#3699=PLANE('',#4245);
#3700=PLANE('',#4246);
#3701=PLANE('',#4248);
#3702=PLANE('',#4249);
#3703=ADVANCED_FACE('',(#194),#3545,.F.);
#3704=ADVANCED_FACE('',(#195),#155,.F.);
#3705=ADVANCED_FACE('',(#196),#3546,.F.);
#3706=ADVANCED_FACE('',(#197),#3547,.F.);
#3707=ADVANCED_FACE('',(#198),#3548,.F.);
#3708=ADVANCED_FACE('',(#199),#3549,.F.);
#3709=ADVANCED_FACE('',(#200),#3550,.F.);
#3710=ADVANCED_FACE('',(#201),#3551,.F.);
#3711=ADVANCED_FACE('',(#202),#3552,.F.);
#3712=ADVANCED_FACE('',(#203),#3553,.F.);
#3713=ADVANCED_FACE('',(#204),#156,.F.);
#3714=ADVANCED_FACE('',(#205),#3554,.F.);
#3715=ADVANCED_FACE('',(#206),#3555,.F.);
#3716=ADVANCED_FACE('',(#207),#3556,.F.);
#3717=ADVANCED_FACE('',(#208),#3557,.F.);
#3718=ADVANCED_FACE('',(#209),#3558,.F.);
#3719=ADVANCED_FACE('',(#210),#3559,.F.);
#3720=ADVANCED_FACE('',(#211),#3560,.F.);
#3721=ADVANCED_FACE('',(#212),#3561,.F.);
#3722=ADVANCED_FACE('',(#213),#3562,.F.);
#3723=ADVANCED_FACE('',(#214),#3563,.F.);
#3724=ADVANCED_FACE('',(#215),#157,.F.);
#3725=ADVANCED_FACE('',(#216),#3564,.F.);
#3726=ADVANCED_FACE('',(#217),#3565,.F.);
#3727=ADVANCED_FACE('',(#218),#3566,.F.);
#3728=ADVANCED_FACE('',(#219),#3567,.F.);
#3729=ADVANCED_FACE('',(#220),#3568,.F.);
#3730=ADVANCED_FACE('',(#221),#3569,.F.);
#3731=ADVANCED_FACE('',(#222),#3570,.F.);
#3732=ADVANCED_FACE('',(#223),#3571,.F.);
#3733=ADVANCED_FACE('',(#224),#158,.F.);
#3734=ADVANCED_FACE('',(#225),#3572,.F.);
#3735=ADVANCED_FACE('',(#226),#3573,.F.);
#3736=ADVANCED_FACE('',(#227),#3574,.F.);
#3737=ADVANCED_FACE('',(#228),#3575,.F.);
#3738=ADVANCED_FACE('',(#229),#3576,.F.);
#3739=ADVANCED_FACE('',(#230),#3577,.F.);
#3740=ADVANCED_FACE('',(#231),#3578,.F.);
#3741=ADVANCED_FACE('',(#232),#3579,.F.);
#3742=ADVANCED_FACE('',(#233),#3580,.F.);
#3743=ADVANCED_FACE('',(#234),#159,.F.);
#3744=ADVANCED_FACE('',(#235),#3581,.F.);
#3745=ADVANCED_FACE('',(#236),#160,.F.);
#3746=ADVANCED_FACE('',(#237),#3582,.F.);
#3747=ADVANCED_FACE('',(#238),#161,.F.);
#3748=ADVANCED_FACE('',(#239),#3583,.F.);
#3749=ADVANCED_FACE('',(#240),#162,.F.);
#3750=ADVANCED_FACE('',(#241),#3584,.F.);
#3751=ADVANCED_FACE('',(#242),#163,.F.);
#3752=ADVANCED_FACE('',(#243),#3585,.F.);
#3753=ADVANCED_FACE('',(#244),#3586,.F.);
#3754=ADVANCED_FACE('',(#245),#3587,.F.);
#3755=ADVANCED_FACE('',(#246,#48),#3588,.T.);
#3756=ADVANCED_FACE('',(#247),#3589,.F.);
#3757=ADVANCED_FACE('',(#248),#3590,.F.);
#3758=ADVANCED_FACE('',(#249),#3591,.T.);
#3759=ADVANCED_FACE('',(#250),#3592,.T.);
#3760=ADVANCED_FACE('',(#251),#3593,.T.);
#3761=ADVANCED_FACE('',(#252),#3594,.T.);
#3762=ADVANCED_FACE('',(#253),#3595,.T.);
#3763=ADVANCED_FACE('',(#254),#3596,.F.);
#3764=ADVANCED_FACE('',(#255),#164,.F.);
#3765=ADVANCED_FACE('',(#256),#3597,.F.);
#3766=ADVANCED_FACE('',(#257),#3598,.F.);
#3767=ADVANCED_FACE('',(#258),#165,.F.);
#3768=ADVANCED_FACE('',(#259),#3599,.F.);
#3769=ADVANCED_FACE('',(#260),#166,.F.);
#3770=ADVANCED_FACE('',(#261),#40,.F.);
#3771=ADVANCED_FACE('',(#262),#167,.F.);
#3772=ADVANCED_FACE('',(#263),#41,.F.);
#3773=ADVANCED_FACE('',(#264),#168,.F.);
#3774=ADVANCED_FACE('',(#265),#42,.F.);
#3775=ADVANCED_FACE('',(#266),#169,.F.);
#3776=ADVANCED_FACE('',(#267),#43,.F.);
#3777=ADVANCED_FACE('',(#268),#3600,.F.);
#3778=ADVANCED_FACE('',(#269),#170,.F.);
#3779=ADVANCED_FACE('',(#270),#3601,.F.);
#3780=ADVANCED_FACE('',(#271),#32,.T.);
#3781=ADVANCED_FACE('',(#272),#33,.T.);
#3782=ADVANCED_FACE('',(#273),#3602,.T.);
#3783=ADVANCED_FACE('',(#274),#3603,.T.);
#3784=ADVANCED_FACE('',(#275),#34,.T.);
#3785=ADVANCED_FACE('',(#276),#35,.T.);
#3786=ADVANCED_FACE('',(#277),#3604,.T.);
#3787=ADVANCED_FACE('',(#278),#3605,.T.);
#3788=ADVANCED_FACE('',(#279),#36,.T.);
#3789=ADVANCED_FACE('',(#280),#37,.T.);
#3790=ADVANCED_FACE('',(#281),#3606,.T.);
#3791=ADVANCED_FACE('',(#282),#3607,.T.);
#3792=ADVANCED_FACE('',(#283),#38,.T.);
#3793=ADVANCED_FACE('',(#284),#39,.T.);
#3794=ADVANCED_FACE('',(#285),#3608,.T.);
#3795=ADVANCED_FACE('',(#286),#3609,.F.);
#3796=ADVANCED_FACE('',(#287),#3610,.F.);
#3797=ADVANCED_FACE('',(#288,#49),#3611,.F.);
#3798=ADVANCED_FACE('',(#289),#3612,.T.);
#3799=ADVANCED_FACE('',(#290),#3613,.T.);
#3800=ADVANCED_FACE('',(#291),#171,.T.);
#3801=ADVANCED_FACE('',(#292),#3614,.T.);
#3802=ADVANCED_FACE('',(#293),#3615,.T.);
#3803=ADVANCED_FACE('',(#294),#3616,.T.);
#3804=ADVANCED_FACE('',(#295),#172,.T.);
#3805=ADVANCED_FACE('',(#296,#50,#51,#52,#53,#54),#3617,.F.);
#3806=ADVANCED_FACE('',(#297),#3618,.F.);
#3807=ADVANCED_FACE('',(#298),#3619,.F.);
#3808=ADVANCED_FACE('',(#299),#3620,.F.);
#3809=ADVANCED_FACE('',(#300),#3621,.F.);
#3810=ADVANCED_FACE('',(#301),#3622,.F.);
#3811=ADVANCED_FACE('',(#302),#3623,.F.);
#3812=ADVANCED_FACE('',(#303),#173,.F.);
#3813=ADVANCED_FACE('',(#304),#3624,.F.);
#3814=ADVANCED_FACE('',(#305),#3625,.F.);
#3815=ADVANCED_FACE('',(#306),#3626,.T.);
#3816=ADVANCED_FACE('',(#307),#3627,.F.);
#3817=ADVANCED_FACE('',(#308),#3628,.F.);
#3818=ADVANCED_FACE('',(#309),#3629,.F.);
#3819=ADVANCED_FACE('',(#310),#3630,.F.);
#3820=ADVANCED_FACE('',(#311),#3631,.F.);
#3821=ADVANCED_FACE('',(#312),#3632,.F.);
#3822=ADVANCED_FACE('',(#313),#174,.F.);
#3823=ADVANCED_FACE('',(#314),#3633,.F.);
#3824=ADVANCED_FACE('',(#315),#3634,.F.);
#3825=ADVANCED_FACE('',(#316),#3635,.T.);
#3826=ADVANCED_FACE('',(#317),#3636,.F.);
#3827=ADVANCED_FACE('',(#318),#3637,.F.);
#3828=ADVANCED_FACE('',(#319),#3638,.F.);
#3829=ADVANCED_FACE('',(#320),#3639,.F.);
#3830=ADVANCED_FACE('',(#321),#175,.F.);
#3831=ADVANCED_FACE('',(#322),#3640,.F.);
#3832=ADVANCED_FACE('',(#323),#3641,.F.);
#3833=ADVANCED_FACE('',(#324),#3642,.F.);
#3834=ADVANCED_FACE('',(#325),#3643,.F.);
#3835=ADVANCED_FACE('',(#326),#3644,.T.);
#3836=ADVANCED_FACE('',(#327),#3645,.F.);
#3837=ADVANCED_FACE('',(#328),#3646,.F.);
#3838=ADVANCED_FACE('',(#329),#3647,.F.);
#3839=ADVANCED_FACE('',(#330),#3648,.F.);
#3840=ADVANCED_FACE('',(#331),#176,.F.);
#3841=ADVANCED_FACE('',(#332),#3649,.F.);
#3842=ADVANCED_FACE('',(#333),#3650,.F.);
#3843=ADVANCED_FACE('',(#334),#3651,.F.);
#3844=ADVANCED_FACE('',(#335),#3652,.F.);
#3845=ADVANCED_FACE('',(#336),#3653,.T.);
#3846=ADVANCED_FACE('',(#337),#3654,.F.);
#3847=ADVANCED_FACE('',(#338),#3655,.F.);
#3848=ADVANCED_FACE('',(#339),#3656,.F.);
#3849=ADVANCED_FACE('',(#340),#3657,.F.);
#3850=ADVANCED_FACE('',(#341),#3658,.F.);
#3851=ADVANCED_FACE('',(#342),#3659,.F.);
#3852=ADVANCED_FACE('',(#343),#3660,.T.);
#3853=ADVANCED_FACE('',(#344),#3661,.F.);
#3854=ADVANCED_FACE('',(#345),#3662,.F.);
#3855=ADVANCED_FACE('',(#346),#177,.T.);
#3856=ADVANCED_FACE('',(#347),#3663,.F.);
#3857=ADVANCED_FACE('',(#348),#3664,.F.);
#3858=ADVANCED_FACE('',(#349),#3665,.F.);
#3859=ADVANCED_FACE('',(#350),#3666,.F.);
#3860=ADVANCED_FACE('',(#351),#178,.T.);
#3861=ADVANCED_FACE('',(#352),#179,.T.);
#3862=ADVANCED_FACE('',(#353),#180,.T.);
#3863=ADVANCED_FACE('',(#354),#44,.T.);
#3864=ADVANCED_FACE('',(#355),#181,.T.);
#3865=ADVANCED_FACE('',(#356),#45,.T.);
#3866=ADVANCED_FACE('',(#357),#182,.T.);
#3867=ADVANCED_FACE('',(#358),#46,.T.);
#3868=ADVANCED_FACE('',(#359),#47,.T.);
#3869=ADVANCED_FACE('',(#360),#183,.T.);
#3870=ADVANCED_FACE('',(#361),#3667,.F.);
#3871=ADVANCED_FACE('',(#362),#184,.F.);
#3872=ADVANCED_FACE('',(#363),#3668,.F.);
#3873=ADVANCED_FACE('',(#364),#185,.F.);
#3874=ADVANCED_FACE('',(#365),#186,.F.);
#3875=ADVANCED_FACE('',(#366),#3669,.F.);
#3876=ADVANCED_FACE('',(#367),#3670,.F.);
#3877=ADVANCED_FACE('',(#368),#187,.F.);
#3878=ADVANCED_FACE('',(#369),#3671,.F.);
#3879=ADVANCED_FACE('',(#370),#3672,.F.);
#3880=ADVANCED_FACE('',(#371),#3673,.F.);
#3881=ADVANCED_FACE('',(#372),#3674,.T.);
#3882=ADVANCED_FACE('',(#373),#3675,.T.);
#3883=ADVANCED_FACE('',(#374,#55,#56,#57,#58,#59),#3676,.T.);
#3884=ADVANCED_FACE('',(#375),#188,.F.);
#3885=ADVANCED_FACE('',(#376),#3677,.F.);
#3886=ADVANCED_FACE('',(#377),#189,.F.);
#3887=ADVANCED_FACE('',(#378),#190,.F.);
#3888=ADVANCED_FACE('',(#379),#3678,.F.);
#3889=ADVANCED_FACE('',(#380),#191,.F.);
#3890=ADVANCED_FACE('',(#381),#3679,.T.);
#3891=ADVANCED_FACE('',(#382),#3680,.T.);
#3892=ADVANCED_FACE('',(#383),#3681,.T.);
#3893=ADVANCED_FACE('',(#384),#3682,.T.);
#3894=ADVANCED_FACE('',(#385),#3683,.F.);
#3895=ADVANCED_FACE('',(#386),#3684,.F.);
#3896=ADVANCED_FACE('',(#387),#3685,.F.);
#3897=ADVANCED_FACE('',(#388),#3686,.F.);
#3898=ADVANCED_FACE('',(#389),#3687,.F.);
#3899=ADVANCED_FACE('',(#390),#3688,.F.);
#3900=ADVANCED_FACE('',(#391),#3689,.F.);
#3901=ADVANCED_FACE('',(#392),#3690,.F.);
#3902=ADVANCED_FACE('',(#393),#3691,.F.);
#3903=ADVANCED_FACE('',(#394),#3692,.F.);
#3904=ADVANCED_FACE('',(#395),#3693,.F.);
#3905=ADVANCED_FACE('',(#396),#3694,.F.);
#3906=ADVANCED_FACE('',(#397),#3695,.T.);
#3907=ADVANCED_FACE('',(#398),#3696,.T.);
#3908=ADVANCED_FACE('',(#399),#3697,.T.);
#3909=ADVANCED_FACE('',(#400,#60),#3698,.T.);
#3910=ADVANCED_FACE('',(#401),#3699,.T.);
#3911=ADVANCED_FACE('',(#402),#3700,.T.);
#3912=ADVANCED_FACE('',(#403),#192,.T.);
#3913=ADVANCED_FACE('',(#404),#3701,.T.);
#3914=ADVANCED_FACE('',(#405),#3702,.T.);
#3915=ADVANCED_FACE('',(#406),#193,.T.);
#3916=CLOSED_SHELL('',(#3703,#3704,#3705,#3706,#3707,#3708,#3709,#3710,
#3711,#3712,#3713,#3714,#3715,#3716,#3717,#3718,#3719,#3720,#3721,#3722,
#3723,#3724,#3725,#3726,#3727,#3728,#3729,#3730,#3731,#3732,#3733,#3734,
#3735,#3736,#3737,#3738,#3739,#3740,#3741,#3742,#3743,#3744,#3745,#3746,
#3747,#3748,#3749,#3750,#3751,#3752,#3753,#3754,#3755,#3756,#3757,#3758,
#3759,#3760,#3761,#3762,#3763,#3764,#3765,#3766,#3767,#3768,#3769,#3770,
#3771,#3772,#3773,#3774,#3775,#3776,#3777,#3778,#3779,#3780,#3781,#3782,
#3783,#3784,#3785,#3786,#3787,#3788,#3789,#3790,#3791,#3792,#3793,#3794,
#3795,#3796,#3797,#3798,#3799,#3800,#3801,#3802,#3803,#3804,#3805));
#3917=CLOSED_SHELL('',(#3806,#3807,#3808,#3809,#3810,#3811,#3812,#3813,
#3814,#3815,#3816,#3817,#3818,#3819,#3820,#3821,#3822,#3823,#3824,#3825,
#3826,#3827,#3828,#3829,#3830,#3831,#3832,#3833,#3834,#3835,#3836,#3837,
#3838,#3839,#3840,#3841,#3842,#3843,#3844,#3845,#3846,#3847,#3848,#3849,
#3850,#3851,#3852,#3853,#3854,#3855,#3856,#3857,#3858,#3859,#3860,#3861,
#3862,#3863,#3864,#3865,#3866,#3867,#3868,#3869,#3870,#3871,#3872,#3873,
#3874,#3875,#3876,#3877,#3878,#3879,#3880,#3881,#3882,#3883,#3884,#3885,
#3886,#3887,#3888,#3889,#3890,#3891,#3892,#3893,#3894,#3895,#3896,#3897,
#3898,#3899,#3900,#3901,#3902,#3903,#3904,#3905,#3906,#3907,#3908,#3909,
#3910,#3911,#3912,#3913,#3914,#3915));
#3918=DERIVED_UNIT_ELEMENT(#3922,1.);
#3919=DERIVED_UNIT_ELEMENT(#6464,-3.);
#3920=DERIVED_UNIT_ELEMENT(#3922,1.);
#3921=DERIVED_UNIT_ELEMENT(#6464,-3.);
#3922=(
MASS_UNIT()
NAMED_UNIT(*)
SI_UNIT(.KILO.,.GRAM.)
);
#3923=DERIVED_UNIT((#3918,#3919));
#3924=DERIVED_UNIT((#3920,#3921));
#3925=MEASURE_REPRESENTATION_ITEM('density measure',
POSITIVE_RATIO_MEASURE(7850.),#3923);
#3926=MEASURE_REPRESENTATION_ITEM('density measure',
POSITIVE_RATIO_MEASURE(7850.),#3924);
#3927=PROPERTY_DEFINITION_REPRESENTATION(#3937,#3931);
#3928=PROPERTY_DEFINITION_REPRESENTATION(#3938,#3932);
#3929=PROPERTY_DEFINITION_REPRESENTATION(#3939,#3933);
#3930=PROPERTY_DEFINITION_REPRESENTATION(#3940,#3934);
#3931=REPRESENTATION('material name',(#3935),#6460);
#3932=REPRESENTATION('density',(#3925),#6460);
#3933=REPRESENTATION('material name',(#3936),#6461);
#3934=REPRESENTATION('density',(#3926),#6461);
#3935=DESCRIPTIVE_REPRESENTATION_ITEM('\X2\92FC\X0\','\X2\92FC\X0\');
#3936=DESCRIPTIVE_REPRESENTATION_ITEM('\X2\92FC\X0\','\X2\92FC\X0\');
#3937=PROPERTY_DEFINITION('material property','material name',#6480);
#3938=PROPERTY_DEFINITION('material property','density of part',#6480);
#3939=PROPERTY_DEFINITION('material property','material name',#6481);
#3940=PROPERTY_DEFINITION('material property','density of part',#6481);
#3941=AXIS2_PLACEMENT_3D('',#5336,#4254,#4255);
#3942=AXIS2_PLACEMENT_3D('',#5337,#4256,#4257);
#3943=AXIS2_PLACEMENT_3D('',#5338,#4258,#4259);
#3944=AXIS2_PLACEMENT_3D('',#5347,#4264,#4265);
#3945=AXIS2_PLACEMENT_3D('',#5349,#4266,#4267);
#3946=AXIS2_PLACEMENT_3D('',#5352,#4269,#4270);
#3947=AXIS2_PLACEMENT_3D('',#5353,#4271,#4272);
#3948=AXIS2_PLACEMENT_3D('',#5359,#4276,#4277);
#3949=AXIS2_PLACEMENT_3D('',#5365,#4281,#4282);
#3950=AXIS2_PLACEMENT_3D('',#5371,#4286,#4287);
#3951=AXIS2_PLACEMENT_3D('',#5377,#4291,#4292);
#3952=AXIS2_PLACEMENT_3D('',#5383,#4296,#4297);
#3953=AXIS2_PLACEMENT_3D('',#5389,#4301,#4302);
#3954=AXIS2_PLACEMENT_3D('',#5392,#4305,#4306);
#3955=AXIS2_PLACEMENT_3D('',#5393,#4307,#4308);
#3956=AXIS2_PLACEMENT_3D('',#5396,#4309,#4310);
#3957=AXIS2_PLACEMENT_3D('',#5400,#4312,#4313);
#3958=AXIS2_PLACEMENT_3D('',#5402,#4315,#4316);
#3959=AXIS2_PLACEMENT_3D('',#5408,#4320,#4321);
#3960=AXIS2_PLACEMENT_3D('',#5414,#4325,#4326);
#3961=AXIS2_PLACEMENT_3D('',#5420,#4330,#4331);
#3962=AXIS2_PLACEMENT_3D('',#5426,#4335,#4336);
#3963=AXIS2_PLACEMENT_3D('',#5432,#4340,#4341);
#3964=AXIS2_PLACEMENT_3D('',#5438,#4345,#4346);
#3965=AXIS2_PLACEMENT_3D('',#5444,#4350,#4351);
#3966=AXIS2_PLACEMENT_3D('',#5447,#4354,#4355);
#3967=AXIS2_PLACEMENT_3D('',#5448,#4356,#4357);
#3968=AXIS2_PLACEMENT_3D('',#5457,#4362,#4363);
#3969=AXIS2_PLACEMENT_3D('',#5459,#4364,#4365);
#3970=AXIS2_PLACEMENT_3D('',#5462,#4367,#4368);
#3971=AXIS2_PLACEMENT_3D('',#5463,#4369,#4370);
#3972=AXIS2_PLACEMENT_3D('',#5469,#4374,#4375);
#3973=AXIS2_PLACEMENT_3D('',#5475,#4379,#4380);
#3974=AXIS2_PLACEMENT_3D('',#5481,#4384,#4385);
#3975=AXIS2_PLACEMENT_3D('',#5487,#4389,#4390);
#3976=AXIS2_PLACEMENT_3D('',#5493,#4394,#4395);
#3977=AXIS2_PLACEMENT_3D('',#5499,#4399,#4400);
#3978=AXIS2_PLACEMENT_3D('',#5502,#4403,#4404);
#3979=AXIS2_PLACEMENT_3D('',#5503,#4405,#4406);
#3980=AXIS2_PLACEMENT_3D('',#5506,#4407,#4408);
#3981=AXIS2_PLACEMENT_3D('',#5510,#4410,#4411);
#3982=AXIS2_PLACEMENT_3D('',#5512,#4413,#4414);
#3983=AXIS2_PLACEMENT_3D('',#5518,#4418,#4419);
#3984=AXIS2_PLACEMENT_3D('',#5524,#4423,#4424);
#3985=AXIS2_PLACEMENT_3D('',#5530,#4428,#4429);
#3986=AXIS2_PLACEMENT_3D('',#5536,#4433,#4434);
#3987=AXIS2_PLACEMENT_3D('',#5542,#4438,#4439);
#3988=AXIS2_PLACEMENT_3D('',#5548,#4443,#4444);
#3989=AXIS2_PLACEMENT_3D('',#5554,#4448,#4449);
#3990=AXIS2_PLACEMENT_3D('',#5557,#4452,#4453);
#3991=AXIS2_PLACEMENT_3D('',#5558,#4454,#4455);
#3992=AXIS2_PLACEMENT_3D('',#5560,#4456,#4457);
#3993=AXIS2_PLACEMENT_3D('',#5563,#4459,#4460);
#3994=AXIS2_PLACEMENT_3D('',#5564,#4461,#4462);
#3995=AXIS2_PLACEMENT_3D('',#5571,#4466,#4467);
#3996=AXIS2_PLACEMENT_3D('',#5574,#4468,#4469);
#3997=AXIS2_PLACEMENT_3D('',#5578,#4471,#4472);
#3998=AXIS2_PLACEMENT_3D('',#5580,#4474,#4475);
#3999=AXIS2_PLACEMENT_3D('',#5586,#4479,#4480);
#4000=AXIS2_PLACEMENT_3D('',#5588,#4481,#4482);
#4001=AXIS2_PLACEMENT_3D('',#5591,#4484,#4485);
#4002=AXIS2_PLACEMENT_3D('',#5592,#4486,#4487);
#4003=AXIS2_PLACEMENT_3D('',#5598,#4491,#4492);
#4004=AXIS2_PLACEMENT_3D('',#5600,#4493,#4494);
#4005=AXIS2_PLACEMENT_3D('',#5603,#4496,#4497);
#4006=AXIS2_PLACEMENT_3D('',#5604,#4498,#4499);
#4007=AXIS2_PLACEMENT_3D('',#5610,#4503,#4504);
#4008=AXIS2_PLACEMENT_3D('',#5612,#4505,#4506);
#4009=AXIS2_PLACEMENT_3D('',#5615,#4508,#4509);
#4010=AXIS2_PLACEMENT_3D('',#5616,#4510,#4511);
#4011=AXIS2_PLACEMENT_3D('',#5619,#4514,#4515);
#4012=AXIS2_PLACEMENT_3D('',#5626,#4519,#4520);
#4013=AXIS2_PLACEMENT_3D('',#5629,#4523,#4524);
#4014=AXIS2_PLACEMENT_3D('',#5643,#4532,#4533);
#4015=AXIS2_PLACEMENT_3D('',#5651,#4538,#4539);
#4016=AXIS2_PLACEMENT_3D('',#5657,#4543,#4544);
#4017=AXIS2_PLACEMENT_3D('',#5663,#4548,#4549);
#4018=AXIS2_PLACEMENT_3D('',#5669,#4553,#4554);
#4019=AXIS2_PLACEMENT_3D('',#5679,#4560,#4561);
#4020=AXIS2_PLACEMENT_3D('',#5691,#4568,#4569);
#4021=AXIS2_PLACEMENT_3D('',#5703,#4576,#4577);
#4022=AXIS2_PLACEMENT_3D('',#5708,#4579,#4580);
#4023=AXIS2_PLACEMENT_3D('',#5709,#4581,#4582);
#4024=AXIS2_PLACEMENT_3D('',#5710,#4583,#4584);
#4025=AXIS2_PLACEMENT_3D('',#5711,#4585,#4586);
#4026=AXIS2_PLACEMENT_3D('',#5714,#4588,#4589);
#4027=AXIS2_PLACEMENT_3D('',#5715,#4590,#4591);
#4028=AXIS2_PLACEMENT_3D('',#5716,#4592,#4593);
#4029=AXIS2_PLACEMENT_3D('',#5717,#4594,#4595);
#4030=AXIS2_PLACEMENT_3D('',#5718,#4596,#4597);
#4031=AXIS2_PLACEMENT_3D('',#5720,#4598,#4599);
#4032=AXIS2_PLACEMENT_3D('',#5723,#4601,#4602);
#4033=AXIS2_PLACEMENT_3D('',#5724,#4603,#4604);
#4034=AXIS2_PLACEMENT_3D('',#5725,#4605,#4606);
#4035=AXIS2_PLACEMENT_3D('',#5726,#4607,#4608);
#4036=AXIS2_PLACEMENT_3D('',#5727,#4609,#4610);
#4037=AXIS2_PLACEMENT_3D('',#5728,#4611,#4612);
#4038=AXIS2_PLACEMENT_3D('',#5729,#4613,#4614);
#4039=AXIS2_PLACEMENT_3D('',#5731,#4615,#4616);
#4040=AXIS2_PLACEMENT_3D('',#5733,#4617,#4618);
#4041=AXIS2_PLACEMENT_3D('',#5734,#4619,#4620);
#4042=AXIS2_PLACEMENT_3D('',#5735,#4621,#4622);
#4043=AXIS2_PLACEMENT_3D('',#5740,#4625,#4626);
#4044=AXIS2_PLACEMENT_3D('',#5741,#4627,#4628);
#4045=AXIS2_PLACEMENT_3D('',#5743,#4629,#4630);
#4046=AXIS2_PLACEMENT_3D('',#5745,#4631,#4632);
#4047=AXIS2_PLACEMENT_3D('',#5746,#4633,#4634);
#4048=AXIS2_PLACEMENT_3D('',#5747,#4635,#4636);
#4049=AXIS2_PLACEMENT_3D('',#5752,#4639,#4640);
#4050=AXIS2_PLACEMENT_3D('',#5753,#4641,#4642);
#4051=AXIS2_PLACEMENT_3D('',#5755,#4643,#4644);
#4052=AXIS2_PLACEMENT_3D('',#5757,#4645,#4646);
#4053=AXIS2_PLACEMENT_3D('',#5758,#4647,#4648);
#4054=AXIS2_PLACEMENT_3D('',#5759,#4649,#4650);
#4055=AXIS2_PLACEMENT_3D('',#5764,#4653,#4654);
#4056=AXIS2_PLACEMENT_3D('',#5765,#4655,#4656);
#4057=AXIS2_PLACEMENT_3D('',#5766,#4657,#4658);
#4058=AXIS2_PLACEMENT_3D('',#5767,#4659,#4660);
#4059=AXIS2_PLACEMENT_3D('',#5768,#4661,#4662);
#4060=AXIS2_PLACEMENT_3D('',#5769,#4663,#4664);
#4061=AXIS2_PLACEMENT_3D('',#5770,#4665,#4666);
#4062=AXIS2_PLACEMENT_3D('',#5771,#4667,#4668);
#4063=AXIS2_PLACEMENT_3D('',#5772,#4669,#4670);
#4064=AXIS2_PLACEMENT_3D('',#5773,#4671,#4672);
#4065=AXIS2_PLACEMENT_3D('',#5775,#4673,#4674);
#4066=AXIS2_PLACEMENT_3D('',#5777,#4676,#4677);
#4067=AXIS2_PLACEMENT_3D('',#5779,#4679,#4680);
#4068=AXIS2_PLACEMENT_3D('',#5783,#4683,#4684);
#4069=AXIS2_PLACEMENT_3D('',#5785,#4686,#4687);
#4070=AXIS2_PLACEMENT_3D('',#5787,#4688,#4689);
#4071=AXIS2_PLACEMENT_3D('',#5789,#4691,#4692);
#4072=AXIS2_PLACEMENT_3D('',#5791,#4694,#4695);
#4073=AXIS2_PLACEMENT_3D('',#5795,#4698,#4699);
#4074=AXIS2_PLACEMENT_3D('',#5797,#4701,#4702);
#4075=AXIS2_PLACEMENT_3D('',#5799,#4703,#4704);
#4076=AXIS2_PLACEMENT_3D('',#5801,#4706,#4707);
#4077=AXIS2_PLACEMENT_3D('',#5803,#4709,#4710);
#4078=AXIS2_PLACEMENT_3D('',#5807,#4713,#4714);
#4079=AXIS2_PLACEMENT_3D('',#5809,#4716,#4717);
#4080=AXIS2_PLACEMENT_3D('',#5810,#4718,#4719);
#4081=AXIS2_PLACEMENT_3D('',#5811,#4720,#4721);
#4082=AXIS2_PLACEMENT_3D('',#5812,#4722,#4723);
#4083=AXIS2_PLACEMENT_3D('',#5814,#4724,#4725);
#4084=AXIS2_PLACEMENT_3D('',#5821,#4729,#4730);
#4085=AXIS2_PLACEMENT_3D('',#5822,#4731,#4732);
#4086=AXIS2_PLACEMENT_3D('',#5827,#4736,#4737);
#4087=AXIS2_PLACEMENT_3D('',#5829,#4739,#4740);
#4088=AXIS2_PLACEMENT_3D('',#5830,#4741,#4742);
#4089=AXIS2_PLACEMENT_3D('',#5839,#4747,#4748);
#4090=AXIS2_PLACEMENT_3D('',#5845,#4752,#4753);
#4091=AXIS2_PLACEMENT_3D('',#5847,#4754,#4755);
#4092=AXIS2_PLACEMENT_3D('',#5849,#4757,#4758);
#4093=AXIS2_PLACEMENT_3D('',#5852,#4761,#4762);
#4094=AXIS2_PLACEMENT_3D('',#5854,#4764,#4765);
#4095=AXIS2_PLACEMENT_3D('',#5858,#4768,#4769);
#4096=AXIS2_PLACEMENT_3D('',#5859,#4770,#4771);
#4097=AXIS2_PLACEMENT_3D('',#5860,#4772,#4773);
#4098=AXIS2_PLACEMENT_3D('',#5861,#4774,#4775);
#4099=AXIS2_PLACEMENT_3D('',#5862,#4776,#4777);
#4100=AXIS2_PLACEMENT_3D('',#5871,#4782,#4783);
#4101=AXIS2_PLACEMENT_3D('',#5877,#4787,#4788);
#4102=AXIS2_PLACEMENT_3D('',#5883,#4792,#4793);
#4103=AXIS2_PLACEMENT_3D('',#5889,#4797,#4798);
#4104=AXIS2_PLACEMENT_3D('',#5895,#4802,#4803);
#4105=AXIS2_PLACEMENT_3D('',#5901,#4807,#4808);
#4106=AXIS2_PLACEMENT_3D('',#5903,#4809,#4810);
#4107=AXIS2_PLACEMENT_3D('',#5906,#4812,#4813);
#4108=AXIS2_PLACEMENT_3D('',#5907,#4814,#4815);
#4109=AXIS2_PLACEMENT_3D('',#5913,#4819,#4820);
#4110=AXIS2_PLACEMENT_3D('',#5916,#4823,#4824);
#4111=AXIS2_PLACEMENT_3D('',#5917,#4825,#4826);
#4112=AXIS2_PLACEMENT_3D('',#5926,#4831,#4832);
#4113=AXIS2_PLACEMENT_3D('',#5932,#4836,#4837);
#4114=AXIS2_PLACEMENT_3D('',#5938,#4841,#4842);
#4115=AXIS2_PLACEMENT_3D('',#5944,#4846,#4847);
#4116=AXIS2_PLACEMENT_3D('',#5950,#4851,#4852);
#4117=AXIS2_PLACEMENT_3D('',#5956,#4856,#4857);
#4118=AXIS2_PLACEMENT_3D('',#5958,#4858,#4859);
#4119=AXIS2_PLACEMENT_3D('',#5961,#4861,#4862);
#4120=AXIS2_PLACEMENT_3D('',#5962,#4863,#4864);
#4121=AXIS2_PLACEMENT_3D('',#5968,#4868,#4869);
#4122=AXIS2_PLACEMENT_3D('',#5971,#4872,#4873);
#4123=AXIS2_PLACEMENT_3D('',#5972,#4874,#4875);
#4124=AXIS2_PLACEMENT_3D('',#5981,#4880,#4881);
#4125=AXIS2_PLACEMENT_3D('',#5987,#4885,#4886);
#4126=AXIS2_PLACEMENT_3D('',#5993,#4890,#4891);
#4127=AXIS2_PLACEMENT_3D('',#5999,#4895,#4896);
#4128=AXIS2_PLACEMENT_3D('',#6001,#4897,#4898);
#4129=AXIS2_PLACEMENT_3D('',#6003,#4899,#4900);
#4130=AXIS2_PLACEMENT_3D('',#6005,#4902,#4903);
#4131=AXIS2_PLACEMENT_3D('',#6011,#4907,#4908);
#4132=AXIS2_PLACEMENT_3D('',#6017,#4912,#4913);
#4133=AXIS2_PLACEMENT_3D('',#6023,#4917,#4918);
#4134=AXIS2_PLACEMENT_3D('',#6026,#4921,#4922);
#4135=AXIS2_PLACEMENT_3D('',#6027,#4923,#4924);
#4136=AXIS2_PLACEMENT_3D('',#6036,#4929,#4930);
#4137=AXIS2_PLACEMENT_3D('',#6042,#4934,#4935);
#4138=AXIS2_PLACEMENT_3D('',#6048,#4939,#4940);
#4139=AXIS2_PLACEMENT_3D('',#6054,#4944,#4945);
#4140=AXIS2_PLACEMENT_3D('',#6056,#4946,#4947);
#4141=AXIS2_PLACEMENT_3D('',#6058,#4948,#4949);
#4142=AXIS2_PLACEMENT_3D('',#6060,#4951,#4952);
#4143=AXIS2_PLACEMENT_3D('',#6066,#4956,#4957);
#4144=AXIS2_PLACEMENT_3D('',#6072,#4961,#4962);
#4145=AXIS2_PLACEMENT_3D('',#6078,#4966,#4967);
#4146=AXIS2_PLACEMENT_3D('',#6081,#4970,#4971);
#4147=AXIS2_PLACEMENT_3D('',#6082,#4972,#4973);
#4148=AXIS2_PLACEMENT_3D('',#6089,#4976,#4977);
#4149=AXIS2_PLACEMENT_3D('',#6093,#4980,#4981);
#4150=AXIS2_PLACEMENT_3D('',#6102,#4985,#4986);
#4151=AXIS2_PLACEMENT_3D('',#6104,#4988,#4989);
#4152=AXIS2_PLACEMENT_3D('',#6114,#4994,#4995);
#4153=AXIS2_PLACEMENT_3D('',#6115,#4996,#4997);
#4154=AXIS2_PLACEMENT_3D('',#6118,#5000,#5001);
#4155=AXIS2_PLACEMENT_3D('',#6123,#5003,#5004);
#4156=AXIS2_PLACEMENT_3D('',#6129,#5008,#5009);
#4157=AXIS2_PLACEMENT_3D('',#6132,#5012,#5013);
#4158=AXIS2_PLACEMENT_3D('',#6142,#5019,#5020);
#4159=AXIS2_PLACEMENT_3D('',#6148,#5024,#5025);
#4160=AXIS2_PLACEMENT_3D('',#6154,#5029,#5030);
#4161=AXIS2_PLACEMENT_3D('',#6157,#5032,#5033);
#4162=AXIS2_PLACEMENT_3D('',#6158,#5034,#5035);
#4163=AXIS2_PLACEMENT_3D('',#6160,#5036,#5037);
#4164=AXIS2_PLACEMENT_3D('',#6164,#5039,#5040);
#4165=AXIS2_PLACEMENT_3D('',#6169,#5044,#5045);
#4166=AXIS2_PLACEMENT_3D('',#6173,#5047,#5048);
#4167=AXIS2_PLACEMENT_3D('',#6181,#5052,#5053);
#4168=AXIS2_PLACEMENT_3D('',#6183,#5055,#5056);
#4169=AXIS2_PLACEMENT_3D('',#6187,#5059,#5060);
#4170=AXIS2_PLACEMENT_3D('',#6191,#5063,#5064);
#4171=AXIS2_PLACEMENT_3D('',#6193,#5065,#5066);
#4172=AXIS2_PLACEMENT_3D('',#6195,#5068,#5069);
#4173=AXIS2_PLACEMENT_3D('',#6198,#5071,#5072);
#4174=AXIS2_PLACEMENT_3D('',#6199,#5073,#5074);
#4175=AXIS2_PLACEMENT_3D('',#6202,#5075,#5076);
#4176=AXIS2_PLACEMENT_3D('',#6206,#5078,#5079);
#4177=AXIS2_PLACEMENT_3D('',#6208,#5081,#5082);
#4178=AXIS2_PLACEMENT_3D('',#6210,#5083,#5084);
#4179=AXIS2_PLACEMENT_3D('',#6211,#5085,#5086);
#4180=AXIS2_PLACEMENT_3D('',#6212,#5087,#5088);
#4181=AXIS2_PLACEMENT_3D('',#6213,#5089,#5090);
#4182=AXIS2_PLACEMENT_3D('',#6215,#5092,#5093);
#4183=AXIS2_PLACEMENT_3D('',#6218,#5094,#5095);
#4184=AXIS2_PLACEMENT_3D('',#6219,#5096,#5097);
#4185=AXIS2_PLACEMENT_3D('',#6220,#5098,#5099);
#4186=AXIS2_PLACEMENT_3D('',#6221,#5100,#5101);
#4187=AXIS2_PLACEMENT_3D('',#6224,#5102,#5103);
#4188=AXIS2_PLACEMENT_3D('',#6228,#5105,#5106);
#4189=AXIS2_PLACEMENT_3D('',#6230,#5108,#5109);
#4190=AXIS2_PLACEMENT_3D('',#6231,#5110,#5111);
#4191=AXIS2_PLACEMENT_3D('',#6232,#5112,#5113);
#4192=AXIS2_PLACEMENT_3D('',#6233,#5114,#5115);
#4193=AXIS2_PLACEMENT_3D('',#6236,#5116,#5117);
#4194=AXIS2_PLACEMENT_3D('',#6237,#5118,#5119);
#4195=AXIS2_PLACEMENT_3D('',#6238,#5120,#5121);
#4196=AXIS2_PLACEMENT_3D('',#6239,#5122,#5123);
#4197=AXIS2_PLACEMENT_3D('',#6242,#5126,#5127);
#4198=AXIS2_PLACEMENT_3D('',#6248,#5131,#5132);
#4199=AXIS2_PLACEMENT_3D('',#6249,#5133,#5134);
#4200=AXIS2_PLACEMENT_3D('',#6250,#5135,#5136);
#4201=AXIS2_PLACEMENT_3D('',#6256,#5140,#5141);
#4202=AXIS2_PLACEMENT_3D('',#6259,#5143,#5144);
#4203=AXIS2_PLACEMENT_3D('',#6260,#5145,#5146);
#4204=AXIS2_PLACEMENT_3D('',#6262,#5148,#5149);
#4205=AXIS2_PLACEMENT_3D('',#6266,#5152,#5153);
#4206=AXIS2_PLACEMENT_3D('',#6268,#5155,#5156);
#4207=AXIS2_PLACEMENT_3D('',#6271,#5158,#5159);
#4208=AXIS2_PLACEMENT_3D('',#6272,#5160,#5161);
#4209=AXIS2_PLACEMENT_3D('',#6274,#5162,#5163);
#4210=AXIS2_PLACEMENT_3D('',#6278,#5166,#5167);
#4211=AXIS2_PLACEMENT_3D('',#6284,#5171,#5172);
#4212=AXIS2_PLACEMENT_3D('',#6287,#5175,#5176);
#4213=AXIS2_PLACEMENT_3D('',#6293,#5180,#5181);
#4214=AXIS2_PLACEMENT_3D('',#6299,#5185,#5186);
#4215=AXIS2_PLACEMENT_3D('',#6305,#5190,#5191);
#4216=AXIS2_PLACEMENT_3D('',#6310,#5194,#5195);
#4217=AXIS2_PLACEMENT_3D('',#6319,#5200,#5201);
#4218=AXIS2_PLACEMENT_3D('',#6320,#5202,#5203);
#4219=AXIS2_PLACEMENT_3D('',#6324,#5206,#5207);
#4220=AXIS2_PLACEMENT_3D('',#6327,#5209,#5210);
#4221=AXIS2_PLACEMENT_3D('',#6328,#5211,#5212);
#4222=AXIS2_PLACEMENT_3D('',#6329,#5213,#5214);
#4223=AXIS2_PLACEMENT_3D('',#6333,#5217,#5218);
#4224=AXIS2_PLACEMENT_3D('',#6334,#5219,#5220);
#4225=AXIS2_PLACEMENT_3D('',#6335,#5221,#5222);
#4226=AXIS2_PLACEMENT_3D('',#6341,#5226,#5227);
#4227=AXIS2_PLACEMENT_3D('',#6350,#5232,#5233);
#4228=AXIS2_PLACEMENT_3D('',#6354,#5236,#5237);
#4229=AXIS2_PLACEMENT_3D('',#6358,#5240,#5241);
#4230=AXIS2_PLACEMENT_3D('',#6371,#5248,#5249);
#4231=AXIS2_PLACEMENT_3D('',#6377,#5253,#5254);
#4232=AXIS2_PLACEMENT_3D('',#6383,#5258,#5259);
#4233=AXIS2_PLACEMENT_3D('',#6385,#5261,#5262);
#4234=AXIS2_PLACEMENT_3D('',#6391,#5266,#5267);
#4235=AXIS2_PLACEMENT_3D('',#6397,#5271,#5272);
#4236=AXIS2_PLACEMENT_3D('',#6403,#5276,#5277);
#4237=AXIS2_PLACEMENT_3D('',#6405,#5279,#5280);
#4238=AXIS2_PLACEMENT_3D('',#6412,#5285,#5286);
#4239=AXIS2_PLACEMENT_3D('',#6424,#5293,#5294);
#4240=AXIS2_PLACEMENT_3D('',#6430,#5298,#5299);
#4241=AXIS2_PLACEMENT_3D('',#6434,#5302,#5303);
#4242=AXIS2_PLACEMENT_3D('',#6437,#5306,#5307);
#4243=AXIS2_PLACEMENT_3D('',#6439,#5309,#5310);
#4244=AXIS2_PLACEMENT_3D('',#6441,#5312,#5313);
#4245=AXIS2_PLACEMENT_3D('',#6444,#5316,#5317);
#4246=AXIS2_PLACEMENT_3D('',#6445,#5318,#5319);
#4247=AXIS2_PLACEMENT_3D('',#6446,#5320,#5321);
#4248=AXIS2_PLACEMENT_3D('',#6447,#5322,#5323);
#4249=AXIS2_PLACEMENT_3D('',#6449,#5325,#5326);
#4250=AXIS2_PLACEMENT_3D('',#6451,#5328,#5329);
#4251=AXIS2_PLACEMENT_3D('',#6452,#5330,#5331);
#4252=AXIS2_PLACEMENT_3D('',#6453,#5332,#5333);
#4253=AXIS2_PLACEMENT_3D('',#6454,#5334,#5335);
#4254=DIRECTION('axis',(0.,0.,1.));
#4255=DIRECTION('refdir',(1.,0.,0.));
#4256=DIRECTION('axis',(0.,0.,1.));
#4257=DIRECTION('refdir',(1.,0.,0.));
#4258=DIRECTION('center_axis',(1.,0.,0.));
#4259=DIRECTION('ref_axis',(0.,1.,0.));
#4260=DIRECTION('',(0.,1.,0.));
#4261=DIRECTION('',(0.,0.,1.));
#4262=DIRECTION('',(0.,1.,0.));
#4263=DIRECTION('',(0.,0.,1.));
#4264=DIRECTION('center_axis',(0.,0.,1.));
#4265=DIRECTION('ref_axis',(1.,0.,0.));
#4266=DIRECTION('center_axis',(0.,0.,1.));
#4267=DIRECTION('ref_axis',(1.,0.,0.));
#4268=DIRECTION('',(0.,0.,1.));
#4269=DIRECTION('center_axis',(0.,0.,1.));
#4270=DIRECTION('ref_axis',(1.,0.,0.));
#4271=DIRECTION('center_axis',(-1.,0.,0.));
#4272=DIRECTION('ref_axis',(0.,-1.,0.));
#4273=DIRECTION('',(0.,-1.,0.));
#4274=DIRECTION('',(0.,0.,1.));
#4275=DIRECTION('',(0.,-1.,0.));
#4276=DIRECTION('center_axis',(-0.500000000001583,-0.866025403783525,0.));
#4277=DIRECTION('ref_axis',(0.866025403783525,-0.500000000001583,0.));
#4278=DIRECTION('',(0.866025403783525,-0.500000000001583,0.));
#4279=DIRECTION('',(0.,0.,1.));
#4280=DIRECTION('',(0.866025403783525,-0.500000000001583,0.));
#4281=DIRECTION('center_axis',(-1.,1.8264852776288E-12,0.));
#4282=DIRECTION('ref_axis',(-1.8264852776288E-12,-1.,0.));
#4283=DIRECTION('',(-1.8264852776288E-12,-1.,0.));
#4284=DIRECTION('',(0.,0.,1.));
#4285=DIRECTION('',(-1.8264852776288E-12,-1.,0.));
#4286=DIRECTION('center_axis',(-0.499999999997859,0.866025403785675,0.));
#4287=DIRECTION('ref_axis',(-0.866025403785675,-0.499999999997859,0.));
#4288=DIRECTION('',(-0.866025403785675,-0.499999999997859,0.));
#4289=DIRECTION('',(0.,0.,1.));
#4290=DIRECTION('',(-0.866025403785675,-0.499999999997859,0.));
#4291=DIRECTION('center_axis',(0.500000000004298,0.866025403781957,0.));
#4292=DIRECTION('ref_axis',(-0.866025403781957,0.500000000004298,0.));
#4293=DIRECTION('',(-0.866025403781957,0.500000000004298,0.));
#4294=DIRECTION('',(0.,0.,1.));
#4295=DIRECTION('',(-0.866025403781957,0.500000000004298,0.));
#4296=DIRECTION('center_axis',(1.,2.42214272621597E-12,0.));
#4297=DIRECTION('ref_axis',(-2.42214272621597E-12,1.,0.));
#4298=DIRECTION('',(-2.42214272621597E-12,1.,0.));
#4299=DIRECTION('',(0.,0.,1.));
#4300=DIRECTION('',(-2.42214272621597E-12,1.,0.));
#4301=DIRECTION('center_axis',(0.500000000002254,-0.866025403783137,0.));
#4302=DIRECTION('ref_axis',(0.866025403783137,0.500000000002254,0.));
#4303=DIRECTION('',(0.866025403783137,0.500000000002254,0.));
#4304=DIRECTION('',(0.866025403783137,0.500000000002254,0.));
#4305=DIRECTION('center_axis',(0.,0.,1.));
#4306=DIRECTION('ref_axis',(1.,0.,0.));
#4307=DIRECTION('center_axis',(0.,0.,1.));
#4308=DIRECTION('ref_axis',(1.,0.,0.));
#4309=DIRECTION('center_axis',(0.,0.,1.));
#4310=DIRECTION('ref_axis',(1.,0.,0.));
#4311=DIRECTION('',(0.,0.,1.));
#4312=DIRECTION('center_axis',(0.,0.,1.));
#4313=DIRECTION('ref_axis',(1.,0.,0.));
#4314=DIRECTION('',(0.,0.,1.));
#4315=DIRECTION('center_axis',(1.,0.,0.));
#4316=DIRECTION('ref_axis',(0.,1.,0.));
#4317=DIRECTION('',(0.,1.,0.));
#4318=DIRECTION('',(0.,0.,1.));
#4319=DIRECTION('',(0.,1.,0.));
#4320=DIRECTION('center_axis',(0.500000000004299,0.866025403781957,0.));
#4321=DIRECTION('ref_axis',(-0.866025403781957,0.500000000004299,0.));
#4322=DIRECTION('',(-0.866025403781957,0.500000000004299,0.));
#4323=DIRECTION('',(0.,0.,1.));
#4324=DIRECTION('',(-0.866025403781957,0.500000000004299,0.));
#4325=DIRECTION('center_axis',(1.,2.42214272621597E-12,0.));
#4326=DIRECTION('ref_axis',(-2.42214272621597E-12,1.,0.));
#4327=DIRECTION('',(-2.42214272621597E-12,1.,0.));
#4328=DIRECTION('',(0.,0.,1.));
#4329=DIRECTION('',(-2.42214272621597E-12,1.,0.));
#4330=DIRECTION('center_axis',(0.500000000002255,-0.866025403783137,0.));
#4331=DIRECTION('ref_axis',(0.866025403783137,0.500000000002255,0.));
#4332=DIRECTION('',(0.866025403783137,0.500000000002255,0.));
#4333=DIRECTION('',(0.,0.,1.));
#4334=DIRECTION('',(0.866025403783137,0.500000000002254,0.));
#4335=DIRECTION('center_axis',(-0.500000000001583,-0.866025403783525,0.));
#4336=DIRECTION('ref_axis',(0.866025403783525,-0.500000000001583,0.));
#4337=DIRECTION('',(0.866025403783525,-0.500000000001583,0.));
#4338=DIRECTION('',(0.,0.,1.));
#4339=DIRECTION('',(0.866025403783525,-0.500000000001583,0.));
#4340=DIRECTION('center_axis',(-1.,1.8261560031962E-12,0.));
#4341=DIRECTION('ref_axis',(-1.8261560031962E-12,-1.,0.));
#4342=DIRECTION('',(-1.8261560031962E-12,-1.,0.));
#4343=DIRECTION('',(0.,0.,1.));
#4344=DIRECTION('',(-1.8261560031962E-12,-1.,0.));
#4345=DIRECTION('center_axis',(-0.499999999997859,0.866025403785675,0.));
#4346=DIRECTION('ref_axis',(-0.866025403785675,-0.499999999997859,0.));
#4347=DIRECTION('',(-0.866025403785675,-0.499999999997859,0.));
#4348=DIRECTION('',(0.,0.,1.));
#4349=DIRECTION('',(-0.866025403785675,-0.499999999997859,0.));
#4350=DIRECTION('center_axis',(-1.,0.,0.));
#4351=DIRECTION('ref_axis',(0.,-1.,0.));
#4352=DIRECTION('',(0.,-1.,0.));
#4353=DIRECTION('',(0.,-1.,0.));
#4354=DIRECTION('center_axis',(0.,0.,1.));
#4355=DIRECTION('ref_axis',(1.,0.,0.));
#4356=DIRECTION('center_axis',(1.,0.,0.));
#4357=DIRECTION('ref_axis',(0.,1.,0.));
#4358=DIRECTION('',(0.,1.,0.));
#4359=DIRECTION('',(0.,0.,1.));
#4360=DIRECTION('',(0.,1.,0.));
#4361=DIRECTION('',(0.,0.,1.));
#4362=DIRECTION('center_axis',(0.,0.,1.));
#4363=DIRECTION('ref_axis',(1.,0.,0.));
#4364=DIRECTION('center_axis',(0.,0.,1.));
#4365=DIRECTION('ref_axis',(1.,0.,0.));
#4366=DIRECTION('',(0.,0.,1.));
#4367=DIRECTION('center_axis',(0.,0.,1.));
#4368=DIRECTION('ref_axis',(1.,0.,0.));
#4369=DIRECTION('center_axis',(-1.,0.,0.));
#4370=DIRECTION('ref_axis',(0.,-1.,0.));
#4371=DIRECTION('',(0.,-1.,0.));
#4372=DIRECTION('',(0.,0.,1.));
#4373=DIRECTION('',(0.,-1.,0.));
#4374=DIRECTION('center_axis',(-0.500000000001583,-0.866025403783525,0.));
#4375=DIRECTION('ref_axis',(0.866025403783525,-0.500000000001583,0.));
#4376=DIRECTION('',(0.866025403783525,-0.500000000001583,0.));
#4377=DIRECTION('',(0.,0.,1.));
#4378=DIRECTION('',(0.866025403783525,-0.500000000001583,0.));
#4379=DIRECTION('center_axis',(-1.,1.8261560031962E-12,0.));
#4380=DIRECTION('ref_axis',(-1.8261560031962E-12,-1.,0.));
#4381=DIRECTION('',(-1.8261560031962E-12,-1.,0.));
#4382=DIRECTION('',(0.,0.,1.));
#4383=DIRECTION('',(-1.8261560031962E-12,-1.,0.));
#4384=DIRECTION('center_axis',(-0.499999999997858,0.866025403785675,0.));
#4385=DIRECTION('ref_axis',(-0.866025403785675,-0.499999999997858,0.));
#4386=DIRECTION('',(-0.866025403785675,-0.499999999997858,0.));
#4387=DIRECTION('',(0.,0.,1.));
#4388=DIRECTION('',(-0.866025403785675,-0.499999999997858,0.));
#4389=DIRECTION('center_axis',(0.500000000004299,0.866025403781957,0.));
#4390=DIRECTION('ref_axis',(-0.866025403781957,0.500000000004299,0.));
#4391=DIRECTION('',(-0.866025403781957,0.500000000004299,0.));
#4392=DIRECTION('',(0.,0.,1.));
#4393=DIRECTION('',(-0.866025403781957,0.500000000004299,0.));
#4394=DIRECTION('center_axis',(1.,2.42214272621597E-12,0.));
#4395=DIRECTION('ref_axis',(-2.42214272621597E-12,1.,0.));
#4396=DIRECTION('',(-2.42214272621597E-12,1.,0.));
#4397=DIRECTION('',(0.,0.,1.));
#4398=DIRECTION('',(-2.42214272621597E-12,1.,0.));
#4399=DIRECTION('center_axis',(0.500000000002255,-0.866025403783137,0.));
#4400=DIRECTION('ref_axis',(0.866025403783137,0.500000000002255,0.));
#4401=DIRECTION('',(0.866025403783137,0.500000000002255,0.));
#4402=DIRECTION('',(0.866025403783137,0.500000000002254,0.));
#4403=DIRECTION('center_axis',(0.,0.,1.));
#4404=DIRECTION('ref_axis',(1.,0.,0.));
#4405=DIRECTION('center_axis',(0.,0.,1.));
#4406=DIRECTION('ref_axis',(1.,0.,0.));
#4407=DIRECTION('center_axis',(0.,0.,1.));
#4408=DIRECTION('ref_axis',(1.,0.,0.));
#4409=DIRECTION('',(0.,0.,1.));
#4410=DIRECTION('center_axis',(0.,0.,1.));
#4411=DIRECTION('ref_axis',(1.,0.,0.));
#4412=DIRECTION('',(0.,0.,1.));
#4413=DIRECTION('center_axis',(1.,0.,0.));
#4414=DIRECTION('ref_axis',(0.,1.,0.));
#4415=DIRECTION('',(0.,1.,0.));
#4416=DIRECTION('',(0.,0.,1.));
#4417=DIRECTION('',(0.,1.,0.));
#4418=DIRECTION('center_axis',(0.500000000004299,0.866025403781957,0.));
#4419=DIRECTION('ref_axis',(-0.866025403781957,0.500000000004299,0.));
#4420=DIRECTION('',(-0.866025403781957,0.500000000004299,0.));
#4421=DIRECTION('',(0.,0.,1.));
#4422=DIRECTION('',(-0.866025403781957,0.500000000004299,0.));
#4423=DIRECTION('center_axis',(1.,2.42214272621597E-12,0.));
#4424=DIRECTION('ref_axis',(-2.42214272621597E-12,1.,0.));
#4425=DIRECTION('',(-2.42214272621597E-12,1.,0.));
#4426=DIRECTION('',(0.,0.,1.));
#4427=DIRECTION('',(-2.42214272621597E-12,1.,0.));
#4428=DIRECTION('center_axis',(0.500000000002254,-0.866025403783137,0.));
#4429=DIRECTION('ref_axis',(0.866025403783137,0.500000000002254,0.));
#4430=DIRECTION('',(0.866025403783137,0.500000000002254,0.));
#4431=DIRECTION('',(0.,0.,1.));
#4432=DIRECTION('',(0.866025403783137,0.500000000002254,0.));
#4433=DIRECTION('center_axis',(-0.500000000001583,-0.866025403783525,0.));
#4434=DIRECTION('ref_axis',(0.866025403783525,-0.500000000001583,0.));
#4435=DIRECTION('',(0.866025403783525,-0.500000000001583,0.));
#4436=DIRECTION('',(0.,0.,1.));
#4437=DIRECTION('',(0.866025403783525,-0.500000000001583,0.));
#4438=DIRECTION('center_axis',(-1.,1.8264852776288E-12,0.));
#4439=DIRECTION('ref_axis',(-1.8264852776288E-12,-1.,0.));
#4440=DIRECTION('',(-1.8264852776288E-12,-1.,0.));
#4441=DIRECTION('',(0.,0.,1.));
#4442=DIRECTION('',(-1.8264852776288E-12,-1.,0.));
#4443=DIRECTION('center_axis',(-0.499999999997859,0.866025403785675,0.));
#4444=DIRECTION('ref_axis',(-0.866025403785675,-0.499999999997859,0.));
#4445=DIRECTION('',(-0.866025403785675,-0.499999999997859,0.));
#4446=DIRECTION('',(0.,0.,1.));
#4447=DIRECTION('',(-0.866025403785675,-0.499999999997859,0.));
#4448=DIRECTION('center_axis',(-1.,0.,0.));
#4449=DIRECTION('ref_axis',(0.,-1.,0.));
#4450=DIRECTION('',(0.,-1.,0.));
#4451=DIRECTION('',(0.,-1.,0.));
#4452=DIRECTION('center_axis',(0.,0.,1.));
#4453=DIRECTION('ref_axis',(1.,0.,0.));
#4454=DIRECTION('center_axis',(0.,0.,1.));
#4455=DIRECTION('ref_axis',(1.,0.,0.));
#4456=DIRECTION('center_axis',(0.,0.,1.));
#4457=DIRECTION('ref_axis',(1.,0.,0.));
#4458=DIRECTION('',(0.,0.,1.));
#4459=DIRECTION('center_axis',(0.,0.,-1.));
#4460=DIRECTION('ref_axis',(1.,0.,0.));
#4461=DIRECTION('center_axis',(1.,-1.32169407693471E-16,0.));
#4462=DIRECTION('ref_axis',(-1.32169407693471E-16,-1.,0.));
#4463=DIRECTION('',(-6.9172123377013E-18,-0.0523359562429438,0.998629534754574));
#4464=DIRECTION('',(-1.32169407693471E-16,-1.,0.));
#4465=DIRECTION('',(0.,0.,-1.));
#4466=DIRECTION('center_axis',(0.,0.,-1.));
#4467=DIRECTION('ref_axis',(0.,1.,0.));
#4468=DIRECTION('center_axis',(0.,0.,1.));
#4469=DIRECTION('ref_axis',(0.,1.,0.));
#4470=DIRECTION('',(0.,0.,-1.));
#4471=DIRECTION('center_axis',(0.,0.,-1.));
#4472=DIRECTION('ref_axis',(0.,1.,0.));
#4473=DIRECTION('',(0.,0.,-1.));
#4474=DIRECTION('center_axis',(-1.,-3.95331640816079E-16,0.));
#4475=DIRECTION('ref_axis',(-3.95331640816079E-16,1.,0.));
#4476=DIRECTION('',(3.95331640816079E-16,-1.,0.));
#4477=DIRECTION('',(0.,0.,-1.));
#4478=DIRECTION('',(-3.95331640816079E-16,1.,0.));
#4479=DIRECTION('center_axis',(0.,0.,-1.));
#4480=DIRECTION('ref_axis',(-0.707106781186548,-0.707106781186547,0.));
#4481=DIRECTION('center_axis',(0.,0.,-1.));
#4482=DIRECTION('ref_axis',(-0.707106781186548,-0.707106781186547,0.));
#4483=DIRECTION('',(0.,0.,-1.));
#4484=DIRECTION('center_axis',(0.,0.,-1.));
#4485=DIRECTION('ref_axis',(-0.707106781186548,-0.707106781186547,0.));
#4486=DIRECTION('center_axis',(0.,-1.,0.));
#4487=DIRECTION('ref_axis',(-1.,0.,0.));
#4488=DIRECTION('',(1.,0.,0.));
#4489=DIRECTION('',(0.,0.,-1.));
#4490=DIRECTION('',(-1.,0.,0.));
#4491=DIRECTION('center_axis',(0.,0.,-1.));
#4492=DIRECTION('ref_axis',(0.707106781186548,-0.707106781186548,0.));
#4493=DIRECTION('center_axis',(0.,0.,-1.));
#4494=DIRECTION('ref_axis',(0.707106781186548,-0.707106781186548,0.));
#4495=DIRECTION('',(0.,0.,-1.));
#4496=DIRECTION('center_axis',(0.,0.,-1.));
#4497=DIRECTION('ref_axis',(0.707106781186548,-0.707106781186548,0.));
#4498=DIRECTION('center_axis',(1.,-3.294430340134E-16,0.));
#4499=DIRECTION('ref_axis',(-3.294430340134E-16,-1.,0.));
#4500=DIRECTION('',(3.294430340134E-16,1.,0.));
#4501=DIRECTION('',(0.,0.,-1.));
#4502=DIRECTION('',(-3.294430340134E-16,-1.,0.));
#4503=DIRECTION('center_axis',(0.,0.,-1.));
#4504=DIRECTION('ref_axis',(1.,0.,0.));
#4505=DIRECTION('center_axis',(0.,0.,1.));
#4506=DIRECTION('ref_axis',(1.,0.,0.));
#4507=DIRECTION('',(0.,0.,-1.));
#4508=DIRECTION('center_axis',(0.,0.,-1.));
#4509=DIRECTION('ref_axis',(1.,0.,0.));
#4510=DIRECTION('center_axis',(-8.81129384623139E-17,1.,0.));
#4511=DIRECTION('ref_axis',(1.,8.81129384623139E-17,0.));
#4512=DIRECTION('',(-1.,-8.81129384623139E-17,0.));
#4513=DIRECTION('',(1.,8.81129384623139E-17,0.));
#4514=DIRECTION('center_axis',(-1.,0.,0.));
#4515=DIRECTION('ref_axis',(0.,1.,0.));
#4516=DIRECTION('',(0.,0.0523359562429438,-0.998629534754574));
#4517=DIRECTION('',(0.,0.,-1.));
#4518=DIRECTION('',(0.,1.,0.));
#4519=DIRECTION('center_axis',(-8.81129384623139E-17,1.,0.));
#4520=DIRECTION('ref_axis',(1.,8.81129384623139E-17,0.));
#4521=DIRECTION('',(-1.,-8.81129384623139E-17,0.));
#4522=DIRECTION('',(1.,8.81129384623139E-17,0.));
#4523=DIRECTION('center_axis',(0.,0.,1.));
#4524=DIRECTION('ref_axis',(-1.,0.,0.));
#4525=DIRECTION('',(-1.32169407693471E-16,-1.,0.));
#4526=DIRECTION('',(1.,0.,0.));
#4527=DIRECTION('',(0.,1.,0.));
#4528=DIRECTION('',(-1.,0.,0.));
#4529=DIRECTION('',(0.,1.,0.));
#4530=DIRECTION('',(1.,-2.92163953848725E-16,0.));
#4531=DIRECTION('',(4.05190884899692E-17,-1.,0.));
#4532=DIRECTION('center_axis',(-2.92163953848725E-16,-1.,0.));
#4533=DIRECTION('ref_axis',(-1.,2.92163953848725E-16,0.));
#4534=DIRECTION('',(0.,0.,-1.));
#4535=DIRECTION('',(-1.,2.92163953848725E-16,0.));
#4536=DIRECTION('',(-1.,2.92163953848725E-16,0.));
#4537=DIRECTION('',(0.,0.,-1.));
#4538=DIRECTION('center_axis',(1.,0.,0.));
#4539=DIRECTION('ref_axis',(0.,-1.,0.));
#4540=DIRECTION('',(0.,0.,-1.));
#4541=DIRECTION('',(0.,-1.,0.));
#4542=DIRECTION('',(0.,-1.,0.));
#4543=DIRECTION('center_axis',(1.,-1.32169407693471E-16,0.));
#4544=DIRECTION('ref_axis',(1.32169407693471E-16,1.,0.));
#4545=DIRECTION('',(-6.9172123377013E-18,-0.0523359562429438,0.998629534754574));
#4546=DIRECTION('',(-1.32169407693471E-16,-1.,0.));
#4547=DIRECTION('',(0.,0.,1.));
#4548=DIRECTION('center_axis',(-1.,0.,0.));
#4549=DIRECTION('ref_axis',(0.,-1.,0.));
#4550=DIRECTION('',(0.,0.,1.));
#4551=DIRECTION('',(0.,1.,0.));
#4552=DIRECTION('',(0.,0.0523359562429438,-0.998629534754574));
#4553=DIRECTION('center_axis',(0.,1.,0.));
#4554=DIRECTION('ref_axis',(-1.,0.,0.));
#4555=DIRECTION('',(-1.,0.,0.));
#4556=DIRECTION('',(0.,0.,1.));
#4557=DIRECTION('',(-1.,0.,0.));
#4558=DIRECTION('',(0.,0.,1.));
#4559=DIRECTION('',(-1.,0.,0.));
#4560=DIRECTION('center_axis',(-8.7992182742479E-17,0.998629534754574,0.0523359562429438));
#4561=DIRECTION('ref_axis',(-1.,-8.81129384623139E-17,0.));
#4562=DIRECTION('',(1.,8.81129384623139E-17,0.));
#4563=DIRECTION('',(0.,-0.0523359562429438,0.998629534754574));
#4564=DIRECTION('',(1.,3.00060823117616E-16,0.));
#4565=DIRECTION('',(-2.03875732058565E-17,-0.0523359562429438,0.998629534754574));
#4566=DIRECTION('',(-1.,-3.00060823117616E-16,0.));
#4567=DIRECTION('',(0.,-0.0523359562429438,0.998629534754574));
#4568=DIRECTION('center_axis',(-8.7992182742479E-17,0.998629534754574,0.0523359562429438));
#4569=DIRECTION('ref_axis',(-1.,-8.81129384623139E-17,0.));
#4570=DIRECTION('',(4.61147489180086E-18,-0.0523359562429438,0.998629534754574));
#4571=DIRECTION('',(-1.,0.,0.));
#4572=DIRECTION('',(-5.09689330146412E-18,0.0523359562429438,-0.998629534754574));
#4573=DIRECTION('',(1.,0.,0.));
#4574=DIRECTION('',(4.61147489180086E-18,-0.0523359562429438,0.998629534754574));
#4575=DIRECTION('',(1.,8.81129384623139E-17,0.));
#4576=DIRECTION('center_axis',(0.,0.,1.));
#4577=DIRECTION('ref_axis',(-1.,0.,0.));
#4578=DIRECTION('',(-4.05190884899692E-17,1.,0.));
#4579=DIRECTION('center_axis',(0.,0.,1.));
#4580=DIRECTION('ref_axis',(1.,0.,0.));
#4581=DIRECTION('center_axis',(0.,0.,1.));
#4582=DIRECTION('ref_axis',(1.,0.,0.));
#4583=DIRECTION('center_axis',(0.,0.,-1.));
#4584=DIRECTION('ref_axis',(1.,0.,0.));
#4585=DIRECTION('center_axis',(0.,0.,-1.));
#4586=DIRECTION('ref_axis',(1.,0.,0.));
#4587=DIRECTION('',(0.,0.,-1.));
#4588=DIRECTION('center_axis',(0.,0.,-1.));
#4589=DIRECTION('ref_axis',(1.,0.,0.));
#4590=DIRECTION('center_axis',(0.,0.,-1.));
#4591=DIRECTION('ref_axis',(1.,0.,0.));
#4592=DIRECTION('center_axis',(0.,0.,1.));
#4593=DIRECTION('ref_axis',(-1.,0.,0.));
#4594=DIRECTION('center_axis',(0.,0.,1.));
#4595=DIRECTION('ref_axis',(1.,0.,0.));
#4596=DIRECTION('center_axis',(0.,0.,-1.));
#4597=DIRECTION('ref_axis',(1.,0.,0.));
#4598=DIRECTION('center_axis',(0.,0.,-1.));
#4599=DIRECTION('ref_axis',(1.,0.,0.));
#4600=DIRECTION('',(0.,0.,-1.));
#4601=DIRECTION('center_axis',(0.,0.,-1.));
#4602=DIRECTION('ref_axis',(1.,0.,0.));
#4603=DIRECTION('center_axis',(0.,0.,-1.));
#4604=DIRECTION('ref_axis',(1.,0.,0.));
#4605=DIRECTION('center_axis',(0.,0.,-1.));
#4606=DIRECTION('ref_axis',(1.,0.,0.));
#4607=DIRECTION('center_axis',(1.,3.00060823117616E-16,0.));
#4608=DIRECTION('ref_axis',(3.00060823117616E-16,-1.,0.));
#4609=DIRECTION('center_axis',(1.,-5.43669134860359E-16,0.));
#4610=DIRECTION('ref_axis',(-5.43669134860358E-16,-1.,0.));
#4611=DIRECTION('center_axis',(1.,-5.43669134860359E-16,0.));
#4612=DIRECTION('ref_axis',(-5.43669134860358E-16,-1.,0.));
#4613=DIRECTION('center_axis',(0.,0.,-1.));
#4614=DIRECTION('ref_axis',(-1.,0.,0.));
#4615=DIRECTION('center_axis',(0.,0.,1.));
#4616=DIRECTION('ref_axis',(0.,1.,0.));
#4617=DIRECTION('center_axis',(0.,0.,-1.));
#4618=DIRECTION('ref_axis',(0.,1.,0.));
#4619=DIRECTION('center_axis',(-6.12323399573677E-17,1.,0.));
#4620=DIRECTION('ref_axis',(1.,6.12323399573677E-17,0.));
#4621=DIRECTION('center_axis',(-4.20273700173561E-16,1.,0.));
#4622=DIRECTION('ref_axis',(1.,4.20273700173561E-16,0.));
#4623=DIRECTION('',(4.20273700173561E-16,-1.,0.));
#4624=DIRECTION('',(-4.20273700173561E-16,1.,0.));
#4625=DIRECTION('center_axis',(-6.12323399573677E-17,1.,0.));
#4626=DIRECTION('ref_axis',(1.,6.12323399573677E-17,0.));
#4627=DIRECTION('center_axis',(0.,0.,-1.));
#4628=DIRECTION('ref_axis',(-1.,0.,0.));
#4629=DIRECTION('center_axis',(0.,0.,1.));
#4630=DIRECTION('ref_axis',(-0.707106781186548,-0.707106781186547,0.));
#4631=DIRECTION('center_axis',(0.,0.,-1.));
#4632=DIRECTION('ref_axis',(-0.707106781186548,-0.707106781186547,0.));
#4633=DIRECTION('center_axis',(-1.,0.,0.));
#4634=DIRECTION('ref_axis',(0.,1.,0.));
#4635=DIRECTION('center_axis',(1.,0.,0.));
#4636=DIRECTION('ref_axis',(0.,1.,0.));
#4637=DIRECTION('',(1.,0.,0.));
#4638=DIRECTION('',(-1.,0.,0.));
#4639=DIRECTION('center_axis',(1.,0.,0.));
#4640=DIRECTION('ref_axis',(0.,1.,0.));
#4641=DIRECTION('center_axis',(0.,0.,1.));
#4642=DIRECTION('ref_axis',(1.,0.,0.));
#4643=DIRECTION('center_axis',(0.,0.,1.));
#4644=DIRECTION('ref_axis',(0.707106781186547,-0.707106781186547,0.));
#4645=DIRECTION('center_axis',(0.,0.,-1.));
#4646=DIRECTION('ref_axis',(0.707106781186548,-0.707106781186548,0.));
#4647=DIRECTION('center_axis',(6.12323399573677E-17,1.,0.));
#4648=DIRECTION('ref_axis',(-1.,6.12323399573677E-17,0.));
#4649=DIRECTION('center_axis',(2.80182466782374E-16,1.,0.));
#4650=DIRECTION('ref_axis',(-1.,2.80182466782374E-16,0.));
#4651=DIRECTION('',(2.80182466782374E-16,1.,0.));
#4652=DIRECTION('',(-2.80182466782374E-16,-1.,0.));
#4653=DIRECTION('center_axis',(6.12323399573677E-17,1.,0.));
#4654=DIRECTION('ref_axis',(-1.,6.12323399573677E-17,0.));
#4655=DIRECTION('center_axis',(0.,0.,1.));
#4656=DIRECTION('ref_axis',(1.,0.,0.));
#4657=DIRECTION('center_axis',(0.,0.,1.));
#4658=DIRECTION('ref_axis',(1.,0.,0.));
#4659=DIRECTION('center_axis',(0.,0.,-1.));
#4660=DIRECTION('ref_axis',(1.,0.,0.));
#4661=DIRECTION('center_axis',(-1.,7.88598494689829E-16,0.));
#4662=DIRECTION('ref_axis',(-7.88598494689829E-16,-1.,0.));
#4663=DIRECTION('center_axis',(-1.,-9.73879846162418E-17,0.));
#4664=DIRECTION('ref_axis',(-9.73879846162418E-17,1.,0.));
#4665=DIRECTION('center_axis',(-1.,7.88598494689829E-16,0.));
#4666=DIRECTION('ref_axis',(-7.88598494689829E-16,-1.,0.));
#4667=DIRECTION('center_axis',(-1.,0.,0.));
#4668=DIRECTION('ref_axis',(0.,-1.,0.));
#4669=DIRECTION('center_axis',(1.,-3.89551938464967E-16,0.));
#4670=DIRECTION('ref_axis',(-3.89551938464967E-16,-1.,0.));
#4671=DIRECTION('center_axis',(0.,0.,-1.));
#4672=DIRECTION('ref_axis',(0.,1.,0.));
#4673=DIRECTION('center_axis',(0.,0.,-1.));
#4674=DIRECTION('ref_axis',(0.,1.,0.));
#4675=DIRECTION('',(0.0523359562429438,0.,0.998629534754574));
#4676=DIRECTION('center_axis',(0.,0.,-1.));
#4677=DIRECTION('ref_axis',(0.,1.,0.));
#4678=DIRECTION('',(0.0523359562429438,0.,0.998629534754574));
#4679=DIRECTION('center_axis',(-0.998629534754574,-3.94789852541924E-16,
0.0523359562429438));
#4680=DIRECTION('ref_axis',(3.95331640816079E-16,-1.,0.));
#4681=DIRECTION('',(-3.95331640816079E-16,1.,0.));
#4682=DIRECTION('',(-0.0523359562429438,-2.06900594552015E-17,-0.998629534754574));
#4683=DIRECTION('center_axis',(-0.998629534754574,-3.94789852541924E-16,
0.0523359562429438));
#4684=DIRECTION('ref_axis',(3.95331640816079E-16,-1.,0.));
#4685=DIRECTION('',(-0.0523359562429438,-2.06900594552015E-17,-0.998629534754574));
#4686=DIRECTION('center_axis',(0.,0.,-1.));
#4687=DIRECTION('ref_axis',(-0.707106781186548,-0.707106781186547,0.));
#4688=DIRECTION('center_axis',(0.,0.,-1.));
#4689=DIRECTION('ref_axis',(-0.707106781186548,-0.707106781186547,0.));
#4690=DIRECTION('',(0.,0.0523359562429438,0.998629534754574));
#4691=DIRECTION('center_axis',(0.,0.,-1.));
#4692=DIRECTION('ref_axis',(-0.707106781186548,-0.707106781186547,0.));
#4693=DIRECTION('',(0.,0.0523359562429438,0.998629534754574));
#4694=DIRECTION('center_axis',(0.,-0.998629534754574,0.0523359562429438));
#4695=DIRECTION('ref_axis',(1.,0.,0.));
#4696=DIRECTION('',(-1.,0.,0.));
#4697=DIRECTION('',(0.,-0.0523359562429438,-0.998629534754574));
#4698=DIRECTION('center_axis',(0.,-0.998629534754574,0.0523359562429438));
#4699=DIRECTION('ref_axis',(1.,0.,0.));
#4700=DIRECTION('',(0.,-0.0523359562429438,-0.998629534754574));
#4701=DIRECTION('center_axis',(0.,0.,-1.));
#4702=DIRECTION('ref_axis',(0.707106781186548,-0.707106781186548,0.));
#4703=DIRECTION('center_axis',(0.,0.,-1.));
#4704=DIRECTION('ref_axis',(0.707106781186547,-0.707106781186547,0.));
#4705=DIRECTION('',(-0.0523359562429438,1.72417162126679E-17,0.998629534754574));
#4706=DIRECTION('center_axis',(0.,0.,-1.));
#4707=DIRECTION('ref_axis',(0.707106781186548,-0.707106781186548,0.));
#4708=DIRECTION('',(-0.0523359562429438,1.72417162126679E-17,0.998629534754574));
#4709=DIRECTION('center_axis',(0.998629534754574,-3.28991543784936E-16,
0.0523359562429438));
#4710=DIRECTION('ref_axis',(3.294430340134E-16,1.,0.));
#4711=DIRECTION('',(-3.294430340134E-16,-1.,0.));
#4712=DIRECTION('',(-0.0523359562429438,0.,0.998629534754574));
#4713=DIRECTION('center_axis',(0.998629534754574,-3.28991543784936E-16,
0.0523359562429438));
#4714=DIRECTION('ref_axis',(3.294430340134E-16,1.,0.));
#4715=DIRECTION('',(-0.0523359562429438,0.,0.998629534754574));
#4716=DIRECTION('center_axis',(0.,0.,-1.));
#4717=DIRECTION('ref_axis',(1.,0.,0.));
#4718=DIRECTION('center_axis',(0.,0.,-1.));
#4719=DIRECTION('ref_axis',(1.,0.,0.));
#4720=DIRECTION('center_axis',(0.,0.,-1.));
#4721=DIRECTION('ref_axis',(1.,0.,0.));
#4722=DIRECTION('center_axis',(0.,0.,1.));
#4723=DIRECTION('ref_axis',(1.,0.,0.));
#4724=DIRECTION('center_axis',(0.,0.,1.));
#4725=DIRECTION('ref_axis',(4.1895208476421E-16,1.,0.));
#4726=DIRECTION('',(3.73184209958036E-16,-1.,0.));
#4727=DIRECTION('',(1.,0.,0.));
#4728=DIRECTION('',(3.73184209958036E-16,1.,0.));
#4729=DIRECTION('center_axis',(0.,0.,1.));
#4730=DIRECTION('ref_axis',(1.,0.,0.));
#4731=DIRECTION('center_axis',(-1.,-4.05190884899692E-17,0.));
#4732=DIRECTION('ref_axis',(-4.05190884899692E-17,1.,0.));
#4733=DIRECTION('',(-4.05190884899692E-17,1.,0.));
#4734=DIRECTION('',(-4.05190884899692E-17,1.,0.));
#4735=DIRECTION('',(0.,0.,-1.));
#4736=DIRECTION('center_axis',(0.,1.,0.));
#4737=DIRECTION('ref_axis',(1.,0.,0.));
#4738=DIRECTION('',(1.,0.,0.));
#4739=DIRECTION('center_axis',(0.,0.,-1.));
#4740=DIRECTION('ref_axis',(-1.,0.,0.));
#4741=DIRECTION('center_axis',(0.,1.,0.));
#4742=DIRECTION('ref_axis',(1.,0.,0.));
#4743=DIRECTION('',(-1.,0.,0.));
#4744=DIRECTION('',(0.,0.,-1.));
#4745=DIRECTION('',(1.,0.,0.));
#4746=DIRECTION('',(0.,0.,-1.));
#4747=DIRECTION('center_axis',(0.,0.,-1.));
#4748=DIRECTION('ref_axis',(-1.,0.,0.));
#4749=DIRECTION('',(-1.,0.,0.));
#4750=DIRECTION('',(-3.73184209958036E-16,1.,0.));
#4751=DIRECTION('',(-3.73184209958036E-16,-1.,0.));
#4752=DIRECTION('center_axis',(0.,0.,1.));
#4753=DIRECTION('ref_axis',(1.,0.,0.));
#4754=DIRECTION('center_axis',(0.,0.,1.));
#4755=DIRECTION('ref_axis',(1.,0.,0.));
#4756=DIRECTION('',(0.,0.,1.));
#4757=DIRECTION('center_axis',(1.,-3.73184209958036E-16,0.));
#4758=DIRECTION('ref_axis',(3.73184209958036E-16,1.,0.));
#4759=DIRECTION('',(3.73184209958036E-16,1.,0.));
#4760=DIRECTION('',(0.,0.,1.));
#4761=DIRECTION('center_axis',(0.,-1.,0.));
#4762=DIRECTION('ref_axis',(1.,0.,0.));
#4763=DIRECTION('',(0.,0.,1.));
#4764=DIRECTION('center_axis',(-1.,-3.73184209958036E-16,0.));
#4765=DIRECTION('ref_axis',(3.73184209958036E-16,-1.,0.));
#4766=DIRECTION('',(3.73184209958036E-16,-1.,0.));
#4767=DIRECTION('',(0.,0.,1.));
#4768=DIRECTION('center_axis',(0.,0.,1.));
#4769=DIRECTION('ref_axis',(4.1895208476421E-16,1.,0.));
#4770=DIRECTION('center_axis',(0.,0.,1.));
#4771=DIRECTION('ref_axis',(4.1895208476421E-16,1.,0.));
#4772=DIRECTION('center_axis',(0.,0.,1.));
#4773=DIRECTION('ref_axis',(1.,0.,0.));
#4774=DIRECTION('axis',(0.,0.,1.));
#4775=DIRECTION('refdir',(1.,0.,0.));
#4776=DIRECTION('center_axis',(-0.5,-0.866025403784439,0.));
#4777=DIRECTION('ref_axis',(-0.866025403784439,0.5,0.));
#4778=DIRECTION('',(-0.866025403784439,0.5,0.));
#4779=DIRECTION('',(0.,0.,-1.));
#4780=DIRECTION('',(-0.866025403784439,0.5,0.));
#4781=DIRECTION('',(0.,0.,-1.));
#4782=DIRECTION('center_axis',(-1.,0.,0.));
#4783=DIRECTION('ref_axis',(0.,1.,0.));
#4784=DIRECTION('',(0.,1.,0.));
#4785=DIRECTION('',(0.,1.,0.));
#4786=DIRECTION('',(0.,0.,-1.));
#4787=DIRECTION('center_axis',(-0.499999999999999,0.866025403784439,0.));
#4788=DIRECTION('ref_axis',(0.866025403784439,0.499999999999999,0.));
#4789=DIRECTION('',(0.866025403784439,0.499999999999999,0.));
#4790=DIRECTION('',(0.866025403784439,0.499999999999999,0.));
#4791=DIRECTION('',(0.,0.,-1.));
#4792=DIRECTION('center_axis',(0.500000000000001,0.866025403784438,0.));
#4793=DIRECTION('ref_axis',(0.866025403784438,-0.500000000000001,0.));
#4794=DIRECTION('',(0.866025403784438,-0.500000000000001,0.));
#4795=DIRECTION('',(0.866025403784438,-0.500000000000001,0.));
#4796=DIRECTION('',(0.,0.,-1.));
#4797=DIRECTION('center_axis',(1.,0.,0.));
#4798=DIRECTION('ref_axis',(0.,-1.,0.));
#4799=DIRECTION('',(0.,-1.,0.));
#4800=DIRECTION('',(0.,-1.,0.));
#4801=DIRECTION('',(0.,0.,-1.));
#4802=DIRECTION('center_axis',(-1.,0.,0.));
#4803=DIRECTION('ref_axis',(0.,1.,0.));
#4804=DIRECTION('',(0.,1.,0.));
#4805=DIRECTION('',(0.,0.,-1.));
#4806=DIRECTION('',(0.,1.,0.));
#4807=DIRECTION('center_axis',(0.,0.,-1.));
#4808=DIRECTION('ref_axis',(-1.,0.,0.));
#4809=DIRECTION('center_axis',(0.,0.,-1.));
#4810=DIRECTION('ref_axis',(-1.,0.,0.));
#4811=DIRECTION('',(0.,0.,-1.));
#4812=DIRECTION('center_axis',(0.,0.,-1.));
#4813=DIRECTION('ref_axis',(-1.,0.,0.));
#4814=DIRECTION('center_axis',(1.,0.,0.));
#4815=DIRECTION('ref_axis',(0.,-1.,0.));
#4816=DIRECTION('',(0.,-1.,0.));
#4817=DIRECTION('',(0.,0.,-1.));
#4818=DIRECTION('',(0.,-1.,0.));
#4819=DIRECTION('center_axis',(0.499999999999999,-0.866025403784439,0.));
#4820=DIRECTION('ref_axis',(-0.866025403784439,-0.499999999999999,0.));
#4821=DIRECTION('',(-0.866025403784439,-0.499999999999999,0.));
#4822=DIRECTION('',(-0.866025403784439,-0.499999999999999,0.));
#4823=DIRECTION('center_axis',(0.,0.,1.));
#4824=DIRECTION('ref_axis',(-1.,0.,0.));
#4825=DIRECTION('center_axis',(-0.5,-0.866025403784439,0.));
#4826=DIRECTION('ref_axis',(-0.866025403784439,0.5,0.));
#4827=DIRECTION('',(-0.866025403784439,0.5,0.));
#4828=DIRECTION('',(0.,0.,-1.));
#4829=DIRECTION('',(-0.866025403784439,0.5,0.));
#4830=DIRECTION('',(0.,0.,-1.));
#4831=DIRECTION('center_axis',(-1.,-5.00771532912387E-16,0.));
#4832=DIRECTION('ref_axis',(-5.00771532912387E-16,1.,0.));
#4833=DIRECTION('',(-5.00771532912387E-16,1.,0.));
#4834=DIRECTION('',(-5.00771532912387E-16,1.,0.));
#4835=DIRECTION('',(0.,0.,-1.));
#4836=DIRECTION('center_axis',(-0.499999999999999,0.866025403784439,0.));
#4837=DIRECTION('ref_axis',(0.866025403784439,0.499999999999999,0.));
#4838=DIRECTION('',(0.866025403784439,0.499999999999999,0.));
#4839=DIRECTION('',(0.866025403784439,0.499999999999999,0.));
#4840=DIRECTION('',(0.,0.,-1.));
#4841=DIRECTION('center_axis',(0.500000000000001,0.866025403784438,0.));
#4842=DIRECTION('ref_axis',(0.866025403784438,-0.500000000000001,0.));
#4843=DIRECTION('',(0.866025403784438,-0.500000000000001,0.));
#4844=DIRECTION('',(0.866025403784438,-0.500000000000001,0.));
#4845=DIRECTION('',(0.,0.,-1.));
#4846=DIRECTION('center_axis',(1.,0.,0.));
#4847=DIRECTION('ref_axis',(0.,-1.,0.));
#4848=DIRECTION('',(0.,-1.,0.));
#4849=DIRECTION('',(0.,-1.,0.));
#4850=DIRECTION('',(0.,0.,-1.));
#4851=DIRECTION('center_axis',(-1.,0.,0.));
#4852=DIRECTION('ref_axis',(0.,1.,0.));
#4853=DIRECTION('',(0.,1.,0.));
#4854=DIRECTION('',(0.,0.,-1.));
#4855=DIRECTION('',(0.,1.,0.));
#4856=DIRECTION('center_axis',(0.,0.,-1.));
#4857=DIRECTION('ref_axis',(-1.,0.,0.));
#4858=DIRECTION('center_axis',(0.,0.,-1.));
#4859=DIRECTION('ref_axis',(-1.,0.,0.));
#4860=DIRECTION('',(0.,0.,-1.));
#4861=DIRECTION('center_axis',(0.,0.,-1.));
#4862=DIRECTION('ref_axis',(-1.,0.,0.));
#4863=DIRECTION('center_axis',(1.,0.,0.));
#4864=DIRECTION('ref_axis',(0.,-1.,0.));
#4865=DIRECTION('',(0.,-1.,0.));
#4866=DIRECTION('',(0.,0.,-1.));
#4867=DIRECTION('',(0.,-1.,0.));
#4868=DIRECTION('center_axis',(0.499999999999999,-0.866025403784439,0.));
#4869=DIRECTION('ref_axis',(-0.866025403784439,-0.499999999999999,0.));
#4870=DIRECTION('',(-0.866025403784439,-0.499999999999999,0.));
#4871=DIRECTION('',(-0.866025403784439,-0.499999999999999,0.));
#4872=DIRECTION('center_axis',(0.,0.,1.));
#4873=DIRECTION('ref_axis',(-1.,0.,0.));
#4874=DIRECTION('center_axis',(-0.5,-0.866025403784439,0.));
#4875=DIRECTION('ref_axis',(-0.866025403784439,0.5,0.));
#4876=DIRECTION('',(-0.866025403784439,0.5,0.));
#4877=DIRECTION('',(0.,0.,-1.));
#4878=DIRECTION('',(-0.866025403784439,0.5,0.));
#4879=DIRECTION('',(0.,0.,-1.));
#4880=DIRECTION('center_axis',(-1.,0.,0.));
#4881=DIRECTION('ref_axis',(0.,1.,0.));
#4882=DIRECTION('',(0.,1.,0.));
#4883=DIRECTION('',(0.,1.,0.));
#4884=DIRECTION('',(0.,0.,-1.));
#4885=DIRECTION('center_axis',(-0.499999999999999,0.866025403784439,0.));
#4886=DIRECTION('ref_axis',(0.866025403784439,0.499999999999999,0.));
#4887=DIRECTION('',(0.866025403784439,0.499999999999999,0.));
#4888=DIRECTION('',(0.866025403784439,0.499999999999999,0.));
#4889=DIRECTION('',(0.,0.,-1.));
#4890=DIRECTION('center_axis',(-1.,0.,0.));
#4891=DIRECTION('ref_axis',(0.,1.,0.));
#4892=DIRECTION('',(0.,1.,0.));
#4893=DIRECTION('',(0.,1.,0.));
#4894=DIRECTION('',(0.,0.,-1.));
#4895=DIRECTION('center_axis',(0.,0.,-1.));
#4896=DIRECTION('ref_axis',(-1.,0.,0.));
#4897=DIRECTION('center_axis',(0.,0.,-1.));
#4898=DIRECTION('ref_axis',(-1.,0.,0.));
#4899=DIRECTION('center_axis',(0.,0.,-1.));
#4900=DIRECTION('ref_axis',(-1.,0.,0.));
#4901=DIRECTION('',(0.,0.,-1.));
#4902=DIRECTION('center_axis',(0.499999999999999,-0.866025403784439,0.));
#4903=DIRECTION('ref_axis',(-0.866025403784439,-0.499999999999999,0.));
#4904=DIRECTION('',(-0.866025403784439,-0.499999999999999,0.));
#4905=DIRECTION('',(0.,0.,-1.));
#4906=DIRECTION('',(-0.866025403784439,-0.499999999999999,0.));
#4907=DIRECTION('center_axis',(1.,0.,0.));
#4908=DIRECTION('ref_axis',(0.,-1.,0.));
#4909=DIRECTION('',(0.,-1.,0.));
#4910=DIRECTION('',(0.,0.,-1.));
#4911=DIRECTION('',(0.,-1.,0.));
#4912=DIRECTION('center_axis',(0.500000000000001,0.866025403784438,0.));
#4913=DIRECTION('ref_axis',(0.866025403784438,-0.500000000000001,0.));
#4914=DIRECTION('',(0.866025403784438,-0.500000000000001,0.));
#4915=DIRECTION('',(0.,0.,-1.));
#4916=DIRECTION('',(0.866025403784438,-0.500000000000001,0.));
#4917=DIRECTION('center_axis',(1.,0.,0.));
#4918=DIRECTION('ref_axis',(0.,-1.,0.));
#4919=DIRECTION('',(0.,-1.,0.));
#4920=DIRECTION('',(0.,-1.,0.));
#4921=DIRECTION('center_axis',(0.,0.,1.));
#4922=DIRECTION('ref_axis',(-1.,0.,0.));
#4923=DIRECTION('center_axis',(-0.5,-0.866025403784439,0.));
#4924=DIRECTION('ref_axis',(-0.866025403784439,0.5,0.));
#4925=DIRECTION('',(-0.866025403784439,0.5,0.));
#4926=DIRECTION('',(0.,0.,-1.));
#4927=DIRECTION('',(-0.866025403784439,0.5,0.));
#4928=DIRECTION('',(0.,0.,-1.));
#4929=DIRECTION('center_axis',(-1.,-5.00771532912387E-16,0.));
#4930=DIRECTION('ref_axis',(-5.00771532912387E-16,1.,0.));
#4931=DIRECTION('',(-5.00771532912387E-16,1.,0.));
#4932=DIRECTION('',(-5.00771532912387E-16,1.,0.));
#4933=DIRECTION('',(0.,0.,-1.));
#4934=DIRECTION('center_axis',(-0.499999999999999,0.866025403784439,0.));
#4935=DIRECTION('ref_axis',(0.866025403784439,0.499999999999999,0.));
#4936=DIRECTION('',(0.866025403784439,0.499999999999999,0.));
#4937=DIRECTION('',(0.866025403784439,0.499999999999999,0.));
#4938=DIRECTION('',(0.,0.,-1.));
#4939=DIRECTION('center_axis',(-1.,0.,0.));
#4940=DIRECTION('ref_axis',(0.,1.,0.));
#4941=DIRECTION('',(0.,1.,0.));
#4942=DIRECTION('',(0.,1.,0.));
#4943=DIRECTION('',(0.,0.,-1.));
#4944=DIRECTION('center_axis',(0.,0.,-1.));
#4945=DIRECTION('ref_axis',(-1.,0.,0.));
#4946=DIRECTION('center_axis',(0.,0.,-1.));
#4947=DIRECTION('ref_axis',(-1.,0.,0.));
#4948=DIRECTION('center_axis',(0.,0.,-1.));
#4949=DIRECTION('ref_axis',(-1.,0.,0.));
#4950=DIRECTION('',(0.,0.,-1.));
#4951=DIRECTION('center_axis',(0.499999999999999,-0.866025403784439,0.));
#4952=DIRECTION('ref_axis',(-0.866025403784439,-0.499999999999999,0.));
#4953=DIRECTION('',(-0.866025403784439,-0.499999999999999,0.));
#4954=DIRECTION('',(0.,0.,-1.));
#4955=DIRECTION('',(-0.866025403784439,-0.499999999999999,0.));
#4956=DIRECTION('center_axis',(1.,0.,0.));
#4957=DIRECTION('ref_axis',(0.,-1.,0.));
#4958=DIRECTION('',(0.,-1.,0.));
#4959=DIRECTION('',(0.,0.,-1.));
#4960=DIRECTION('',(0.,-1.,0.));
#4961=DIRECTION('center_axis',(0.500000000000001,0.866025403784438,0.));
#4962=DIRECTION('ref_axis',(0.866025403784438,-0.500000000000001,0.));
#4963=DIRECTION('',(0.866025403784438,-0.500000000000001,0.));
#4964=DIRECTION('',(0.,0.,-1.));
#4965=DIRECTION('',(0.866025403784438,-0.500000000000001,0.));
#4966=DIRECTION('center_axis',(1.,0.,0.));
#4967=DIRECTION('ref_axis',(0.,-1.,0.));
#4968=DIRECTION('',(0.,-1.,0.));
#4969=DIRECTION('',(0.,-1.,0.));
#4970=DIRECTION('center_axis',(0.,0.,1.));
#4971=DIRECTION('ref_axis',(-1.,0.,0.));
#4972=DIRECTION('center_axis',(0.,1.,0.));
#4973=DIRECTION('ref_axis',(0.,0.,1.));
#4974=DIRECTION('',(0.,0.,-1.));
#4975=DIRECTION('',(1.,0.,0.));
#4976=DIRECTION('center_axis',(0.,1.,0.));
#4977=DIRECTION('ref_axis',(-1.,2.80182466782374E-16,0.));
#4978=DIRECTION('',(0.,0.,1.));
#4979=DIRECTION('',(-1.,0.,0.));
#4980=DIRECTION('center_axis',(0.,-1.,0.));
#4981=DIRECTION('ref_axis',(0.,0.,-1.));
#4982=DIRECTION('',(0.,0.,1.));
#4983=DIRECTION('',(1.,0.,0.));
#4984=DIRECTION('',(0.,0.,-1.));
#4985=DIRECTION('center_axis',(0.,-1.,0.));
#4986=DIRECTION('ref_axis',(-1.,2.80182466782374E-16,0.));
#4987=DIRECTION('',(1.,0.,0.));
#4988=DIRECTION('center_axis',(0.,-1.,0.));
#4989=DIRECTION('ref_axis',(0.,0.,-1.));
#4990=DIRECTION('',(0.,0.,1.));
#4991=DIRECTION('',(1.,0.,0.));
#4992=DIRECTION('',(0.,0.,-1.));
#4993=DIRECTION('',(1.,0.,0.));
#4994=DIRECTION('center_axis',(0.,-1.,0.));
#4995=DIRECTION('ref_axis',(1.,4.20273700173561E-16,0.));
#4996=DIRECTION('center_axis',(0.,0.,1.));
#4997=DIRECTION('ref_axis',(0.,-1.,0.));
#4998=DIRECTION('',(0.,1.,0.));
#4999=DIRECTION('',(-2.80182466782374E-16,-1.,0.));
#5000=DIRECTION('center_axis',(0.,1.,0.));
#5001=DIRECTION('ref_axis',(0.,0.,1.));
#5002=DIRECTION('',(0.,0.,-1.));
#5003=DIRECTION('center_axis',(0.,1.,0.));
#5004=DIRECTION('ref_axis',(1.,4.20273700173561E-16,0.));
#5005=DIRECTION('',(1.,0.,0.));
#5006=DIRECTION('',(0.,0.,1.));
#5007=DIRECTION('',(-1.,0.,0.));
#5008=DIRECTION('center_axis',(0.,0.,1.));
#5009=DIRECTION('ref_axis',(0.,-1.,0.));
#5010=DIRECTION('',(-4.20273700173561E-16,1.,0.));
#5011=DIRECTION('',(0.,-1.,0.));
#5012=DIRECTION('center_axis',(-1.,0.,0.));
#5013=DIRECTION('ref_axis',(0.,1.,0.));
#5014=DIRECTION('',(0.,1.,0.));
#5015=DIRECTION('',(0.,0.,-1.));
#5016=DIRECTION('',(0.,-1.,0.));
#5017=DIRECTION('',(0.,0.,-1.));
#5018=DIRECTION('',(0.,1.,0.));
#5019=DIRECTION('center_axis',(-1.,-3.95331640816079E-16,0.));
#5020=DIRECTION('ref_axis',(3.95331640816079E-16,-1.,0.));
#5021=DIRECTION('',(4.20273700173561E-16,-1.,0.));
#5022=DIRECTION('',(0.,0.,-1.));
#5023=DIRECTION('',(-3.95331640816079E-16,1.,0.));
#5024=DIRECTION('center_axis',(-1.,-3.95331640816079E-16,0.));
#5025=DIRECTION('ref_axis',(3.95331640816079E-16,-1.,0.));
#5026=DIRECTION('',(-3.95331640816079E-16,1.,0.));
#5027=DIRECTION('',(0.,0.,1.));
#5028=DIRECTION('',(4.20273700173561E-16,-1.,0.));
#5029=DIRECTION('center_axis',(-4.20273700173561E-16,1.,0.));
#5030=DIRECTION('ref_axis',(1.,4.20273700173561E-16,0.));
#5031=DIRECTION('',(-4.20273700173561E-16,1.,0.));
#5032=DIRECTION('center_axis',(-6.12323399573677E-17,1.,0.));
#5033=DIRECTION('ref_axis',(1.,6.12323399573677E-17,0.));
#5034=DIRECTION('center_axis',(0.,0.,1.));
#5035=DIRECTION('ref_axis',(-1.,0.,0.));
#5036=DIRECTION('center_axis',(0.,0.,-1.));
#5037=DIRECTION('ref_axis',(-0.707106781186548,-0.707106781186547,0.));
#5038=DIRECTION('',(-1.,0.,0.));
#5039=DIRECTION('center_axis',(0.,0.,-1.));
#5040=DIRECTION('ref_axis',(0.707106781186547,-0.707106781186547,0.));
#5041=DIRECTION('',(-3.294430340134E-16,-1.,0.));
#5042=DIRECTION('',(0.,-1.,0.));
#5043=DIRECTION('',(-1.,0.,0.));
#5044=DIRECTION('center_axis',(0.,0.,1.));
#5045=DIRECTION('ref_axis',(-1.,0.,0.));
#5046=DIRECTION('',(-3.294430340134E-16,-1.,0.));
#5047=DIRECTION('center_axis',(0.,0.,-1.));
#5048=DIRECTION('ref_axis',(1.,0.,0.));
#5049=DIRECTION('',(1.,8.81129384623139E-17,0.));
#5050=DIRECTION('',(-9.73879846162418E-17,1.,0.));
#5051=DIRECTION('',(1.,0.,0.));
#5052=DIRECTION('center_axis',(0.,0.,-1.));
#5053=DIRECTION('ref_axis',(1.,0.,0.));
#5054=DIRECTION('',(0.,-1.,0.));
#5055=DIRECTION('center_axis',(1.,-3.294430340134E-16,0.));
#5056=DIRECTION('ref_axis',(3.294430340134E-16,1.,0.));
#5057=DIRECTION('',(0.,0.,1.));
#5058=DIRECTION('',(2.80182466782374E-16,1.,0.));
#5059=DIRECTION('center_axis',(1.,-3.294430340134E-16,0.));
#5060=DIRECTION('ref_axis',(3.294430340134E-16,1.,0.));
#5061=DIRECTION('',(2.80182466782374E-16,1.,0.));
#5062=DIRECTION('',(0.,0.,1.));
#5063=DIRECTION('center_axis',(2.80182466782374E-16,1.,0.));
#5064=DIRECTION('ref_axis',(-1.,2.80182466782374E-16,0.));
#5065=DIRECTION('center_axis',(6.12323399573677E-17,1.,0.));
#5066=DIRECTION('ref_axis',(-1.,6.12323399573677E-17,0.));
#5067=DIRECTION('',(-2.80182466782374E-16,-1.,0.));
#5068=DIRECTION('center_axis',(2.80182466782374E-16,1.,0.));
#5069=DIRECTION('ref_axis',(-1.,2.80182466782374E-16,0.));
#5070=DIRECTION('',(-2.80182466782374E-16,-1.,0.));
#5071=DIRECTION('center_axis',(6.12323399573677E-17,1.,0.));
#5072=DIRECTION('ref_axis',(-1.,6.12323399573677E-17,0.));
#5073=DIRECTION('center_axis',(1.,3.00060823117616E-16,0.));
#5074=DIRECTION('ref_axis',(3.00060823117616E-16,-1.,0.));
#5075=DIRECTION('center_axis',(1.,-5.43669134860359E-16,0.));
#5076=DIRECTION('ref_axis',(-5.43669134860358E-16,-1.,0.));
#5077=DIRECTION('',(-1.,-3.00060823117616E-16,0.));
#5078=DIRECTION('center_axis',(1.,-5.43669134860359E-16,0.));
#5079=DIRECTION('ref_axis',(-5.43669134860358E-16,-1.,0.));
#5080=DIRECTION('',(1.,3.00060823117616E-16,0.));
#5081=DIRECTION('center_axis',(0.,0.,-1.));
#5082=DIRECTION('ref_axis',(-1.,0.,0.));
#5083=DIRECTION('center_axis',(-6.12323399573677E-17,1.,0.));
#5084=DIRECTION('ref_axis',(1.,6.12323399573677E-17,0.));
#5085=DIRECTION('center_axis',(0.,0.,1.));
#5086=DIRECTION('ref_axis',(0.,1.,0.));
#5087=DIRECTION('center_axis',(0.,0.,-1.));
#5088=DIRECTION('ref_axis',(0.,1.,0.));
#5089=DIRECTION('center_axis',(-4.20273700173561E-16,1.,0.));
#5090=DIRECTION('ref_axis',(1.,4.20273700173561E-16,0.));
#5091=DIRECTION('',(-4.20273700173561E-16,1.,0.));
#5092=DIRECTION('center_axis',(0.,0.,-1.));
#5093=DIRECTION('ref_axis',(-1.,0.,0.));
#5094=DIRECTION('center_axis',(-1.,0.,0.));
#5095=DIRECTION('ref_axis',(0.,1.,0.));
#5096=DIRECTION('center_axis',(0.,0.,1.));
#5097=DIRECTION('ref_axis',(-0.707106781186548,-0.707106781186547,0.));
#5098=DIRECTION('center_axis',(0.,0.,-1.));
#5099=DIRECTION('ref_axis',(-0.707106781186548,-0.707106781186547,0.));
#5100=DIRECTION('center_axis',(-1.,0.,0.));
#5101=DIRECTION('ref_axis',(0.,-1.,0.));
#5102=DIRECTION('center_axis',(-1.,7.88598494689829E-16,0.));
#5103=DIRECTION('ref_axis',(-7.88598494689829E-16,-1.,0.));
#5104=DIRECTION('',(1.,0.,0.));
#5105=DIRECTION('center_axis',(-1.,7.88598494689829E-16,0.));
#5106=DIRECTION('ref_axis',(-7.88598494689829E-16,-1.,0.));
#5107=DIRECTION('',(-1.,0.,0.));
#5108=DIRECTION('center_axis',(0.,0.,1.));
#5109=DIRECTION('ref_axis',(1.,0.,0.));
#5110=DIRECTION('center_axis',(0.,0.,-1.));
#5111=DIRECTION('ref_axis',(1.,0.,0.));
#5112=DIRECTION('center_axis',(0.,0.,1.));
#5113=DIRECTION('ref_axis',(1.,0.,0.));
#5114=DIRECTION('center_axis',(0.,0.,1.));
#5115=DIRECTION('ref_axis',(1.,0.,0.));
#5116=DIRECTION('center_axis',(1.,0.,0.));
#5117=DIRECTION('ref_axis',(0.,1.,0.));
#5118=DIRECTION('center_axis',(0.,0.,-1.));
#5119=DIRECTION('ref_axis',(0.707106781186547,-0.707106781186547,0.));
#5120=DIRECTION('center_axis',(0.,0.,1.));
#5121=DIRECTION('ref_axis',(0.707106781186547,-0.707106781186547,0.));
#5122=DIRECTION('center_axis',(1.,0.,0.));
#5123=DIRECTION('ref_axis',(0.,1.,0.));
#5124=DIRECTION('',(-1.,0.,0.));
#5125=DIRECTION('',(1.,0.,0.));
#5126=DIRECTION('center_axis',(-8.81129384623139E-17,1.,0.));
#5127=DIRECTION('ref_axis',(-1.,-8.81129384623139E-17,0.));
#5128=DIRECTION('',(0.,0.,1.));
#5129=DIRECTION('',(1.,8.81129384623139E-17,0.));
#5130=DIRECTION('',(0.,0.,1.));
#5131=DIRECTION('center_axis',(0.,0.,1.));
#5132=DIRECTION('ref_axis',(0.,1.,0.));
#5133=DIRECTION('center_axis',(0.,0.,-1.));
#5134=DIRECTION('ref_axis',(0.,1.,0.));
#5135=DIRECTION('center_axis',(-8.81129384623139E-17,1.,0.));
#5136=DIRECTION('ref_axis',(-1.,-8.81129384623139E-17,0.));
#5137=DIRECTION('',(0.,0.,1.));
#5138=DIRECTION('',(-1.,-8.81129384623139E-17,0.));
#5139=DIRECTION('',(0.,0.,-1.));
#5140=DIRECTION('center_axis',(0.,0.,1.));
#5141=DIRECTION('ref_axis',(1.,0.,0.));
#5142=DIRECTION('',(0.,0.,1.));
#5143=DIRECTION('center_axis',(0.,0.,1.));
#5144=DIRECTION('ref_axis',(1.,0.,0.));
#5145=DIRECTION('center_axis',(0.,0.,1.));
#5146=DIRECTION('ref_axis',(-0.707106781186548,-0.707106781186547,0.));
#5147=DIRECTION('',(0.,0.,1.));
#5148=DIRECTION('center_axis',(1.,-3.294430340134E-16,0.));
#5149=DIRECTION('ref_axis',(3.294430340134E-16,1.,0.));
#5150=DIRECTION('',(0.,0.,1.));
#5151=DIRECTION('',(3.294430340134E-16,1.,0.));
#5152=DIRECTION('center_axis',(0.,-1.,0.));
#5153=DIRECTION('ref_axis',(1.,0.,0.));
#5154=DIRECTION('',(0.,0.,-1.));
#5155=DIRECTION('center_axis',(0.,0.,1.));
#5156=DIRECTION('ref_axis',(0.707106781186547,-0.707106781186547,0.));
#5157=DIRECTION('',(0.,0.,-1.));
#5158=DIRECTION('center_axis',(0.,0.,1.));
#5159=DIRECTION('ref_axis',(0.707106781186547,-0.707106781186547,0.));
#5160=DIRECTION('center_axis',(0.,0.,1.));
#5161=DIRECTION('ref_axis',(-1.,0.,0.));
#5162=DIRECTION('center_axis',(0.,0.,-1.));
#5163=DIRECTION('ref_axis',(0.,1.,0.));
#5164=DIRECTION('',(1.,0.,0.));
#5165=DIRECTION('',(-3.89551938464967E-16,-1.,0.));
#5166=DIRECTION('center_axis',(-8.81129384623139E-17,1.,0.));
#5167=DIRECTION('ref_axis',(-1.,-8.81129384623139E-17,0.));
#5168=DIRECTION('',(0.,0.,1.));
#5169=DIRECTION('',(-1.,-8.81129384623139E-17,0.));
#5170=DIRECTION('',(0.,0.,1.));
#5171=DIRECTION('center_axis',(-8.81129384623139E-17,1.,0.));
#5172=DIRECTION('ref_axis',(-1.,-8.81129384623139E-17,0.));
#5173=DIRECTION('',(0.,0.,-1.));
#5174=DIRECTION('',(0.,0.,1.));
#5175=DIRECTION('center_axis',(0.,1.,0.));
#5176=DIRECTION('ref_axis',(1.,0.,0.));
#5177=DIRECTION('',(0.,0.,-1.));
#5178=DIRECTION('',(0.,0.,-1.));
#5179=DIRECTION('',(-1.,0.,0.));
#5180=DIRECTION('center_axis',(0.,1.,0.));
#5181=DIRECTION('ref_axis',(1.,0.,0.));
#5182=DIRECTION('',(0.,0.,1.));
#5183=DIRECTION('',(-1.,0.,0.));
#5184=DIRECTION('',(0.,0.,-1.));
#5185=DIRECTION('center_axis',(0.,0.,1.));
#5186=DIRECTION('ref_axis',(-1.,0.,0.));
#5187=DIRECTION('',(9.73879846162418E-17,-1.,0.));
#5188=DIRECTION('',(-1.,1.06752213906265E-16,0.));
#5189=DIRECTION('',(3.89551938464967E-16,1.,0.));
#5190=DIRECTION('center_axis',(0.,0.,1.));
#5191=DIRECTION('ref_axis',(0.,1.,0.));
#5192=DIRECTION('',(1.,0.,0.));
#5193=DIRECTION('',(0.,1.,0.));
#5194=DIRECTION('center_axis',(0.,0.,1.));
#5195=DIRECTION('ref_axis',(1.,0.,0.));
#5196=DIRECTION('',(1.,7.30409884621814E-17,0.));
#5197=DIRECTION('',(0.,-1.,0.));
#5198=DIRECTION('',(-1.,2.92163953848725E-16,0.));
#5199=DIRECTION('',(-4.05190884899692E-17,1.,0.));
#5200=DIRECTION('center_axis',(0.,0.,1.));
#5201=DIRECTION('ref_axis',(0.707106781186547,-0.707106781186547,0.));
#5202=DIRECTION('center_axis',(0.,-1.,0.));
#5203=DIRECTION('ref_axis',(1.,0.,0.));
#5204=DIRECTION('',(0.,0.,1.));
#5205=DIRECTION('',(1.,0.,0.));
#5206=DIRECTION('center_axis',(0.,0.,1.));
#5207=DIRECTION('ref_axis',(-0.707106781186548,-0.707106781186547,0.));
#5208=DIRECTION('',(0.,0.,-1.));
#5209=DIRECTION('center_axis',(0.,0.,1.));
#5210=DIRECTION('ref_axis',(-0.707106781186548,-0.707106781186547,0.));
#5211=DIRECTION('center_axis',(0.,0.,1.));
#5212=DIRECTION('ref_axis',(1.,0.,0.));
#5213=DIRECTION('center_axis',(-1.,-3.95331640816079E-16,0.));
#5214=DIRECTION('ref_axis',(3.95331640816079E-16,-1.,0.));
#5215=DIRECTION('',(0.,0.,1.));
#5216=DIRECTION('',(3.95331640816079E-16,-1.,0.));
#5217=DIRECTION('center_axis',(0.,0.,1.));
#5218=DIRECTION('ref_axis',(0.,1.,0.));
#5219=DIRECTION('center_axis',(0.,0.,1.));
#5220=DIRECTION('ref_axis',(0.,1.,0.));
#5221=DIRECTION('center_axis',(-1.,0.,0.));
#5222=DIRECTION('ref_axis',(0.,1.,0.));
#5223=DIRECTION('',(0.,-1.,0.));
#5224=DIRECTION('',(0.,0.,-1.));
#5225=DIRECTION('',(0.,0.,-1.));
#5226=DIRECTION('center_axis',(-1.,0.,0.));
#5227=DIRECTION('ref_axis',(0.,1.,0.));
#5228=DIRECTION('',(0.,-1.,0.));
#5229=DIRECTION('',(0.,0.,1.));
#5230=DIRECTION('',(0.,1.,0.));
#5231=DIRECTION('',(0.,0.,1.));
#5232=DIRECTION('center_axis',(2.92163953848725E-16,1.,0.));
#5233=DIRECTION('ref_axis',(1.,-2.92163953848725E-16,0.));
#5234=DIRECTION('',(-1.,2.92163953848725E-16,0.));
#5235=DIRECTION('',(0.,0.,-1.));
#5236=DIRECTION('center_axis',(1.,4.05190884899692E-17,0.));
#5237=DIRECTION('ref_axis',(4.05190884899692E-17,-1.,0.));
#5238=DIRECTION('',(-4.05190884899692E-17,1.,0.));
#5239=DIRECTION('',(0.,0.,1.));
#5240=DIRECTION('center_axis',(0.,-1.,0.));
#5241=DIRECTION('ref_axis',(1.,0.,0.));
#5242=DIRECTION('',(0.,0.,1.));
#5243=DIRECTION('',(1.,0.,0.));
#5244=DIRECTION('',(0.,0.,1.));
#5245=DIRECTION('',(1.,0.,0.));
#5246=DIRECTION('',(0.,0.,1.));
#5247=DIRECTION('',(1.,0.,0.));
#5248=DIRECTION('center_axis',(-1.,0.,0.));
#5249=DIRECTION('ref_axis',(0.,-1.,0.));
#5250=DIRECTION('',(0.,0.,-1.));
#5251=DIRECTION('',(0.,-1.,0.));
#5252=DIRECTION('',(0.,-1.,0.));
#5253=DIRECTION('center_axis',(1.,0.,0.));
#5254=DIRECTION('ref_axis',(0.,1.,0.));
#5255=DIRECTION('',(0.,0.,1.));
#5256=DIRECTION('',(0.,1.,0.));
#5257=DIRECTION('',(0.,1.,0.));
#5258=DIRECTION('center_axis',(0.,0.,1.));
#5259=DIRECTION('ref_axis',(1.,0.,0.));
#5260=DIRECTION('',(-1.,0.,0.));
#5261=DIRECTION('center_axis',(-1.,0.,0.));
#5262=DIRECTION('ref_axis',(0.,-1.,0.));
#5263=DIRECTION('',(0.,-1.,0.));
#5264=DIRECTION('',(0.,0.,1.));
#5265=DIRECTION('',(0.,-1.,0.));
#5266=DIRECTION('center_axis',(0.,0.,1.));
#5267=DIRECTION('ref_axis',(1.,0.,0.));
#5268=DIRECTION('',(-1.,0.,0.));
#5269=DIRECTION('',(0.,1.,0.));
#5270=DIRECTION('',(1.,0.,0.));
#5271=DIRECTION('center_axis',(1.,0.,0.));
#5272=DIRECTION('ref_axis',(0.,1.,0.));
#5273=DIRECTION('',(0.,1.,0.));
#5274=DIRECTION('',(0.,0.,1.));
#5275=DIRECTION('',(0.,0.,1.));
#5276=DIRECTION('center_axis',(0.,-1.,0.));
#5277=DIRECTION('ref_axis',(1.,0.,0.));
#5278=DIRECTION('',(1.,0.,0.));
#5279=DIRECTION('center_axis',(0.,-1.,0.));
#5280=DIRECTION('ref_axis',(1.,0.,0.));
#5281=DIRECTION('',(1.,0.,0.));
#5282=DIRECTION('',(0.,0.,1.));
#5283=DIRECTION('',(1.,0.,0.));
#5284=DIRECTION('',(1.,0.,0.));
#5285=DIRECTION('center_axis',(0.,0.,1.));
#5286=DIRECTION('ref_axis',(1.,0.,0.));
#5287=DIRECTION('',(9.73879846162418E-17,-1.,0.));
#5288=DIRECTION('',(-1.,0.,0.));
#5289=DIRECTION('',(0.,-1.,0.));
#5290=DIRECTION('',(-1.,0.,0.));
#5291=DIRECTION('',(3.89551938464967E-16,1.,0.));
#5292=DIRECTION('',(-1.,1.06752213906265E-16,0.));
#5293=DIRECTION('center_axis',(0.,1.,0.));
#5294=DIRECTION('ref_axis',(-1.,0.,0.));
#5295=DIRECTION('',(-1.,0.,0.));
#5296=DIRECTION('',(0.,0.,-1.));
#5297=DIRECTION('',(0.,0.,1.));
#5298=DIRECTION('center_axis',(0.,1.,0.));
#5299=DIRECTION('ref_axis',(-1.,0.,0.));
#5300=DIRECTION('',(-1.,0.,0.));
#5301=DIRECTION('',(0.,0.,1.));
#5302=DIRECTION('center_axis',(-1.,-9.73879846162418E-17,0.));
#5303=DIRECTION('ref_axis',(-9.73879846162418E-17,1.,0.));
#5304=DIRECTION('',(0.,0.,-1.));
#5305=DIRECTION('',(-9.73879846162418E-17,1.,0.));
#5306=DIRECTION('center_axis',(1.,4.05190884899692E-17,0.));
#5307=DIRECTION('ref_axis',(4.05190884899692E-17,-1.,0.));
#5308=DIRECTION('',(-4.05190884899692E-17,1.,0.));
#5309=DIRECTION('center_axis',(1.06752213906265E-16,1.,0.));
#5310=DIRECTION('ref_axis',(1.,-1.06752213906265E-16,0.));
#5311=DIRECTION('',(0.,0.,-1.));
#5312=DIRECTION('center_axis',(0.,0.,-1.));
#5313=DIRECTION('ref_axis',(-1.,0.,0.));
#5314=DIRECTION('',(-3.89551938464967E-16,-1.,0.));
#5315=DIRECTION('',(-1.,-7.30409884621814E-17,0.));
#5316=DIRECTION('center_axis',(1.,-3.89551938464967E-16,0.));
#5317=DIRECTION('ref_axis',(-3.89551938464967E-16,-1.,0.));
#5318=DIRECTION('center_axis',(7.30409884621814E-17,-1.,0.));
#5319=DIRECTION('ref_axis',(-1.,-7.30409884621814E-17,0.));
#5320=DIRECTION('center_axis',(0.,0.,-1.));
#5321=DIRECTION('ref_axis',(0.,1.,0.));
#5322=DIRECTION('center_axis',(0.,-1.,0.));
#5323=DIRECTION('ref_axis',(-1.,0.,0.));
#5324=DIRECTION('',(0.,0.,-1.));
#5325=DIRECTION('center_axis',(1.,0.,0.));
#5326=DIRECTION('ref_axis',(0.,-1.,0.));
#5327=DIRECTION('',(0.,0.,-1.));
#5328=DIRECTION('center_axis',(0.,0.,-1.));
#5329=DIRECTION('ref_axis',(1.,0.,0.));
#5330=DIRECTION('',(0.,0.,1.));
#5331=DIRECTION('',(1.,0.,0.));
#5332=DIRECTION('',(0.,0.,1.));
#5333=DIRECTION('',(1.,0.,0.));
#5334=DIRECTION('center_axis',(0.,0.,1.));
#5335=DIRECTION('ref_axis',(1.,0.,0.));
#5336=CARTESIAN_POINT('',(0.,0.,0.));
#5337=CARTESIAN_POINT('',(0.,0.,0.));
#5338=CARTESIAN_POINT('Origin',(6.74999999999999,3.56413721396138,0.));
#5339=CARTESIAN_POINT('',(6.74999999999999,3.56413721396138,0.));
#5340=CARTESIAN_POINT('',(6.74999999999999,4.85281234856141,0.));
#5341=CARTESIAN_POINT('',(6.74999999999999,1.10706860698069,0.));
#5342=CARTESIAN_POINT('',(6.74999999999999,3.56413721396138,1.1));
#5343=CARTESIAN_POINT('',(6.74999999999999,3.56413721396138,0.));
#5344=CARTESIAN_POINT('',(6.74999999999999,4.85281234856141,1.1));
#5345=CARTESIAN_POINT('',(6.74999999999999,5.56413721396138,1.1));
#5346=CARTESIAN_POINT('',(6.74999999999999,4.85281234856141,0.));
#5347=CARTESIAN_POINT('Origin',(6.24999999999999,3.56413721396138,0.));
#5348=CARTESIAN_POINT('',(5.74999999999999,3.56413721396138,0.));
#5349=CARTESIAN_POINT('Origin',(6.24999999999999,3.56413721396138,0.));
#5350=CARTESIAN_POINT('',(5.74999999999999,3.56413721396138,1.1));
#5351=CARTESIAN_POINT('',(5.74999999999999,3.56413721396138,0.));
#5352=CARTESIAN_POINT('Origin',(6.24999999999999,3.56413721396138,1.1));
#5353=CARTESIAN_POINT('Origin',(5.74999999999999,4.8528123485612,0.));
#5354=CARTESIAN_POINT('',(5.74999999999999,4.8528123485612,0.));
#5355=CARTESIAN_POINT('',(5.74999999999999,1.7514061742806,0.));
#5356=CARTESIAN_POINT('',(5.74999999999999,4.8528123485612,1.1));
#5357=CARTESIAN_POINT('',(5.74999999999999,4.8528123485612,0.));
#5358=CARTESIAN_POINT('',(5.74999999999999,3.56413721396138,1.1));
#5359=CARTESIAN_POINT('Origin',(4.7900000000007,5.40706860698517,0.));
#5360=CARTESIAN_POINT('',(4.7900000000007,5.40706860698517,0.));
#5361=CARTESIAN_POINT('',(4.45669826719819,5.59950045214088,0.));
#5362=CARTESIAN_POINT('',(4.7900000000007,5.40706860698517,1.1));
#5363=CARTESIAN_POINT('',(4.7900000000007,5.40706860698517,0.));
#5364=CARTESIAN_POINT('',(4.7900000000007,5.40706860698517,1.1));
#5365=CARTESIAN_POINT('Origin',(4.79000000000378,7.09293139302163,0.));
#5366=CARTESIAN_POINT('',(4.79000000000378,7.09293139302163,0.));
#5367=CARTESIAN_POINT('',(4.78999999999607,2.87146569650644,0.));
#5368=CARTESIAN_POINT('',(4.79000000000378,7.09293139302163,1.1));
#5369=CARTESIAN_POINT('',(4.79000000000378,7.09293139302163,0.));
#5370=CARTESIAN_POINT('',(4.79000000000378,7.09293139302163,1.1));
#5371=CARTESIAN_POINT('Origin',(6.25000000000814,7.93586278603619,0.));
#5372=CARTESIAN_POINT('',(6.25000000000814,7.93586278603619,0.));
#5373=CARTESIAN_POINT('',(1.89580173281317,5.42196524438053,0.));
#5374=CARTESIAN_POINT('',(6.25000000000814,7.93586278603619,1.1));
#5375=CARTESIAN_POINT('',(6.25000000000814,7.93586278603619,0.));
#5376=CARTESIAN_POINT('',(6.25000000000814,7.93586278603619,1.1));
#5377=CARTESIAN_POINT('Origin',(7.70999999999924,7.09293139301482,0.));
#5378=CARTESIAN_POINT('',(7.70999999999924,7.09293139301482,0.));
#5379=CARTESIAN_POINT('',(6.64669826721656,7.70682893467373,0.));
#5380=CARTESIAN_POINT('',(7.70999999999924,7.09293139301482,1.1));
#5381=CARTESIAN_POINT('',(7.70999999999924,7.09293139301482,0.));
#5382=CARTESIAN_POINT('',(7.70999999999924,7.09293139301482,1.1));
#5383=CARTESIAN_POINT('Origin',(7.71000000000332,5.40706860698871,0.));
#5384=CARTESIAN_POINT('',(7.71000000000332,5.40706860698871,0.));
#5385=CARTESIAN_POINT('',(7.7100000000115,2.02853430350369,0.));
#5386=CARTESIAN_POINT('',(7.71000000000332,5.40706860698871,1.1));
#5387=CARTESIAN_POINT('',(7.71000000000332,5.40706860698871,0.));
#5388=CARTESIAN_POINT('',(7.71000000000332,5.40706860698871,1.1));
#5389=CARTESIAN_POINT('Origin',(6.74999999999999,4.85281234856141,0.));
#5390=CARTESIAN_POINT('',(2.87580173281306,2.61604293609361,0.));
#5391=CARTESIAN_POINT('',(6.25000000000025,4.56413721396502,1.1));
#5392=CARTESIAN_POINT('Origin',(6.25000000000201,5.49999999999878,1.1));
#5393=CARTESIAN_POINT('Origin',(-6.25000000000001,-3.56413721396138,0.));
#5394=CARTESIAN_POINT('',(-5.75000000000001,-3.56413721396138,0.));
#5395=CARTESIAN_POINT('',(-6.75000000000001,-3.56413721396138,0.));
#5396=CARTESIAN_POINT('Origin',(-6.25000000000001,-3.56413721396138,0.));
#5397=CARTESIAN_POINT('',(-5.75000000000001,-3.56413721396138,1.1));
#5398=CARTESIAN_POINT('',(-5.75000000000001,-3.56413721396138,0.));
#5399=CARTESIAN_POINT('',(-6.75000000000001,-3.56413721396138,1.1));
#5400=CARTESIAN_POINT('Origin',(-6.25000000000001,-3.56413721396138,1.1));
#5401=CARTESIAN_POINT('',(-6.75000000000001,-3.56413721396138,0.));
#5402=CARTESIAN_POINT('Origin',(-5.75000000000001,-4.85281234855722,0.));
#5403=CARTESIAN_POINT('',(-5.75000000000001,-4.85281234855722,0.));
#5404=CARTESIAN_POINT('',(-5.75000000000001,-3.10140617427861,0.));
#5405=CARTESIAN_POINT('',(-5.75000000000001,-4.85281234855722,1.1));
#5406=CARTESIAN_POINT('',(-5.75000000000001,-4.85281234855722,0.));
#5407=CARTESIAN_POINT('',(-5.75000000000001,-5.56413721396138,1.1));
#5408=CARTESIAN_POINT('Origin',(-4.79000000000076,-5.40706860698518,0.));
#5409=CARTESIAN_POINT('',(-4.79000000000076,-5.40706860698518,0.));
#5410=CARTESIAN_POINT('',(-3.87213111965219,-5.93700045214129,0.));
#5411=CARTESIAN_POINT('',(-4.79000000000076,-5.40706860698518,1.1));
#5412=CARTESIAN_POINT('',(-4.79000000000076,-5.40706860698518,0.));
#5413=CARTESIAN_POINT('',(-4.79000000000076,-5.40706860698518,1.1));
#5414=CARTESIAN_POINT('Origin',(-4.78999999999668,-7.09293139301129,0.));
#5415=CARTESIAN_POINT('',(-4.78999999999668,-7.09293139301129,0.));
#5416=CARTESIAN_POINT('',(-4.79000000000363,-4.22146569651145,0.));
#5417=CARTESIAN_POINT('',(-4.78999999999668,-7.09293139301129,1.1));
#5418=CARTESIAN_POINT('',(-4.78999999999668,-7.09293139301129,0.));
#5419=CARTESIAN_POINT('',(-4.78999999999668,-7.09293139301129,1.1));
#5420=CARTESIAN_POINT('Origin',(-6.24999999999975,-7.93586278603498,0.));
#5421=CARTESIAN_POINT('',(-6.24999999999975,-7.93586278603498,0.));
#5422=CARTESIAN_POINT('',(-2.48036888036639,-5.75946524435599,0.));
#5423=CARTESIAN_POINT('',(-6.24999999999975,-7.93586278603498,1.1));
#5424=CARTESIAN_POINT('',(-6.24999999999975,-7.93586278603498,0.));
#5425=CARTESIAN_POINT('',(-6.24999999999975,-7.93586278603498,1.1));
#5426=CARTESIAN_POINT('Origin',(-7.7099999999993,-7.09293139301483,0.));
#5427=CARTESIAN_POINT('',(-7.7099999999993,-7.09293139301483,0.));
#5428=CARTESIAN_POINT('',(-6.06213111964379,-8.04432893468131,0.));
#5429=CARTESIAN_POINT('',(-7.7099999999993,-7.09293139301483,1.1));
#5430=CARTESIAN_POINT('',(-7.7099999999993,-7.09293139301483,0.));
#5431=CARTESIAN_POINT('',(-7.7099999999993,-7.09293139301483,1.1));
#5432=CARTESIAN_POINT('Origin',(-7.70999999999622,-5.40706860697837,0.));
#5433=CARTESIAN_POINT('',(-7.70999999999622,-5.40706860697837,0.));
#5434=CARTESIAN_POINT('',(-7.70999999999252,-3.37853430348214,0.));
#5435=CARTESIAN_POINT('',(-7.70999999999622,-5.40706860697837,1.1));
#5436=CARTESIAN_POINT('',(-7.70999999999622,-5.40706860697837,0.));
#5437=CARTESIAN_POINT('',(-7.70999999999622,-5.40706860697837,1.1));
#5438=CARTESIAN_POINT('Origin',(-6.75000000000001,-4.85281234856168,0.));
#5439=CARTESIAN_POINT('',(-6.75000000000001,-4.85281234856168,0.));
#5440=CARTESIAN_POINT('',(-3.46036888035888,-2.95354293611315,0.));
#5441=CARTESIAN_POINT('',(-6.75000000000001,-4.85281234856168,1.1));
#5442=CARTESIAN_POINT('',(-6.75000000000001,-4.85281234856168,0.));
#5443=CARTESIAN_POINT('',(-6.24999999999186,-4.56413721396381,1.1));
#5444=CARTESIAN_POINT('Origin',(-6.75000000000001,-3.56413721396138,0.));
#5445=CARTESIAN_POINT('',(-6.75000000000001,-2.45706860698069,0.));
#5446=CARTESIAN_POINT('',(-6.75000000000001,-3.56413721396138,1.1));
#5447=CARTESIAN_POINT('Origin',(-6.24999999999799,-5.49999999999818,1.1));
#5448=CARTESIAN_POINT('Origin',(-5.75000000000001,3.56413721396138,0.));
#5449=CARTESIAN_POINT('',(-5.75000000000001,3.56413721396138,0.));
#5450=CARTESIAN_POINT('',(-5.75000000000001,4.85281234856141,0.));
#5451=CARTESIAN_POINT('',(-5.75000000000001,1.10706860698069,0.));
#5452=CARTESIAN_POINT('',(-5.75000000000001,3.56413721396138,1.1));
#5453=CARTESIAN_POINT('',(-5.75000000000001,3.56413721396138,0.));
#5454=CARTESIAN_POINT('',(-5.75000000000001,4.85281234856141,1.1));
#5455=CARTESIAN_POINT('',(-5.75000000000001,5.56413721396138,1.1));
#5456=CARTESIAN_POINT('',(-5.75000000000001,4.85281234856141,0.));
#5457=CARTESIAN_POINT('Origin',(-6.25000000000001,3.56413721396138,0.));
#5458=CARTESIAN_POINT('',(-6.75000000000001,3.56413721396138,0.));
#5459=CARTESIAN_POINT('Origin',(-6.25000000000001,3.56413721396138,0.));
#5460=CARTESIAN_POINT('',(-6.75000000000001,3.56413721396138,1.1));
#5461=CARTESIAN_POINT('',(-6.75000000000001,3.56413721396138,0.));
#5462=CARTESIAN_POINT('Origin',(-6.25000000000001,3.56413721396138,1.1));
#5463=CARTESIAN_POINT('Origin',(-6.75000000000001,4.8528123485612,0.));
#5464=CARTESIAN_POINT('',(-6.75000000000001,4.8528123485612,0.));
#5465=CARTESIAN_POINT('',(-6.75000000000001,1.7514061742806,0.));
#5466=CARTESIAN_POINT('',(-6.75000000000001,4.8528123485612,1.1));
#5467=CARTESIAN_POINT('',(-6.75000000000001,4.8528123485612,0.));
#5468=CARTESIAN_POINT('',(-6.75000000000001,3.56413721396138,1.1));
#5469=CARTESIAN_POINT('Origin',(-7.7099999999993,5.40706860698517,0.));
#5470=CARTESIAN_POINT('',(-7.7099999999993,5.40706860698517,0.));
#5471=CARTESIAN_POINT('',(-3.35580173281171,2.8931710653088,0.));
#5472=CARTESIAN_POINT('',(-7.7099999999993,5.40706860698517,1.1));
#5473=CARTESIAN_POINT('',(-7.7099999999993,5.40706860698517,0.));
#5474=CARTESIAN_POINT('',(-7.7099999999993,5.40706860698517,1.1));
#5475=CARTESIAN_POINT('Origin',(-7.70999999999622,7.09293139302163,0.));
#5476=CARTESIAN_POINT('',(-7.70999999999622,7.09293139302163,0.));
#5477=CARTESIAN_POINT('',(-7.71000000000393,2.87146569651786,0.));
#5478=CARTESIAN_POINT('',(-7.70999999999622,7.09293139302163,1.1));
#5479=CARTESIAN_POINT('',(-7.70999999999622,7.09293139302163,0.));
#5480=CARTESIAN_POINT('',(-7.70999999999622,7.09293139302163,1.1));
#5481=CARTESIAN_POINT('Origin',(-6.24999999999186,7.93586278603619,0.));
#5482=CARTESIAN_POINT('',(-6.24999999999186,7.93586278603619,0.));
#5483=CARTESIAN_POINT('',(-5.91669826717345,8.12829463119917,0.));
#5484=CARTESIAN_POINT('',(-6.24999999999186,7.93586278603619,1.1));
#5485=CARTESIAN_POINT('',(-6.24999999999186,7.93586278603619,0.));
#5486=CARTESIAN_POINT('',(-6.24999999999186,7.93586278603619,1.1));
#5487=CARTESIAN_POINT('Origin',(-4.79000000000076,7.09293139301482,0.));
#5488=CARTESIAN_POINT('',(-4.79000000000076,7.09293139301482,0.));
#5489=CARTESIAN_POINT('',(-1.1658017328103,5.00049954783185,0.));
#5490=CARTESIAN_POINT('',(-4.79000000000076,7.09293139301482,1.1));
#5491=CARTESIAN_POINT('',(-4.79000000000076,7.09293139301482,0.));
#5492=CARTESIAN_POINT('',(-4.79000000000076,7.09293139301482,1.1));
#5493=CARTESIAN_POINT('Origin',(-4.78999999999668,5.40706860698871,0.));
#5494=CARTESIAN_POINT('',(-4.78999999999668,5.40706860698871,0.));
#5495=CARTESIAN_POINT('',(-4.7899999999885,2.02853430348855,0.));
#5496=CARTESIAN_POINT('',(-4.78999999999668,5.40706860698871,1.1));
#5497=CARTESIAN_POINT('',(-4.78999999999668,5.40706860698871,0.));
#5498=CARTESIAN_POINT('',(-4.78999999999668,5.40706860698871,1.1));
#5499=CARTESIAN_POINT('Origin',(-5.75000000000001,4.85281234856141,0.));
#5500=CARTESIAN_POINT('',(-4.93669826720103,5.32237232292812,0.));
#5501=CARTESIAN_POINT('',(-6.24999999999975,4.56413721396502,1.1));
#5502=CARTESIAN_POINT('Origin',(-6.24999999999799,5.49999999999878,1.1));
#5503=CARTESIAN_POINT('Origin',(6.24999999999999,-3.56413721396138,0.));
#5504=CARTESIAN_POINT('',(6.74999999999999,-3.56413721396138,0.));
#5505=CARTESIAN_POINT('',(5.74999999999999,-3.56413721396138,0.));
#5506=CARTESIAN_POINT('Origin',(6.24999999999999,-3.56413721396138,0.));
#5507=CARTESIAN_POINT('',(6.74999999999999,-3.56413721396138,1.1));
#5508=CARTESIAN_POINT('',(6.74999999999999,-3.56413721396138,0.));
#5509=CARTESIAN_POINT('',(5.74999999999999,-3.56413721396138,1.1));
#5510=CARTESIAN_POINT('Origin',(6.24999999999999,-3.56413721396138,1.1));
#5511=CARTESIAN_POINT('',(5.74999999999999,-3.56413721396138,0.));
#5512=CARTESIAN_POINT('Origin',(6.74999999999999,-4.85281234855722,0.));
#5513=CARTESIAN_POINT('',(6.74999999999999,-4.85281234855722,0.));
#5514=CARTESIAN_POINT('',(6.74999999999999,-3.10140617427861,0.));
#5515=CARTESIAN_POINT('',(6.74999999999999,-4.85281234855722,1.1));
#5516=CARTESIAN_POINT('',(6.74999999999999,-4.85281234855722,0.));
#5517=CARTESIAN_POINT('',(6.74999999999999,-5.56413721396138,1.1));
#5518=CARTESIAN_POINT('Origin',(7.70999999999924,-5.40706860698518,0.));
#5519=CARTESIAN_POINT('',(7.70999999999924,-5.40706860698518,0.));
#5520=CARTESIAN_POINT('',(3.94036888037468,-3.23067106529941,0.));
#5521=CARTESIAN_POINT('',(7.70999999999924,-5.40706860698518,1.1));
#5522=CARTESIAN_POINT('',(7.70999999999924,-5.40706860698518,0.));
#5523=CARTESIAN_POINT('',(7.70999999999924,-5.40706860698518,1.1));
#5524=CARTESIAN_POINT('Origin',(7.71000000000332,-7.09293139301129,0.));
#5525=CARTESIAN_POINT('',(7.71000000000332,-7.09293139301129,0.));
#5526=CARTESIAN_POINT('',(7.70999999999637,-4.22146569649631,0.));
#5527=CARTESIAN_POINT('',(7.71000000000332,-7.09293139301129,1.1));
#5528=CARTESIAN_POINT('',(7.71000000000332,-7.09293139301129,0.));
#5529=CARTESIAN_POINT('',(7.71000000000332,-7.09293139301129,1.1));
#5530=CARTESIAN_POINT('Origin',(6.25000000000025,-7.93586278603498,0.));
#5531=CARTESIAN_POINT('',(6.25000000000025,-7.93586278603498,0.));
#5532=CARTESIAN_POINT('',(5.3321311196477,-8.4657946311905,0.));
#5533=CARTESIAN_POINT('',(6.25000000000025,-7.93586278603498,1.1));
#5534=CARTESIAN_POINT('',(6.25000000000025,-7.93586278603498,0.));
#5535=CARTESIAN_POINT('',(6.25000000000025,-7.93586278603498,1.1));
#5536=CARTESIAN_POINT('Origin',(4.7900000000007,-7.09293139301483,0.));
#5537=CARTESIAN_POINT('',(4.7900000000007,-7.09293139301483,0.));
#5538=CARTESIAN_POINT('',(1.7503688803661,-5.33799954784923,0.));
#5539=CARTESIAN_POINT('',(4.7900000000007,-7.09293139301483,1.1));
#5540=CARTESIAN_POINT('',(4.7900000000007,-7.09293139301483,0.));
#5541=CARTESIAN_POINT('',(4.7900000000007,-7.09293139301483,1.1));
#5542=CARTESIAN_POINT('Origin',(4.79000000000378,-5.40706860697837,0.));
#5543=CARTESIAN_POINT('',(4.79000000000378,-5.40706860697837,0.));
#5544=CARTESIAN_POINT('',(4.79000000000748,-3.37853430349356,0.));
#5545=CARTESIAN_POINT('',(4.79000000000378,-5.40706860697837,1.1));
#5546=CARTESIAN_POINT('',(4.79000000000378,-5.40706860697837,0.));
#5547=CARTESIAN_POINT('',(4.79000000000378,-5.40706860697837,1.1));
#5548=CARTESIAN_POINT('Origin',(5.74999999999999,-4.85281234856168,0.));
#5549=CARTESIAN_POINT('',(5.74999999999999,-4.85281234856168,0.));
#5550=CARTESIAN_POINT('',(4.35213111962773,-5.65987232293179,0.));
#5551=CARTESIAN_POINT('',(5.74999999999999,-4.85281234856168,1.1));
#5552=CARTESIAN_POINT('',(5.74999999999999,-4.85281234856168,0.));
#5553=CARTESIAN_POINT('',(6.25000000000814,-4.56413721396381,1.1));
#5554=CARTESIAN_POINT('Origin',(5.74999999999999,-3.56413721396138,0.));
#5555=CARTESIAN_POINT('',(5.74999999999999,-2.45706860698069,0.));
#5556=CARTESIAN_POINT('',(5.74999999999999,-3.56413721396138,1.1));
#5557=CARTESIAN_POINT('Origin',(6.25000000000201,-5.49999999999818,1.1));
#5558=CARTESIAN_POINT('Origin',(0.,0.,0.));
#5559=CARTESIAN_POINT('',(-1.,-1.22464679914735E-16,0.));
#5560=CARTESIAN_POINT('Origin',(0.,0.,0.));
#5561=CARTESIAN_POINT('',(-1.,1.22464679914735E-16,1.));
#5562=CARTESIAN_POINT('',(-1.,-1.22464679914735E-16,0.));
#5563=CARTESIAN_POINT('Origin',(0.,0.,1.));
#5564=CARTESIAN_POINT('Origin',(2.5,8.9,2.6));
#5565=CARTESIAN_POINT('',(2.5,7.90262038896415,2.55));
#5566=CARTESIAN_POINT('',(2.5,7.9,2.6));
#5567=CARTESIAN_POINT('',(2.5,8.00830578734461,0.533402467605568));
#5568=CARTESIAN_POINT('',(2.5,7.9,2.55));
#5569=CARTESIAN_POINT('',(2.5,6.8,2.55));
#5570=CARTESIAN_POINT('',(2.5,7.9,2.6));
#5571=CARTESIAN_POINT('Origin',(-6.30000000000001,6.25,2.6));
#5572=CARTESIAN_POINT('',(-6.30000000000001,7.9,2.6));
#5573=CARTESIAN_POINT('',(-7.95000000000001,6.25,2.6));
#5574=CARTESIAN_POINT('Origin',(-6.30000000000001,6.25,2.6));
#5575=CARTESIAN_POINT('',(-7.95000000000001,6.25,2.55));
#5576=CARTESIAN_POINT('',(-7.95000000000001,6.25,2.6));
#5577=CARTESIAN_POINT('',(-6.30000000000001,7.9,2.55));
#5578=CARTESIAN_POINT('Origin',(-6.30000000000001,6.25,2.55));
#5579=CARTESIAN_POINT('',(-6.30000000000001,7.9,2.6));
#5580=CARTESIAN_POINT('Origin',(-7.95,-9.6,2.6));
#5581=CARTESIAN_POINT('',(-7.95,-9.6,2.6));
#5582=CARTESIAN_POINT('',(-7.95000000000001,6.25,2.6));
#5583=CARTESIAN_POINT('',(-7.95,-9.6,2.55));
#5584=CARTESIAN_POINT('',(-7.95,-9.6,2.6));
#5585=CARTESIAN_POINT('',(-7.95000000000001,6.25,2.55));
#5586=CARTESIAN_POINT('Origin',(-6.95,-9.6,2.6));
#5587=CARTESIAN_POINT('',(-6.95,-10.6,2.6));
#5588=CARTESIAN_POINT('Origin',(-6.95,-9.6,2.6));
#5589=CARTESIAN_POINT('',(-6.95,-10.6,2.55));
#5590=CARTESIAN_POINT('',(-6.95,-10.6,2.6));
#5591=CARTESIAN_POINT('Origin',(-6.95,-9.6,2.55));
#5592=CARTESIAN_POINT('Origin',(6.95,-10.6,2.6));
#5593=CARTESIAN_POINT('',(6.95,-10.6,2.6));
#5594=CARTESIAN_POINT('',(-7.95,-10.6,2.6));
#5595=CARTESIAN_POINT('',(6.95,-10.6,2.55));
#5596=CARTESIAN_POINT('',(6.95,-10.6,2.6));
#5597=CARTESIAN_POINT('',(-7.95,-10.6,2.55));
#5598=CARTESIAN_POINT('Origin',(6.95,-9.6,2.6));
#5599=CARTESIAN_POINT('',(7.95,-9.6,2.6));
#5600=CARTESIAN_POINT('Origin',(6.95,-9.6,2.6));
#5601=CARTESIAN_POINT('',(7.95,-9.6,2.55));
#5602=CARTESIAN_POINT('',(7.95,-9.6,2.6));
#5603=CARTESIAN_POINT('Origin',(6.95,-9.6,2.55));
#5604=CARTESIAN_POINT('Origin',(7.95,6.25,2.6));
#5605=CARTESIAN_POINT('',(7.95,6.25,2.6));
#5606=CARTESIAN_POINT('',(7.95,-10.6,2.6));
#5607=CARTESIAN_POINT('',(7.95,6.25,2.55));
#5608=CARTESIAN_POINT('',(7.95,6.25,2.6));
#5609=CARTESIAN_POINT('',(7.95,-10.6,2.55));
#5610=CARTESIAN_POINT('Origin',(6.30000000000001,6.25,2.6));
#5611=CARTESIAN_POINT('',(6.30000000000001,7.9,2.6));
#5612=CARTESIAN_POINT('Origin',(6.30000000000001,6.25,2.6));
#5613=CARTESIAN_POINT('',(6.30000000000001,7.9,2.55));
#5614=CARTESIAN_POINT('',(6.30000000000001,7.9,2.6));
#5615=CARTESIAN_POINT('Origin',(6.30000000000001,6.25,2.55));
#5616=CARTESIAN_POINT('Origin',(2.5,7.9,2.6));
#5617=CARTESIAN_POINT('',(6.30000000000001,7.9,2.6));
#5618=CARTESIAN_POINT('',(6.30000000000001,7.9,2.55));
#5619=CARTESIAN_POINT('Origin',(-2.5,7.9,2.6));
#5620=CARTESIAN_POINT('',(-2.5,7.9,2.6));
#5621=CARTESIAN_POINT('',(-2.5,7.90262038896415,2.55));
#5622=CARTESIAN_POINT('',(-2.5,8.01118179227626,0.47852502439005));
#5623=CARTESIAN_POINT('',(-2.5,7.9,2.55));
#5624=CARTESIAN_POINT('',(-2.5,7.9,2.6));
#5625=CARTESIAN_POINT('',(-2.5,8.9,2.55));
#5626=CARTESIAN_POINT('Origin',(-6.30000000000001,7.9,2.6));
#5627=CARTESIAN_POINT('',(6.30000000000001,7.9,2.6));
#5628=CARTESIAN_POINT('',(6.30000000000001,7.9,2.55));
#5629=CARTESIAN_POINT('Origin',(-2.22044604925031E-15,-1.35,2.55));
#5630=CARTESIAN_POINT('',(2.5,8.9,2.55));
#5631=CARTESIAN_POINT('',(2.5,2.725,2.55));
#5632=CARTESIAN_POINT('',(-2.5,8.9,2.55));
#5633=CARTESIAN_POINT('',(3.15,8.9,2.55));
#5634=CARTESIAN_POINT('',(-2.5,3.775,2.55));
#5635=CARTESIAN_POINT('',(3.8,6.8,2.55));
#5636=CARTESIAN_POINT('',(-3.8,6.8,2.55));
#5637=CARTESIAN_POINT('',(-1.9,6.8,2.55));
#5638=CARTESIAN_POINT('',(3.8,-6.9,2.55));
#5639=CARTESIAN_POINT('',(3.8,2.725,2.55));
#5640=CARTESIAN_POINT('',(-3.8,-6.9,2.55));
#5641=CARTESIAN_POINT('',(1.9,-6.9,2.55));
#5642=CARTESIAN_POINT('',(-3.8,-4.125,2.55));
#5643=CARTESIAN_POINT('Origin',(3.8,-6.9,6.));
#5644=CARTESIAN_POINT('',(3.8,-6.9,1.));
#5645=CARTESIAN_POINT('',(3.8,-6.9,6.));
#5646=CARTESIAN_POINT('',(1.39258972278168,-6.9,1.));
#5647=CARTESIAN_POINT('',(-3.8,-6.9,1.));
#5648=CARTESIAN_POINT('',(-3.8,-6.9,1.));
#5649=CARTESIAN_POINT('',(-3.8,-6.9,1.));
#5650=CARTESIAN_POINT('',(-3.8,-6.9,6.));
#5651=CARTESIAN_POINT('Origin',(3.8,6.8,6.));
#5652=CARTESIAN_POINT('',(3.8,6.8,1.));
#5653=CARTESIAN_POINT('',(3.8,6.8,6.));
#5654=CARTESIAN_POINT('',(3.8,-4.37683896872984,1.));
#5655=CARTESIAN_POINT('',(3.8,-6.9,1.));
#5656=CARTESIAN_POINT('',(3.8,-6.9,1.));
#5657=CARTESIAN_POINT('Origin',(2.5,6.8,0.));
#5658=CARTESIAN_POINT('',(2.5,7.98385244685287,1.));
#5659=CARTESIAN_POINT('',(2.5,8.00830578734461,0.533402467605568));
#5660=CARTESIAN_POINT('',(2.5,8.9,1.));
#5661=CARTESIAN_POINT('',(2.5,2.725,1.));
#5662=CARTESIAN_POINT('',(2.5,8.9,0.));
#5663=CARTESIAN_POINT('Origin',(-2.5,8.9,0.));
#5664=CARTESIAN_POINT('',(-2.5,8.9,1.));
#5665=CARTESIAN_POINT('',(-2.5,8.9,0.));
#5666=CARTESIAN_POINT('',(-2.5,7.98385244685287,1.));
#5667=CARTESIAN_POINT('',(-2.5,3.775,1.));
#5668=CARTESIAN_POINT('',(-2.5,8.01118179227626,0.47852502439005));
#5669=CARTESIAN_POINT('Origin',(6.30000000000001,8.9,0.));
#5670=CARTESIAN_POINT('',(6.30000000000001,8.9,1.));
#5671=CARTESIAN_POINT('',(2.5,8.9,1.));
#5672=CARTESIAN_POINT('',(6.30000000000001,8.9,0.));
#5673=CARTESIAN_POINT('',(6.30000000000001,8.9,0.));
#5674=CARTESIAN_POINT('',(-6.30000000000001,8.9,0.));
#5675=CARTESIAN_POINT('',(2.5,8.9,0.));
#5676=CARTESIAN_POINT('',(-6.3,8.9,1.));
#5677=CARTESIAN_POINT('',(-6.30000000000001,8.9,0.));
#5678=CARTESIAN_POINT('',(2.5,8.9,1.));
#5679=CARTESIAN_POINT('Origin',(6.30000000000001,7.98373752998871,1.00219274439268));
#5680=CARTESIAN_POINT('',(-6.30000000000001,7.98385244685287,1.));
#5681=CARTESIAN_POINT('',(3.15,7.98385244685287,1.));
#5682=CARTESIAN_POINT('',(-6.3,7.9521027636255,1.60582004545349));
#5683=CARTESIAN_POINT('',(-6.30000000000001,7.9,2.6));
#5684=CARTESIAN_POINT('',(-2.60000673500126,7.9521027636255,1.60582004545349));
#5685=CARTESIAN_POINT('',(-6.3,7.9521027636255,1.60582004545349));
#5686=CARTESIAN_POINT('',(-2.60000673500126,7.9320678174518,1.98810959192513));
#5687=CARTESIAN_POINT('',(-2.60000673500127,7.85151309244313,3.52518531065798));
#5688=CARTESIAN_POINT('',(-6.3,7.9320678174518,1.98810959192513));
#5689=CARTESIAN_POINT('',(-6.3,7.9320678174518,1.98810959192513));
#5690=CARTESIAN_POINT('',(-6.30000000000001,7.9,2.6));
#5691=CARTESIAN_POINT('Origin',(6.30000000000001,7.98373752998871,1.00219274439268));
#5692=CARTESIAN_POINT('',(6.30000000000001,7.9320678174518,1.98810959192513));
#5693=CARTESIAN_POINT('',(6.30000000000001,7.9,2.6));
#5694=CARTESIAN_POINT('',(2.59999326499874,7.9320678174518,1.98810959192513));
#5695=CARTESIAN_POINT('',(6.30000000000001,7.9320678174518,1.98810959192513));
#5696=CARTESIAN_POINT('',(2.59999326499874,7.9521027636255,1.60582004545349));
#5697=CARTESIAN_POINT('',(2.59999326499873,7.84658279827457,3.61926092759887));
#5698=CARTESIAN_POINT('',(6.30000000000001,7.9521027636255,1.60582004545349));
#5699=CARTESIAN_POINT('',(6.30000000000001,7.9521027636255,1.60582004545349));
#5700=CARTESIAN_POINT('',(6.30000000000001,7.98385244685287,1.));
#5701=CARTESIAN_POINT('',(6.30000000000001,7.9,2.6));
#5702=CARTESIAN_POINT('',(3.15,7.98385244685287,1.));
#5703=CARTESIAN_POINT('Origin',(-2.71095340629466,1.28051916333059,1.));
#5704=CARTESIAN_POINT('',(-3.8,-0.0893266370202306,1.));
#5705=CARTESIAN_POINT('',(-3.8,2.65036496368142,1.));
#5706=CARTESIAN_POINT('',(-3.8,6.8,1.));
#5707=CARTESIAN_POINT('',(-4.46095340629466,1.28051916333059,1.));
#5708=CARTESIAN_POINT('Origin',(-2.71095340629466,1.28051916333059,1.));
#5709=CARTESIAN_POINT('Origin',(-2.71095340629466,1.28051916333059,1.));
#5710=CARTESIAN_POINT('Origin',(-2.71095340629466,1.28051916333059,0.75));
#5711=CARTESIAN_POINT('Origin',(-2.71095340629466,1.28051916333059,1.));
#5712=CARTESIAN_POINT('',(-4.46095340629466,1.28051916333059,0.5));
#5713=CARTESIAN_POINT('',(-4.46095340629466,1.28051916333059,0.75));
#5714=CARTESIAN_POINT('Origin',(-2.71095340629466,1.28051916333059,0.5));
#5715=CARTESIAN_POINT('Origin',(-2.71095340629466,1.28051916333059,0.5));
#5716=CARTESIAN_POINT('Origin',(2.70362920730872,-5.74082983561037,1.));
#5717=CARTESIAN_POINT('Origin',(2.70362920730872,-5.74082983561037,1.));
#5718=CARTESIAN_POINT('Origin',(2.70362920730872,-5.74082983561037,0.75));
#5719=CARTESIAN_POINT('',(0.953629207308718,-5.74082983561037,1.));
#5720=CARTESIAN_POINT('Origin',(2.70362920730872,-5.74082983561037,1.));
#5721=CARTESIAN_POINT('',(0.953629207308718,-5.74082983561037,0.5));
#5722=CARTESIAN_POINT('',(0.953629207308718,-5.74082983561037,0.75));
#5723=CARTESIAN_POINT('Origin',(2.70362920730872,-5.74082983561037,0.5));
#5724=CARTESIAN_POINT('Origin',(2.70362920730872,-5.74082983561037,1.));
#5725=CARTESIAN_POINT('Origin',(2.70362920730872,-5.74082983561037,0.5));
#5726=CARTESIAN_POINT('Origin',(-6.3,8.,1.8));
#5727=CARTESIAN_POINT('Origin',(-2.60000673500126,8.,1.8));
#5728=CARTESIAN_POINT('Origin',(-6.3,8.,1.8));
#5729=CARTESIAN_POINT('Origin',(-6.30000000000001,6.25,1.8));
#5730=CARTESIAN_POINT('',(-7.9820678174518,6.25,1.98810959192513));
#5731=CARTESIAN_POINT('Origin',(-6.30000000000001,6.25,1.98810959192513));
#5732=CARTESIAN_POINT('',(-8.0021027636255,6.25,1.60582004545349));
#5733=CARTESIAN_POINT('Origin',(-6.30000000000001,6.25,1.60582004545349));
#5734=CARTESIAN_POINT('Origin',(-8.05000000000001,6.25,1.8));
#5735=CARTESIAN_POINT('Origin',(-8.05,-9.6,1.8));
#5736=CARTESIAN_POINT('',(-7.9820678174518,-9.6,1.98810959192513));
#5737=CARTESIAN_POINT('',(-7.9820678174518,-9.6,1.98810959192513));
#5738=CARTESIAN_POINT('',(-8.0021027636255,-9.6,1.60582004545349));
#5739=CARTESIAN_POINT('',(-8.0021027636255,-9.6,1.60582004545349));
#5740=CARTESIAN_POINT('Origin',(-8.05,-9.6,1.8));
#5741=CARTESIAN_POINT('Origin',(-6.95,-9.6,1.8));
#5742=CARTESIAN_POINT('',(-6.95,-10.6320678174518,1.98810959192513));
#5743=CARTESIAN_POINT('Origin',(-6.95,-9.6,1.98810959192513));
#5744=CARTESIAN_POINT('',(-6.95,-10.6521027636255,1.60582004545349));
#5745=CARTESIAN_POINT('Origin',(-6.95,-9.6,1.60582004545349));
#5746=CARTESIAN_POINT('Origin',(-6.95,-10.7,1.8));
#5747=CARTESIAN_POINT('Origin',(0.,-10.7,1.8));
#5748=CARTESIAN_POINT('',(6.95,-10.6320678174518,1.98810959192513));
#5749=CARTESIAN_POINT('',(0.,-10.6320678174518,1.98810959192513));
#5750=CARTESIAN_POINT('',(6.95,-10.6521027636255,1.60582004545349));
#5751=CARTESIAN_POINT('',(0.,-10.6521027636255,1.60582004545349));
#5752=CARTESIAN_POINT('Origin',(6.95,-10.7,1.8));
#5753=CARTESIAN_POINT('Origin',(6.95,-9.6,1.8));
#5754=CARTESIAN_POINT('',(7.9820678174518,-9.6,1.98810959192513));
#5755=CARTESIAN_POINT('Origin',(6.95,-9.6,1.98810959192513));
#5756=CARTESIAN_POINT('',(8.0021027636255,-9.6,1.60582004545349));
#5757=CARTESIAN_POINT('Origin',(6.95,-9.6,1.60582004545349));
#5758=CARTESIAN_POINT('Origin',(8.05,-9.6,1.8));
#5759=CARTESIAN_POINT('Origin',(8.05,-9.6,1.8));
#5760=CARTESIAN_POINT('',(7.9820678174518,6.25,1.98810959192513));
#5761=CARTESIAN_POINT('',(7.9820678174518,-9.6,1.98810959192513));
#5762=CARTESIAN_POINT('',(8.0021027636255,6.25,1.60582004545349));
#5763=CARTESIAN_POINT('',(8.0021027636255,-9.6,1.60582004545349));
#5764=CARTESIAN_POINT('Origin',(8.05,6.25,1.8));
#5765=CARTESIAN_POINT('Origin',(6.30000000000001,6.25,1.8));
#5766=CARTESIAN_POINT('Origin',(6.30000000000001,6.25,1.98810959192513));
#5767=CARTESIAN_POINT('Origin',(6.30000000000001,6.25,1.60582004545349));
#5768=CARTESIAN_POINT('Origin',(6.30000000000001,8.,1.8));
#5769=CARTESIAN_POINT('Origin',(2.59999326499873,3.2,6.));
#5770=CARTESIAN_POINT('Origin',(2.59999326499874,8.,1.8));
#5771=CARTESIAN_POINT('Origin',(6.30000000000001,8.,1.8));
#5772=CARTESIAN_POINT('Origin',(-2.60000673500127,6.8,6.));
#5773=CARTESIAN_POINT('Origin',(-6.30000000000001,6.25,2.6));
#5774=CARTESIAN_POINT('',(-8.03385244685287,6.25,1.));
#5775=CARTESIAN_POINT('Origin',(-6.30000000000001,6.25,1.));
#5776=CARTESIAN_POINT('',(-7.95000000000001,6.25,2.6));
#5777=CARTESIAN_POINT('Origin',(-6.30000000000001,6.25,2.6));
#5778=CARTESIAN_POINT('',(-7.95000000000001,6.25,2.6));
#5779=CARTESIAN_POINT('Origin',(-8.03373752998872,6.25,1.00219274439268));
#5780=CARTESIAN_POINT('',(-8.03385244685287,-9.6,1.));
#5781=CARTESIAN_POINT('',(-8.03385244685287,2.45,1.));
#5782=CARTESIAN_POINT('',(-7.95,-9.6,2.6));
#5783=CARTESIAN_POINT('Origin',(-8.03373752998872,6.25,1.00219274439268));
#5784=CARTESIAN_POINT('',(-7.95,-9.6,2.6));
#5785=CARTESIAN_POINT('Origin',(-6.95,-9.6,2.6));
#5786=CARTESIAN_POINT('',(-6.95,-10.6838524468529,1.));
#5787=CARTESIAN_POINT('Origin',(-6.95,-9.6,1.));
#5788=CARTESIAN_POINT('',(-6.95,-10.6,2.6));
#5789=CARTESIAN_POINT('Origin',(-6.95,-9.6,2.6));
#5790=CARTESIAN_POINT('',(-6.95,-10.6,2.6));
#5791=CARTESIAN_POINT('Origin',(-7.95,-10.6837375299887,1.00219274439268));
#5792=CARTESIAN_POINT('',(6.95,-10.6838524468529,1.));
#5793=CARTESIAN_POINT('',(-3.975,-10.6838524468529,1.));
#5794=CARTESIAN_POINT('',(6.95,-10.6,2.6));
#5795=CARTESIAN_POINT('Origin',(-7.95,-10.6837375299887,1.00219274439268));
#5796=CARTESIAN_POINT('',(6.95,-10.6,2.6));
#5797=CARTESIAN_POINT('Origin',(6.95,-9.6,2.6));
#5798=CARTESIAN_POINT('',(8.03385244685286,-9.6,1.));
#5799=CARTESIAN_POINT('Origin',(6.95,-9.6,1.));
#5800=CARTESIAN_POINT('',(7.95,-9.6,2.6));
#5801=CARTESIAN_POINT('Origin',(6.95,-9.6,2.6));
#5802=CARTESIAN_POINT('',(7.95,-9.6,2.6));
#5803=CARTESIAN_POINT('Origin',(8.03373752998871,-10.6,1.00219274439268));
#5804=CARTESIAN_POINT('',(8.03385244685287,6.25,1.));
#5805=CARTESIAN_POINT('',(8.03385244685287,-5.975,1.));
#5806=CARTESIAN_POINT('',(7.95,6.25,2.6));
#5807=CARTESIAN_POINT('Origin',(8.03373752998871,-10.6,1.00219274439268));
#5808=CARTESIAN_POINT('',(7.95,6.25,2.6));
#5809=CARTESIAN_POINT('Origin',(6.30000000000001,6.25,2.6));
#5810=CARTESIAN_POINT('Origin',(6.30000000000001,6.25,1.));
#5811=CARTESIAN_POINT('Origin',(6.30000000000001,6.25,2.6));
#5812=CARTESIAN_POINT('Origin',(0.,-1.35,1.));
#5813=CARTESIAN_POINT('',(-8.95000000000001,6.25,1.));
#5814=CARTESIAN_POINT('Origin',(-6.30000000000001,6.25,1.));
#5815=CARTESIAN_POINT('',(-8.95,-11.6,1.));
#5816=CARTESIAN_POINT('',(-8.95000000000001,6.25,1.));
#5817=CARTESIAN_POINT('',(8.95,-11.6,1.));
#5818=CARTESIAN_POINT('',(-8.95,-11.6,1.));
#5819=CARTESIAN_POINT('',(8.95000000000001,6.25,1.));
#5820=CARTESIAN_POINT('',(8.95,-11.6,1.));
#5821=CARTESIAN_POINT('Origin',(6.30000000000001,6.25,1.));
#5822=CARTESIAN_POINT('Origin',(-3.8,-6.9,6.));
#5823=CARTESIAN_POINT('',(-3.8,6.8,1.));
#5824=CARTESIAN_POINT('',(-3.8,6.8,1.));
#5825=CARTESIAN_POINT('',(-3.8,6.8,1.));
#5826=CARTESIAN_POINT('',(-3.8,6.8,6.));
#5827=CARTESIAN_POINT('Origin',(-3.8,6.8,6.));
#5828=CARTESIAN_POINT('',(3.8,6.8,1.));
#5829=CARTESIAN_POINT('Origin',(5.55111512312578E-16,-0.0499999999999989,
1.));
#5830=CARTESIAN_POINT('Origin',(-8.95,-10.6,0.));
#5831=CARTESIAN_POINT('',(8.95,-10.6,0.));
#5832=CARTESIAN_POINT('',(-8.95,-10.6,0.));
#5833=CARTESIAN_POINT('',(-4.475,-10.6,0.));
#5834=CARTESIAN_POINT('',(8.95,-10.6,-1.5));
#5835=CARTESIAN_POINT('',(8.95,-10.6,0.));
#5836=CARTESIAN_POINT('',(-8.95,-10.6,-1.5));
#5837=CARTESIAN_POINT('',(-8.95,-10.6,-1.5));
#5838=CARTESIAN_POINT('',(-8.95,-10.6,0.));
#5839=CARTESIAN_POINT('Origin',(0.,-11.1,-1.5));
#5840=CARTESIAN_POINT('',(8.95,-11.6,-1.5));
#5841=CARTESIAN_POINT('',(-8.95,-11.6,-1.5));
#5842=CARTESIAN_POINT('',(-8.95,-11.6,-1.5));
#5843=CARTESIAN_POINT('',(-8.95000000000001,6.25,-1.5));
#5844=CARTESIAN_POINT('',(8.95,-11.6,-1.5));
#5845=CARTESIAN_POINT('Origin',(6.30000000000001,6.25,0.));
#5846=CARTESIAN_POINT('',(8.95000000000001,6.25,0.));
#5847=CARTESIAN_POINT('Origin',(6.30000000000001,6.25,0.));
#5848=CARTESIAN_POINT('',(8.95000000000001,6.25,0.));
#5849=CARTESIAN_POINT('Origin',(8.95,-11.6,0.));
#5850=CARTESIAN_POINT('',(8.95,-11.6,0.));
#5851=CARTESIAN_POINT('',(8.95,-11.6,0.));
#5852=CARTESIAN_POINT('Origin',(-8.95,-11.6,0.));
#5853=CARTESIAN_POINT('',(-8.95,-11.6,0.));
#5854=CARTESIAN_POINT('Origin',(-8.95000000000001,6.25,0.));
#5855=CARTESIAN_POINT('',(-8.95000000000001,6.25,0.));
#5856=CARTESIAN_POINT('',(-8.95000000000001,6.25,0.));
#5857=CARTESIAN_POINT('',(-8.95000000000001,6.25,0.));
#5858=CARTESIAN_POINT('Origin',(-6.30000000000001,6.25,0.));
#5859=CARTESIAN_POINT('Origin',(-6.30000000000001,6.25,0.));
#5860=CARTESIAN_POINT('Origin',(0.,-1.35,0.));
#5861=CARTESIAN_POINT('',(0.,0.,0.));
#5862=CARTESIAN_POINT('Origin',(-6.,5.37242759083178,5.9));
#5863=CARTESIAN_POINT('',(-6.,5.37242759083178,4.3));
#5864=CARTESIAN_POINT('',(-6.56,5.69574374157797,4.3));
#5865=CARTESIAN_POINT('',(-2.29455173280956,3.23308603630115,4.3));
#5866=CARTESIAN_POINT('',(-6.,5.37242759083178,3.2));
#5867=CARTESIAN_POINT('',(-6.,5.37242759083178,5.9));
#5868=CARTESIAN_POINT('',(-6.56,5.69574374157797,3.2));
#5869=CARTESIAN_POINT('',(-6.56,5.69574374157797,3.2));
#5870=CARTESIAN_POINT('',(-6.56,5.69574374157797,5.9));
#5871=CARTESIAN_POINT('Origin',(-6.56,5.69574374157797,5.9));
#5872=CARTESIAN_POINT('',(-6.56,6.80425625842205,4.3));
#5873=CARTESIAN_POINT('',(-6.56,2.17287187078898,4.3));
#5874=CARTESIAN_POINT('',(-6.56,6.80425625842205,3.2));
#5875=CARTESIAN_POINT('',(-6.56,6.80425625842205,3.2));
#5876=CARTESIAN_POINT('',(-6.56,6.80425625842205,5.9));
#5877=CARTESIAN_POINT('Origin',(-6.56,6.80425625842205,5.9));
#5878=CARTESIAN_POINT('',(-5.6,7.35851251684409,4.3));
#5879=CARTESIAN_POINT('',(-5.86544826719043,7.20525588832577,4.3));
#5880=CARTESIAN_POINT('',(-5.6,7.35851251684409,3.2));
#5881=CARTESIAN_POINT('',(-5.6,7.35851251684409,3.2));
#5882=CARTESIAN_POINT('',(-5.6,7.35851251684409,5.9));
#5883=CARTESIAN_POINT('Origin',(-5.6,7.35851251684409,5.9));
#5884=CARTESIAN_POINT('',(-4.64,6.80425625842205,4.3));
#5885=CARTESIAN_POINT('',(-1.61455173280956,5.05751288694036,4.3));
#5886=CARTESIAN_POINT('',(-4.64,6.80425625842205,3.2));
#5887=CARTESIAN_POINT('',(-4.64,6.80425625842205,3.2));
#5888=CARTESIAN_POINT('',(-4.64,6.80425625842205,5.9));
#5889=CARTESIAN_POINT('Origin',(-4.64,6.80425625842205,5.9));
#5890=CARTESIAN_POINT('',(-4.64,5.69574374157796,4.3));
#5891=CARTESIAN_POINT('',(-4.64,2.72712812921102,4.3));
#5892=CARTESIAN_POINT('',(-4.64,5.69574374157796,3.2));
#5893=CARTESIAN_POINT('',(-4.64,5.69574374157796,3.2));
#5894=CARTESIAN_POINT('',(-4.64,5.69574374157796,5.9));
#5895=CARTESIAN_POINT('Origin',(-6.,4.24148748315591,5.9));
#5896=CARTESIAN_POINT('',(-6.,4.24148748315591,4.3));
#5897=CARTESIAN_POINT('',(-6.,1.44574374157796,4.3));
#5898=CARTESIAN_POINT('',(-6.,4.24148748315591,3.2));
#5899=CARTESIAN_POINT('',(-6.,4.24148748315591,5.9));
#5900=CARTESIAN_POINT('',(-6.,4.24148748315591,3.2));
#5901=CARTESIAN_POINT('Origin',(-5.6,4.24148748315591,5.9));
#5902=CARTESIAN_POINT('',(-5.2,4.24148748315591,4.3));
#5903=CARTESIAN_POINT('Origin',(-5.6,4.24148748315591,4.3));
#5904=CARTESIAN_POINT('',(-5.2,4.24148748315591,3.2));
#5905=CARTESIAN_POINT('',(-5.2,4.24148748315591,5.9));
#5906=CARTESIAN_POINT('Origin',(-5.6,4.24148748315591,3.2));
#5907=CARTESIAN_POINT('Origin',(-5.2,5.37242759083178,5.9));
#5908=CARTESIAN_POINT('',(-5.2,5.37242759083178,4.3));
#5909=CARTESIAN_POINT('',(-5.2,2.01121379541589,4.3));
#5910=CARTESIAN_POINT('',(-5.2,5.37242759083178,3.2));
#5911=CARTESIAN_POINT('',(-5.2,5.37242759083178,5.9));
#5912=CARTESIAN_POINT('',(-5.2,6.04148748315591,3.2));
#5913=CARTESIAN_POINT('Origin',(-4.64,5.69574374157796,5.9));
#5914=CARTESIAN_POINT('',(-4.42544826719043,5.81961524227067,4.3));
#5915=CARTESIAN_POINT('',(-5.6,5.14148748315593,3.2));
#5916=CARTESIAN_POINT('Origin',(-5.6,5.6,3.2));
#5917=CARTESIAN_POINT('Origin',(5.2,5.37242759083178,5.9));
#5918=CARTESIAN_POINT('',(5.2,5.37242759083178,4.3));
#5919=CARTESIAN_POINT('',(4.64,5.69574374157797,4.3));
#5920=CARTESIAN_POINT('',(4.70544826719043,5.65795716689757,4.3));
#5921=CARTESIAN_POINT('',(5.2,5.37242759083178,3.2));
#5922=CARTESIAN_POINT('',(5.2,5.37242759083178,5.9));
#5923=CARTESIAN_POINT('',(4.64,5.69574374157797,3.2));
#5924=CARTESIAN_POINT('',(4.64,5.69574374157797,3.2));
#5925=CARTESIAN_POINT('',(4.64,5.69574374157797,5.9));
#5926=CARTESIAN_POINT('Origin',(4.64,5.69574374157797,5.9));
#5927=CARTESIAN_POINT('',(4.64,6.80425625842205,4.3));
#5928=CARTESIAN_POINT('',(4.64,2.17287187078898,4.3));
#5929=CARTESIAN_POINT('',(4.64,6.80425625842205,3.2));
#5930=CARTESIAN_POINT('',(4.64,6.80425625842205,3.2));
#5931=CARTESIAN_POINT('',(4.64,6.80425625842205,5.9));
#5932=CARTESIAN_POINT('Origin',(4.64,6.80425625842205,5.9));
#5933=CARTESIAN_POINT('',(5.6,7.35851251684409,4.3));
#5934=CARTESIAN_POINT('',(1.13455173280956,4.78038475772935,4.3));
#5935=CARTESIAN_POINT('',(5.6,7.35851251684409,3.2));
#5936=CARTESIAN_POINT('',(5.6,7.35851251684409,3.2));
#5937=CARTESIAN_POINT('',(5.6,7.35851251684409,5.9));
#5938=CARTESIAN_POINT('Origin',(5.6,7.35851251684409,5.9));
#5939=CARTESIAN_POINT('',(6.56,6.80425625842205,4.3));
#5940=CARTESIAN_POINT('',(5.38544826719044,7.48238401753679,4.3));
#5941=CARTESIAN_POINT('',(6.56,6.80425625842205,3.2));
#5942=CARTESIAN_POINT('',(6.56,6.80425625842205,3.2));
#5943=CARTESIAN_POINT('',(6.56,6.80425625842205,5.9));
#5944=CARTESIAN_POINT('Origin',(6.56,6.80425625842205,5.9));
#5945=CARTESIAN_POINT('',(6.56,5.69574374157796,4.3));
#5946=CARTESIAN_POINT('',(6.56,2.72712812921102,4.3));
#5947=CARTESIAN_POINT('',(6.56,5.69574374157796,3.2));
#5948=CARTESIAN_POINT('',(6.56,5.69574374157796,3.2));
#5949=CARTESIAN_POINT('',(6.56,5.69574374157796,5.9));
#5950=CARTESIAN_POINT('Origin',(5.2,4.24148748315591,5.9));
#5951=CARTESIAN_POINT('',(5.2,4.24148748315591,4.3));
#5952=CARTESIAN_POINT('',(5.2,1.44574374157796,4.3));
#5953=CARTESIAN_POINT('',(5.2,4.24148748315591,3.2));
#5954=CARTESIAN_POINT('',(5.2,4.24148748315591,5.9));
#5955=CARTESIAN_POINT('',(5.2,4.24148748315591,3.2));
#5956=CARTESIAN_POINT('Origin',(5.6,4.24148748315591,5.9));
#5957=CARTESIAN_POINT('',(6.,4.24148748315591,4.3));
#5958=CARTESIAN_POINT('Origin',(5.6,4.24148748315591,4.3));
#5959=CARTESIAN_POINT('',(6.,4.24148748315591,3.2));
#5960=CARTESIAN_POINT('',(6.,4.24148748315591,5.9));
#5961=CARTESIAN_POINT('Origin',(5.6,4.24148748315591,3.2));
#5962=CARTESIAN_POINT('Origin',(6.,5.37242759083178,5.9));
#5963=CARTESIAN_POINT('',(6.,5.37242759083178,4.3));
#5964=CARTESIAN_POINT('',(6.,2.01121379541589,4.3));
#5965=CARTESIAN_POINT('',(6.,5.37242759083178,3.2));
#5966=CARTESIAN_POINT('',(6.,5.37242759083178,5.9));
#5967=CARTESIAN_POINT('',(6.,6.04148748315591,3.2));
#5968=CARTESIAN_POINT('Origin',(6.56,5.69574374157796,5.9));
#5969=CARTESIAN_POINT('',(2.57455173280956,3.39474411167425,4.3));
#5970=CARTESIAN_POINT('',(5.6,5.14148748315593,3.2));
#5971=CARTESIAN_POINT('Origin',(5.6,5.6,3.2));
#5972=CARTESIAN_POINT('Origin',(-5.6,-7.35851251684407,5.9));
#5973=CARTESIAN_POINT('',(-5.6,-7.35851251684407,4.3));
#5974=CARTESIAN_POINT('',(-6.56,-6.80425625842203,4.3));
#5975=CARTESIAN_POINT('',(-4.80088111963593,-7.81988401753678,4.3));
#5976=CARTESIAN_POINT('',(-5.6,-7.35851251684407,3.2));
#5977=CARTESIAN_POINT('',(-5.6,-7.35851251684407,5.9));
#5978=CARTESIAN_POINT('',(-6.56,-6.80425625842203,3.2));
#5979=CARTESIAN_POINT('',(-6.56,-6.80425625842203,3.2));
#5980=CARTESIAN_POINT('',(-6.56,-6.80425625842203,5.9));
#5981=CARTESIAN_POINT('Origin',(-6.56,-6.80425625842203,5.9));
#5982=CARTESIAN_POINT('',(-6.56,-5.69574374157795,4.3));
#5983=CARTESIAN_POINT('',(-6.56,-4.07712812921102,4.3));
#5984=CARTESIAN_POINT('',(-6.56,-5.69574374157795,3.2));
#5985=CARTESIAN_POINT('',(-6.56,-5.69574374157795,3.2));
#5986=CARTESIAN_POINT('',(-6.56,-5.69574374157795,5.9));
#5987=CARTESIAN_POINT('Origin',(-6.56,-5.69574374157795,5.9));
#5988=CARTESIAN_POINT('',(-6.,-5.37242759083176,4.3));
#5989=CARTESIAN_POINT('',(-3.15911888036406,-3.73224411167423,4.3));
#5990=CARTESIAN_POINT('',(-6.,-5.37242759083176,3.2));
#5991=CARTESIAN_POINT('',(-5.6,-5.14148748315591,3.2));
#5992=CARTESIAN_POINT('',(-6.,-5.37242759083176,5.9));
#5993=CARTESIAN_POINT('Origin',(-6.,-5.37242759083176,5.9));
#5994=CARTESIAN_POINT('',(-6.,-4.24148748315591,4.3));
#5995=CARTESIAN_POINT('',(-6.,-3.36121379541588,4.3));
#5996=CARTESIAN_POINT('',(-6.,-4.24148748315591,3.2));
#5997=CARTESIAN_POINT('',(-6.,-4.24148748315591,3.2));
#5998=CARTESIAN_POINT('',(-6.,-4.24148748315591,5.9));
#5999=CARTESIAN_POINT('Origin',(-5.6,-4.24148748315591,5.9));
#6000=CARTESIAN_POINT('',(-5.2,-4.24148748315591,4.3));
#6001=CARTESIAN_POINT('Origin',(-5.6,-4.24148748315591,4.3));
#6002=CARTESIAN_POINT('',(-5.2,-4.24148748315591,3.2));
#6003=CARTESIAN_POINT('Origin',(-5.6,-4.24148748315591,3.2));
#6004=CARTESIAN_POINT('',(-5.2,-4.24148748315591,5.9));
#6005=CARTESIAN_POINT('Origin',(-4.64,-6.80425625842204,5.9));
#6006=CARTESIAN_POINT('',(-4.64,-6.80425625842204,4.3));
#6007=CARTESIAN_POINT('',(-1.71911888036406,-5.11788475772934,4.3));
#6008=CARTESIAN_POINT('',(-4.64,-6.80425625842204,3.2));
#6009=CARTESIAN_POINT('',(-4.64,-6.80425625842204,5.9));
#6010=CARTESIAN_POINT('',(-5.6,-7.35851251684407,3.2));
#6011=CARTESIAN_POINT('Origin',(-4.64,-5.69574374157795,5.9));
#6012=CARTESIAN_POINT('',(-4.64,-5.69574374157795,4.3));
#6013=CARTESIAN_POINT('',(-4.64,-3.52287187078898,4.3));
#6014=CARTESIAN_POINT('',(-4.64,-5.69574374157795,3.2));
#6015=CARTESIAN_POINT('',(-4.64,-5.69574374157795,5.9));
#6016=CARTESIAN_POINT('',(-4.64,-6.80425625842204,3.2));
#6017=CARTESIAN_POINT('Origin',(-5.2,-5.37242759083176,5.9));
#6018=CARTESIAN_POINT('',(-5.2,-5.37242759083176,4.3));
#6019=CARTESIAN_POINT('',(-4.12088111963594,-5.99545716689756,4.3));
#6020=CARTESIAN_POINT('',(-5.2,-5.37242759083176,3.2));
#6021=CARTESIAN_POINT('',(-5.2,-5.37242759083176,5.9));
#6022=CARTESIAN_POINT('',(-4.64,-5.69574374157795,3.2));
#6023=CARTESIAN_POINT('Origin',(-5.2,-4.24148748315591,5.9));
#6024=CARTESIAN_POINT('',(-5.2,-2.79574374157796,4.3));
#6025=CARTESIAN_POINT('',(-5.2,-6.04148748315591,3.2));
#6026=CARTESIAN_POINT('Origin',(-5.6,-5.59999999999999,3.2));
#6027=CARTESIAN_POINT('Origin',(5.6,-7.35851251684407,5.9));
#6028=CARTESIAN_POINT('',(5.6,-7.35851251684407,4.3));
#6029=CARTESIAN_POINT('',(4.64,-6.80425625842203,4.3));
#6030=CARTESIAN_POINT('',(2.19911888036406,-5.39501288694035,4.3));
#6031=CARTESIAN_POINT('',(5.6,-7.35851251684407,3.2));
#6032=CARTESIAN_POINT('',(5.6,-7.35851251684407,5.9));
#6033=CARTESIAN_POINT('',(4.64,-6.80425625842203,3.2));
#6034=CARTESIAN_POINT('',(4.64,-6.80425625842203,3.2));
#6035=CARTESIAN_POINT('',(4.64,-6.80425625842203,5.9));
#6036=CARTESIAN_POINT('Origin',(4.64,-6.80425625842203,5.9));
#6037=CARTESIAN_POINT('',(4.64,-5.69574374157795,4.3));
#6038=CARTESIAN_POINT('',(4.64,-4.07712812921102,4.3));
#6039=CARTESIAN_POINT('',(4.64,-5.69574374157795,3.2));
#6040=CARTESIAN_POINT('',(4.64,-5.69574374157795,3.2));
#6041=CARTESIAN_POINT('',(4.64,-5.69574374157795,5.9));
#6042=CARTESIAN_POINT('Origin',(4.64,-5.69574374157795,5.9));
#6043=CARTESIAN_POINT('',(5.2,-5.37242759083176,4.3));
#6044=CARTESIAN_POINT('',(3.84088111963593,-6.15711524227066,4.3));
#6045=CARTESIAN_POINT('',(5.2,-5.37242759083176,3.2));
#6046=CARTESIAN_POINT('',(5.6,-5.14148748315591,3.2));
#6047=CARTESIAN_POINT('',(5.2,-5.37242759083176,5.9));
#6048=CARTESIAN_POINT('Origin',(5.2,-5.37242759083176,5.9));
#6049=CARTESIAN_POINT('',(5.2,-4.24148748315591,4.3));
#6050=CARTESIAN_POINT('',(5.2,-3.36121379541588,4.3));
#6051=CARTESIAN_POINT('',(5.2,-4.24148748315591,3.2));
#6052=CARTESIAN_POINT('',(5.2,-4.24148748315591,3.2));
#6053=CARTESIAN_POINT('',(5.2,-4.24148748315591,5.9));
#6054=CARTESIAN_POINT('Origin',(5.6,-4.24148748315591,5.9));
#6055=CARTESIAN_POINT('',(6.,-4.24148748315591,4.3));
#6056=CARTESIAN_POINT('Origin',(5.6,-4.24148748315591,4.3));
#6057=CARTESIAN_POINT('',(6.,-4.24148748315591,3.2));
#6058=CARTESIAN_POINT('Origin',(5.6,-4.24148748315591,3.2));
#6059=CARTESIAN_POINT('',(6.,-4.24148748315591,5.9));
#6060=CARTESIAN_POINT('Origin',(6.56,-6.80425625842204,5.9));
#6061=CARTESIAN_POINT('',(6.56,-6.80425625842204,4.3));
#6062=CARTESIAN_POINT('',(5.28088111963593,-7.54275588832576,4.3));
#6063=CARTESIAN_POINT('',(6.56,-6.80425625842204,3.2));
#6064=CARTESIAN_POINT('',(6.56,-6.80425625842204,5.9));
#6065=CARTESIAN_POINT('',(5.6,-7.35851251684407,3.2));
#6066=CARTESIAN_POINT('Origin',(6.56,-5.69574374157795,5.9));
#6067=CARTESIAN_POINT('',(6.56,-5.69574374157795,4.3));
#6068=CARTESIAN_POINT('',(6.56,-3.52287187078898,4.3));
#6069=CARTESIAN_POINT('',(6.56,-5.69574374157795,3.2));
#6070=CARTESIAN_POINT('',(6.56,-5.69574374157795,5.9));
#6071=CARTESIAN_POINT('',(6.56,-6.80425625842204,3.2));
#6072=CARTESIAN_POINT('Origin',(6.,-5.37242759083176,5.9));
#6073=CARTESIAN_POINT('',(6.,-5.37242759083176,4.3));
#6074=CARTESIAN_POINT('',(2.87911888036407,-3.57058603630113,4.3));
#6075=CARTESIAN_POINT('',(6.,-5.37242759083176,3.2));
#6076=CARTESIAN_POINT('',(6.,-5.37242759083176,5.9));
#6077=CARTESIAN_POINT('',(6.56,-5.69574374157795,3.2));
#6078=CARTESIAN_POINT('Origin',(6.,-4.24148748315591,5.9));
#6079=CARTESIAN_POINT('',(6.,-2.79574374157796,4.3));
#6080=CARTESIAN_POINT('',(6.,-6.04148748315591,3.2));
#6081=CARTESIAN_POINT('Origin',(5.6,-5.59999999999999,3.2));
#6082=CARTESIAN_POINT('Origin',(-8.95,1.15,0.9));
#6083=CARTESIAN_POINT('',(8.95,1.15,1.9));
#6084=CARTESIAN_POINT('',(8.95,1.15,0.9));
#6085=CARTESIAN_POINT('',(8.95,1.15,3.4));
#6086=CARTESIAN_POINT('',(8.05,1.15,1.9));
#6087=CARTESIAN_POINT('',(-8.95,1.15,1.9));
#6088=CARTESIAN_POINT('',(8.05,1.15,1.5));
#6089=CARTESIAN_POINT('Origin',(8.05,1.14999999999999,1.7));
#6090=CARTESIAN_POINT('',(8.05,1.15,0.9));
#6091=CARTESIAN_POINT('',(8.05,1.15,0.9));
#6092=CARTESIAN_POINT('',(-4.475,1.15,0.9));
#6093=CARTESIAN_POINT('Origin',(-8.95,-3.85,1.9));
#6094=CARTESIAN_POINT('',(8.95,-3.85,0.9));
#6095=CARTESIAN_POINT('',(8.95,-3.85,1.9));
#6096=CARTESIAN_POINT('',(8.95,-3.85,3.9));
#6097=CARTESIAN_POINT('',(8.05,-3.85,0.9));
#6098=CARTESIAN_POINT('',(-4.475,-3.85,0.9));
#6099=CARTESIAN_POINT('',(8.05,-3.85,1.5));
#6100=CARTESIAN_POINT('',(8.05,-3.85,1.4));
#6101=CARTESIAN_POINT('',(8.05,-3.85,1.9));
#6102=CARTESIAN_POINT('Origin',(8.05,-3.85000000000001,1.7));
#6103=CARTESIAN_POINT('',(-8.95,-3.85,1.9));
#6104=CARTESIAN_POINT('Origin',(-8.95,-3.85,1.9));
#6105=CARTESIAN_POINT('',(-8.05,-3.85,0.9));
#6106=CARTESIAN_POINT('',(-8.05,-3.85,1.5));
#6107=CARTESIAN_POINT('',(-8.05,-3.85,1.4));
#6108=CARTESIAN_POINT('',(-8.95,-3.85,0.9));
#6109=CARTESIAN_POINT('',(-4.475,-3.85,0.9));
#6110=CARTESIAN_POINT('',(-8.95,-3.85,1.9));
#6111=CARTESIAN_POINT('',(-8.95,-3.85,3.9));
#6112=CARTESIAN_POINT('',(-8.05,-3.85,1.9));
#6113=CARTESIAN_POINT('',(-8.95,-3.85,1.9));
#6114=CARTESIAN_POINT('Origin',(-8.05,-3.85,1.7));
#6115=CARTESIAN_POINT('Origin',(-8.95,1.15,1.9));
#6116=CARTESIAN_POINT('',(8.95,3.7,1.9));
#6117=CARTESIAN_POINT('',(8.05,-9.6,1.9));
#6118=CARTESIAN_POINT('Origin',(-8.95,1.15,0.9));
#6119=CARTESIAN_POINT('',(-8.05,1.15,1.5));
#6120=CARTESIAN_POINT('',(-8.05,1.15,0.9));
#6121=CARTESIAN_POINT('',(-8.05,1.15,0.9));
#6122=CARTESIAN_POINT('',(-8.05,1.15,1.9));
#6123=CARTESIAN_POINT('Origin',(-8.05,1.15,1.7));
#6124=CARTESIAN_POINT('',(-8.95,1.15,1.9));
#6125=CARTESIAN_POINT('',(-8.95,1.15,1.9));
#6126=CARTESIAN_POINT('',(-8.95,1.15,0.9));
#6127=CARTESIAN_POINT('',(-8.95,1.15,3.4));
#6128=CARTESIAN_POINT('',(-4.475,1.15,0.9));
#6129=CARTESIAN_POINT('Origin',(-8.95,1.15,1.9));
#6130=CARTESIAN_POINT('',(-8.05,-9.6,1.9));
#6131=CARTESIAN_POINT('',(-8.95,-5.225,1.9));
#6132=CARTESIAN_POINT('Origin',(-8.95,-11.6,5.9));
#6133=CARTESIAN_POINT('',(-8.95,-11.6,0.9));
#6134=CARTESIAN_POINT('',(-8.95,-11.6,0.9));
#6135=CARTESIAN_POINT('',(-8.95,-11.6,4.3));
#6136=CARTESIAN_POINT('',(-8.95,-11.6,5.9));
#6137=CARTESIAN_POINT('',(-8.95,6.25,4.3));
#6138=CARTESIAN_POINT('',(-8.95,-6.475,4.3));
#6139=CARTESIAN_POINT('',(-8.95,6.25,0.9));
#6140=CARTESIAN_POINT('',(-8.95,6.25,5.9));
#6141=CARTESIAN_POINT('',(-8.95,-11.6,0.9));
#6142=CARTESIAN_POINT('Origin',(-8.05000000000001,6.25,0.9));
#6143=CARTESIAN_POINT('',(-8.05,-9.6,1.5));
#6144=CARTESIAN_POINT('',(-8.05,-9.6,1.5));
#6145=CARTESIAN_POINT('',(-8.05,-9.6,0.9));
#6146=CARTESIAN_POINT('',(-8.05,-9.6,0.9));
#6147=CARTESIAN_POINT('',(-8.05000000000001,2.45,0.9));
#6148=CARTESIAN_POINT('Origin',(-8.05000000000001,6.25,0.9));
#6149=CARTESIAN_POINT('',(-8.05000000000001,6.25,0.9));
#6150=CARTESIAN_POINT('',(-8.05000000000001,2.45,0.9));
#6151=CARTESIAN_POINT('',(-8.05000000000001,6.25,1.5));
#6152=CARTESIAN_POINT('',(-8.05000000000001,6.25,0.9));
#6153=CARTESIAN_POINT('',(-8.05,-9.6,1.5));
#6154=CARTESIAN_POINT('Origin',(-8.05,-9.6,1.7));
#6155=CARTESIAN_POINT('',(-8.05,-9.6,1.9));
#6156=CARTESIAN_POINT('',(-8.05,-9.6,1.9));
#6157=CARTESIAN_POINT('Origin',(-8.05,-9.6,1.7));
#6158=CARTESIAN_POINT('Origin',(0.,-1.35,0.9));
#6159=CARTESIAN_POINT('',(-6.95,-10.7,0.9));
#6160=CARTESIAN_POINT('Origin',(-6.95,-9.6,0.9));
#6161=CARTESIAN_POINT('',(6.95,-10.7,0.9));
#6162=CARTESIAN_POINT('',(-3.975,-10.7,0.9));
#6163=CARTESIAN_POINT('',(8.05,-9.6,0.9));
#6164=CARTESIAN_POINT('Origin',(6.95,-9.6,0.9));
#6165=CARTESIAN_POINT('',(8.05,-5.975,0.9));
#6166=CARTESIAN_POINT('',(8.95,-11.6,0.9));
#6167=CARTESIAN_POINT('',(8.95,6.25,0.9));
#6168=CARTESIAN_POINT('',(8.95,-11.6,0.9));
#6169=CARTESIAN_POINT('Origin',(0.,-1.35,0.9));
#6170=CARTESIAN_POINT('',(8.05,6.25,0.9));
#6171=CARTESIAN_POINT('',(8.05,-5.975,0.9));
#6172=CARTESIAN_POINT('',(6.30000000000001,8.,0.9));
#6173=CARTESIAN_POINT('Origin',(6.30000000000001,6.25,0.9));
#6174=CARTESIAN_POINT('',(2.59999326499873,8.,0.9));
#6175=CARTESIAN_POINT('',(3.15,8.,0.9));
#6176=CARTESIAN_POINT('',(2.59999326499873,8.9,0.9));
#6177=CARTESIAN_POINT('',(2.59999326499873,3.775,0.9));
#6178=CARTESIAN_POINT('',(6.3,8.9,0.9));
#6179=CARTESIAN_POINT('',(-6.3,8.9,0.9));
#6180=CARTESIAN_POINT('',(8.95,6.25,0.9));
#6181=CARTESIAN_POINT('Origin',(6.3,6.25,0.9));
#6182=CARTESIAN_POINT('',(8.95,6.25,0.9));
#6183=CARTESIAN_POINT('Origin',(8.05,-10.6,0.9));
#6184=CARTESIAN_POINT('',(8.05,-9.6,1.5));
#6185=CARTESIAN_POINT('',(8.05,-9.6,0.9));
#6186=CARTESIAN_POINT('',(8.05,-9.6,1.5));
#6187=CARTESIAN_POINT('Origin',(8.05,-10.6,0.9));
#6188=CARTESIAN_POINT('',(8.05,6.25,1.5));
#6189=CARTESIAN_POINT('',(8.05,-9.6,1.5));
#6190=CARTESIAN_POINT('',(8.05,6.25,0.9));
#6191=CARTESIAN_POINT('Origin',(8.05,-9.6,1.7));
#6192=CARTESIAN_POINT('',(8.05,-9.6,1.9));
#6193=CARTESIAN_POINT('Origin',(8.05,-9.6,1.7));
#6194=CARTESIAN_POINT('',(8.05,-9.6,1.9));
#6195=CARTESIAN_POINT('Origin',(8.05,-9.6,1.7));
#6196=CARTESIAN_POINT('',(8.05,6.25,1.9));
#6197=CARTESIAN_POINT('',(8.05,-9.6,1.9));
#6198=CARTESIAN_POINT('Origin',(8.05,6.25,1.7));
#6199=CARTESIAN_POINT('Origin',(-6.3,8.,1.7));
#6200=CARTESIAN_POINT('',(-6.3,8.,1.9));
#6201=CARTESIAN_POINT('',(-6.3,8.,1.5));
#6202=CARTESIAN_POINT('Origin',(-6.3,8.,1.7));
#6203=CARTESIAN_POINT('',(-2.60000673500126,8.,1.5));
#6204=CARTESIAN_POINT('',(-6.3,8.,1.5));
#6205=CARTESIAN_POINT('',(-2.60000673500126,8.,1.9));
#6206=CARTESIAN_POINT('Origin',(-2.60000673500126,8.,1.7));
#6207=CARTESIAN_POINT('',(-6.3,8.,1.9));
#6208=CARTESIAN_POINT('Origin',(-6.30000000000001,6.25,1.7));
#6209=CARTESIAN_POINT('',(-8.05,6.25,1.9));
#6210=CARTESIAN_POINT('Origin',(-8.05000000000001,6.25,1.7));
#6211=CARTESIAN_POINT('Origin',(-6.30000000000001,6.25,1.5));
#6212=CARTESIAN_POINT('Origin',(-6.30000000000001,6.25,1.9));
#6213=CARTESIAN_POINT('Origin',(-8.05,-9.6,1.7));
#6214=CARTESIAN_POINT('',(-8.05,-9.6,1.9));
#6215=CARTESIAN_POINT('Origin',(-6.95,-9.6,1.7));
#6216=CARTESIAN_POINT('',(-6.95,-10.7,1.9));
#6217=CARTESIAN_POINT('',(-6.95,-10.7,1.5));
#6218=CARTESIAN_POINT('Origin',(-6.95,-10.7,1.7));
#6219=CARTESIAN_POINT('Origin',(-6.95,-9.6,1.5));
#6220=CARTESIAN_POINT('Origin',(-6.95,-9.6,1.9));
#6221=CARTESIAN_POINT('Origin',(6.30000000000001,8.,1.7));
#6222=CARTESIAN_POINT('',(6.30000000000001,8.,1.5));
#6223=CARTESIAN_POINT('',(6.30000000000001,7.99999999999999,1.9));
#6224=CARTESIAN_POINT('Origin',(6.30000000000001,8.,1.7));
#6225=CARTESIAN_POINT('',(2.59999326499874,7.99999999999999,1.9));
#6226=CARTESIAN_POINT('',(6.30000000000001,8.,1.9));
#6227=CARTESIAN_POINT('',(2.59999326499874,8.,1.5));
#6228=CARTESIAN_POINT('Origin',(2.59999326499874,8.,1.7));
#6229=CARTESIAN_POINT('',(6.30000000000001,8.,1.5));
#6230=CARTESIAN_POINT('Origin',(6.30000000000001,6.25,1.7));
#6231=CARTESIAN_POINT('Origin',(6.30000000000001,6.25,1.9));
#6232=CARTESIAN_POINT('Origin',(6.30000000000001,6.25,1.5));
#6233=CARTESIAN_POINT('Origin',(6.95,-9.6,1.7));
#6234=CARTESIAN_POINT('',(6.95,-10.7,1.5));
#6235=CARTESIAN_POINT('',(6.95,-10.7,1.9));
#6236=CARTESIAN_POINT('Origin',(6.95,-10.7,1.7));
#6237=CARTESIAN_POINT('Origin',(6.95,-9.6,1.9));
#6238=CARTESIAN_POINT('Origin',(6.95,-9.6,1.5));
#6239=CARTESIAN_POINT('Origin',(0.,-10.7,1.7));
#6240=CARTESIAN_POINT('',(0.,-10.7,1.9));
#6241=CARTESIAN_POINT('',(0.,-10.7,1.5));
#6242=CARTESIAN_POINT('Origin',(6.30000000000001,8.,0.9));
#6243=CARTESIAN_POINT('',(-6.30000000000001,8.,0.9));
#6244=CARTESIAN_POINT('',(-6.30000000000001,8.,0.9));
#6245=CARTESIAN_POINT('',(-2.60000673500127,8.,0.9));
#6246=CARTESIAN_POINT('',(3.15,8.,0.9));
#6247=CARTESIAN_POINT('',(-2.60000673500127,8.,3.4));
#6248=CARTESIAN_POINT('Origin',(-6.30000000000001,6.25,0.9));
#6249=CARTESIAN_POINT('Origin',(-6.30000000000001,6.25,0.9));
#6250=CARTESIAN_POINT('Origin',(6.30000000000001,8.,0.9));
#6251=CARTESIAN_POINT('',(6.30000000000001,8.,2.5));
#6252=CARTESIAN_POINT('',(6.30000000000001,8.,0.9));
#6253=CARTESIAN_POINT('',(2.59999326499873,8.,2.5));
#6254=CARTESIAN_POINT('',(3.15,8.,2.5));
#6255=CARTESIAN_POINT('',(2.59999326499873,8.,3.4));
#6256=CARTESIAN_POINT('Origin',(6.30000000000001,6.25,0.9));
#6257=CARTESIAN_POINT('',(8.05,6.25,2.5));
#6258=CARTESIAN_POINT('',(8.05,6.25,0.9));
#6259=CARTESIAN_POINT('Origin',(6.30000000000001,6.25,2.5));
#6260=CARTESIAN_POINT('Origin',(-6.95,-9.6,0.9));
#6261=CARTESIAN_POINT('',(-6.95,-10.7,0.9));
#6262=CARTESIAN_POINT('Origin',(8.05,-10.6,0.9));
#6263=CARTESIAN_POINT('',(8.05,-9.6,2.5));
#6264=CARTESIAN_POINT('',(8.05,-9.6,0.9));
#6265=CARTESIAN_POINT('',(8.05,-3.025,2.5));
#6266=CARTESIAN_POINT('Origin',(-7.95,-10.7,0.9));
#6267=CARTESIAN_POINT('',(6.95,-10.7,0.9));
#6268=CARTESIAN_POINT('Origin',(6.95,-9.6,0.9));
#6269=CARTESIAN_POINT('',(6.95,-10.7,2.5));
#6270=CARTESIAN_POINT('',(6.95,-10.7,0.9));
#6271=CARTESIAN_POINT('Origin',(6.95,-9.6,2.5));
#6272=CARTESIAN_POINT('Origin',(0.,-1.35,0.9));
#6273=CARTESIAN_POINT('',(-6.3,8.9,0.9));
#6274=CARTESIAN_POINT('Origin',(-6.3,6.25,0.9));
#6275=CARTESIAN_POINT('',(-2.60000673500127,8.9,0.9));
#6276=CARTESIAN_POINT('',(-6.3,8.9,0.9));
#6277=CARTESIAN_POINT('',(-2.60000673500127,0.925,0.9));
#6278=CARTESIAN_POINT('Origin',(6.30000000000001,8.,0.9));
#6279=CARTESIAN_POINT('',(-2.60000673500127,8.,2.5));
#6280=CARTESIAN_POINT('',(-2.60000673500127,8.,3.4));
#6281=CARTESIAN_POINT('',(-6.30000000000001,8.,2.5));
#6282=CARTESIAN_POINT('',(3.15,8.,2.5));
#6283=CARTESIAN_POINT('',(-6.30000000000001,8.,0.9));
#6284=CARTESIAN_POINT('Origin',(6.30000000000001,8.,0.9));
#6285=CARTESIAN_POINT('',(2.59999326499873,8.,3.4));
#6286=CARTESIAN_POINT('',(6.30000000000001,8.,0.9));
#6287=CARTESIAN_POINT('Origin',(-6.3,8.9,5.9));
#6288=CARTESIAN_POINT('',(-2.60000673500127,8.9,4.3));
#6289=CARTESIAN_POINT('',(-2.60000673500127,8.9,5.9));
#6290=CARTESIAN_POINT('',(-6.3,8.9,4.3));
#6291=CARTESIAN_POINT('',(-6.3,8.9,5.9));
#6292=CARTESIAN_POINT('',(-3.15,8.9,4.3));
#6293=CARTESIAN_POINT('Origin',(-6.3,8.9,5.9));
#6294=CARTESIAN_POINT('',(2.59999326499873,8.9,4.3));
#6295=CARTESIAN_POINT('',(2.59999326499873,8.9,5.9));
#6296=CARTESIAN_POINT('',(6.3,8.9,4.3));
#6297=CARTESIAN_POINT('',(-3.15,8.9,4.3));
#6298=CARTESIAN_POINT('',(6.3,8.9,5.9));
#6299=CARTESIAN_POINT('Origin',(0.,-1.35,4.3));
#6300=CARTESIAN_POINT('',(2.59999326499873,3.2,4.3));
#6301=CARTESIAN_POINT('',(2.59999326499874,0.925,4.3));
#6302=CARTESIAN_POINT('',(-2.60000673500127,3.2,4.3));
#6303=CARTESIAN_POINT('',(-1.30000336750063,3.2,4.3));
#6304=CARTESIAN_POINT('',(-2.60000673500127,2.725,4.3));
#6305=CARTESIAN_POINT('Origin',(-6.3,6.25,4.3));
#6306=CARTESIAN_POINT('',(8.95,-11.6,4.3));
#6307=CARTESIAN_POINT('',(4.475,-11.6,4.3));
#6308=CARTESIAN_POINT('',(8.95,6.25,4.3));
#6309=CARTESIAN_POINT('',(8.95,2.45,4.3));
#6310=CARTESIAN_POINT('Origin',(6.3,6.25,4.3));
#6311=CARTESIAN_POINT('',(-3.8,2.3,4.3));
#6312=CARTESIAN_POINT('',(3.8,2.3,4.3));
#6313=CARTESIAN_POINT('',(1.9,2.3,4.3));
#6314=CARTESIAN_POINT('',(3.8,-6.9,4.3));
#6315=CARTESIAN_POINT('',(3.8,-4.125,4.3));
#6316=CARTESIAN_POINT('',(-3.8,-6.9,4.3));
#6317=CARTESIAN_POINT('',(-1.9,-6.9,4.3));
#6318=CARTESIAN_POINT('',(-3.8,2.725,4.3));
#6319=CARTESIAN_POINT('Origin',(6.95,-9.6,0.9));
#6320=CARTESIAN_POINT('Origin',(-7.95,-10.7,0.9));
#6321=CARTESIAN_POINT('',(-6.95,-10.7,2.5));
#6322=CARTESIAN_POINT('',(-6.95,-10.7,0.9));
#6323=CARTESIAN_POINT('',(-3.975,-10.7,2.5));
#6324=CARTESIAN_POINT('Origin',(-6.95,-9.6,0.9));
#6325=CARTESIAN_POINT('',(-8.05,-9.6,2.5));
#6326=CARTESIAN_POINT('',(-8.05,-9.6,0.9));
#6327=CARTESIAN_POINT('Origin',(-6.95,-9.6,2.5));
#6328=CARTESIAN_POINT('Origin',(6.30000000000001,6.25,0.9));
#6329=CARTESIAN_POINT('Origin',(-8.05000000000001,6.25,0.9));
#6330=CARTESIAN_POINT('',(-8.05000000000001,6.25,2.5));
#6331=CARTESIAN_POINT('',(-8.05000000000001,6.25,0.9));
#6332=CARTESIAN_POINT('',(-8.05000000000001,5.4,2.5));
#6333=CARTESIAN_POINT('Origin',(-6.30000000000001,6.25,0.9));
#6334=CARTESIAN_POINT('Origin',(-6.30000000000001,6.25,2.5));
#6335=CARTESIAN_POINT('Origin',(3.8,-6.9,5.9));
#6336=CARTESIAN_POINT('',(3.8,2.3,2.5));
#6337=CARTESIAN_POINT('',(3.8,-6.9,2.5));
#6338=CARTESIAN_POINT('',(3.8,-4.125,2.5));
#6339=CARTESIAN_POINT('',(3.8,-6.9,5.9));
#6340=CARTESIAN_POINT('',(3.8,2.3,5.9));
#6341=CARTESIAN_POINT('Origin',(3.8,-6.9,5.9));
#6342=CARTESIAN_POINT('',(3.8,5.8568471322249,2.5));
#6343=CARTESIAN_POINT('',(3.8,3.0568471322249,2.5));
#6344=CARTESIAN_POINT('',(3.8,-4.125,2.5));
#6345=CARTESIAN_POINT('',(3.8,3.0568471322249,3.4));
#6346=CARTESIAN_POINT('',(3.8,3.0568471322249,0.9));
#6347=CARTESIAN_POINT('',(3.8,5.8568471322249,3.4));
#6348=CARTESIAN_POINT('',(3.8,3.0568471322249,3.4));
#6349=CARTESIAN_POINT('',(3.8,5.8568471322249,0.9));
#6350=CARTESIAN_POINT('Origin',(-3.8,-6.9,5.9));
#6351=CARTESIAN_POINT('',(-3.8,-6.9,2.5));
#6352=CARTESIAN_POINT('',(-1.9,-6.9,2.5));
#6353=CARTESIAN_POINT('',(-3.8,-6.9,5.9));
#6354=CARTESIAN_POINT('Origin',(-3.8,6.8,5.9));
#6355=CARTESIAN_POINT('',(-3.8,2.3,2.5));
#6356=CARTESIAN_POINT('',(-3.8,2.725,2.5));
#6357=CARTESIAN_POINT('',(-3.8,2.3,5.9));
#6358=CARTESIAN_POINT('Origin',(-2.60799439500543,2.46067248866183,2.5));
#6359=CARTESIAN_POINT('',(1.63775191999241,2.46067248866183,2.5));
#6360=CARTESIAN_POINT('',(1.63775191999241,2.46067248866183,3.1));
#6361=CARTESIAN_POINT('',(1.63775191999241,2.46067248866183,1.7));
#6362=CARTESIAN_POINT('',(-2.60799439500543,2.46067248866183,2.5));
#6363=CARTESIAN_POINT('',(-1.30399719750271,2.46067248866183,2.5));
#6364=CARTESIAN_POINT('',(-2.60799439500543,2.46067248866183,3.3));
#6365=CARTESIAN_POINT('',(-2.60799439500543,2.46067248866183,2.5));
#6366=CARTESIAN_POINT('',(2.59999338426211,2.46067248866183,3.3));
#6367=CARTESIAN_POINT('',(-2.60799439500543,2.46067248866183,3.3));
#6368=CARTESIAN_POINT('',(2.59999338426211,2.46067248866183,3.1));
#6369=CARTESIAN_POINT('',(2.59999338426211,2.46067248866183,2.5));
#6370=CARTESIAN_POINT('',(-0.0351212375065096,2.46067248866183,3.1));
#6371=CARTESIAN_POINT('Origin',(-2.60799439500543,3.4,2.5));
#6372=CARTESIAN_POINT('',(-2.60799439500543,3.0568471322249,3.3));
#6373=CARTESIAN_POINT('',(-2.60799439500543,3.0568471322249,2.5));
#6374=CARTESIAN_POINT('',(-2.60799439500543,3.0568471322249,1.7));
#6375=CARTESIAN_POINT('',(-2.60799439500543,3.4,3.3));
#6376=CARTESIAN_POINT('',(-2.60799439500543,3.975,2.5));
#6377=CARTESIAN_POINT('Origin',(2.59999338426211,2.46067248866183,2.5));
#6378=CARTESIAN_POINT('',(2.59999338426211,3.0568471322249,3.1));
#6379=CARTESIAN_POINT('',(2.59999338426211,3.0568471322249,3.3));
#6380=CARTESIAN_POINT('',(2.59999338426211,3.0568471322249,1.7));
#6381=CARTESIAN_POINT('',(2.59999338426211,2.60604789247235,3.1));
#6382=CARTESIAN_POINT('',(2.59999338426211,2.46067248866183,3.3));
#6383=CARTESIAN_POINT('Origin',(-0.00400050537166186,2.93033624433091,3.3));
#6384=CARTESIAN_POINT('',(-1.90200025268583,3.0568471322249,3.3));
#6385=CARTESIAN_POINT('Origin',(1.63775191999241,3.2,0.9));
#6386=CARTESIAN_POINT('',(1.63775191999241,2.30284659256574,3.1));
#6387=CARTESIAN_POINT('',(1.63775191999241,3.2,3.1));
#6388=CARTESIAN_POINT('',(1.63775191999241,2.30284659256574,2.5));
#6389=CARTESIAN_POINT('',(1.63775191999241,2.30284659256574,0.9));
#6390=CARTESIAN_POINT('',(1.63775191999241,3.875,2.5));
#6391=CARTESIAN_POINT('Origin',(2.53775191999241,2.75142329628287,3.1));
#6392=CARTESIAN_POINT('',(3.43775191999241,3.0568471322249,3.1));
#6393=CARTESIAN_POINT('',(-0.631124040003795,3.0568471322249,3.1));
#6394=CARTESIAN_POINT('',(3.43775191999241,2.30284659256574,3.1));
#6395=CARTESIAN_POINT('',(3.43775191999241,2.30284659256574,3.1));
#6396=CARTESIAN_POINT('',(1.63775191999241,2.30284659256574,3.1));
#6397=CARTESIAN_POINT('Origin',(3.43775191999241,2.30284659256574,0.9));
#6398=CARTESIAN_POINT('',(3.43775191999241,2.30284659256574,2.5));
#6399=CARTESIAN_POINT('',(3.43775191999241,3.0568471322249,2.5));
#6400=CARTESIAN_POINT('',(3.43775191999241,3.42642329628287,2.5));
#6401=CARTESIAN_POINT('',(3.43775191999241,2.30284659256574,0.9));
#6402=CARTESIAN_POINT('',(3.43775191999241,3.0568471322249,0.9));
#6403=CARTESIAN_POINT('Origin',(1.63775191999241,2.30284659256574,0.9));
#6404=CARTESIAN_POINT('',(0.818875959996205,2.30284659256574,2.5));
#6405=CARTESIAN_POINT('Origin',(-3.8,3.0568471322249,0.9));
#6406=CARTESIAN_POINT('',(-3.8,3.0568471322249,2.5));
#6407=CARTESIAN_POINT('',(-1.9,3.0568471322249,2.5));
#6408=CARTESIAN_POINT('',(-3.8,3.0568471322249,3.4));
#6409=CARTESIAN_POINT('',(-3.8,3.0568471322249,0.9));
#6410=CARTESIAN_POINT('',(-3.9,3.0568471322249,3.4));
#6411=CARTESIAN_POINT('',(-1.9,3.0568471322249,2.5));
#6412=CARTESIAN_POINT('Origin',(5.55111512312578E-16,4.4568471322249,3.4));
#6413=CARTESIAN_POINT('',(2.59999326499873,5.8568471322249,3.4));
#6414=CARTESIAN_POINT('',(2.59999326499873,3.2,3.4));
#6415=CARTESIAN_POINT('',(2.59999326499873,3.82842356611245,3.4));
#6416=CARTESIAN_POINT('',(3.8,5.8568471322249,3.4));
#6417=CARTESIAN_POINT('',(-3.8,5.8568471322249,3.4));
#6418=CARTESIAN_POINT('',(-3.8,6.8,3.4));
#6419=CARTESIAN_POINT('',(-2.60000673500127,5.8568471322249,3.4));
#6420=CARTESIAN_POINT('',(3.8,5.8568471322249,3.4));
#6421=CARTESIAN_POINT('',(-2.60000673500127,3.2,3.4));
#6422=CARTESIAN_POINT('',(-2.60000673500127,5.62842356611245,3.4));
#6423=CARTESIAN_POINT('',(-1.30000336750063,3.2,3.4));
#6424=CARTESIAN_POINT('Origin',(3.8,5.8568471322249,0.9));
#6425=CARTESIAN_POINT('',(-2.60000673500127,5.8568471322249,2.5));
#6426=CARTESIAN_POINT('',(-3.8,5.8568471322249,2.5));
#6427=CARTESIAN_POINT('',(1.9,5.8568471322249,2.5));
#6428=CARTESIAN_POINT('',(-2.60000673500127,5.8568471322249,3.4));
#6429=CARTESIAN_POINT('',(-3.8,5.8568471322249,0.9));
#6430=CARTESIAN_POINT('Origin',(3.8,5.8568471322249,0.9));
#6431=CARTESIAN_POINT('',(2.59999326499873,5.8568471322249,2.5));
#6432=CARTESIAN_POINT('',(1.9,5.8568471322249,2.5));
#6433=CARTESIAN_POINT('',(2.59999326499873,5.8568471322249,3.4));
#6434=CARTESIAN_POINT('Origin',(2.59999326499873,3.2,5.9));
#6435=CARTESIAN_POINT('',(2.59999326499873,3.2,5.9));
#6436=CARTESIAN_POINT('',(2.59999326499873,8.9,2.5));
#6437=CARTESIAN_POINT('Origin',(-3.8,6.8,5.9));
#6438=CARTESIAN_POINT('',(-3.8,2.725,2.5));
#6439=CARTESIAN_POINT('Origin',(-2.60000673500127,3.2,5.9));
#6440=CARTESIAN_POINT('',(-2.60000673500127,3.2,5.9));
#6441=CARTESIAN_POINT('Origin',(5.55111512312578E-16,4.55,2.5));
#6442=CARTESIAN_POINT('',(-2.60000673500127,3.875,2.5));
#6443=CARTESIAN_POINT('',(-3.8,2.3,2.5));
#6444=CARTESIAN_POINT('Origin',(-2.60000673500127,6.8,5.9));
#6445=CARTESIAN_POINT('Origin',(3.8,2.3,5.9));
#6446=CARTESIAN_POINT('Origin',(-6.3,6.25,5.9));
#6447=CARTESIAN_POINT('Origin',(8.95,-11.6,5.9));
#6448=CARTESIAN_POINT('',(8.95,-11.6,5.9));
#6449=CARTESIAN_POINT('Origin',(8.95,6.25,5.9));
#6450=CARTESIAN_POINT('',(8.95,6.25,5.9));
#6451=CARTESIAN_POINT('Origin',(6.3,6.25,5.9));
#6452=CARTESIAN_POINT('',(0.,0.,0.));
#6453=CARTESIAN_POINT('',(0.,0.,0.1));
#6454=CARTESIAN_POINT('Origin',(0.,0.,0.));
#6455=UNCERTAINTY_MEASURE_WITH_UNIT(LENGTH_MEASURE(0.01),#6463,
'DISTANCE_ACCURACY_VALUE',
'Maximum model space distance between geometric entities at asserted c
onnectivities');
#6456=UNCERTAINTY_MEASURE_WITH_UNIT(LENGTH_MEASURE(0.01),#6463,
'DISTANCE_ACCURACY_VALUE',
'Maximum model space distance between geometric entities at asserted c
onnectivities');
#6457=UNCERTAINTY_MEASURE_WITH_UNIT(LENGTH_MEASURE(0.01),#6463,
'DISTANCE_ACCURACY_VALUE',
'Maximum model space distance between geometric entities at asserted c
onnectivities');
#6458=UNCERTAINTY_MEASURE_WITH_UNIT(LENGTH_MEASURE(0.01),#6463,
'DISTANCE_ACCURACY_VALUE',
'Maximum model space distance between geometric entities at asserted c
onnectivities');
#6459=(
GEOMETRIC_REPRESENTATION_CONTEXT(3)
GLOBAL_UNCERTAINTY_ASSIGNED_CONTEXT((#6455))
GLOBAL_UNIT_ASSIGNED_CONTEXT((#6463,#6465,#6466))
REPRESENTATION_CONTEXT('','3D')
);
#6460=(
GEOMETRIC_REPRESENTATION_CONTEXT(3)
GLOBAL_UNCERTAINTY_ASSIGNED_CONTEXT((#6456))
GLOBAL_UNIT_ASSIGNED_CONTEXT((#6463,#6465,#6466))
REPRESENTATION_CONTEXT('','3D')
);
#6461=(
GEOMETRIC_REPRESENTATION_CONTEXT(3)
GLOBAL_UNCERTAINTY_ASSIGNED_CONTEXT((#6457))
GLOBAL_UNIT_ASSIGNED_CONTEXT((#6463,#6465,#6466))
REPRESENTATION_CONTEXT('','3D')
);
#6462=(
GEOMETRIC_REPRESENTATION_CONTEXT(3)
GLOBAL_UNCERTAINTY_ASSIGNED_CONTEXT((#6458))
GLOBAL_UNIT_ASSIGNED_CONTEXT((#6463,#6465,#6466))
REPRESENTATION_CONTEXT('','3D')
);
#6463=(
LENGTH_UNIT()
NAMED_UNIT(*)
SI_UNIT(.MILLI.,.METRE.)
);
#6464=(
LENGTH_UNIT()
NAMED_UNIT(*)
SI_UNIT($,.METRE.)
);
#6465=(
NAMED_UNIT(*)
PLANE_ANGLE_UNIT()
SI_UNIT($,.RADIAN.)
);
#6466=(
NAMED_UNIT(*)
SI_UNIT($,.STERADIAN.)
SOLID_ANGLE_UNIT()
);
#6467=SHAPE_DEFINITION_REPRESENTATION(#6470,#6475);
#6468=SHAPE_DEFINITION_REPRESENTATION(#6471,#6476);
#6469=SHAPE_DEFINITION_REPRESENTATION(#6472,#6477);
#6470=PRODUCT_DEFINITION_SHAPE('',$,#6479);
#6471=PRODUCT_DEFINITION_SHAPE('',$,#6480);
#6472=PRODUCT_DEFINITION_SHAPE('',$,#6481);
#6473=PRODUCT_DEFINITION_SHAPE($,$,#21);
#6474=PRODUCT_DEFINITION_SHAPE($,$,#22);
#6475=SHAPE_REPRESENTATION('',(#3941,#4251,#4252),#6459);
#6476=SHAPE_REPRESENTATION('',(#3942),#6460);
#6477=SHAPE_REPRESENTATION('',(#4098),#6461);
#6478=PRODUCT_DEFINITION_CONTEXT('part definition',#6489,'design');
#6479=PRODUCT_DEFINITION('PAW3222Case_v2.0','PAW3222Case_v2.0 v7',#6482,
#6478);
#6480=PRODUCT_DEFINITION('BottomPart','BottomPart',#6483,#6478);
#6481=PRODUCT_DEFINITION('TopPart','TopPart',#6484,#6478);
#6482=PRODUCT_DEFINITION_FORMATION('',$,#6491);
#6483=PRODUCT_DEFINITION_FORMATION('',$,#6492);
#6484=PRODUCT_DEFINITION_FORMATION('',$,#6493);
#6485=PRODUCT_RELATED_PRODUCT_CATEGORY('PAW3222Case_v2.0 v7',
'PAW3222Case_v2.0 v7',(#6491));
#6486=PRODUCT_RELATED_PRODUCT_CATEGORY('BottomPart','BottomPart',(#6492));
#6487=PRODUCT_RELATED_PRODUCT_CATEGORY('TopPart','TopPart',(#6493));
#6488=APPLICATION_PROTOCOL_DEFINITION('international standard',
'automotive_design',2009,#6489);
#6489=APPLICATION_CONTEXT(
'Core Data for Automotive Mechanical Design Process');
#6490=PRODUCT_CONTEXT('part definition',#6489,'mechanical');
#6491=PRODUCT('PAW3222Case_v2.0','PAW3222Case_v2.0 v7',$,(#6490));
#6492=PRODUCT('BottomPart','BottomPart',$,(#6490));
#6493=PRODUCT('TopPart','TopPart',$,(#6490));
#6494=PRESENTATION_STYLE_ASSIGNMENT((#6497));
#6495=PRESENTATION_STYLE_ASSIGNMENT((#6498));
#6496=PRESENTATION_STYLE_ASSIGNMENT((NULL_STYLE(.NULL.)));
#6497=SURFACE_STYLE_USAGE(.BOTH.,#6499);
#6498=SURFACE_STYLE_USAGE(.BOTH.,#6500);
#6499=SURFACE_SIDE_STYLE('',(#6501));
#6500=SURFACE_SIDE_STYLE('',(#6502));
#6501=SURFACE_STYLE_FILL_AREA(#6503);
#6502=SURFACE_STYLE_FILL_AREA(#6504);
#6503=FILL_AREA_STYLE('\X2\92FC\X0\ - \X2\30B530C630F3\X0\',(#6505));
#6504=FILL_AREA_STYLE('\X2\30D730E930B930C130C330AF\X0\ - \X2\30DE30C330C8\X0\(
\X2\767D\X0\)',(#6506));
#6505=FILL_AREA_STYLE_COLOUR('\X2\92FC\X0\ - \X2\30B530C630F3\X0\',#6507);
#6506=FILL_AREA_STYLE_COLOUR('\X2\30D730E930B930C130C330AF\X0\ - \X2\30DE30C330C8\X0\(
\X2\767D\X0\)',#6508);
#6507=COLOUR_RGB('\X2\92FC\X0\ - \X2\30B530C630F3\X0\',0.627450980392157,
0.627450980392157,0.627450980392157);
#6508=COLOUR_RGB('\X2\30D730E930B930C130C330AF\X0\ - \X2\30DE30C330C8\X0\(
\X2\767D\X0\)',0.964705882352941,0.964705882352941,0.952941176470588);
ENDSEC;
END-ISO-10303-21;
